date,district,rainfall_mm,temperature_celsius,humidity_percent,arrival_quantity_qtl,arrival_records
2026-01-01,Agra,15.7,30.39,56.0,1268.99,4
2026-01-01,Ambala,32.51,24.34,59.5,795.3,3
2026-01-01,Amritsar,31.11,30.28,57.83,1381.58,6
2026-01-01,Bareilly,9.34,27.6,76.0,384.49,3
2026-01-01,Bathinda,10.42,24.66,81.0,307.57,2
2026-01-01,Ferozepur,28.16,25.83,66.0,575.53,2
2026-01-01,Hisar,42.05,29.31,47.0,1472.15,6
2026-01-01,Jalandhar,36.5,28.37,64.33,731.24,5
2026-01-01,Karnal,17.03,35.03,59.0,1001.14,4
2026-01-01,Kurukshetra,26.81,24.12,60.0,1614.47,5
2026-01-01,Ludhiana,18.76,29.03,63.5,1206.81,5
2026-01-01,Meerut,29.41,33.17,71.0,896.73,4
2026-01-01,Moga,2.0,31.66,73.0,1145.39,5
2026-01-01,Muzaffarnagar,20.93,22.42,64.25,1612.45,9
2026-01-01,Patiala,13.46,32.33,,573.21,3
2026-01-01,Saharanpur,27.07,29.73,49.33,1719.54,7
2026-01-01,Sirsa,21.3,26.53,53.25,911.53,3
2026-01-01,Unknown,46.99,19.61,83.0,2552.77,9
2026-01-02,Agra,24.2,30.78,54.2,825.4,2
2026-01-02,Ambala,15.62,29.44,67.5,654.89,3
2026-01-02,Amritsar,33.79,26.5,71.0,1364.43,5
2026-01-02,Bareilly,25.18,26.98,64.8,679.99,3
2026-01-02,Bathinda,23.12,23.05,92.0,524.53,4
2026-01-02,Fatehabad,23.7,27.66,66.25,1046.65,5
2026-01-02,Ferozepur,25.91,30.3,66.0,1371.87,5
2026-01-02,Hisar,18.54,25.5,38.5,956.07,4
2026-01-02,Jalandhar,20.08,30.53,51.0,564.62,2
2026-01-02,Karnal,40.25,26.26,61.86,2016.38,7
2026-01-02,Kurukshetra,26.45,27.02,85.75,1884.99,7
2026-01-02,Ludhiana,28.84,31.05,70.0,2537.29,9
2026-01-02,Moga,28.3,27.05,79.5,441.51,1
2026-01-02,Muzaffarnagar,11.7,31.3,39.0,598.81,4
2026-01-02,Patiala,29.31,25.3,67.5,1100.24,5
2026-01-02,Saharanpur,28.62,18.91,67.5,2329.85,9
2026-01-02,Unknown,22.1,23.11,73.0,2754.88,10
2026-01-03,Ambala,4.5,31.6,81.5,349.17,2
2026-01-03,Amritsar,28.5,25.85,66.0,1866.69,8
2026-01-03,Bareilly,2.75,22.5,46.0,1224.79,7
2026-01-03,Bathinda,15.99,22.58,44.0,1749.37,7
2026-01-03,Fatehabad,43.4,21.25,75.5,1048.45,6
2026-01-03,Ferozepur,18.9,25.43,69.5,520.54,5
2026-01-03,Hisar,27.65,23.83,53.33,285.13,2
2026-01-03,Jalandhar,23.47,25.86,57.8,1434.25,5
2026-01-03,Karnal,28.65,25.54,65.57,2193.38,9
2026-01-03,Kurukshetra,18.41,29.49,52.6,698.75,4
2026-01-03,Ludhiana,35.2,25.2,77.0,2640.94,11
2026-01-03,Meerut,10.26,18.55,53.0,363.46,2
2026-01-03,Moga,35.81,39.0,63.0,819.41,3
2026-01-03,Muzaffarnagar,37.26,25.21,66.33,2329.79,9
2026-01-03,Patiala,6.7,23.1,61.0,1732.2,5
2026-01-03,Saharanpur,27.56,27.11,74.0,1755.53,8
2026-01-03,Sirsa,29.09,17.64,44.67,304.94,2
2026-01-03,Unknown,27.0,29.34,41.0,2049.08,9
2026-01-04,Agra,32.41,34.5,62.0,903.05,4
2026-01-04,Ambala,9.4,29.35,58.0,993.62,3
2026-01-04,Amritsar,11.09,27.17,65.0,275.38,2
2026-01-04,Bareilly,19.3,27.98,56.33,10.06,1
2026-01-04,Bathinda,28.8,34.1,65.0,1428.28,6
2026-01-04,Fatehabad,34.83,33.45,78.8,738.78,2
2026-01-04,Ferozepur,22.95,30.53,64.0,1634.09,5
2026-01-04,Hisar,32.86,28.59,69.67,828.64,5
2026-01-04,Jalandhar,26.87,27.84,58.25,604.05,2
2026-01-04,Karnal,31.3,31.15,55.0,207.82,1
2026-01-04,Kurukshetra,37.6,32.95,65.0,699.49,4
2026-01-04,Ludhiana,36.95,32.34,68.0,1122.32,4
2026-01-04,Meerut,11.25,27.3,63.5,623.65,3
2026-01-04,Moga,34.3,17.25,79.5,180.61,3
2026-01-04,Muzaffarnagar,31.4,22.4,89.0,3388.9,11
2026-01-04,Saharanpur,27.19,27.26,72.2,1720.42,7
2026-01-04,Sirsa,,20.7,80.0,767.91,4
2026-01-04,Unknown,39.37,32.4,50.0,524.61,4
2026-01-05,Agra,21.37,27.55,73.0,609.82,3
2026-01-05,Amritsar,27.35,30.05,59.0,3678.34,12
2026-01-05,Bareilly,22.23,27.73,66.0,2088.4,7
2026-01-05,Bathinda,1.8,22.35,46.5,1301.75,6
2026-01-05,Fatehabad,24.28,30.3,56.4,1721.44,10
2026-01-05,Ferozepur,37.7,22.14,61.5,1309.16,4
2026-01-05,Hisar,28.26,26.98,69.4,1441.76,6
2026-01-05,Karnal,30.9,28.15,51.0,1053.02,5
2026-01-05,Kurukshetra,41.66,28.53,76.0,772.26,4
2026-01-05,Ludhiana,12.47,26.93,49.5,1521.02,9
2026-01-05,Meerut,18.2,28.85,55.5,434.52,2
2026-01-05,Patiala,23.7,38.3,74.0,1836.48,6
2026-01-05,Saharanpur,23.2,36.4,,1888.4,7
2026-01-05,Sirsa,23.47,30.9,41.67,1786.33,5
2026-01-05,Unknown,21.93,28.88,67.25,1591.31,7
2026-01-06,Agra,20.2,24.5,64.0,104.89,2
2026-01-06,Ambala,39.6,21.8,58.0,1462.93,4
2026-01-06,Amritsar,44.45,30.1,81.0,1775.09,6
2026-01-06,Bareilly,20.25,27.61,79.5,1279.46,6
2026-01-06,Bathinda,24.0,25.65,57.5,998.09,5
2026-01-06,Fatehabad,29.87,24.11,58.33,158.63,2
2026-01-06,Ferozepur,35.27,27.75,55.0,236.24,2
2026-01-06,Hisar,42.34,28.52,43.67,385.25,2
2026-01-06,Jalandhar,20.0,23.28,62.17,162.54,1
2026-01-06,Karnal,8.7,29.4,72.0,1336.95,4
2026-01-06,Kurukshetra,22.33,28.79,60.8,1010.15,6
2026-01-06,Ludhiana,20.9,30.72,70.5,1608.28,6
2026-01-06,Meerut,18.04,26.32,71.2,913.06,3
2026-01-06,Moga,29.65,16.06,59.5,1239.21,4
2026-01-06,Patiala,23.05,34.52,48.6,1116.85,6
2026-01-06,Saharanpur,,34.4,34.0,1115.93,8
2026-01-06,Sirsa,24.76,23.55,39.0,838.88,5
2026-01-06,Unknown,26.1,22.3,92.0,2042.11,8
2026-01-07,Agra,24.96,23.4,57.0,1169.98,4
2026-01-07,Ambala,,16.8,88.0,2413.62,10
2026-01-07,Amritsar,12.86,26.11,62.4,1660.66,6
2026-01-07,Bathinda,17.99,29.2,72.75,1785.8,5
2026-01-07,Fatehabad,19.22,24.9,48.5,737.52,4
2026-01-07,Ferozepur,24.32,31.03,52.0,862.23,4
2026-01-07,Hisar,25.03,24.8,68.83,2159.98,8
2026-01-07,Jalandhar,12.33,30.42,51.2,468.1,1
2026-01-07,Karnal,24.54,24.75,57.67,496.73,4
2026-01-07,Kurukshetra,39.24,26.37,65.33,1483.49,5
2026-01-07,Ludhiana,21.96,27.38,53.11,2355.68,9
2026-01-07,Meerut,40.8,39.28,82.0,19.33,2
2026-01-07,Moga,25.51,28.7,44.67,2147.66,8
2026-01-07,Muzaffarnagar,24.73,26.27,81.33,946.76,5
2026-01-07,Patiala,15.5,37.2,45.0,1243.61,4
2026-01-07,Saharanpur,,37.7,,609.12,2
2026-01-07,Sirsa,33.16,21.67,42.33,717.85,4
2026-01-07,Unknown,,32.4,48.0,511.21,3
2026-01-08,Agra,15.95,27.14,78.0,1047.72,4
2026-01-08,Ambala,36.0,32.3,64.0,1280.58,4
2026-01-08,Amritsar,29.07,27.7,52.0,595.98,3
2026-01-08,Bareilly,14.07,28.56,75.0,1812.41,7
2026-01-08,Bathinda,14.76,27.76,63.75,1570.09,6
2026-01-08,Fatehabad,26.21,27.82,74.25,1901.27,7
2026-01-08,Ferozepur,1.27,26.06,56.0,1693.59,5
2026-01-08,Hisar,35.89,25.36,77.0,2351.46,8
2026-01-08,Jalandhar,31.62,27.89,66.33,847.97,3
2026-01-08,Karnal,19.8,22.07,90.33,1498.66,6
2026-01-08,Kurukshetra,33.83,27.9,61.33,2149.48,6
2026-01-08,Ludhiana,3.5,32.14,89.0,1561.09,7
2026-01-08,Meerut,27.94,22.44,65.33,185.07,1
2026-01-08,Moga,1.5,17.89,94.0,1298.75,3
2026-01-08,Muzaffarnagar,39.1,17.2,92.0,1196.29,5
2026-01-08,Patiala,,34.78,50.0,1670.28,10
2026-01-08,Sirsa,32.4,21.6,79.0,29.68,1
2026-01-08,Unknown,28.56,30.32,75.25,1435.86,5
2026-01-09,Agra,,33.7,63.0,1677.58,4
2026-01-09,Ambala,17.9,31.83,50.67,1404.98,6
2026-01-09,Amritsar,25.1,22.84,72.0,2072.84,7
2026-01-09,Bareilly,34.81,22.96,56.0,867.4,4
2026-01-09,Bathinda,21.49,24.45,52.83,513.65,2
2026-01-09,Fatehabad,12.1,34.0,93.0,1797.85,6
2026-01-09,Ferozepur,5.47,27.52,63.33,910.09,4
2026-01-09,Hisar,35.05,31.43,64.75,2713.94,8
2026-01-09,Jalandhar,11.1,28.13,66.0,352.15,3
2026-01-09,Karnal,21.52,27.36,69.25,1576.07,8
2026-01-09,Kurukshetra,22.49,31.92,60.0,1156.98,3
2026-01-09,Ludhiana,19.4,23.35,36.0,1500.1,8
2026-01-09,Meerut,26.65,35.94,48.5,689.83,2
2026-01-09,Muzaffarnagar,14.02,24.0,55.0,1523.43,7
2026-01-09,Patiala,12.5,30.78,68.25,1629.17,8
2026-01-09,Saharanpur,26.3,34.65,51.5,2111.33,9
2026-01-09,Sirsa,16.65,25.05,55.5,940.4,3
2026-01-09,Unknown,17.25,28.68,55.0,1498.25,8
2026-01-10,Agra,16.1,16.5,36.0,639.86,2
2026-01-10,Ambala,42.4,20.6,54.5,607.48,2
2026-01-10,Bareilly,25.1,30.14,49.67,107.43,2
2026-01-10,Bathinda,19.9,39.9,61.0,126.88,2
2026-01-10,Fatehabad,10.2,28.15,53.5,342.03,1
2026-01-10,Ferozepur,20.7,30.47,66.0,485.75,5
2026-01-10,Hisar,25.25,34.02,65.57,476.27,2
2026-01-10,Jalandhar,39.9,27.1,47.5,381.78,2
2026-01-10,Karnal,,36.5,67.0,1307.78,6
2026-01-10,Kurukshetra,21.86,26.92,55.0,719.26,2
2026-01-10,Ludhiana,9.73,27.45,69.0,1012.51,3
2026-01-10,Meerut,19.85,36.86,59.0,764.96,2
2026-01-10,Moga,10.7,23.78,80.0,13.58,1
2026-01-10,Patiala,21.05,26.18,56.29,904.27,4
2026-01-10,Saharanpur,30.87,27.33,63.8,1547.67,7
2026-01-10,Sirsa,46.8,27.89,,761.8,4
2026-01-10,Unknown,26.64,27.82,68.25,1242.56,4
2026-01-11,Agra,19.2,18.68,54.75,550.34,2
2026-01-11,Ambala,22.42,25.96,64.86,2068.0,9
2026-01-11,Amritsar,30.33,28.92,71.0,1324.51,6
2026-01-11,Bareilly,28.28,30.38,59.33,330.78,2
2026-01-11,Bathinda,23.83,24.95,69.5,1328.33,5
2026-01-11,Fatehabad,11.0,25.1,74.0,937.56,5
2026-01-11,Ferozepur,39.9,35.15,35.5,686.72,3
2026-01-11,Hisar,9.02,26.54,60.33,467.89,2
2026-01-11,Jalandhar,36.15,21.9,69.0,973.69,3
2026-01-11,Karnal,14.74,22.6,79.0,1869.81,10
2026-01-11,Kurukshetra,36.45,23.73,48.0,1407.36,5
2026-01-11,Ludhiana,18.77,24.87,78.0,1487.42,6
2026-01-11,Meerut,33.73,27.11,62.67,253.96,1
2026-01-11,Moga,32.38,27.24,62.25,586.89,2
2026-01-11,Muzaffarnagar,9.25,25.25,61.5,1921.1,6
2026-01-11,Patiala,21.62,31.67,48.67,1736.12,5
2026-01-11,Saharanpur,30.73,22.04,72.5,1122.92,6
2026-01-11,Sirsa,,23.3,61.5,1910.51,7
2026-01-11,Unknown,24.27,18.7,70.33,3212.32,11
2026-01-12,Agra,21.2,37.28,63.0,315.18,3
2026-01-12,Ambala,28.7,24.8,50.5,1403.82,6
2026-01-12,Amritsar,27.38,25.97,81.33,1485.94,5
2026-01-12,Bareilly,37.1,29.89,41.0,2397.89,9
2026-01-12,Bathinda,40.94,23.94,45.75,520.35,3
2026-01-12,Fatehabad,16.64,23.29,71.0,1594.31,7
2026-01-12,Ferozepur,17.94,27.72,64.2,105.42,1
2026-01-12,Hisar,23.29,31.75,80.0,85.47,1
2026-01-12,Jalandhar,3.81,19.89,,109.49,1
2026-01-12,Karnal,39.41,35.69,47.0,1731.48,7
2026-01-12,Kurukshetra,,25.72,64.0,486.91,3
2026-01-12,Ludhiana,30.87,29.65,36.5,719.83,5
2026-01-12,Meerut,42.5,31.2,37.0,177.0,1
2026-01-12,Moga,,19.3,,458.15,2
2026-01-12,Patiala,0.5,28.6,81.0,1546.94,5
2026-01-12,Saharanpur,28.57,20.57,60.33,1754.32,8
2026-01-12,Sirsa,12.1,27.5,33.0,672.1,5
2026-01-12,Unknown,,22.5,51.0,1233.9,4
2026-01-13,Agra,31.6,29.9,86.5,426.89,4
2026-01-13,Ambala,36.36,21.0,50.67,2413.27,10
2026-01-13,Amritsar,39.15,25.67,79.0,2045.78,7
2026-01-13,Bareilly,19.55,30.89,72.33,760.94,3
2026-01-13,Bathinda,34.6,29.94,65.0,426.34,1
2026-01-13,Fatehabad,31.4,21.64,50.0,975.78,4
2026-01-13,Ferozepur,24.6,31.6,49.25,652.83,3
2026-01-13,Hisar,20.08,23.91,55.0,1836.56,11
2026-01-13,Jalandhar,31.3,27.64,44.5,1844.19,7
2026-01-13,Karnal,37.26,26.13,59.25,689.54,4
2026-01-13,Kurukshetra,22.61,17.0,69.0,627.32,2
2026-01-13,Ludhiana,22.97,26.36,47.2,1476.31,10
2026-01-13,Moga,22.56,30.13,57.67,166.35,1
2026-01-13,Saharanpur,16.4,21.89,46.5,823.1,4
2026-01-13,Sirsa,43.2,23.58,78.0,1035.56,7
2026-01-13,Unknown,21.37,30.32,66.5,1950.65,6
2026-01-14,Agra,38.8,19.5,66.0,1467.3,6
2026-01-14,Ambala,25.35,23.27,57.33,196.82,1
2026-01-14,Amritsar,30.57,25.12,56.5,2888.52,10
2026-01-14,Bareilly,30.47,23.3,58.2,1685.06,7
2026-01-14,Bathinda,3.55,29.86,38.0,730.46,2
2026-01-14,Fatehabad,32.9,38.39,67.5,791.49,3
2026-01-14,Ferozepur,17.87,28.06,85.0,486.9,1
2026-01-14,Hisar,18.57,25.93,59.0,1341.31,8
2026-01-14,Jalandhar,,25.44,67.0,988.27,4
2026-01-14,Karnal,35.35,23.88,47.0,1083.35,5
2026-01-14,Kurukshetra,30.9,26.39,89.0,1562.51,5
2026-01-14,Ludhiana,22.45,28.03,66.5,977.81,4
2026-01-14,Meerut,16.28,30.27,44.33,91.7,1
2026-01-14,Moga,5.3,25.83,57.67,1260.21,6
2026-01-14,Muzaffarnagar,25.1,24.21,66.33,1920.47,7
2026-01-14,Patiala,35.29,27.24,93.0,1729.46,6
2026-01-14,Saharanpur,31.75,27.9,50.5,1993.03,8
2026-01-14,Sirsa,,19.7,59.0,491.79,4
2026-01-14,Unknown,8.3,22.0,70.0,1074.8,3
2026-01-15,Agra,26.66,30.57,79.0,525.99,3
2026-01-15,Ambala,24.45,28.54,79.33,590.07,3
2026-01-15,Amritsar,25.7,20.9,73.33,514.47,4
2026-01-15,Bareilly,15.62,25.29,62.6,1561.08,6
2026-01-15,Bathinda,8.33,21.41,81.67,641.2,6
2026-01-15,Fatehabad,43.18,16.5,,1012.48,5
2026-01-15,Ferozepur,31.97,28.33,49.33,681.99,3
2026-01-15,Hisar,,32.55,61.0,350.0,2
2026-01-15,Jalandhar,5.1,31.75,63.5,1192.78,3
2026-01-15,Karnal,30.83,28.0,68.25,2122.62,9
2026-01-15,Kurukshetra,25.23,26.06,59.0,564.38,3
2026-01-15,Ludhiana,21.1,28.35,72.5,1653.37,8
2026-01-15,Meerut,8.9,34.14,81.0,223.42,2
2026-01-15,Moga,9.97,22.8,61.33,1557.05,5
2026-01-15,Muzaffarnagar,,33.61,38.0,196.96,1
2026-01-15,Patiala,17.0,25.4,68.25,3874.02,17
2026-01-15,Saharanpur,25.39,29.18,49.25,2292.0,12
2026-01-15,Unknown,17.56,30.17,73.0,2024.6,7
2026-01-16,Agra,21.94,32.85,61.5,1479.19,5
2026-01-16,Ambala,31.22,26.66,59.6,244.44,4
2026-01-16,Amritsar,21.8,17.72,70.0,1024.13,4
2026-01-16,Bareilly,13.22,24.56,80.0,2428.65,9
2026-01-16,Bathinda,31.38,35.35,73.75,1669.34,8
2026-01-16,Fatehabad,20.0,34.54,56.0,1533.37,5
2026-01-16,Ferozepur,18.8,33.0,80.0,137.95,1
2026-01-16,Hisar,10.13,27.53,50.0,1900.46,8
2026-01-16,Jalandhar,14.32,35.76,44.5,1332.93,5
2026-01-16,Karnal,32.61,24.23,77.5,1279.9,5
2026-01-16,Kurukshetra,23.08,31.28,61.5,2199.06,7
2026-01-16,Ludhiana,18.05,28.03,41.0,1751.35,7
2026-01-16,Meerut,29.15,23.55,50.5,624.64,2
2026-01-16,Moga,29.95,27.24,60.0,503.68,3
2026-01-16,Muzaffarnagar,21.4,31.23,67.0,1393.94,5
2026-01-16,Patiala,24.6,34.04,,1943.06,9
2026-01-16,Saharanpur,30.2,29.43,63.25,1684.03,6
2026-01-16,Sirsa,40.9,24.6,62.5,939.53,5
2026-01-16,Unknown,25.42,17.84,63.5,787.74,3
2026-01-17,Agra,8.89,27.0,33.0,1238.5,3
2026-01-17,Ambala,,32.89,34.0,871.5,5
2026-01-17,Amritsar,39.77,34.7,45.25,3001.03,11
2026-01-17,Bareilly,22.98,28.53,80.33,1746.97,6
2026-01-17,Bathinda,46.61,28.79,53.5,254.61,2
2026-01-17,Fatehabad,18.97,30.08,71.67,243.51,1
2026-01-17,Ferozepur,18.82,29.43,64.33,773.53,3
2026-01-17,Jalandhar,41.37,30.08,71.67,292.14,4
2026-01-17,Karnal,28.96,30.8,74.67,635.06,6
2026-01-17,Kurukshetra,24.45,29.34,62.67,963.54,3
2026-01-17,Ludhiana,25.25,30.32,61.0,1965.65,7
2026-01-17,Meerut,45.97,37.89,39.0,785.95,4
2026-01-17,Moga,5.75,29.94,48.0,614.87,3
2026-01-17,Muzaffarnagar,18.58,27.38,65.0,1342.99,5
2026-01-17,Patiala,30.5,29.72,34.0,1498.65,6
2026-01-17,Saharanpur,41.05,28.74,82.4,1505.77,9
2026-01-17,Unknown,34.9,27.72,65.67,2006.09,8
2026-01-18,Agra,15.8,22.05,55.0,1104.02,5
2026-01-18,Ambala,9.1,30.3,53.0,1632.32,5
2026-01-18,Amritsar,18.3,22.8,89.0,2154.75,9
2026-01-18,Bareilly,26.3,16.6,89.0,1117.82,4
2026-01-18,Bathinda,14.73,26.45,63.0,96.04,1
2026-01-18,Ferozepur,31.57,24.87,63.25,1018.65,5
2026-01-18,Hisar,22.15,24.62,69.0,2215.36,9
2026-01-18,Jalandhar,36.5,28.5,51.0,752.84,3
2026-01-18,Karnal,35.6,29.12,65.67,1144.08,7
2026-01-18,Kurukshetra,19.52,26.54,67.5,2219.0,8
2026-01-18,Ludhiana,16.2,34.45,59.0,639.34,3
2026-01-18,Meerut,41.0,33.9,84.0,808.07,3
2026-01-18,Muzaffarnagar,37.34,32.39,90.0,2137.67,8
2026-01-18,Patiala,27.0,16.3,77.0,824.81,4
2026-01-18,Saharanpur,25.7,33.67,87.0,1359.48,5
2026-01-18,Sirsa,,34.61,95.0,1183.49,5
2026-01-18,Unknown,45.8,39.8,79.0,3174.29,10
2026-01-19,Ambala,28.1,23.35,73.5,935.92,3
2026-01-19,Amritsar,28.63,24.82,64.5,806.74,7
2026-01-19,Bathinda,20.17,24.41,62.33,1107.03,7
2026-01-19,Fatehabad,0.51,35.0,42.0,1025.54,5
2026-01-19,Ferozepur,16.1,30.32,40.5,1394.16,5
2026-01-19,Hisar,14.28,27.89,53.5,1741.73,4
2026-01-19,Jalandhar,36.1,15.1,44.0,78.63,2
2026-01-19,Karnal,36.51,23.72,55.75,1503.17,5
2026-01-19,Kurukshetra,21.78,28.38,58.0,2300.41,6
2026-01-19,Ludhiana,18.38,30.04,47.0,1314.18,6
2026-01-19,Meerut,36.54,26.02,76.0,317.66,3
2026-01-19,Moga,22.97,26.17,50.0,628.27,2
2026-01-19,Muzaffarnagar,34.52,22.73,49.67,3611.62,15
2026-01-19,Patiala,26.1,27.98,47.25,1208.22,6
2026-01-19,Saharanpur,18.46,27.77,40.0,859.52,5
2026-01-19,Sirsa,40.39,30.4,40.0,872.54,3
2026-01-19,Unknown,30.57,29.63,59.67,1318.3,4
2026-01-20,Agra,10.29,37.7,73.5,1040.18,3
2026-01-20,Ambala,23.79,36.47,67.0,543.41,3
2026-01-20,Amritsar,28.95,29.5,68.75,1346.53,5
2026-01-20,Bareilly,9.64,28.0,79.0,1140.38,5
2026-01-20,Bathinda,29.23,32.31,58.0,1115.11,5
2026-01-20,Fatehabad,26.71,25.85,90.0,567.18,4
2026-01-20,Ferozepur,21.73,28.37,63.8,1014.67,4
2026-01-20,Hisar,22.1,26.96,39.67,1566.43,5
2026-01-20,Jalandhar,43.69,31.0,74.0,426.3,2
2026-01-20,Karnal,39.88,28.11,90.0,1503.0,6
2026-01-20,Kurukshetra,22.63,24.43,53.67,1758.41,5
2026-01-20,Ludhiana,27.57,20.44,49.0,2730.44,12
2026-01-20,Moga,5.08,23.89,48.0,203.51,3
2026-01-20,Muzaffarnagar,34.74,21.8,51.0,2742.93,7
2026-01-20,Patiala,11.95,22.8,67.0,1772.38,6
2026-01-20,Saharanpur,37.3,23.66,61.5,2572.78,9
2026-01-20,Sirsa,11.45,29.2,60.33,979.24,5
2026-01-20,Unknown,14.75,28.4,58.8,550.92,3
2026-01-21,Agra,25.89,28.0,68.25,852.96,3
2026-01-21,Ambala,25.43,25.35,60.0,2022.72,6
2026-01-21,Amritsar,27.98,23.36,53.2,1726.83,5
2026-01-21,Bareilly,19.2,20.7,63.0,1812.2,8
2026-01-21,Bathinda,28.71,28.79,75.5,1260.72,4
2026-01-21,Fatehabad,18.8,32.3,41.0,993.11,5
2026-01-21,Ferozepur,13.8,15.1,,893.51,3
2026-01-21,Hisar,17.33,24.07,70.5,1184.16,3
2026-01-21,Jalandhar,9.7,17.78,76.0,1030.78,3
2026-01-21,Kurukshetra,33.13,34.83,81.5,1502.2,7
2026-01-21,Ludhiana,29.4,23.14,65.2,1228.79,7
2026-01-21,Meerut,25.55,22.97,55.33,738.23,4
2026-01-21,Moga,18.78,26.9,49.14,833.81,3
2026-01-21,Muzaffarnagar,40.5,24.4,84.5,1774.13,11
2026-01-21,Saharanpur,27.65,23.0,48.5,2748.92,8
2026-01-21,Sirsa,27.38,29.2,65.5,1081.91,5
2026-01-22,Agra,40.65,31.7,57.33,806.86,3
2026-01-22,Ambala,23.87,30.69,54.67,1231.81,4
2026-01-22,Amritsar,11.9,29.89,,1563.8,6
2026-01-22,Bareilly,29.42,29.85,69.0,430.78,3
2026-01-22,Bathinda,,18.0,66.0,1003.86,4
2026-01-22,Fatehabad,21.6,24.36,88.0,1809.43,10
2026-01-22,Ferozepur,30.7,20.91,58.0,1333.82,4
2026-01-22,Hisar,9.91,31.3,87.0,1633.57,5
2026-01-22,Jalandhar,25.87,25.36,77.5,915.68,4
2026-01-22,Karnal,10.6,38.05,90.0,1182.12,5
2026-01-22,Kurukshetra,18.77,29.67,55.0,413.65,4
2026-01-22,Ludhiana,21.5,29.21,79.67,1603.85,8
2026-01-22,Moga,32.83,25.8,57.33,182.01,1
2026-01-22,Muzaffarnagar,26.1,32.38,54.0,2478.93,9
2026-01-22,Patiala,25.9,33.8,43.0,2880.13,9
2026-01-22,Sirsa,,24.89,72.0,1272.01,4
2026-01-22,Unknown,37.1,30.7,,1781.3,10
2026-01-23,Agra,22.48,29.69,53.0,2534.07,7
2026-01-23,Ambala,2.9,22.4,33.0,1778.33,8
2026-01-23,Amritsar,28.7,27.3,,958.06,3
2026-01-23,Bareilly,24.64,31.0,85.0,860.04,4
2026-01-23,Bathinda,34.92,25.76,59.6,1924.59,6
2026-01-23,Fatehabad,,33.1,39.0,1727.98,7
2026-01-23,Ferozepur,30.19,27.13,63.2,579.67,2
2026-01-23,Hisar,21.34,18.35,56.0,924.3,5
2026-01-23,Jalandhar,22.9,34.4,40.0,1284.56,5
2026-01-23,Karnal,17.8,33.2,63.25,1280.53,6
2026-01-23,Ludhiana,33.75,25.94,83.0,1056.94,5
2026-01-23,Meerut,21.25,25.82,64.33,839.98,2
2026-01-23,Moga,16.25,22.3,70.5,1020.38,3
2026-01-23,Patiala,41.92,19.25,45.0,1422.99,6
2026-01-23,Sirsa,42.16,30.39,59.0,86.66,1
2026-01-24,Agra,15.27,31.0,54.0,25.92,2
2026-01-24,Ambala,36.2,33.0,88.0,1843.51,7
2026-01-24,Amritsar,29.7,23.82,60.25,1392.53,8
2026-01-24,Bathinda,27.18,38.0,88.0,1396.94,7
2026-01-24,Fatehabad,27.37,26.84,69.6,1636.44,7
2026-01-24,Ferozepur,37.8,19.0,,1270.5,5
2026-01-24,Hisar,25.95,24.0,68.25,835.47,3
2026-01-24,Jalandhar,21.61,26.31,68.2,599.64,2
2026-01-24,Karnal,16.45,18.56,44.5,1951.78,9
2026-01-24,Kurukshetra,45.53,31.87,72.0,1090.64,5
2026-01-24,Ludhiana,33.65,24.3,64.0,2737.9,11
2026-01-24,Meerut,33.2,23.45,50.0,443.53,1
2026-01-24,Moga,35.92,26.0,58.2,467.13,4
2026-01-24,Muzaffarnagar,40.39,25.39,70.0,1225.03,7
2026-01-24,Patiala,32.6,15.5,30.0,724.35,3
2026-01-24,Saharanpur,20.95,26.37,79.0,1446.46,5
2026-01-24,Sirsa,12.1,29.44,65.67,903.51,5
2026-01-24,Unknown,32.25,23.0,66.0,3105.12,10
2026-01-25,Agra,22.36,24.83,52.4,744.76,3
2026-01-25,Ambala,6.6,26.1,88.5,1851.91,6
2026-01-25,Amritsar,17.75,23.06,62.0,1020.55,5
2026-01-25,Bareilly,18.89,35.43,50.67,1406.61,5
2026-01-25,Bathinda,17.91,28.27,81.67,991.37,4
2026-01-25,Fatehabad,29.04,31.04,46.0,1034.78,5
2026-01-25,Hisar,20.35,27.42,57.8,2422.97,6
2026-01-25,Jalandhar,30.93,21.39,74.0,364.68,3
2026-01-25,Karnal,22.53,28.81,57.67,1232.07,4
2026-01-25,Kurukshetra,10.9,37.15,54.0,1134.35,6
2026-01-25,Ludhiana,35.1,27.96,71.0,2653.43,9
2026-01-25,Moga,7.55,30.0,77.5,966.38,6
2026-01-25,Muzaffarnagar,29.57,33.1,55.25,1574.24,8
2026-01-25,Patiala,12.2,18.55,60.0,2259.11,7
2026-01-25,Saharanpur,14.83,30.73,50.0,1202.67,6
2026-01-25,Sirsa,27.55,27.61,58.25,1077.3,5
2026-01-25,Unknown,18.29,36.44,61.5,1560.85,7
2026-01-26,Agra,33.45,20.24,44.0,1137.15,7
2026-01-26,Ambala,37.34,24.7,,860.13,5
2026-01-26,Amritsar,26.65,29.26,73.0,1082.34,5
2026-01-26,Bareilly,46.13,29.49,66.0,899.27,3
2026-01-26,Bathinda,37.1,29.7,60.0,212.54,1
2026-01-26,Fatehabad,24.2,30.89,56.0,799.83,5
2026-01-26,Ferozepur,44.45,31.47,89.0,1065.62,3
2026-01-26,Hisar,23.3,25.65,77.5,637.8,2
2026-01-26,Jalandhar,20.77,30.44,71.0,564.65,2
2026-01-26,Karnal,26.47,25.3,76.5,482.83,2
2026-01-26,Kurukshetra,30.87,27.37,60.14,2040.22,9
2026-01-26,Ludhiana,23.95,24.4,48.33,354.93,2
2026-01-26,Meerut,9.1,25.7,71.0,547.8,3
2026-01-26,Moga,5.21,22.64,64.0,631.23,2
2026-01-26,Muzaffarnagar,46.74,25.65,83.5,1784.75,7
2026-01-26,Patiala,14.89,21.19,66.5,1549.8,9
2026-01-26,Saharanpur,31.5,15.11,50.0,1681.21,6
2026-01-26,Sirsa,23.72,34.56,59.4,551.11,4
2026-01-27,Agra,7.07,27.21,72.33,1514.92,6
2026-01-27,Ambala,20.0,32.9,69.0,1692.14,5
2026-01-27,Amritsar,13.42,26.35,64.0,1575.21,5
2026-01-27,Bareilly,20.0,27.17,79.0,1665.25,8
2026-01-27,Bathinda,34.51,21.06,76.0,941.29,4
2026-01-27,Fatehabad,10.5,39.4,56.0,1111.62,5
2026-01-27,Ferozepur,4.3,32.71,64.0,777.83,5
2026-01-27,Hisar,20.2,25.9,55.0,997.86,4
2026-01-27,Jalandhar,35.05,26.7,54.0,1474.24,4
2026-01-27,Karnal,24.78,26.18,67.8,2311.85,10
2026-01-27,Kurukshetra,26.16,24.94,56.0,1922.99,8
2026-01-27,Ludhiana,3.45,23.45,69.5,103.99,3
2026-01-27,Meerut,22.08,24.58,69.5,15.91,1
2026-01-27,Moga,16.0,31.6,86.0,666.35,3
2026-01-27,Muzaffarnagar,9.62,26.11,38.0,1991.95,8
2026-01-27,Patiala,17.27,34.3,44.0,1250.33,4
2026-01-27,Saharanpur,23.22,27.93,63.33,953.28,5
2026-01-27,Sirsa,24.6,22.2,47.0,1436.61,5
2026-01-27,Unknown,18.3,22.0,50.0,1064.41,3
2026-01-28,Agra,29.12,26.4,66.0,670.91,3
2026-01-28,Ambala,4.9,34.04,67.0,1121.77,4
2026-01-28,Amritsar,21.52,30.78,57.4,1462.5,6
2026-01-28,Bareilly,31.65,27.02,76.5,896.29,7
2026-01-28,Bathinda,22.48,35.05,62.0,1416.89,7
2026-01-28,Fatehabad,23.35,35.06,83.5,1787.67,7
2026-01-28,Ferozepur,33.1,18.3,,682.4,5
2026-01-28,Hisar,15.01,30.16,65.5,1098.93,5
2026-01-28,Jalandhar,34.67,24.72,79.25,783.14,2
2026-01-28,Kurukshetra,15.0,34.75,59.75,1253.41,5
2026-01-28,Ludhiana,12.4,18.81,75.0,1456.42,8
2026-01-28,Moga,43.4,29.8,47.5,1100.49,3
2026-01-28,Muzaffarnagar,25.71,26.46,63.0,3121.22,9
2026-01-28,Patiala,27.23,27.15,66.4,1231.02,5
2026-01-28,Saharanpur,30.99,22.0,39.0,1326.29,5
2026-01-29,Agra,22.36,23.13,67.5,567.26,4
2026-01-29,Ambala,16.1,35.78,,788.46,4
2026-01-29,Amritsar,22.5,26.35,73.0,2576.21,8
2026-01-29,Bareilly,33.73,30.2,58.67,2248.94,11
2026-01-29,Fatehabad,22.86,35.3,66.5,1298.95,5
2026-01-29,Hisar,13.75,26.12,56.25,1485.46,6
2026-01-29,Jalandhar,23.69,27.31,37.5,762.34,2
2026-01-29,Karnal,9.2,33.5,94.0,1715.25,6
2026-01-29,Kurukshetra,28.12,32.53,59.0,1178.61,5
2026-01-29,Ludhiana,21.5,25.9,89.0,1816.47,8
2026-01-29,Meerut,28.1,23.4,72.5,930.64,2
2026-01-29,Moga,35.04,31.39,55.4,75.97,1
2026-01-29,Muzaffarnagar,25.28,25.33,81.0,1391.79,6
2026-01-29,Patiala,11.51,28.61,75.0,1813.97,6
2026-01-29,Saharanpur,16.35,32.61,53.5,1135.54,4
2026-01-29,Sirsa,35.02,23.94,60.0,579.58,2
2026-01-29,Unknown,20.27,26.19,48.5,1963.02,7
2026-01-30,Agra,39.9,29.0,76.5,1101.07,6
2026-01-30,Ambala,29.7,31.4,56.67,2379.64,7
2026-01-30,Amritsar,37.67,24.9,61.67,2868.09,9
2026-01-30,Bareilly,29.63,31.9,63.0,1495.94,5
2026-01-30,Fatehabad,19.73,29.24,62.67,998.1,4
2026-01-30,Ferozepur,32.94,26.72,64.0,965.11,6
2026-01-30,Hisar,21.52,26.77,69.5,873.43,2
2026-01-30,Jalandhar,2.9,32.0,47.0,1924.96,5
2026-01-30,Karnal,24.64,32.49,67.6,1518.08,6
2026-01-30,Kurukshetra,30.82,25.8,34.5,1747.11,6
2026-01-30,Ludhiana,28.0,30.87,48.67,1440.96,7
2026-01-30,Meerut,31.14,26.26,31.0,28.57,2
2026-01-30,Moga,31.82,24.98,62.8,1348.36,6
2026-01-30,Muzaffarnagar,30.05,20.8,70.0,1787.95,7
2026-01-30,Patiala,13.11,34.5,60.5,1673.81,7
2026-01-30,Sirsa,0.5,34.9,43.0,2116.92,9
2026-01-30,Unknown,44.9,24.01,57.5,395.89,3
2026-01-31,Agra,20.24,27.16,74.17,422.08,1
2026-01-31,Ambala,41.6,24.71,62.0,2059.66,7
2026-01-31,Amritsar,18.0,27.86,61.4,2650.82,7
2026-01-31,Bareilly,24.25,24.36,62.8,1113.38,7
2026-01-31,Bathinda,16.07,23.68,51.2,1032.66,3
2026-01-31,Fatehabad,15.86,23.41,74.67,1361.85,4
2026-01-31,Ferozepur,30.81,24.98,70.6,1058.86,3
2026-01-31,Hisar,10.36,33.66,80.0,842.66,4
2026-01-31,Jalandhar,13.87,34.8,89.0,946.08,4
2026-01-31,Karnal,,30.39,76.0,1403.92,5
2026-01-31,Kurukshetra,33.77,20.36,61.75,1467.87,6
2026-01-31,Ludhiana,28.54,26.45,62.0,2676.38,9
2026-01-31,Meerut,24.5,25.3,80.0,439.51,1
2026-01-31,Moga,34.67,30.74,58.67,624.6,2
2026-01-31,Muzaffarnagar,30.07,28.94,69.33,1783.74,11
2026-01-31,Saharanpur,38.03,29.07,44.5,1232.88,6
2026-01-31,Sirsa,27.1,27.78,58.0,1546.82,7
2026-01-31,Unknown,31.68,29.55,70.33,1474.7,6
2026-02-01,Agra,25.57,28.94,62.5,1033.51,5
2026-02-01,Ambala,23.83,27.45,52.5,2046.9,7
2026-02-01,Amritsar,20.36,25.98,70.67,2496.07,9
2026-02-01,Bareilly,20.3,37.75,42.5,1680.19,6
2026-02-01,Bathinda,40.95,28.34,64.0,816.57,4
2026-02-01,Fatehabad,36.01,25.72,54.83,1624.33,7
2026-02-01,Ferozepur,23.96,28.07,58.0,1718.77,6
2026-02-01,Hisar,19.65,25.8,64.75,2666.18,9
2026-02-01,Jalandhar,35.87,29.07,60.0,491.5,2
2026-02-01,Karnal,,18.6,,1886.12,5
2026-02-01,Kurukshetra,26.16,32.8,50.25,1675.94,7
2026-02-01,Ludhiana,41.4,36.2,67.5,1807.16,8
2026-02-01,Moga,29.33,21.97,59.5,746.95,2
2026-02-01,Muzaffarnagar,31.83,34.02,79.67,643.03,4
2026-02-01,Patiala,29.79,22.77,63.2,1842.18,8
2026-02-01,Saharanpur,,23.0,49.0,2554.07,9
2026-02-01,Unknown,26.85,33.33,61.0,1536.62,5
2026-02-02,Agra,39.9,36.1,,2478.04,7
2026-02-02,Ambala,18.52,28.35,67.67,1542.16,9
2026-02-02,Amritsar,22.39,21.7,62.0,1988.81,6
2026-02-02,Bareilly,0.76,16.28,,1590.59,6
2026-02-02,Bathinda,43.91,24.7,55.33,807.6,3
2026-02-02,Fatehabad,48.7,31.7,91.0,455.65,2
2026-02-02,Ferozepur,28.9,26.91,66.67,722.32,4
2026-02-02,Hisar,17.0,32.44,70.75,1012.83,4
2026-02-02,Jalandhar,31.91,23.03,62.5,945.3,5
2026-02-02,Karnal,13.83,24.77,54.0,2143.07,10
2026-02-02,Kurukshetra,36.2,26.75,67.75,1051.79,4
2026-02-02,Ludhiana,29.92,28.65,58.0,2417.24,10
2026-02-02,Meerut,22.8,25.0,66.25,0.0,1
2026-02-02,Moga,18.72,35.41,91.5,486.8,2
2026-02-02,Muzaffarnagar,18.63,26.65,75.67,1084.19,5
2026-02-02,Saharanpur,35.42,30.7,70.5,2515.78,8
2026-02-02,Sirsa,19.56,36.74,54.5,702.05,3
2026-02-02,Unknown,12.8,25.5,39.0,1331.09,5
2026-02-03,Agra,20.65,32.98,47.0,408.94,2
2026-02-03,Ambala,8.38,18.0,79.0,401.89,1
2026-02-03,Amritsar,31.25,27.53,38.33,2249.66,9
2026-02-03,Bareilly,40.99,27.78,64.0,1132.58,5
2026-02-03,Bathinda,27.51,29.0,63.5,868.71,4
2026-02-03,Fatehabad,19.88,27.71,60.86,2332.42,7
2026-02-03,Ferozepur,14.47,32.96,54.33,129.03,2
2026-02-03,Hisar,22.75,28.05,49.67,662.3,2
2026-02-03,Jalandhar,22.61,35.72,46.0,1254.18,5
2026-02-03,Karnal,24.79,24.33,61.8,1366.21,6
2026-02-03,Kurukshetra,9.73,28.17,58.33,1625.46,6
2026-02-03,Ludhiana,6.1,24.54,40.5,1166.76,6
2026-02-03,Meerut,23.39,23.89,70.8,358.42,1
2026-02-03,Moga,38.0,30.3,65.33,305.05,2
2026-02-03,Muzaffarnagar,22.51,30.79,74.67,1134.63,7
2026-02-03,Patiala,27.47,23.73,63.5,1446.48,5
2026-02-03,Saharanpur,34.54,20.78,84.0,286.16,3
2026-02-03,Sirsa,24.1,28.96,63.0,824.16,5
2026-02-03,Unknown,39.4,19.1,59.0,2596.98,10
2026-02-04,Agra,37.1,22.24,60.0,1420.65,5
2026-02-04,Ambala,22.65,27.47,70.0,662.61,4
2026-02-04,Amritsar,26.95,24.1,73.5,1623.15,5
2026-02-04,Bareilly,48.0,24.46,72.5,1639.12,7
2026-02-04,Bathinda,29.0,24.23,56.0,1277.53,4
2026-02-04,Fatehabad,14.02,36.7,65.5,1460.69,7
2026-02-04,Ferozepur,18.22,24.02,56.5,1024.8,3
2026-02-04,Hisar,24.8,27.76,68.5,344.79,1
2026-02-04,Jalandhar,15.07,22.4,73.0,776.24,6
2026-02-04,Karnal,28.85,34.7,59.67,3261.1,12
2026-02-04,Kurukshetra,29.16,29.43,39.0,384.85,2
2026-02-04,Ludhiana,34.02,28.3,53.5,2335.91,12
2026-02-04,Meerut,26.6,36.22,79.0,690.7,2
2026-02-04,Moga,11.8,35.22,50.0,469.62,3
2026-02-04,Muzaffarnagar,23.3,24.69,59.5,619.31,4
2026-02-04,Patiala,48.5,31.7,68.2,1845.12,8
2026-02-04,Saharanpur,10.92,26.05,61.0,866.96,7
2026-02-04,Sirsa,10.3,36.4,79.0,327.19,2
2026-02-04,Unknown,,30.0,58.0,2717.42,12
2026-02-05,Agra,45.5,27.71,46.33,1202.1,4
2026-02-05,Ambala,26.92,34.0,53.0,2514.08,10
2026-02-05,Amritsar,13.82,26.8,70.0,3380.8,11
2026-02-05,Bareilly,24.9,29.48,60.8,323.97,1
2026-02-05,Bathinda,21.73,26.49,68.75,778.7,2
2026-02-05,Fatehabad,22.91,30.59,68.67,492.34,1
2026-02-05,Ferozepur,36.55,32.5,74.75,0.0,1
2026-02-05,Hisar,18.65,30.77,80.0,1553.56,7
2026-02-05,Jalandhar,23.31,30.73,60.0,99.19,1
2026-02-05,Karnal,33.65,27.15,44.0,1665.27,5
2026-02-05,Kurukshetra,38.84,29.48,45.33,1299.89,4
2026-02-05,Ludhiana,32.45,29.33,80.0,888.87,6
2026-02-05,Meerut,30.63,31.84,68.0,215.54,1
2026-02-05,Moga,30.47,25.24,72.6,1558.61,4
2026-02-05,Muzaffarnagar,34.8,27.14,70.0,1649.31,10
2026-02-05,Patiala,25.9,35.5,81.0,809.94,4
2026-02-05,Saharanpur,11.9,30.05,81.5,1586.33,6
2026-02-05,Sirsa,46.4,18.78,64.0,653.58,2
2026-02-05,Unknown,35.7,29.07,53.67,1307.81,4
2026-02-06,Agra,23.5,30.2,63.5,593.31,3
2026-02-06,Ambala,16.83,33.74,67.0,1684.52,9
2026-02-06,Amritsar,,25.4,64.0,1569.99,6
2026-02-06,Bareilly,46.13,30.16,66.0,996.1,4
2026-02-06,Bathinda,40.1,28.1,50.0,1454.6,6
2026-02-06,Fatehabad,49.78,23.6,94.0,1906.47,8
2026-02-06,Ferozepur,43.69,35.0,73.0,581.47,2
2026-02-06,Hisar,,18.2,57.0,1377.4,9
2026-02-06,Jalandhar,35.23,25.9,61.5,1150.8,3
2026-02-06,Karnal,2.45,36.23,51.33,1890.77,7
2026-02-06,Kurukshetra,41.44,23.04,79.0,841.18,4
2026-02-06,Ludhiana,20.0,21.64,53.5,1561.82,7
2026-02-06,Meerut,40.39,26.2,,325.33,1
2026-02-06,Moga,22.1,24.8,69.0,826.73,4
2026-02-06,Muzaffarnagar,22.6,32.19,82.0,2020.04,8
2026-02-06,Patiala,7.7,36.5,38.0,2087.93,9
2026-02-06,Saharanpur,41.0,22.8,31.0,2727.54,8
2026-02-06,Sirsa,42.76,21.18,51.75,1608.69,5
2026-02-06,Unknown,33.2,28.35,81.0,505.56,2
2026-02-07,Agra,25.42,33.0,73.75,621.47,3
2026-02-07,Amritsar,22.03,27.95,53.75,1574.52,7
2026-02-07,Bareilly,18.4,32.1,49.0,2276.6,8
2026-02-07,Fatehabad,13.47,26.14,69.25,1435.6,7
2026-02-07,Ferozepur,16.26,29.6,58.5,950.97,4
2026-02-07,Hisar,28.1,27.8,66.5,113.54,1
2026-02-07,Jalandhar,28.37,28.37,38.0,552.95,3
2026-02-07,Karnal,7.8,21.1,36.0,798.18,5
2026-02-07,Kurukshetra,21.56,26.6,71.25,1371.83,4
2026-02-07,Ludhiana,23.76,23.55,64.2,1920.3,8
2026-02-07,Meerut,25.02,30.36,64.67,834.99,3
2026-02-07,Moga,19.43,28.46,54.8,1109.29,3
2026-02-07,Muzaffarnagar,26.0,28.2,60.0,1061.92,4
2026-02-07,Patiala,29.55,25.45,65.0,129.29,1
2026-02-07,Saharanpur,34.3,24.4,89.0,1335.69,5
2026-02-07,Sirsa,6.35,30.65,51.0,754.71,5
2026-02-07,Unknown,18.12,32.76,41.8,1698.23,6
2026-02-08,Agra,20.46,29.56,52.67,880.54,2
2026-02-08,Ambala,5.0,33.7,59.5,1306.09,5
2026-02-08,Amritsar,6.02,28.93,61.75,1705.14,7
2026-02-08,Bareilly,14.6,29.67,65.0,502.56,3
2026-02-08,Bathinda,38.25,29.67,66.67,936.49,3
2026-02-08,Fatehabad,4.7,40.0,93.0,834.01,4
2026-02-08,Ferozepur,23.0,34.27,57.0,352.35,2
2026-02-08,Hisar,22.73,23.02,39.5,157.36,2
2026-02-08,Jalandhar,39.62,30.8,89.0,434.9,3
2026-02-08,Karnal,25.39,17.55,50.0,1056.14,5
2026-02-08,Kurukshetra,36.95,23.39,51.67,508.83,2
2026-02-08,Ludhiana,23.17,26.54,69.0,938.46,5
2026-02-08,Meerut,18.73,26.73,60.4,306.81,1
2026-02-08,Moga,37.93,27.98,44.5,716.8,2
2026-02-08,Patiala,30.55,28.67,50.0,1317.27,7
2026-02-08,Saharanpur,18.3,31.28,88.0,2267.23,9
2026-02-08,Sirsa,40.4,20.9,87.0,987.49,4
2026-02-08,Unknown,22.27,27.44,62.0,610.11,3
2026-02-09,Agra,37.95,30.95,53.75,1226.07,5
2026-02-09,Ambala,23.38,29.59,50.25,2303.78,8
2026-02-09,Amritsar,23.72,28.75,62.0,2116.71,7
2026-02-09,Bareilly,21.72,26.93,45.25,2747.94,8
2026-02-09,Bathinda,13.21,21.25,78.0,2093.07,8
2026-02-09,Fatehabad,26.87,21.27,53.67,2767.14,10
2026-02-09,Ferozepur,,16.78,37.0,541.13,5
2026-02-09,Hisar,28.7,24.64,62.8,1409.15,5
2026-02-09,Karnal,23.45,27.12,74.33,2688.99,10
2026-02-09,Ludhiana,24.91,24.91,79.0,1244.49,7
2026-02-09,Meerut,14.56,26.83,55.67,860.87,2
2026-02-09,Moga,21.12,24.46,62.5,36.32,1
2026-02-09,Muzaffarnagar,20.24,20.88,52.75,881.49,5
2026-02-09,Patiala,36.4,33.53,57.67,3036.28,12
2026-02-09,Saharanpur,15.5,23.8,39.0,1958.15,8
2026-02-09,Sirsa,9.91,34.72,35.0,2738.56,9
2026-02-09,Unknown,10.35,25.2,60.0,651.62,3
2026-02-10,Agra,23.65,26.56,53.0,60.19,2
2026-02-10,Ambala,19.1,31.03,68.0,1213.78,6
2026-02-10,Amritsar,24.22,28.71,69.6,1668.04,9
2026-02-10,Bareilly,24.0,26.23,75.0,2065.62,9
2026-02-10,Bathinda,29.4,27.3,82.0,788.38,2
2026-02-10,Fatehabad,18.85,24.8,76.5,1718.76,6
2026-02-10,Ferozepur,24.0,20.9,,464.73,3
2026-02-10,Hisar,25.09,26.46,68.67,1915.36,7
2026-02-10,Jalandhar,15.68,25.72,64.0,999.75,3
2026-02-10,Karnal,0.7,22.22,88.0,757.27,2
2026-02-10,Kurukshetra,32.26,19.8,67.5,48.47,1
2026-02-10,Ludhiana,43.65,36.2,44.0,837.01,4
2026-02-10,Meerut,29.05,29.33,68.0,942.35,4
2026-02-10,Moga,22.02,23.56,66.8,860.66,3
2026-02-10,Muzaffarnagar,,28.2,84.0,1089.09,5
2026-02-10,Patiala,26.2,22.06,82.67,780.04,3
2026-02-10,Saharanpur,29.5,33.95,61.5,808.52,3
2026-02-10,Sirsa,24.19,21.96,54.5,1607.87,8
2026-02-10,Unknown,29.48,29.12,60.6,772.16,4
2026-02-11,Agra,22.24,23.54,73.0,875.64,3
2026-02-11,Ambala,42.93,35.89,57.0,1011.8,6
2026-02-11,Bareilly,39.46,28.44,46.4,1576.03,7
2026-02-11,Bathinda,19.2,23.25,77.0,582.07,4
2026-02-11,Fatehabad,23.88,35.3,71.5,1802.47,8
2026-02-11,Hisar,31.44,26.53,61.25,2084.84,9
2026-02-11,Jalandhar,25.03,29.46,63.67,1173.89,9
2026-02-11,Karnal,8.05,29.49,57.67,842.72,4
2026-02-11,Kurukshetra,47.35,24.3,80.0,967.22,5
2026-02-11,Ludhiana,39.9,28.85,62.0,1829.83,7
2026-02-11,Meerut,48.8,16.7,64.0,268.67,1
2026-02-11,Moga,9.25,25.27,71.0,584.76,4
2026-02-11,Muzaffarnagar,21.3,32.83,80.67,1338.18,6
2026-02-11,Patiala,,35.1,58.0,401.03,2
2026-02-11,Saharanpur,14.4,27.9,84.0,1073.05,5
2026-02-11,Sirsa,14.99,15.1,,1604.56,5
2026-02-11,Unknown,38.35,32.54,70.0,1223.45,6
2026-02-12,Agra,36.6,26.88,42.25,743.27,3
2026-02-12,Ambala,24.43,27.93,58.0,1339.07,4
2026-02-12,Amritsar,25.45,27.7,81.5,1382.36,5
2026-02-12,Bareilly,16.95,25.93,72.67,1245.18,6
2026-02-12,Bathinda,13.2,35.6,47.0,462.48,2
2026-02-12,Fatehabad,32.32,27.84,52.86,2023.63,8
2026-02-12,Ferozepur,38.3,22.58,69.0,697.98,2
2026-02-12,Hisar,33.01,27.16,49.2,2182.28,7
2026-02-12,Karnal,34.93,23.23,74.33,1184.61,6
2026-02-12,Ludhiana,27.77,21.4,94.0,792.76,5
2026-02-12,Meerut,27.95,31.83,63.67,73.48,1
2026-02-12,Moga,41.17,21.06,69.0,1228.55,5
2026-02-12,Muzaffarnagar,21.38,28.98,71.83,681.42,2
2026-02-12,Patiala,10.85,27.0,63.75,3397.77,11
2026-02-12,Saharanpur,32.0,38.0,49.0,1489.79,9
2026-02-12,Sirsa,12.45,36.72,90.0,612.5,2
2026-02-13,Ambala,23.06,27.8,49.4,801.77,3
2026-02-13,Bareilly,22.95,21.3,45.0,1076.08,7
2026-02-13,Bathinda,18.5,26.77,50.33,1522.58,7
2026-02-13,Fatehabad,18.9,18.9,48.0,1656.75,7
2026-02-13,Ferozepur,31.8,28.8,47.0,222.06,2
2026-02-13,Hisar,6.8,16.5,83.0,1906.28,7
2026-02-13,Jalandhar,47.9,35.61,,327.89,3
2026-02-13,Karnal,28.07,26.33,54.25,1723.22,8
2026-02-13,Kurukshetra,15.1,37.78,42.0,447.66,1
2026-02-13,Ludhiana,24.91,27.22,55.2,882.91,4
2026-02-13,Meerut,31.79,30.48,61.75,483.93,2
2026-02-13,Moga,30.59,27.1,48.5,451.67,2
2026-02-13,Muzaffarnagar,43.9,22.8,51.0,2411.34,10
2026-02-13,Patiala,16.9,34.7,91.0,1530.43,7
2026-02-13,Saharanpur,9.91,29.82,55.67,1705.03,6
2026-02-13,Sirsa,19.07,29.53,71.29,1928.81,9
2026-02-13,Unknown,22.61,36.0,,2525.69,9
2026-02-14,Agra,25.73,28.1,68.33,1561.64,6
2026-02-14,Ambala,35.04,18.1,50.0,1598.76,6
2026-02-14,Amritsar,20.88,29.0,64.0,1711.09,6
2026-02-14,Bareilly,17.31,25.78,63.67,808.11,2
2026-02-14,Bathinda,23.52,27.8,75.75,1321.54,4
2026-02-14,Fatehabad,20.73,24.64,63.67,290.65,4
2026-02-14,Hisar,37.5,26.61,39.0,349.86,3
2026-02-14,Jalandhar,25.45,24.65,57.33,611.14,3
2026-02-14,Karnal,,17.2,89.0,1750.28,8
2026-02-14,Kurukshetra,14.49,27.8,72.33,648.01,5
2026-02-14,Ludhiana,26.02,26.57,70.0,1534.26,6
2026-02-14,Meerut,23.98,30.84,62.6,542.74,2
2026-02-14,Moga,12.98,23.44,53.5,219.66,1
2026-02-14,Muzaffarnagar,23.34,25.5,45.5,2122.81,7
2026-02-14,Saharanpur,17.74,25.64,55.0,1891.95,6
2026-02-14,Sirsa,20.7,32.75,69.0,1150.96,4
2026-02-14,Unknown,20.08,25.22,68.33,789.88,3
2026-02-15,Agra,25.52,27.76,77.8,89.8,2
2026-02-15,Ambala,27.87,24.85,54.33,1966.75,6
2026-02-15,Amritsar,25.75,30.14,78.5,2876.44,12
2026-02-15,Bareilly,27.93,28.86,58.0,1766.92,6
2026-02-15,Bathinda,37.22,22.51,58.33,959.98,5
2026-02-15,Fatehabad,18.7,19.2,81.0,799.82,4
2026-02-15,Ferozepur,10.4,28.83,47.5,952.9,4
2026-02-15,Hisar,45.7,32.7,,77.81,1
2026-02-15,Jalandhar,43.5,15.3,86.0,168.63,2
2026-02-15,Karnal,22.23,26.67,55.83,2666.68,9
2026-02-15,Kurukshetra,28.3,15.5,84.0,830.59,6
2026-02-15,Ludhiana,29.22,21.52,66.6,1975.31,6
2026-02-15,Meerut,36.6,30.53,52.75,308.18,1
2026-02-15,Moga,18.11,26.25,53.33,1272.22,6
2026-02-15,Muzaffarnagar,22.13,25.07,44.33,849.63,7
2026-02-15,Patiala,12.24,31.46,60.5,2191.14,9
2026-02-16,Ambala,32.62,35.57,72.0,1740.57,6
2026-02-16,Amritsar,19.92,33.55,56.2,2532.29,9
2026-02-16,Bareilly,2.0,22.45,77.5,834.19,5
2026-02-16,Bathinda,12.3,37.4,,45.43,1
2026-02-16,Fatehabad,25.6,26.3,49.67,1092.82,6
2026-02-16,Karnal,26.86,20.9,34.0,2429.28,8
2026-02-16,Kurukshetra,24.96,21.7,65.0,452.34,3
2026-02-16,Ludhiana,31.5,36.39,44.0,896.14,7
2026-02-16,Meerut,49.28,26.8,87.0,40.53,1
2026-02-16,Moga,18.92,24.56,76.0,1452.59,5
2026-02-16,Muzaffarnagar,23.83,31.03,62.0,2237.84,7
2026-02-16,Saharanpur,,37.2,39.0,1971.14,6
2026-02-16,Sirsa,18.8,20.27,55.67,1917.03,6
2026-02-16,Unknown,40.2,22.11,84.0,2157.99,7
2026-02-17,Agra,10.13,29.57,40.25,937.58,3
2026-02-17,Ambala,,31.06,81.5,524.54,3
2026-02-17,Amritsar,,31.6,85.0,1394.28,7
2026-02-17,Bathinda,26.67,35.97,68.5,189.32,2
2026-02-17,Fatehabad,10.48,37.7,72.5,494.23,2
2026-02-17,Ferozepur,15.02,23.68,74.67,185.73,1
2026-02-17,Hisar,19.22,24.08,71.8,2028.2,8
2026-02-17,Jalandhar,28.4,26.7,68.0,0.0,2
2026-02-17,Karnal,4.2,19.78,60.0,2490.19,9
2026-02-17,Kurukshetra,25.41,32.15,55.8,647.72,2
2026-02-17,Ludhiana,28.45,27.84,71.5,713.86,3
2026-02-17,Meerut,33.2,21.09,66.5,272.61,1
2026-02-17,Moga,47.6,28.49,55.0,558.51,2
2026-02-17,Muzaffarnagar,32.3,15.8,58.0,2029.57,7
2026-02-17,Patiala,26.74,22.99,43.0,2480.82,8
2026-02-17,Saharanpur,10.78,26.72,51.4,485.86,2
2026-02-17,Sirsa,,32.2,,555.72,4
2026-02-17,Unknown,33.64,23.9,58.0,4146.8,13
2026-02-18,Agra,5.59,38.25,71.0,2452.11,6
2026-02-18,Ambala,23.16,32.19,57.75,2896.52,12
2026-02-18,Amritsar,23.5,39.8,95.0,1847.73,6
2026-02-18,Bareilly,39.73,23.0,69.0,1409.14,8
2026-02-18,Bathinda,18.15,30.43,60.0,533.29,3
2026-02-18,Fatehabad,22.54,27.23,73.67,1035.13,3
2026-02-18,Ferozepur,32.65,29.0,65.0,1620.62,6
2026-02-18,Hisar,32.8,23.36,52.0,1318.33,6
2026-02-18,Jalandhar,37.47,24.88,59.5,128.15,2
2026-02-18,Karnal,31.06,20.05,81.0,2673.21,8
2026-02-18,Kurukshetra,9.37,26.93,39.0,816.32,5
2026-02-18,Ludhiana,29.72,39.0,52.0,1399.51,8
2026-02-18,Meerut,30.39,21.84,74.5,574.16,2
2026-02-18,Moga,22.8,24.29,49.33,436.18,4
2026-02-18,Patiala,8.5,27.5,,2957.46,11
2026-02-18,Saharanpur,32.65,21.8,71.5,1358.92,7
2026-02-18,Sirsa,47.2,16.28,55.0,372.25,3
2026-02-18,Unknown,42.1,24.36,71.0,1848.13,6
2026-02-19,Agra,28.0,29.17,66.33,569.29,4
2026-02-19,Ambala,26.02,20.5,58.0,1035.37,6
2026-02-19,Amritsar,24.18,28.03,61.5,1779.06,6
2026-02-19,Bareilly,25.02,27.83,80.67,1262.1,5
2026-02-19,Bathinda,23.42,26.94,66.5,1678.16,6
2026-02-19,Fatehabad,20.11,27.22,54.6,2152.68,6
2026-02-19,Ferozepur,18.6,31.0,87.0,1039.58,4
2026-02-19,Hisar,26.59,28.79,88.5,1929.35,6
2026-02-19,Jalandhar,46.1,34.9,49.0,702.14,2
2026-02-19,Karnal,23.68,25.52,70.0,162.97,3
2026-02-19,Kurukshetra,35.8,29.4,53.25,1271.24,4
2026-02-19,Ludhiana,17.56,23.26,57.71,1329.14,5
2026-02-19,Moga,21.09,30.95,58.5,784.63,4
2026-02-19,Muzaffarnagar,17.3,28.89,57.0,1359.57,5
2026-02-19,Patiala,25.1,29.5,40.0,1351.75,8
2026-02-19,Saharanpur,6.86,38.8,35.0,489.94,3
2026-02-19,Sirsa,35.6,36.11,68.0,1306.13,3
2026-02-19,Unknown,17.77,26.32,65.5,1030.84,4
2026-02-20,Ambala,30.1,26.25,85.5,2577.59,12
2026-02-20,Amritsar,20.15,27.67,54.6,2334.23,8
2026-02-20,Bareilly,30.53,27.61,64.33,847.69,4
2026-02-20,Bathinda,22.59,27.54,70.75,267.43,1
2026-02-20,Fatehabad,12.5,19.4,45.0,1414.56,4
2026-02-20,Ferozepur,49.9,17.89,72.0,858.1,5
2026-02-20,Hisar,32.38,21.67,52.33,1685.89,5
2026-02-20,Jalandhar,28.67,27.47,78.0,1311.23,5
2026-02-20,Karnal,5.08,24.8,90.0,1657.99,7
2026-02-20,Kurukshetra,12.2,26.23,48.5,3065.84,12
2026-02-20,Ludhiana,27.01,26.0,63.25,1401.5,6
2026-02-20,Meerut,3.5,22.41,67.67,97.32,1
2026-02-20,Moga,36.13,24.42,69.0,822.88,2
2026-02-20,Muzaffarnagar,1.52,24.11,61.0,1297.54,6
2026-02-20,Patiala,0.8,24.0,62.0,2227.65,10
2026-02-20,Saharanpur,34.97,19.97,55.5,3814.25,13
2026-02-21,Agra,37.4,24.89,34.0,350.92,2
2026-02-21,Ambala,36.83,30.34,55.0,996.37,6
2026-02-21,Amritsar,26.0,29.8,47.0,2655.67,10
2026-02-21,Bareilly,38.1,28.5,93.0,1546.38,7
2026-02-21,Bathinda,19.2,26.42,74.5,247.62,2
2026-02-21,Fatehabad,11.53,26.34,71.6,1397.11,7
2026-02-21,Ferozepur,24.45,25.7,84.0,966.45,5
2026-02-21,Hisar,14.26,23.64,57.0,1506.6,6
2026-02-21,Jalandhar,18.41,26.13,71.5,367.56,2
2026-02-21,Karnal,26.4,26.7,59.67,793.55,7
2026-02-21,Kurukshetra,38.74,37.1,73.0,1399.47,4
2026-02-21,Ludhiana,41.8,39.0,,1651.96,7
2026-02-21,Moga,21.38,30.94,82.25,1149.77,6
2026-02-21,Muzaffarnagar,29.16,26.5,79.2,3032.62,10
2026-02-21,Patiala,19.46,29.26,48.75,1631.67,7
2026-02-21,Saharanpur,32.93,26.37,58.5,1651.73,7
2026-02-21,Sirsa,28.92,30.16,68.0,2440.24,6
2026-02-21,Unknown,18.53,24.24,45.0,1201.82,6
2026-02-22,Agra,16.0,15.72,84.0,1417.18,6
2026-02-22,Ambala,41.23,21.0,50.33,115.51,3
2026-02-22,Amritsar,20.47,18.51,71.33,2123.14,7
2026-02-22,Bareilly,34.8,17.72,,1549.1,6
2026-02-22,Bathinda,26.48,30.2,79.2,880.09,3
2026-02-22,Fatehabad,45.3,30.89,73.0,1368.18,6
2026-02-22,Ferozepur,36.7,16.95,72.0,765.91,5
2026-02-22,Hisar,33.85,26.21,78.0,517.28,3
2026-02-22,Jalandhar,8.76,27.33,62.0,443.24,2
2026-02-22,Karnal,19.34,24.14,59.33,996.96,7
2026-02-22,Kurukshetra,23.1,31.7,78.0,1202.32,5
2026-02-22,Ludhiana,12.1,33.46,54.5,1363.39,6
2026-02-22,Meerut,23.3,25.88,70.0,115.86,1
2026-02-22,Moga,29.87,30.1,80.0,830.49,2
2026-02-22,Muzaffarnagar,34.76,27.1,69.0,1502.66,7
2026-02-22,Patiala,18.1,21.25,70.5,1684.75,7
2026-02-22,Saharanpur,38.1,17.9,69.0,2462.37,11
2026-02-22,Sirsa,15.1,27.4,56.0,750.41,4
2026-02-22,Unknown,30.73,32.17,84.0,1795.55,8
2026-02-23,Agra,17.33,26.2,55.2,1308.58,4
2026-02-23,Ambala,21.95,23.55,51.5,1122.53,5
2026-02-23,Amritsar,22.5,34.1,81.0,1818.84,7
2026-02-23,Bareilly,26.48,23.9,51.0,982.4,5
2026-02-23,Bathinda,10.36,36.85,55.0,815.8,4
2026-02-23,Fatehabad,30.35,28.74,81.5,2250.81,9
2026-02-23,Ferozepur,26.96,24.34,45.75,511.83,2
2026-02-23,Hisar,12.6,28.5,45.0,1473.58,5
2026-02-23,Jalandhar,18.75,27.22,85.33,1340.28,7
2026-02-23,Karnal,21.29,30.13,73.5,390.33,3
2026-02-23,Kurukshetra,24.5,30.34,63.67,1039.11,5
2026-02-23,Ludhiana,20.75,23.96,48.0,3699.8,11
2026-02-23,Meerut,17.2,23.1,95.0,1150.72,4
2026-02-23,Moga,25.29,27.58,74.25,728.35,3
2026-02-23,Muzaffarnagar,14.7,32.5,68.5,895.89,6
2026-02-23,Patiala,44.7,34.3,65.0,761.78,4
2026-02-23,Sirsa,25.0,26.12,54.67,1072.06,5
2026-02-23,Unknown,14.88,28.4,60.4,1746.03,8
2026-02-24,Agra,34.56,24.36,67.33,210.43,2
2026-02-24,Ambala,8.41,19.66,58.5,488.61,2
2026-02-24,Amritsar,22.86,32.25,77.5,1004.79,5
2026-02-24,Bareilly,36.81,30.7,71.0,545.11,5
2026-02-24,Bathinda,21.52,32.57,83.5,565.53,2
2026-02-24,Fatehabad,15.56,29.59,66.67,2325.06,9
2026-02-24,Ferozepur,15.66,28.8,63.5,257.87,1
2026-02-24,Hisar,17.3,23.5,47.0,557.46,4
2026-02-24,Jalandhar,32.88,35.22,67.33,955.43,3
2026-02-24,Karnal,19.67,29.57,83.0,1178.23,6
2026-02-24,Kurukshetra,19.6,22.26,73.0,1742.99,7
2026-02-24,Ludhiana,34.75,29.05,63.0,1144.56,6
2026-02-24,Meerut,20.1,27.39,39.0,439.39,1
2026-02-24,Moga,21.35,21.59,72.67,862.47,3
2026-02-24,Muzaffarnagar,29.6,34.71,49.5,2025.48,6
2026-02-24,Saharanpur,20.08,20.8,65.0,1458.79,5
2026-02-24,Sirsa,33.46,27.4,75.0,1357.29,7
2026-02-24,Unknown,18.98,30.95,58.33,1947.85,7
2026-02-25,Agra,6.05,30.95,81.0,895.59,4
2026-02-25,Ambala,20.92,29.1,59.67,642.78,4
2026-02-25,Amritsar,22.93,28.7,58.5,2311.43,8
2026-02-25,Bareilly,34.0,28.74,58.33,1134.54,6
2026-02-25,Bathinda,3.1,35.9,64.0,2262.95,8
2026-02-25,Fatehabad,45.4,37.5,42.0,763.16,4
2026-02-25,Hisar,9.65,15.5,31.0,2561.52,9
2026-02-25,Jalandhar,24.62,28.4,55.0,514.19,3
2026-02-25,Karnal,,26.8,76.5,1629.49,8
2026-02-25,Kurukshetra,12.0,35.3,55.5,948.89,4
2026-02-25,Ludhiana,14.8,30.1,73.67,1259.96,5
2026-02-25,Meerut,30.82,36.85,80.5,451.73,2
2026-02-25,Moga,20.89,27.27,65.25,792.59,4
2026-02-25,Muzaffarnagar,26.17,25.15,77.0,901.16,4
2026-02-25,Patiala,23.45,36.65,54.0,368.97,6
2026-02-25,Saharanpur,6.1,28.4,81.0,1355.22,5
2026-02-25,Sirsa,39.62,29.51,68.33,1769.53,8
2026-02-25,Unknown,28.65,24.25,82.5,1581.67,7
2026-02-26,Amritsar,25.45,30.86,81.33,1616.23,8
2026-02-26,Bareilly,27.6,22.2,68.5,1637.72,7
2026-02-26,Bathinda,36.0,30.5,91.0,847.01,5
2026-02-26,Fatehabad,33.4,37.0,73.0,2193.04,8
2026-02-26,Ferozepur,28.23,30.89,34.0,913.91,2
2026-02-26,Hisar,25.63,27.24,64.4,802.8,5
2026-02-26,Jalandhar,40.52,24.32,56.5,420.42,1
2026-02-26,Karnal,26.89,36.43,62.67,1885.86,5
2026-02-26,Kurukshetra,26.34,34.14,,1901.66,6
2026-02-26,Ludhiana,21.5,28.9,40.67,981.23,5
2026-02-26,Meerut,33.21,26.1,77.33,191.29,2
2026-02-26,Moga,20.97,30.31,66.43,1533.01,4
2026-02-26,Muzaffarnagar,38.1,35.1,86.0,2375.16,11
2026-02-26,Patiala,16.23,27.3,49.0,2168.17,11
2026-02-26,Saharanpur,11.9,22.99,55.33,1960.84,9
2026-02-26,Sirsa,14.4,26.57,54.67,783.61,5
2026-02-26,Unknown,22.71,28.0,53.2,2370.39,9
2026-02-27,Agra,27.87,24.21,60.75,996.07,4
2026-02-27,Ambala,30.5,27.49,67.0,823.73,3
2026-02-27,Amritsar,37.69,22.54,74.5,2105.8,9
2026-02-27,Bareilly,14.03,28.34,64.0,942.38,6
2026-02-27,Bathinda,30.53,28.03,80.0,1002.88,5
2026-02-27,Fatehabad,25.9,24.36,64.0,689.19,4
2026-02-27,Ferozepur,17.68,24.96,62.5,1853.48,7
2026-02-27,Hisar,17.12,22.98,59.25,1840.33,6
2026-02-27,Jalandhar,34.03,25.66,67.5,1416.28,5
2026-02-27,Karnal,32.58,29.7,76.25,1404.17,6
2026-02-27,Kurukshetra,8.32,35.58,61.6,706.52,2
2026-02-27,Ludhiana,33.85,22.41,60.0,1652.96,7
2026-02-27,Meerut,31.98,25.0,63.0,199.06,2
2026-02-27,Moga,26.83,29.52,59.4,624.48,2
2026-02-27,Muzaffarnagar,17.07,21.95,90.0,867.74,3
2026-02-27,Patiala,34.04,28.1,56.0,1266.91,6
2026-02-27,Saharanpur,20.8,30.47,70.0,1044.73,3
2026-02-27,Sirsa,15.3,24.3,59.0,2730.99,10
2026-02-27,Unknown,27.11,22.16,63.0,2856.48,12
2026-02-28,Agra,12.2,33.43,31.0,1088.88,5
2026-02-28,Ambala,26.1,21.28,67.75,1268.5,6
2026-02-28,Amritsar,26.59,26.66,67.38,3163.02,8
2026-02-28,Bareilly,28.05,26.78,55.25,427.33,2
2026-02-28,Bathinda,44.2,27.25,68.5,315.98,1
2026-02-28,Fatehabad,19.7,17.5,57.0,1412.96,5
2026-02-28,Ferozepur,32.84,25.5,73.0,1188.66,5
2026-02-28,Hisar,32.2,25.54,48.0,1259.18,6
2026-02-28,Jalandhar,22.11,25.26,53.0,668.86,3
2026-02-28,Kurukshetra,24.22,22.0,52.75,1291.43,3
2026-02-28,Ludhiana,24.38,29.46,46.25,1110.31,5
2026-02-28,Meerut,20.1,29.28,71.0,213.99,1
2026-02-28,Muzaffarnagar,8.38,39.7,40.0,2004.59,9
2026-02-28,Patiala,7.76,23.68,77.67,1673.88,9
2026-02-28,Saharanpur,30.01,25.67,77.0,1770.95,7
2026-02-28,Sirsa,16.9,27.27,40.33,3006.46,9
2026-02-28,Unknown,24.14,25.53,57.0,1834.56,10
2026-03-01,Agra,29.98,26.9,46.0,1182.25,4
2026-03-01,Ambala,40.14,23.2,85.5,1680.31,5
2026-03-01,Amritsar,28.6,22.1,54.8,1751.08,6
2026-03-01,Bareilly,24.34,29.16,72.22,712.43,5
2026-03-01,Bathinda,30.76,28.14,80.5,615.78,2
2026-03-01,Fatehabad,20.82,29.77,54.57,1122.62,5
2026-03-01,Ferozepur,11.34,25.42,52.4,456.95,2
2026-03-01,Hisar,30.7,29.28,56.0,583.17,3
2026-03-01,Jalandhar,12.31,31.46,47.8,966.4,4
2026-03-01,Kurukshetra,7.45,28.9,72.5,1077.74,6
2026-03-01,Ludhiana,10.5,30.75,56.0,2315.66,10
2026-03-01,Meerut,29.37,21.17,61.0,104.36,1
2026-03-01,Moga,5.59,30.3,77.0,583.64,3
2026-03-01,Muzaffarnagar,30.75,31.69,47.5,833.54,5
2026-03-01,Patiala,37.51,27.37,63.0,1295.53,6
2026-03-01,Saharanpur,46.4,25.5,44.0,1807.41,6
2026-03-01,Sirsa,26.77,26.23,65.0,1657.35,6
2026-03-01,Unknown,22.61,23.65,33.0,563.38,3
2026-03-02,Agra,25.07,27.1,61.0,444.85,1
2026-03-02,Ambala,23.3,27.42,59.4,1867.19,7
2026-03-02,Amritsar,31.3,28.75,50.5,2424.23,9
2026-03-02,Bareilly,33.81,33.26,77.2,888.06,4
2026-03-02,Bathinda,26.16,21.97,78.33,683.28,3
2026-03-02,Fatehabad,1.6,18.75,72.5,2988.86,9
2026-03-02,Ferozepur,35.0,35.7,76.0,986.59,6
2026-03-02,Hisar,24.63,34.7,52.33,1115.08,6
2026-03-02,Jalandhar,41.09,30.25,68.75,402.16,2
2026-03-02,Karnal,17.69,29.35,46.75,1568.23,6
2026-03-02,Kurukshetra,28.15,23.55,78.0,244.66,2
2026-03-02,Ludhiana,28.22,25.72,55.6,1595.78,6
2026-03-02,Moga,19.87,27.53,69.43,1050.03,5
2026-03-02,Muzaffarnagar,10.31,24.11,66.5,1757.7,8
2026-03-02,Patiala,24.19,24.05,73.5,2658.33,10
2026-03-02,Saharanpur,26.99,29.9,39.5,2098.39,8
2026-03-02,Sirsa,,38.0,88.0,1188.09,4
2026-03-02,Unknown,30.99,29.6,37.0,1102.94,7
2026-03-03,Agra,20.1,27.0,52.0,770.88,4
2026-03-03,Ambala,37.65,28.83,56.0,499.32,3
2026-03-03,Amritsar,25.05,29.85,69.5,1813.59,9
2026-03-03,Bareilly,12.13,33.47,69.0,1367.57,5
2026-03-03,Bathinda,23.98,25.2,83.0,800.62,4
2026-03-03,Fatehabad,28.6,29.1,53.2,1190.23,4
2026-03-03,Hisar,15.84,28.55,51.5,1757.97,7
2026-03-03,Jalandhar,45.9,25.2,58.0,969.17,3
2026-03-03,Karnal,21.79,19.8,62.0,414.19,4
2026-03-03,Kurukshetra,12.9,27.57,44.5,1753.34,6
2026-03-03,Ludhiana,17.02,23.29,35.0,2078.2,10
2026-03-03,Moga,45.97,36.4,46.0,366.75,2
2026-03-03,Muzaffarnagar,21.2,35.7,82.0,2930.55,11
2026-03-03,Saharanpur,11.4,24.39,,1909.96,8
2026-03-03,Sirsa,27.4,32.07,60.75,1821.45,8
2026-03-03,Unknown,32.34,24.0,49.5,3848.0,14
2026-03-04,Agra,24.4,24.6,51.67,1276.92,5
2026-03-04,Ambala,,22.03,79.33,783.57,4
2026-03-04,Amritsar,14.56,25.76,75.0,170.76,1
2026-03-04,Bareilly,11.6,21.11,58.0,1973.53,7
2026-03-04,Bathinda,21.08,30.41,55.67,877.3,4
2026-03-04,Fatehabad,3.2,27.63,57.33,1132.72,4
2026-03-04,Ferozepur,49.4,29.78,47.0,936.27,3
2026-03-04,Hisar,38.25,24.43,41.5,1119.48,6
2026-03-04,Jalandhar,25.9,15.3,59.0,25.57,2
2026-03-04,Karnal,9.17,22.24,69.0,1682.46,6
2026-03-04,Kurukshetra,33.63,23.83,58.0,1095.32,7
2026-03-04,Ludhiana,24.16,35.52,69.75,2128.91,9
2026-03-04,Meerut,34.64,21.7,57.0,0.0,1
2026-03-04,Moga,36.33,24.78,42.25,1277.08,3
2026-03-04,Muzaffarnagar,19.55,26.1,42.5,280.11,3
2026-03-04,Saharanpur,26.2,37.78,68.0,2507.26,9
2026-03-04,Sirsa,17.27,21.13,43.67,1831.55,8
2026-03-04,Unknown,18.46,23.96,66.2,1705.13,7
2026-03-05,Ambala,29.99,24.01,71.0,858.13,3
2026-03-05,Amritsar,30.99,23.25,68.0,781.46,3
2026-03-05,Bathinda,37.38,28.87,71.67,520.52,3
2026-03-05,Fatehabad,38.89,28.63,60.0,1718.99,8
2026-03-05,Ferozepur,35.55,22.25,47.5,779.42,3
2026-03-05,Hisar,34.8,22.5,78.0,1634.91,6
2026-03-05,Jalandhar,31.5,27.02,55.5,1010.07,4
2026-03-05,Karnal,28.04,27.88,62.17,1053.26,5
2026-03-05,Kurukshetra,26.15,30.8,86.0,490.44,2
2026-03-05,Ludhiana,12.48,25.6,84.0,1700.57,7
2026-03-05,Moga,20.89,31.1,66.4,991.82,4
2026-03-05,Muzaffarnagar,11.96,31.22,51.5,1242.83,6
2026-03-05,Patiala,22.6,32.73,81.0,2101.8,7
2026-03-05,Sirsa,13.34,30.45,58.5,1186.62,5
2026-03-05,Unknown,10.17,33.11,68.25,1463.37,5
2026-03-06,Agra,25.85,25.05,61.5,210.51,1
2026-03-06,Ambala,17.9,21.79,50.0,1265.37,4
2026-03-06,Bareilly,10.92,38.5,82.0,1899.49,6
2026-03-06,Bathinda,9.3,30.24,75.0,491.01,3
2026-03-06,Fatehabad,45.21,20.56,47.0,1410.2,6
2026-03-06,Ferozepur,,39.2,37.0,1366.24,6
2026-03-06,Hisar,37.15,28.38,63.4,1219.28,5
2026-03-06,Jalandhar,16.88,26.87,56.0,1082.92,6
2026-03-06,Karnal,19.89,29.7,31.67,3246.92,13
2026-03-06,Kurukshetra,13.37,30.22,54.5,1057.87,5
2026-03-06,Ludhiana,19.07,30.34,70.0,3463.43,13
2026-03-06,Moga,21.21,27.02,74.67,305.3,1
2026-03-06,Muzaffarnagar,40.85,28.1,75.5,2343.25,9
2026-03-06,Patiala,37.25,23.1,53.0,836.35,4
2026-03-06,Saharanpur,31.24,18.9,94.0,1011.58,5
2026-03-06,Unknown,17.0,31.7,47.5,2576.66,10
2026-03-07,Agra,48.01,36.39,45.0,922.83,4
2026-03-07,Ambala,21.15,30.01,63.4,995.45,4
2026-03-07,Amritsar,23.63,24.36,65.6,2374.94,9
2026-03-07,Bareilly,26.72,24.52,47.25,912.85,4
2026-03-07,Bathinda,28.1,26.2,62.0,484.67,1
2026-03-07,Ferozepur,24.78,28.34,55.6,1060.05,4
2026-03-07,Hisar,31.2,26.15,47.0,1631.38,9
2026-03-07,Jalandhar,36.8,37.7,89.67,584.38,2
2026-03-07,Karnal,46.3,29.11,57.0,2108.18,7
2026-03-07,Kurukshetra,20.01,30.82,77.0,744.68,3
2026-03-07,Ludhiana,7.36,32.56,44.0,935.77,5
2026-03-07,Moga,26.2,22.34,69.0,846.14,3
2026-03-07,Muzaffarnagar,10.05,28.7,45.4,1048.97,5
2026-03-07,Patiala,39.25,35.7,70.5,325.57,4
2026-03-07,Saharanpur,27.81,32.05,78.0,1919.11,7
2026-03-07,Sirsa,21.2,22.55,61.0,1434.09,4
2026-03-07,Unknown,17.0,24.81,58.5,1204.86,6
2026-03-08,Agra,32.27,24.6,58.33,1644.44,5
2026-03-08,Ambala,25.15,26.05,69.0,751.05,2
2026-03-08,Amritsar,21.5,23.0,44.0,1348.24,6
2026-03-08,Bareilly,34.16,33.53,65.33,1717.42,8
2026-03-08,Bathinda,17.35,25.65,60.83,1194.99,4
2026-03-08,Fatehabad,34.29,25.1,47.0,1490.91,8
2026-03-08,Ferozepur,7.4,19.95,90.5,459.9,3
2026-03-08,Hisar,28.5,34.2,42.0,1678.99,6
2026-03-08,Jalandhar,25.63,23.3,64.67,735.64,2
2026-03-08,Karnal,14.13,21.92,66.67,1308.69,5
2026-03-08,Kurukshetra,34.91,26.07,74.0,1246.55,7
2026-03-08,Ludhiana,25.78,22.18,58.0,1205.93,6
2026-03-08,Meerut,30.48,28.16,69.5,194.44,1
2026-03-08,Moga,15.1,28.91,56.67,1116.3,5
2026-03-08,Muzaffarnagar,16.87,24.37,58.0,626.27,3
2026-03-08,Patiala,26.45,28.0,64.67,2648.68,11
2026-03-08,Saharanpur,47.4,26.22,77.0,1174.85,6
2026-03-08,Sirsa,19.6,30.75,39.0,1651.66,5
2026-03-08,Unknown,24.31,31.29,74.0,940.65,5
2026-03-09,Ambala,4.9,28.75,40.5,1813.48,7
2026-03-09,Amritsar,29.32,20.64,82.5,1189.57,4
2026-03-09,Bareilly,26.63,28.14,63.33,967.38,6
2026-03-09,Bathinda,26.1,30.39,57.67,629.62,4
2026-03-09,Fatehabad,37.75,27.34,63.33,1246.29,6
2026-03-09,Hisar,41.84,32.96,61.25,1570.47,6
2026-03-09,Jalandhar,17.04,22.1,56.0,390.94,3
2026-03-09,Karnal,7.0,30.26,52.5,1105.55,3
2026-03-09,Kurukshetra,25.03,31.38,45.0,1963.92,6
2026-03-09,Ludhiana,9.85,34.71,69.0,2783.67,11
2026-03-09,Meerut,38.29,35.23,48.33,744.66,2
2026-03-09,Moga,49.1,26.39,63.0,615.6,3
2026-03-09,Muzaffarnagar,,30.7,63.0,2288.62,7
2026-03-09,Patiala,8.1,34.8,81.0,1808.1,10
2026-03-09,Saharanpur,23.1,27.9,34.0,1111.37,5
2026-03-09,Sirsa,20.75,22.36,73.5,2273.49,8
2026-03-09,Unknown,26.0,28.46,39.0,1944.15,8
2026-03-10,Agra,31.1,29.6,55.75,1223.46,4
2026-03-10,Ambala,21.22,30.77,82.0,1602.96,6
2026-03-10,Amritsar,21.17,23.57,68.0,1222.23,7
2026-03-10,Bareilly,38.1,31.78,,1831.13,5
2026-03-10,Bathinda,9.5,21.5,61.0,192.17,1
2026-03-10,Ferozepur,20.3,24.2,57.25,1119.56,4
2026-03-10,Hisar,21.0,26.56,67.33,2082.96,6
2026-03-10,Jalandhar,20.3,24.1,73.0,997.91,5
2026-03-10,Karnal,20.54,28.7,62.0,727.1,3
2026-03-10,Kurukshetra,25.69,29.0,77.4,1076.6,3
2026-03-10,Ludhiana,22.1,34.26,39.67,880.52,4
2026-03-10,Meerut,20.75,29.54,64.0,755.71,2
2026-03-10,Moga,34.97,20.92,56.0,1211.97,4
2026-03-10,Saharanpur,29.22,34.54,67.67,780.18,3
2026-03-10,Sirsa,29.35,32.35,,2031.16,8
2026-03-10,Unknown,31.75,24.22,53.0,1378.73,6
2026-03-11,Agra,18.01,28.32,77.0,109.69,1
2026-03-11,Ambala,34.29,24.36,51.0,1394.2,4
2026-03-11,Amritsar,30.2,29.33,68.25,1408.3,5
2026-03-11,Bareilly,24.27,37.4,67.0,458.82,3
2026-03-11,Bathinda,8.2,26.73,49.67,358.08,3
2026-03-11,Fatehabad,19.69,34.4,48.5,722.63,2
2026-03-11,Ferozepur,34.0,26.1,79.6,409.23,1
2026-03-11,Hisar,29.75,24.63,50.67,641.77,2
2026-03-11,Jalandhar,37.45,33.65,56.5,1022.82,4
2026-03-11,Karnal,40.98,29.3,58.33,1786.59,6
2026-03-11,Kurukshetra,19.68,31.07,62.5,816.4,2
2026-03-11,Ludhiana,21.67,23.5,49.33,1003.82,4
2026-03-11,Meerut,13.31,29.65,60.0,251.17,1
2026-03-11,Moga,21.16,26.03,69.4,501.19,2
2026-03-11,Muzaffarnagar,30.64,28.0,62.8,3696.82,14
2026-03-11,Saharanpur,26.69,22.6,59.0,1297.84,8
2026-03-11,Sirsa,,35.72,75.0,2033.77,8
2026-03-11,Unknown,16.44,29.33,69.14,1386.68,5
2026-03-12,Agra,34.8,39.4,,641.42,3
2026-03-12,Ambala,32.01,22.28,48.0,156.14,1
2026-03-12,Amritsar,26.92,24.09,70.5,2047.06,9
2026-03-12,Bareilly,13.47,27.83,57.0,1352.72,6
2026-03-12,Bathinda,25.79,28.8,46.17,635.42,3
2026-03-12,Fatehabad,22.73,31.57,47.5,2629.14,8
2026-03-12,Ferozepur,11.7,26.66,60.33,320.94,2
2026-03-12,Hisar,21.82,27.94,58.25,1039.03,5
2026-03-12,Jalandhar,32.13,19.04,61.0,907.33,3
2026-03-12,Karnal,37.4,24.5,58.0,2615.99,10
2026-03-12,Kurukshetra,24.62,24.31,73.75,947.8,4
2026-03-12,Ludhiana,45.3,18.1,57.0,1163.0,5
2026-03-12,Meerut,29.23,26.43,70.33,643.98,2
2026-03-12,Moga,26.94,29.05,63.0,458.13,3
2026-03-12,Muzaffarnagar,,28.2,39.0,1809.62,7
2026-03-12,Patiala,37.57,27.47,61.71,1571.42,6
2026-03-12,Saharanpur,5.1,37.6,65.0,1537.39,6
2026-03-12,Sirsa,45.01,35.64,74.5,256.88,1
2026-03-12,Unknown,21.85,25.74,57.0,2640.42,9
2026-03-13,Agra,27.2,28.08,67.0,395.26,2
2026-03-13,Ambala,24.32,29.14,74.33,796.8,4
2026-03-13,Amritsar,15.0,30.37,47.67,2840.96,13
2026-03-13,Bareilly,19.41,26.1,68.14,1816.63,8
2026-03-13,Bathinda,33.27,23.24,53.67,1616.87,5
2026-03-13,Fatehabad,4.2,29.56,51.0,592.15,3
2026-03-13,Ferozepur,48.2,34.2,52.5,1439.62,4
2026-03-13,Hisar,20.34,30.57,61.0,1278.64,4
2026-03-13,Jalandhar,32.52,26.62,73.8,647.5,4
2026-03-13,Karnal,5.16,34.56,64.33,994.13,3
2026-03-13,Moga,27.57,28.74,51.12,1036.3,5
2026-03-13,Patiala,30.48,38.8,42.0,1007.49,5
2026-03-13,Saharanpur,,28.28,82.0,1483.42,5
2026-03-13,Sirsa,30.5,19.8,30.0,1486.9,7
2026-03-13,Unknown,27.4,28.2,67.0,3048.32,9
2026-03-14,Agra,36.95,26.55,88.0,492.85,5
2026-03-14,Ambala,5.1,26.28,94.0,809.63,3
2026-03-14,Amritsar,40.8,35.72,41.0,1719.6,8
2026-03-14,Bareilly,23.8,35.0,43.0,615.21,4
2026-03-14,Bathinda,23.32,25.4,47.0,140.66,1
2026-03-14,Fatehabad,37.2,23.5,79.0,1846.06,6
2026-03-14,Ferozepur,32.75,29.83,67.0,1438.26,7
2026-03-14,Hisar,42.88,24.94,63.0,1039.36,5
2026-03-14,Jalandhar,20.65,30.53,74.33,1269.64,5
2026-03-14,Karnal,21.23,33.6,59.0,1855.43,10
2026-03-14,Kurukshetra,41.52,24.82,41.0,1776.31,11
2026-03-14,Ludhiana,32.77,36.8,,1515.84,5
2026-03-14,Meerut,30.1,31.5,50.33,370.12,1
2026-03-14,Moga,16.91,29.5,49.33,1096.28,4
2026-03-14,Muzaffarnagar,34.4,34.0,82.0,1201.68,4
2026-03-14,Patiala,15.08,21.24,69.5,1258.34,7
2026-03-14,Saharanpur,5.5,21.72,76.0,1369.44,5
2026-03-14,Sirsa,32.9,35.39,75.0,1676.94,7
2026-03-14,Unknown,36.43,22.37,51.0,1444.4,6
2026-03-15,Agra,36.0,28.1,39.0,1409.71,8
2026-03-15,Ambala,25.1,24.9,59.5,1256.79,3
2026-03-15,Amritsar,7.4,22.33,53.33,1797.27,6
2026-03-15,Bareilly,42.29,24.73,60.67,343.64,2
2026-03-15,Bathinda,20.94,24.64,76.0,737.13,3
2026-03-15,Fatehabad,17.83,27.12,54.25,2072.63,6
2026-03-15,Ferozepur,35.81,28.0,81.0,857.29,2
2026-03-15,Hisar,25.52,23.48,64.57,641.74,2
2026-03-15,Jalandhar,32.9,27.87,52.5,974.77,4
2026-03-15,Karnal,19.95,28.71,65.0,969.03,4
2026-03-15,Kurukshetra,22.63,20.86,45.33,907.65,4
2026-03-15,Ludhiana,29.48,24.4,69.75,662.2,4
2026-03-15,Moga,48.3,27.35,79.5,839.15,4
2026-03-15,Muzaffarnagar,35.05,20.1,82.67,1192.15,5
2026-03-15,Patiala,17.8,34.28,45.0,1228.98,6
2026-03-15,Saharanpur,47.7,31.2,69.0,781.06,5
2026-03-15,Sirsa,20.5,18.3,57.0,2881.77,9
2026-03-16,Agra,18.03,22.46,46.5,931.67,4
2026-03-16,Ambala,19.42,28.8,64.5,1158.39,4
2026-03-16,Amritsar,21.32,26.59,93.0,3051.66,12
2026-03-16,Bareilly,22.75,25.2,76.5,1998.23,7
2026-03-16,Fatehabad,26.86,23.52,58.4,2155.09,9
2026-03-16,Ferozepur,41.2,31.1,81.0,985.13,4
2026-03-16,Hisar,19.05,31.18,63.67,1602.06,4
2026-03-16,Jalandhar,28.5,21.25,40.5,1622.44,4
2026-03-16,Karnal,,26.55,71.0,1942.27,7
2026-03-16,Kurukshetra,34.79,28.97,56.0,3486.93,11
2026-03-16,Ludhiana,,31.3,67.0,991.32,5
2026-03-16,Meerut,23.4,30.93,65.4,537.27,3
2026-03-16,Moga,38.87,26.87,62.0,191.83,1
2026-03-16,Patiala,29.21,25.4,58.0,3205.96,10
2026-03-16,Saharanpur,2.5,23.28,31.0,3207.23,10
2026-03-16,Sirsa,,30.7,56.0,1511.19,6
2026-03-17,Agra,32.17,37.23,44.5,962.28,5
2026-03-17,Ambala,34.54,27.57,71.6,1714.83,7
2026-03-17,Amritsar,26.11,25.33,57.33,1800.34,7
2026-03-17,Bareilly,17.53,26.97,63.6,215.88,2
2026-03-17,Bathinda,22.08,24.1,60.33,1226.54,4
2026-03-17,Fatehabad,26.23,21.86,81.0,895.28,6
2026-03-17,Ferozepur,9.4,18.89,42.0,1184.24,5
2026-03-17,Hisar,2.7,32.61,92.0,1156.64,8
2026-03-17,Karnal,39.73,26.67,66.33,2001.51,6
2026-03-17,Kurukshetra,2.29,24.89,,1751.19,5
2026-03-17,Ludhiana,29.63,19.8,52.33,1924.17,7
2026-03-17,Meerut,,27.34,57.5,421.08,2
2026-03-17,Moga,5.98,33.13,60.67,1474.51,6
2026-03-17,Muzaffarnagar,29.92,30.96,57.0,3353.29,11
2026-03-17,Patiala,27.78,29.85,57.0,1601.61,6
2026-03-17,Saharanpur,28.9,21.8,47.0,2107.89,8
2026-03-17,Sirsa,27.2,25.6,80.0,603.74,3
2026-03-17,Unknown,27.0,26.71,53.67,1808.95,8
2026-03-18,Agra,33.7,23.6,74.75,266.43,1
2026-03-18,Ambala,23.02,32.7,59.0,923.24,3
2026-03-18,Amritsar,11.98,21.76,70.33,1049.93,6
2026-03-18,Bareilly,27.0,28.96,84.67,494.43,2
2026-03-18,Bathinda,24.5,23.8,67.0,549.12,3
2026-03-18,Fatehabad,21.5,26.88,61.75,1108.57,4
2026-03-18,Ferozepur,,23.0,33.0,2010.35,7
2026-03-18,Hisar,14.22,35.78,71.0,1893.21,7
2026-03-18,Jalandhar,44.1,18.78,46.0,560.24,2
2026-03-18,Karnal,46.6,16.7,37.0,606.79,3
2026-03-18,Kurukshetra,15.1,22.16,80.5,323.45,1
2026-03-18,Ludhiana,29.25,30.1,63.33,1291.69,5
2026-03-18,Meerut,20.53,35.07,59.0,123.1,3
2026-03-18,Moga,22.06,26.73,77.25,1404.02,4
2026-03-18,Patiala,25.7,18.3,30.0,2693.84,11
2026-03-18,Saharanpur,1.2,36.0,75.0,596.48,4
2026-03-18,Sirsa,36.56,22.5,83.0,559.33,2
2026-03-18,Unknown,26.19,29.8,71.33,1840.02,5
2026-03-19,Agra,25.0,29.12,69.33,411.77,2
2026-03-19,Ambala,35.1,25.37,71.33,1422.13,7
2026-03-19,Amritsar,22.1,25.8,61.5,472.83,3
2026-03-19,Bareilly,20.0,21.3,90.0,924.07,3
2026-03-19,Bathinda,27.6,27.24,70.2,141.32,1
2026-03-19,Fatehabad,24.7,22.39,66.5,686.92,4
2026-03-19,Ferozepur,13.75,19.05,66.33,761.34,3
2026-03-19,Hisar,19.2,27.66,67.0,1078.23,5
2026-03-19,Jalandhar,25.97,29.66,81.0,161.98,1
2026-03-19,Karnal,37.4,27.07,64.67,855.54,3
2026-03-19,Kurukshetra,35.75,35.43,53.33,367.77,2
2026-03-19,Ludhiana,38.36,31.22,43.4,2347.23,9
2026-03-19,Meerut,13.3,33.11,73.0,1305.14,5
2026-03-19,Moga,22.35,38.89,68.0,247.43,1
2026-03-19,Patiala,,16.9,50.0,1738.49,7
2026-03-19,Saharanpur,,31.3,52.0,1254.15,5
2026-03-19,Sirsa,28.2,32.66,45.5,641.04,3
2026-03-19,Unknown,22.1,34.77,45.0,1387.76,7
2026-03-20,Agra,35.1,21.0,78.0,684.33,5
2026-03-20,Ambala,39.39,27.13,59.0,1724.15,8
2026-03-20,Amritsar,26.13,21.53,73.17,2232.24,8
2026-03-20,Bareilly,43.0,32.33,68.67,2344.94,7
2026-03-20,Bathinda,18.36,28.65,72.67,842.41,3
2026-03-20,Fatehabad,27.56,28.96,64.5,2231.19,8
2026-03-20,Ferozepur,14.77,37.7,83.5,555.91,3
2026-03-20,Hisar,19.15,31.07,53.5,3745.63,13
2026-03-20,Jalandhar,30.05,22.56,53.5,1437.05,5
2026-03-20,Karnal,29.76,30.35,45.2,844.29,3
2026-03-20,Kurukshetra,6.35,19.3,60.0,2862.68,9
2026-03-20,Ludhiana,23.93,32.26,49.43,3068.39,9
2026-03-20,Moga,3.15,17.94,45.0,541.53,4
2026-03-20,Muzaffarnagar,21.6,35.6,50.0,1899.18,8
2026-03-20,Patiala,38.7,22.46,42.5,1300.6,5
2026-03-20,Saharanpur,26.4,39.89,30.0,1509.83,9
2026-03-20,Sirsa,22.6,28.0,54.5,638.19,4
2026-03-21,Agra,39.4,26.01,59.0,664.56,2
2026-03-21,Ambala,,38.2,48.0,151.42,5
2026-03-21,Amritsar,23.9,27.16,51.5,1060.51,6
2026-03-21,Bareilly,21.5,32.46,65.0,1781.83,7
2026-03-21,Bathinda,0.51,36.92,69.5,637.19,2
2026-03-21,Fatehabad,35.0,23.03,61.5,1843.69,9
2026-03-21,Ferozepur,21.57,22.25,48.5,329.39,2
2026-03-21,Hisar,20.55,32.43,51.75,1005.81,3
2026-03-21,Jalandhar,30.48,23.39,37.0,743.0,4
2026-03-21,Karnal,6.1,34.7,85.0,1540.16,8
2026-03-21,Ludhiana,,37.8,62.0,2820.76,11
2026-03-21,Meerut,2.2,38.6,,1056.01,4
2026-03-21,Moga,41.5,25.22,59.0,679.62,2
2026-03-21,Patiala,0.4,36.07,41.5,299.62,2
2026-03-21,Saharanpur,29.45,30.44,53.5,2013.85,7
2026-03-21,Sirsa,28.71,29.55,60.75,2465.34,12
2026-03-21,Unknown,38.4,31.28,,3616.92,12
2026-03-22,Agra,14.57,27.43,81.5,353.0,3
2026-03-22,Ambala,18.24,25.06,62.33,1712.3,8
2026-03-22,Amritsar,40.7,37.65,56.0,1215.81,4
2026-03-22,Bareilly,14.37,26.5,60.5,1602.22,8
2026-03-22,Bathinda,37.13,26.22,73.25,735.4,4
2026-03-22,Fatehabad,19.21,26.0,55.83,585.39,3
2026-03-22,Ferozepur,24.88,31.4,81.0,416.98,2
2026-03-22,Hisar,37.08,32.65,49.5,1465.37,7
2026-03-22,Jalandhar,26.1,27.36,85.5,649.95,4
2026-03-22,Karnal,5.4,36.9,66.0,1646.9,5
2026-03-22,Kurukshetra,13.7,24.89,49.0,798.81,5
2026-03-22,Ludhiana,0.0,19.4,,2027.92,9
2026-03-22,Meerut,30.94,25.0,72.4,576.23,3
2026-03-22,Moga,26.6,17.6,70.0,49.82,1
2026-03-22,Muzaffarnagar,18.62,31.86,48.33,1679.13,6
2026-03-22,Patiala,45.97,18.8,35.0,3432.7,12
2026-03-22,Saharanpur,36.6,34.11,54.0,1233.75,7
2026-03-22,Sirsa,9.88,19.2,60.5,976.66,5
2026-03-22,Unknown,28.68,26.78,64.0,1182.04,5
2026-03-23,Agra,32.05,23.73,79.33,1302.86,3
2026-03-23,Ambala,25.93,34.57,63.33,1360.14,6
2026-03-23,Amritsar,30.31,36.6,51.67,2268.8,8
2026-03-23,Bareilly,4.3,25.45,92.67,1349.14,7
2026-03-23,Bathinda,26.63,32.1,64.33,773.62,3
2026-03-23,Fatehabad,0.1,22.2,45.0,880.87,4
2026-03-23,Ferozepur,7.24,29.78,58.5,897.36,2
2026-03-23,Hisar,32.45,24.46,72.0,640.34,3
2026-03-23,Jalandhar,8.0,28.0,60.0,195.25,1
2026-03-23,Karnal,13.92,26.58,76.33,1477.44,9
2026-03-23,Kurukshetra,20.87,20.66,31.0,2079.96,5
2026-03-23,Ludhiana,,20.8,72.0,1063.62,7
2026-03-23,Moga,28.1,26.27,66.2,427.41,2
2026-03-23,Muzaffarnagar,18.8,25.86,72.5,2084.53,9
2026-03-23,Patiala,,16.78,,1174.15,5
2026-03-23,Saharanpur,20.72,24.0,63.5,1973.43,8
2026-03-23,Sirsa,7.75,26.6,61.0,2965.98,9
2026-03-23,Unknown,24.92,22.67,32.0,1641.26,6
2026-03-24,Agra,28.42,35.05,83.67,828.74,3
2026-03-24,Ambala,20.85,27.45,64.33,1530.4,4
2026-03-24,Amritsar,15.86,23.08,68.0,2478.53,10
2026-03-24,Bareilly,19.97,29.4,57.25,1479.62,7
2026-03-24,Bathinda,17.02,30.62,70.0,236.75,1
2026-03-24,Fatehabad,22.0,25.36,60.0,1609.27,7
2026-03-24,Ferozepur,21.18,29.2,76.0,762.32,3
2026-03-24,Hisar,32.74,32.13,49.0,923.62,4
2026-03-24,Jalandhar,14.84,25.75,44.5,859.41,3
2026-03-24,Karnal,13.79,24.63,72.0,1756.02,8
2026-03-24,Kurukshetra,3.4,17.3,41.0,1358.64,7
2026-03-24,Ludhiana,31.92,27.1,68.0,2345.2,8
2026-03-24,Meerut,23.75,24.67,64.5,260.43,1
2026-03-24,Muzaffarnagar,45.4,20.9,38.0,1667.93,6
2026-03-24,Patiala,46.6,19.05,53.0,2328.92,11
2026-03-24,Saharanpur,39.5,31.78,46.0,1017.26,6
2026-03-24,Sirsa,17.4,26.55,53.5,1443.06,4
2026-03-24,Unknown,8.64,33.84,48.5,1172.64,6
2026-03-25,Agra,2.3,28.9,52.0,981.14,3
2026-03-25,Ambala,28.87,21.34,61.6,1405.41,6
2026-03-25,Amritsar,36.08,26.87,67.33,3077.55,11
2026-03-25,Bareilly,39.9,31.3,72.25,1744.93,6
2026-03-25,Bathinda,27.18,24.89,73.5,35.34,1
2026-03-25,Fatehabad,31.2,33.9,61.67,1840.69,6
2026-03-25,Ferozepur,26.7,28.46,74.33,287.94,1
2026-03-25,Hisar,35.97,26.55,62.33,1157.18,5
2026-03-25,Jalandhar,30.6,35.8,62.0,1021.56,3
2026-03-25,Karnal,,35.0,51.0,2211.35,10
2026-03-25,Kurukshetra,32.42,27.36,64.0,952.16,2
2026-03-25,Ludhiana,37.7,33.0,32.0,852.92,5
2026-03-25,Meerut,37.81,33.25,37.0,35.06,1
2026-03-25,Moga,19.95,18.7,74.0,820.3,3
2026-03-25,Muzaffarnagar,16.27,30.76,54.5,1002.61,6
2026-03-25,Patiala,22.15,17.2,53.0,1840.94,7
2026-03-25,Sirsa,48.6,26.7,70.0,603.42,5
2026-03-25,Unknown,0.6,28.3,55.5,490.93,2
2026-03-26,Agra,29.14,24.69,42.2,1015.18,5
2026-03-26,Ambala,4.57,23.23,52.0,848.6,4
2026-03-26,Amritsar,23.33,28.93,77.67,1161.26,4
2026-03-26,Bareilly,,34.11,38.0,1791.14,6
2026-03-26,Bathinda,12.73,21.83,57.0,879.28,5
2026-03-26,Fatehabad,47.4,34.9,51.0,1427.1,6
2026-03-26,Ferozepur,46.8,31.4,72.0,461.97,1
2026-03-26,Hisar,28.4,30.76,50.0,1333.72,4
2026-03-26,Jalandhar,21.1,22.5,77.0,346.72,2
2026-03-26,Karnal,23.96,29.4,68.2,1827.88,5
2026-03-26,Kurukshetra,30.61,29.02,58.62,1672.88,9
2026-03-26,Ludhiana,28.25,28.43,64.25,2055.32,9
2026-03-26,Meerut,28.58,29.34,55.0,67.96,1
2026-03-26,Moga,39.5,28.11,53.67,553.19,2
2026-03-26,Saharanpur,13.13,17.06,82.0,2192.49,6
2026-03-26,Sirsa,34.25,29.4,77.0,1140.74,7
2026-03-26,Unknown,42.93,36.1,85.0,829.13,3
2026-03-27,Agra,31.55,28.44,64.5,655.61,4
2026-03-27,Ambala,5.55,33.34,79.5,641.12,4
2026-03-27,Amritsar,27.1,30.72,34.0,1133.2,5
2026-03-27,Bareilly,26.04,22.42,77.0,1859.83,7
2026-03-27,Bathinda,21.45,23.05,55.0,554.28,2
2026-03-27,Fatehabad,33.84,31.3,50.67,857.6,6
2026-03-27,Ferozepur,13.28,26.42,56.8,1013.84,4
2026-03-27,Hisar,20.4,32.44,62.33,575.73,2
2026-03-27,Jalandhar,30.5,21.5,61.0,332.62,3
2026-03-27,Karnal,26.0,30.75,56.0,1640.79,8
2026-03-27,Kurukshetra,28.64,25.8,76.33,518.52,3
2026-03-27,Ludhiana,32.88,29.87,67.75,3203.18,10
2026-03-27,Moga,29.94,24.7,62.25,593.82,2
2026-03-27,Muzaffarnagar,18.55,21.5,53.0,605.29,5
2026-03-27,Patiala,21.05,27.85,71.0,2295.9,9
2026-03-27,Saharanpur,34.2,17.4,73.0,863.72,5
2026-03-27,Sirsa,31.8,29.41,71.33,524.13,3
2026-03-27,Unknown,19.35,18.3,87.0,1758.98,6
2026-03-28,Agra,31.22,27.16,65.6,1653.28,4
2026-03-28,Ambala,25.02,25.22,61.67,1476.04,6
2026-03-28,Amritsar,19.18,26.85,67.25,1791.69,7
2026-03-28,Bareilly,35.65,33.44,40.0,732.81,5
2026-03-28,Bathinda,16.56,25.27,62.8,1336.21,5
2026-03-28,Fatehabad,27.9,25.9,,1671.97,7
2026-03-28,Ferozepur,31.75,25.2,77.25,551.41,2
2026-03-28,Hisar,30.48,33.8,88.0,713.31,4
2026-03-28,Karnal,17.2,17.9,50.0,1657.5,6
2026-03-28,Kurukshetra,21.87,35.58,56.75,2004.8,6
2026-03-28,Ludhiana,11.53,25.96,80.67,1230.05,7
2026-03-28,Meerut,25.91,26.5,56.5,131.57,1
2026-03-28,Moga,28.03,29.61,76.0,777.17,3
2026-03-28,Muzaffarnagar,11.3,26.45,61.5,1971.68,8
2026-03-28,Patiala,23.96,36.85,45.5,1577.44,8
2026-03-28,Saharanpur,29.1,28.37,52.0,1630.61,7
2026-03-28,Sirsa,35.5,25.39,65.5,753.38,2
2026-03-28,Unknown,34.8,25.67,63.67,1125.78,5
2026-03-29,Agra,12.9,19.0,82.0,300.31,2
2026-03-29,Ambala,16.0,25.78,49.0,1133.02,7
2026-03-29,Amritsar,27.7,27.18,58.0,2011.55,7
2026-03-29,Bareilly,10.8,28.75,69.5,813.76,5
2026-03-29,Bathinda,8.1,23.97,49.0,972.61,3
2026-03-29,Fatehabad,46.2,22.45,77.5,1176.21,4
2026-03-29,Ferozepur,32.13,26.51,69.5,1806.72,7
2026-03-29,Hisar,39.37,29.4,69.67,1700.96,8
2026-03-29,Jalandhar,38.58,27.84,69.75,598.31,2
2026-03-29,Karnal,19.4,26.22,58.75,1314.11,6
2026-03-29,Kurukshetra,23.12,28.57,71.57,1896.81,7
2026-03-29,Ludhiana,26.13,34.97,60.33,1686.91,7
2026-03-29,Moga,28.45,24.9,58.5,203.78,1
2026-03-29,Muzaffarnagar,38.7,34.0,75.0,961.1,4
2026-03-29,Patiala,15.9,30.89,74.0,2135.49,6
2026-03-29,Saharanpur,,38.61,54.0,1348.45,6
2026-03-29,Sirsa,30.8,27.3,75.67,894.44,4
2026-03-29,Unknown,28.62,25.86,69.0,721.64,6
2026-03-30,Ambala,19.3,24.6,79.75,748.17,4
2026-03-30,Amritsar,24.86,28.29,79.5,962.85,8
2026-03-30,Bareilly,25.78,24.75,65.0,252.91,2
2026-03-30,Bathinda,24.76,20.56,76.0,876.5,4
2026-03-30,Fatehabad,27.69,28.27,61.5,1301.89,7
2026-03-30,Ferozepur,18.62,26.8,73.5,703.84,3
2026-03-30,Hisar,7.0,27.55,57.5,747.85,3
2026-03-30,Jalandhar,34.03,28.35,44.0,934.95,4
2026-03-30,Karnal,20.08,25.55,50.5,2520.54,9
2026-03-30,Ludhiana,24.6,32.16,66.8,1938.85,5
2026-03-30,Meerut,29.9,28.55,82.5,616.78,3
2026-03-30,Moga,39.73,32.11,54.67,1510.92,5
2026-03-30,Muzaffarnagar,30.21,35.1,59.67,915.45,3
2026-03-30,Patiala,,39.3,69.0,1385.12,6
2026-03-30,Saharanpur,18.45,31.3,73.0,2311.67,9
2026-03-30,Sirsa,45.3,20.9,40.0,2157.49,9
2026-03-30,Unknown,19.93,28.25,64.0,1298.92,9
2026-03-31,Agra,24.37,23.87,77.5,1736.32,5
2026-03-31,Ambala,20.95,32.44,35.67,1289.32,5
2026-03-31,Amritsar,25.67,34.64,51.0,1630.57,7
2026-03-31,Bareilly,48.3,25.76,81.5,437.62,3
2026-03-31,Bathinda,29.8,27.79,36.5,779.43,5
2026-03-31,Fatehabad,18.54,29.89,71.0,2045.36,8
2026-03-31,Hisar,19.37,28.96,58.17,1263.93,6
2026-03-31,Jalandhar,18.62,29.01,55.71,432.79,2
2026-03-31,Karnal,17.17,33.46,64.67,2045.37,8
2026-03-31,Kurukshetra,30.23,29.5,,2584.79,7
2026-03-31,Ludhiana,21.15,25.94,62.0,2272.5,7
2026-03-31,Moga,43.66,30.96,73.0,1010.37,5
2026-03-31,Muzaffarnagar,21.04,35.7,67.5,1027.46,5
2026-03-31,Patiala,48.4,39.2,46.0,985.88,4
2026-03-31,Saharanpur,23.11,18.3,36.0,1946.83,8
2026-03-31,Sirsa,19.64,30.94,77.0,2573.16,7
2026-03-31,Unknown,,27.78,67.0,2128.32,8
2026-04-01,Agra,20.7,21.9,58.5,1414.11,4
2026-04-01,Ambala,18.72,25.66,49.5,1499.71,5
2026-04-01,Bareilly,11.44,25.4,67.25,250.64,2
2026-04-01,Bathinda,28.8,16.77,47.5,942.32,6
2026-04-01,Fatehabad,14.1,27.6,,1740.92,6
2026-04-01,Ferozepur,18.08,39.0,56.5,735.64,4
2026-04-01,Hisar,24.9,23.79,50.75,2849.63,11
2026-04-01,Jalandhar,26.65,36.15,64.0,693.62,3
2026-04-01,Karnal,30.36,30.44,52.25,2695.43,12
2026-04-01,Kurukshetra,11.94,26.52,78.33,1355.84,7
2026-04-01,Ludhiana,39.94,21.3,56.0,1565.41,6
2026-04-01,Meerut,17.4,33.02,59.0,376.23,1
2026-04-01,Moga,23.93,21.86,58.2,960.03,3
2026-04-01,Saharanpur,36.1,21.68,66.0,1049.63,4
2026-04-01,Sirsa,25.8,29.1,82.33,760.21,3
2026-04-01,Unknown,20.7,17.11,36.0,1315.76,7
2026-04-02,Agra,23.8,20.43,89.33,783.26,5
2026-04-02,Ambala,21.55,20.11,66.5,1489.96,7
2026-04-02,Amritsar,17.56,25.38,53.4,673.24,6
2026-04-02,Bathinda,32.5,17.0,89.0,402.72,3
2026-04-02,Fatehabad,31.12,34.87,56.67,994.23,3
2026-04-02,Ferozepur,38.94,31.02,63.5,1009.72,4
2026-04-02,Hisar,21.89,31.68,55.2,418.08,2
2026-04-02,Jalandhar,34.77,31.76,80.67,924.11,4
2026-04-02,Karnal,10.25,35.3,48.0,935.29,6
2026-04-02,Kurukshetra,33.4,27.61,78.0,453.73,2
2026-04-02,Ludhiana,12.01,22.74,62.33,1956.83,13
2026-04-02,Meerut,13.42,22.7,72.75,108.11,2
2026-04-02,Moga,21.2,34.35,76.5,880.92,4
2026-04-02,Muzaffarnagar,14.63,28.56,78.5,1440.39,6
2026-04-02,Patiala,16.78,23.29,71.4,896.66,4
2026-04-02,Saharanpur,9.2,22.72,91.0,2991.32,9
2026-04-02,Unknown,49.02,36.61,35.0,1527.3,4
2026-04-03,Agra,13.93,23.41,63.8,756.21,3
2026-04-03,Ambala,28.98,36.89,70.0,1397.32,5
2026-04-03,Amritsar,22.63,31.04,67.33,907.84,4
2026-04-03,Bareilly,22.02,28.43,72.0,1117.08,3
2026-04-03,Bathinda,30.02,29.44,67.0,728.33,3
2026-04-03,Fatehabad,,31.3,52.0,1443.6,4
2026-04-03,Ferozepur,7.2,23.56,75.2,1527.24,5
2026-04-03,Hisar,35.5,31.55,68.5,679.29,4
2026-04-03,Jalandhar,23.06,26.92,51.67,881.14,2
2026-04-03,Kurukshetra,16.14,20.91,67.0,2130.14,6
2026-04-03,Ludhiana,27.82,29.34,54.5,1168.64,4
2026-04-03,Meerut,32.66,23.66,67.33,224.03,3
2026-04-03,Moga,11.75,37.3,62.5,37.13,1
2026-04-03,Muzaffarnagar,49.02,28.6,70.5,2500.55,8
2026-04-03,Patiala,34.58,31.6,67.67,2699.05,12
2026-04-03,Saharanpur,18.13,28.02,60.0,2577.11,8
2026-04-03,Sirsa,14.8,21.8,46.0,1883.81,5
2026-04-03,Unknown,28.76,24.62,57.5,1474.24,4
2026-04-04,Ambala,26.55,21.82,60.75,695.18,2
2026-04-04,Amritsar,36.04,31.7,44.0,959.34,5
2026-04-04,Bareilly,20.77,31.57,61.67,2091.84,10
2026-04-04,Bathinda,1.75,37.3,50.0,1041.18,3
2026-04-04,Fatehabad,20.25,28.1,58.4,297.33,2
2026-04-04,Ferozepur,28.85,26.3,71.0,0.0,1
2026-04-04,Hisar,34.8,26.3,55.0,2329.93,10
2026-04-04,Jalandhar,1.2,24.11,,371.25,2
2026-04-04,Karnal,21.0,28.29,59.33,1356.87,7
2026-04-04,Kurukshetra,32.1,21.47,73.33,265.04,2
2026-04-04,Ludhiana,18.31,28.18,49.5,1013.89,6
2026-04-04,Meerut,13.57,27.08,79.2,788.1,3
2026-04-04,Moga,14.67,25.87,50.0,514.53,5
2026-04-04,Muzaffarnagar,15.61,27.2,71.8,2025.4,9
2026-04-04,Patiala,17.32,26.58,58.2,1317.18,5
2026-04-04,Saharanpur,43.43,25.74,43.0,2281.08,8
2026-04-04,Sirsa,47.3,21.7,33.0,678.1,3
2026-04-04,Unknown,22.1,32.7,51.5,1816.09,9
2026-04-05,Agra,34.99,31.45,50.0,268.42,4
2026-04-05,Ambala,18.6,36.2,54.0,2992.35,9
2026-04-05,Amritsar,40.51,23.12,71.0,1109.8,4
2026-04-05,Bareilly,17.35,31.0,58.5,2781.93,9
2026-04-05,Bathinda,27.81,31.2,62.0,839.6,4
2026-04-05,Fatehabad,22.24,32.03,77.67,715.44,5
2026-04-05,Ferozepur,7.7,38.8,70.5,243.66,1
2026-04-05,Hisar,16.93,29.0,69.2,408.59,3
2026-04-05,Karnal,28.12,26.47,61.0,1584.07,6
2026-04-05,Kurukshetra,27.08,31.4,62.8,1097.87,7
2026-04-05,Ludhiana,21.24,32.94,48.8,1830.16,7
2026-04-05,Meerut,37.37,26.34,63.5,679.63,2
2026-04-05,Moga,20.04,23.43,81.0,719.32,2
2026-04-05,Muzaffarnagar,42.6,26.0,52.0,916.48,4
2026-04-05,Patiala,23.8,29.73,54.67,608.96,4
2026-04-05,Saharanpur,14.31,24.32,61.0,1458.48,7
2026-04-05,Sirsa,18.92,25.63,58.33,1349.33,4
2026-04-05,Unknown,23.68,31.93,74.0,1629.37,6
2026-04-06,Ambala,21.37,20.3,64.5,1575.99,7
2026-04-06,Amritsar,16.76,19.22,92.0,3287.4,11
2026-04-06,Bareilly,23.33,28.5,75.0,736.14,3
2026-04-06,Bathinda,6.45,29.0,63.0,1081.49,5
2026-04-06,Fatehabad,17.53,31.46,63.2,1239.23,4
2026-04-06,Ferozepur,30.5,22.78,56.5,856.63,2
2026-04-06,Hisar,28.15,18.7,75.5,1930.39,10
2026-04-06,Jalandhar,28.19,20.57,67.67,94.87,1
2026-04-06,Karnal,21.84,30.06,65.5,1338.15,5
2026-04-06,Kurukshetra,14.78,21.11,40.0,1937.02,6
2026-04-06,Ludhiana,24.14,25.04,80.83,1845.46,8
2026-04-06,Meerut,11.05,25.35,43.5,408.57,3
2026-04-06,Moga,20.54,30.2,77.0,1260.59,3
2026-04-06,Patiala,28.15,33.21,74.67,1885.95,9
2026-04-06,Sirsa,25.8,30.1,48.0,614.02,3
2026-04-06,Unknown,11.7,32.55,54.0,2461.99,12
2026-04-07,Agra,45.21,17.89,60.0,921.02,4
2026-04-07,Ambala,28.83,27.84,80.0,1906.54,7
2026-04-07,Amritsar,26.28,29.32,70.25,1812.65,8
2026-04-07,Bareilly,29.04,28.4,53.8,1082.18,6
2026-04-07,Bathinda,33.01,29.1,83.0,449.96,2
2026-04-07,Fatehabad,,35.9,84.0,1557.21,5
2026-04-07,Ferozepur,31.5,27.59,59.67,856.75,5
2026-04-07,Hisar,21.51,24.44,60.71,1177.73,4
2026-04-07,Jalandhar,27.22,20.42,71.25,584.84,3
2026-04-07,Karnal,21.8,25.3,70.0,1559.56,6
2026-04-07,Kurukshetra,34.1,24.75,74.5,1585.0,9
2026-04-07,Ludhiana,20.03,18.57,59.0,1202.0,7
2026-04-07,Meerut,19.36,22.94,56.75,443.18,2
2026-04-07,Moga,19.7,27.12,62.75,1817.79,8
2026-04-07,Muzaffarnagar,35.36,25.03,47.0,1651.99,6
2026-04-07,Patiala,24.03,30.7,70.5,2172.81,8
2026-04-07,Saharanpur,17.81,22.17,49.0,2217.19,10
2026-04-07,Sirsa,21.55,32.89,60.0,2219.9,9
2026-04-07,Unknown,24.45,22.04,55.0,1315.1,6
2026-04-08,Agra,7.3,29.56,70.0,1102.46,5
2026-04-08,Ambala,26.35,32.78,66.0,435.43,2
2026-04-08,Amritsar,23.27,28.53,68.22,1561.55,8
2026-04-08,Bareilly,30.79,27.52,54.8,1352.98,5
2026-04-08,Bathinda,19.9,19.21,66.0,205.2,1
2026-04-08,Fatehabad,25.12,29.42,52.0,832.88,5
2026-04-08,Ferozepur,32.99,26.46,59.67,1327.69,6
2026-04-08,Hisar,20.5,36.22,92.0,454.25,4
2026-04-08,Jalandhar,36.7,25.67,37.33,23.67,2
2026-04-08,Karnal,16.98,27.42,73.75,1890.35,6
2026-04-08,Kurukshetra,35.43,27.78,38.5,1374.97,6
2026-04-08,Ludhiana,28.1,23.42,79.5,1269.5,6
2026-04-08,Moga,5.59,39.0,,1788.08,6
2026-04-08,Muzaffarnagar,32.5,28.3,,1359.08,7
2026-04-08,Patiala,28.15,23.63,68.67,875.95,5
2026-04-08,Saharanpur,43.7,36.89,40.0,2406.69,12
2026-04-08,Sirsa,35.4,29.55,67.5,499.63,2
2026-04-08,Unknown,11.18,33.5,49.0,1334.45,6
2026-04-09,Agra,33.15,26.13,59.0,786.61,3
2026-04-09,Ambala,28.89,29.05,75.67,1557.95,8
2026-04-09,Amritsar,24.92,31.78,67.25,2277.58,7
2026-04-09,Bareilly,19.34,29.15,45.67,1970.95,9
2026-04-09,Fatehabad,29.1,27.77,67.67,875.51,4
2026-04-09,Ferozepur,38.78,23.85,81.25,423.53,1
2026-04-09,Hisar,24.93,25.5,75.0,1937.61,5
2026-04-09,Jalandhar,21.1,27.96,67.71,444.56,4
2026-04-09,Karnal,18.14,27.46,66.75,1368.63,6
2026-04-09,Kurukshetra,31.84,23.88,73.86,1648.82,7
2026-04-09,Meerut,22.9,21.6,55.0,496.24,1
2026-04-09,Moga,34.66,23.67,70.25,266.88,2
2026-04-09,Muzaffarnagar,21.4,24.86,65.0,2457.47,9
2026-04-09,Patiala,12.05,26.9,46.67,488.07,4
2026-04-09,Saharanpur,7.9,28.45,66.0,1676.81,7
2026-04-09,Unknown,4.8,39.3,,2557.43,11
2026-04-10,Ambala,27.2,17.1,75.67,1371.2,5
2026-04-10,Amritsar,3.3,32.4,57.0,2171.57,11
2026-04-10,Bareilly,29.85,26.22,69.5,656.89,3
2026-04-10,Bathinda,15.99,24.92,69.75,1200.66,3
2026-04-10,Fatehabad,21.75,25.71,78.0,920.73,3
2026-04-10,Ferozepur,32.45,27.23,70.5,639.61,3
2026-04-10,Hisar,14.22,20.85,32.0,655.24,3
2026-04-10,Jalandhar,14.02,27.32,64.0,206.23,1
2026-04-10,Karnal,19.63,31.17,67.43,744.52,4
2026-04-10,Kurukshetra,25.05,28.5,72.5,1499.34,6
2026-04-10,Ludhiana,,34.2,55.0,717.56,4
2026-04-10,Meerut,28.3,19.89,94.0,207.02,1
2026-04-10,Moga,37.9,28.04,71.33,1138.98,4
2026-04-10,Muzaffarnagar,21.58,30.1,49.67,866.59,3
2026-04-10,Patiala,24.49,28.62,75.33,1018.23,4
2026-04-10,Saharanpur,42.86,23.29,46.0,1719.24,8
2026-04-10,Sirsa,26.2,28.6,48.0,26.18,1
2026-04-10,Unknown,23.27,21.85,65.0,1527.84,6
2026-04-11,Agra,21.93,27.17,67.0,2363.88,7
2026-04-11,Ambala,13.6,35.54,71.67,522.94,2
2026-04-11,Amritsar,13.61,26.12,63.75,1717.89,10
2026-04-11,Bareilly,39.12,22.8,93.0,1408.68,5
2026-04-11,Bathinda,20.3,29.68,42.5,769.65,3
2026-04-11,Fatehabad,47.5,26.2,59.0,1534.87,5
2026-04-11,Ferozepur,28.07,22.08,45.0,427.69,1
2026-04-11,Hisar,33.03,31.98,64.0,487.07,1
2026-04-11,Jalandhar,32.35,28.87,57.0,899.18,4
2026-04-11,Karnal,23.32,21.46,75.25,1293.99,5
2026-04-11,Kurukshetra,30.46,28.29,66.25,535.46,3
2026-04-11,Ludhiana,12.43,21.47,71.0,388.84,1
2026-04-11,Moga,16.2,17.0,63.5,262.29,1
2026-04-11,Muzaffarnagar,23.9,34.3,54.0,1527.44,4
2026-04-11,Patiala,45.8,22.9,62.0,2102.2,6
2026-04-11,Saharanpur,26.05,26.83,51.0,1784.82,5
2026-04-11,Sirsa,19.59,19.8,63.5,654.64,2
2026-04-11,Unknown,35.6,28.75,67.33,1743.08,8
2026-04-12,Agra,22.2,16.22,74.0,606.17,2
2026-04-12,Ambala,39.0,33.95,66.25,979.97,4
2026-04-12,Amritsar,,24.1,94.0,1300.88,8
2026-04-12,Bareilly,25.27,24.07,65.25,520.79,2
2026-04-12,Bathinda,18.81,30.08,59.6,309.79,1
2026-04-12,Fatehabad,27.53,28.23,63.0,852.42,4
2026-04-12,Hisar,43.2,32.39,80.0,1171.92,8
2026-04-12,Jalandhar,18.8,17.8,72.0,783.04,4
2026-04-12,Karnal,16.2,26.15,64.25,1447.87,6
2026-04-12,Kurukshetra,28.87,32.54,58.0,234.41,2
2026-04-12,Ludhiana,25.9,22.61,78.0,412.97,3
2026-04-12,Meerut,11.68,23.76,72.0,157.05,2
2026-04-12,Moga,30.68,35.08,61.67,989.94,3
2026-04-12,Muzaffarnagar,,30.0,71.0,1164.55,12
2026-04-12,Patiala,23.4,24.51,59.67,2679.27,10
2026-04-12,Saharanpur,26.8,34.36,70.5,1188.32,5
2026-04-12,Sirsa,2.8,35.56,57.5,1153.46,4
2026-04-12,Unknown,24.64,28.8,68.5,648.54,4
2026-04-13,Agra,34.47,29.89,40.25,324.37,2
2026-04-13,Ambala,29.72,29.32,65.0,1390.83,5
2026-04-13,Amritsar,31.6,21.05,58.0,1503.29,4
2026-04-13,Bareilly,19.22,22.75,65.0,1572.73,6
2026-04-13,Bathinda,31.9,24.26,56.6,1545.97,6
2026-04-13,Fatehabad,24.5,38.71,63.0,1334.19,5
2026-04-13,Ferozepur,34.16,30.8,52.5,632.44,3
2026-04-13,Hisar,5.2,29.83,63.67,1213.8,5
2026-04-13,Jalandhar,25.11,26.2,55.29,55.57,1
2026-04-13,Karnal,18.67,24.87,73.2,3139.26,10
2026-04-13,Kurukshetra,8.84,33.6,55.0,376.79,3
2026-04-13,Ludhiana,19.05,26.64,61.5,2199.88,7
2026-04-13,Meerut,28.37,27.72,72.0,316.78,1
2026-04-13,Moga,21.46,23.84,65.0,226.91,3
2026-04-13,Muzaffarnagar,40.47,32.41,46.0,2286.78,8
2026-04-13,Patiala,15.92,34.35,55.0,420.84,3
2026-04-13,Saharanpur,11.3,33.5,59.0,1840.29,7
2026-04-13,Sirsa,38.57,32.57,49.5,561.16,2
2026-04-13,Unknown,31.9,20.7,43.0,1601.76,13
2026-04-14,Agra,11.88,21.77,80.75,1380.53,6
2026-04-14,Ambala,30.0,25.0,47.0,1515.94,5
2026-04-14,Amritsar,25.34,21.1,68.5,1770.51,7
2026-04-14,Bareilly,19.8,21.36,51.0,1810.76,6
2026-04-14,Bathinda,31.0,29.43,66.33,457.14,3
2026-04-14,Fatehabad,,35.6,68.0,977.75,6
2026-04-14,Ferozepur,38.96,28.36,58.0,700.8,3
2026-04-14,Hisar,32.91,32.74,53.25,920.08,3
2026-04-14,Jalandhar,25.5,26.35,44.5,1347.52,6
2026-04-14,Karnal,8.48,26.18,58.8,1512.27,8
2026-04-14,Kurukshetra,30.96,21.8,53.5,2019.79,6
2026-04-14,Ludhiana,29.68,25.6,48.0,1642.37,6
2026-04-14,Meerut,5.0,15.9,77.0,392.2,1
2026-04-14,Moga,,27.0,60.0,48.11,1
2026-04-14,Muzaffarnagar,1.52,26.5,38.0,2347.74,11
2026-04-14,Patiala,25.77,27.48,65.8,2002.91,8
2026-04-14,Saharanpur,23.94,36.17,71.0,2499.57,8
2026-04-14,Sirsa,26.6,38.8,31.0,984.93,3
2026-04-14,Unknown,31.35,30.26,61.0,1978.78,11
2026-04-15,Ambala,40.6,39.0,53.0,1472.3,8
2026-04-15,Amritsar,39.2,21.04,53.5,1780.33,7
2026-04-15,Bareilly,46.23,33.5,59.0,747.79,5
2026-04-15,Bathinda,9.4,36.78,79.0,333.31,1
2026-04-15,Fatehabad,20.69,28.46,62.83,2078.39,6
2026-04-15,Ferozepur,37.23,30.05,62.5,1173.98,5
2026-04-15,Hisar,27.0,35.6,70.5,1185.75,6
2026-04-15,Jalandhar,17.49,25.53,64.14,780.97,2
2026-04-15,Karnal,27.63,21.14,48.33,1388.03,9
2026-04-15,Kurukshetra,42.5,18.8,73.0,1558.11,6
2026-04-15,Ludhiana,28.17,29.63,43.75,1230.58,5
2026-04-15,Meerut,22.05,27.67,65.0,1016.74,3
2026-04-15,Moga,46.74,34.28,60.0,951.69,5
2026-04-15,Muzaffarnagar,24.75,22.26,76.5,1607.46,8
2026-04-15,Patiala,8.4,31.31,67.0,3815.63,14
2026-04-15,Sirsa,30.63,30.41,44.8,1361.4,6
2026-04-15,Unknown,0.1,18.6,91.0,1857.62,7
2026-04-16,Agra,25.2,25.29,52.0,417.14,2
2026-04-16,Ambala,34.43,32.87,68.5,644.6,2
2026-04-16,Amritsar,21.47,24.9,56.5,1111.62,6
2026-04-16,Bareilly,17.0,21.07,72.0,524.88,2
2026-04-16,Bathinda,22.4,26.0,47.0,1127.53,4
2026-04-16,Fatehabad,23.01,22.75,70.0,1840.51,7
2026-04-16,Ferozepur,25.82,21.53,66.5,1356.98,5
2026-04-16,Hisar,45.4,38.28,32.0,1841.65,6
2026-04-16,Jalandhar,10.67,25.5,46.0,1491.39,7
2026-04-16,Karnal,25.78,37.96,67.5,1498.57,7
2026-04-16,Kurukshetra,12.19,29.53,65.5,979.09,5
2026-04-16,Ludhiana,30.6,21.22,94.0,1762.64,7
2026-04-16,Meerut,7.32,27.14,82.5,881.21,3
2026-04-16,Moga,38.99,23.26,51.5,1204.54,5
2026-04-16,Muzaffarnagar,18.0,31.53,49.67,1836.65,6
2026-04-16,Patiala,22.5,29.7,69.67,762.19,4
2026-04-16,Saharanpur,32.1,39.89,,2243.46,8
2026-04-16,Sirsa,31.18,24.6,50.33,2666.46,8
2026-04-16,Unknown,29.9,22.0,46.0,778.97,6
2026-04-17,Agra,26.63,29.36,63.12,438.45,2
2026-04-17,Ambala,29.46,23.12,62.33,2077.21,6
2026-04-17,Amritsar,40.1,34.5,55.0,1814.05,7
2026-04-17,Bareilly,34.7,31.5,78.0,1232.97,5
2026-04-17,Bathinda,31.34,24.98,54.33,1105.81,4
2026-04-17,Fatehabad,15.49,37.22,86.0,1282.28,5
2026-04-17,Ferozepur,47.5,29.6,39.0,1211.18,4
2026-04-17,Hisar,27.15,24.96,71.0,1877.13,6
2026-04-17,Karnal,27.93,26.03,68.0,2508.14,10
2026-04-17,Kurukshetra,24.1,21.9,59.5,1661.43,7
2026-04-17,Ludhiana,11.63,32.5,67.0,2452.47,10
2026-04-17,Moga,21.82,22.54,64.67,997.47,4
2026-04-17,Muzaffarnagar,37.4,29.0,35.0,1749.06,8
2026-04-17,Patiala,37.9,22.3,89.0,654.26,2
2026-04-17,Saharanpur,5.9,35.5,77.0,859.94,7
2026-04-17,Sirsa,31.11,20.86,50.5,790.17,2
2026-04-17,Unknown,18.44,25.68,71.0,1667.41,6
2026-04-18,Agra,25.54,35.07,47.0,820.93,3
2026-04-18,Amritsar,30.47,26.8,52.0,1669.18,5
2026-04-18,Bareilly,12.53,33.3,57.33,1723.63,9
2026-04-18,Fatehabad,18.32,27.57,57.25,1132.82,4
2026-04-18,Ferozepur,8.85,19.56,75.0,827.94,3
2026-04-18,Hisar,25.25,29.95,46.0,1497.5,6
2026-04-18,Jalandhar,17.64,27.57,58.33,745.77,3
2026-04-18,Karnal,26.21,24.8,67.0,1804.23,8
2026-04-18,Kurukshetra,15.97,25.99,59.0,1937.12,8
2026-04-18,Ludhiana,26.98,30.12,67.17,841.15,5
2026-04-18,Meerut,9.4,30.1,95.0,947.11,3
2026-04-18,Moga,34.49,35.37,42.33,1412.19,6
2026-04-18,Muzaffarnagar,18.7,24.91,68.33,3705.1,13
2026-04-18,Saharanpur,22.85,26.56,56.0,2315.64,12
2026-04-18,Sirsa,22.69,30.93,44.5,606.31,2
2026-04-18,Unknown,20.95,26.45,64.0,1395.54,6
2026-04-19,Agra,6.0,22.22,70.0,608.32,2
2026-04-19,Ambala,23.7,22.55,72.0,1463.75,5
2026-04-19,Amritsar,20.66,30.06,60.0,2230.2,10
2026-04-19,Bareilly,27.8,26.65,51.25,1401.21,6
2026-04-19,Bathinda,21.97,28.32,48.11,1295.84,6
2026-04-19,Ferozepur,19.38,34.2,59.75,348.22,2
2026-04-19,Hisar,33.6,27.55,54.0,1099.95,3
2026-04-19,Jalandhar,22.6,35.5,42.0,1261.4,5
2026-04-19,Karnal,31.33,25.3,58.0,3247.95,12
2026-04-19,Ludhiana,17.53,21.8,42.0,2805.6,10
2026-04-19,Meerut,5.08,17.4,82.0,517.26,2
2026-04-19,Moga,,28.1,38.0,1326.25,4
2026-04-19,Muzaffarnagar,20.25,27.33,55.33,1685.12,6
2026-04-19,Patiala,32.2,29.4,74.0,1995.66,11
2026-04-19,Saharanpur,32.64,27.47,72.33,1570.88,7
2026-04-19,Sirsa,28.22,25.27,59.67,292.99,1
2026-04-19,Unknown,31.3,19.6,90.0,893.11,5
2026-04-20,Agra,37.2,24.24,54.0,2125.54,9
2026-04-20,Ambala,20.0,35.39,50.0,677.3,3
2026-04-20,Amritsar,9.4,17.9,32.0,2599.97,7
2026-04-20,Bareilly,16.0,26.3,64.0,1241.5,6
2026-04-20,Bathinda,48.4,40.0,,1136.02,4
2026-04-20,Fatehabad,17.2,24.95,42.25,2487.47,10
2026-04-20,Ferozepur,29.7,22.06,68.5,967.17,3
2026-04-20,Hisar,31.95,36.61,65.0,2572.01,8
2026-04-20,Jalandhar,25.69,29.4,55.89,1275.74,4
2026-04-20,Karnal,17.73,25.81,71.0,941.32,5
2026-04-20,Kurukshetra,11.3,23.6,93.0,2632.81,11
2026-04-20,Ludhiana,19.79,23.64,55.0,853.09,4
2026-04-20,Moga,27.33,23.54,75.75,2285.22,6
2026-04-20,Muzaffarnagar,31.1,33.3,60.0,1131.56,7
2026-04-20,Patiala,,20.2,47.0,1815.54,7
2026-04-20,Saharanpur,30.71,23.7,55.5,483.72,3
2026-04-21,Agra,8.8,20.78,74.0,929.21,3
2026-04-21,Ambala,38.05,27.6,58.33,64.41,2
2026-04-21,Amritsar,23.27,26.46,63.67,2235.26,10
2026-04-21,Bareilly,24.22,25.74,66.5,607.48,5
2026-04-21,Bathinda,24.34,25.96,58.0,159.7,1
2026-04-21,Ferozepur,33.14,27.4,64.5,2266.32,8
2026-04-21,Hisar,30.07,32.09,65.17,1789.42,8
2026-04-21,Jalandhar,18.04,27.89,46.0,1532.39,6
2026-04-21,Karnal,,38.39,38.0,1640.09,7
2026-04-21,Kurukshetra,7.21,31.53,46.0,1119.27,5
2026-04-21,Ludhiana,27.5,23.96,54.4,925.97,7
2026-04-21,Meerut,38.3,26.5,68.0,786.65,3
2026-04-21,Moga,2.2,28.06,54.67,2115.86,6
2026-04-21,Muzaffarnagar,18.8,18.9,81.0,1994.0,9
2026-04-21,Saharanpur,29.97,17.61,56.0,2732.36,11
2026-04-21,Sirsa,7.2,28.5,87.0,1105.07,4
2026-04-21,Unknown,37.77,27.26,60.0,1741.56,7
2026-04-22,Agra,22.35,27.26,66.33,878.38,3
2026-04-22,Ambala,26.15,25.67,60.67,822.93,4
2026-04-22,Amritsar,29.2,28.25,68.5,1534.75,5
2026-04-22,Bareilly,20.27,26.08,55.33,731.02,5
2026-04-22,Bathinda,17.91,22.91,83.0,351.97,2
2026-04-22,Fatehabad,12.9,36.9,,848.69,6
2026-04-22,Ferozepur,24.05,25.9,68.0,554.7,4
2026-04-22,Hisar,14.1,24.16,70.67,1010.15,5
2026-04-22,Jalandhar,28.64,27.26,65.0,338.95,2
2026-04-22,Karnal,29.35,28.67,64.0,1413.17,4
2026-04-22,Kurukshetra,39.62,37.75,55.5,789.29,4
2026-04-22,Ludhiana,44.0,33.5,67.0,2107.56,7
2026-04-22,Meerut,22.25,32.37,72.33,219.88,1
2026-04-22,Moga,22.72,31.74,70.67,1691.57,6
2026-04-22,Muzaffarnagar,42.53,29.95,74.5,2012.18,6
2026-04-22,Patiala,29.6,24.23,39.5,796.23,3
2026-04-22,Saharanpur,,18.4,61.0,1648.64,5
2026-04-22,Sirsa,42.67,17.22,72.0,1220.12,4
2026-04-22,Unknown,18.5,39.61,,2412.25,8
2026-04-23,Agra,25.1,26.76,55.5,1388.31,4
2026-04-23,Amritsar,36.2,26.58,77.0,1147.24,4
2026-04-23,Bareilly,15.61,27.03,70.0,471.44,4
2026-04-23,Bathinda,37.36,22.46,49.0,1382.31,6
2026-04-23,Fatehabad,19.72,20.4,67.75,1258.38,6
2026-04-23,Ferozepur,9.4,30.9,72.0,328.11,1
2026-04-23,Hisar,31.83,31.92,61.75,1824.95,7
2026-04-23,Jalandhar,14.99,29.0,31.0,1702.64,7
2026-04-23,Karnal,17.23,35.5,60.67,895.65,3
2026-04-23,Kurukshetra,31.5,27.95,75.0,1388.48,6
2026-04-23,Ludhiana,6.7,28.92,62.6,2227.63,9
2026-04-23,Meerut,33.21,24.3,81.67,505.0,2
2026-04-23,Moga,18.44,27.98,47.67,795.89,2
2026-04-23,Muzaffarnagar,24.05,32.55,48.5,3236.2,11
2026-04-23,Patiala,22.7,38.89,77.0,1410.08,4
2026-04-23,Saharanpur,34.07,23.69,54.5,1175.33,5
2026-04-23,Sirsa,41.45,31.63,75.25,1202.36,5
2026-04-23,Unknown,35.13,27.0,40.67,811.19,2
2026-04-24,Agra,32.51,22.39,82.5,1458.31,6
2026-04-24,Ambala,6.55,32.17,74.0,203.57,3
2026-04-24,Amritsar,27.3,29.0,89.0,1669.01,8
2026-04-24,Bareilly,28.7,19.26,50.5,0.0,1
2026-04-24,Bathinda,27.52,28.23,59.0,40.68,1
2026-04-24,Fatehabad,40.75,27.27,70.0,1490.83,5
2026-04-24,Ferozepur,30.1,16.28,,879.49,3
2026-04-24,Hisar,18.28,25.03,68.12,1716.06,5
2026-04-24,Jalandhar,27.23,29.1,72.17,515.2,2
2026-04-24,Karnal,23.0,25.46,59.0,1293.15,5
2026-04-24,Kurukshetra,20.35,31.76,50.0,266.28,2
2026-04-24,Ludhiana,31.9,21.39,64.0,1699.95,7
2026-04-24,Meerut,28.23,22.05,74.33,256.23,2
2026-04-24,Moga,,22.0,86.0,1076.16,4
2026-04-24,Muzaffarnagar,12.32,28.57,59.67,3587.7,12
2026-04-24,Patiala,28.9,39.1,,1841.83,10
2026-04-24,Saharanpur,41.1,27.81,64.0,1074.48,5
2026-04-24,Sirsa,28.96,22.41,87.0,488.31,3
2026-04-24,Unknown,,34.3,,1486.06,5
2026-04-25,Agra,36.12,21.74,45.5,924.12,4
2026-04-25,Ambala,18.0,28.7,30.0,1238.19,8
2026-04-25,Amritsar,27.6,35.08,71.5,729.4,5
2026-04-25,Bareilly,22.33,25.69,61.67,870.1,3
2026-04-25,Bathinda,32.2,29.93,56.33,1066.51,3
2026-04-25,Fatehabad,24.62,22.87,46.33,1389.04,5
2026-04-25,Ferozepur,29.21,22.1,32.0,833.2,4
2026-04-25,Hisar,22.0,26.15,71.67,454.18,2
2026-04-25,Jalandhar,28.77,26.74,92.0,282.15,2
2026-04-25,Kurukshetra,19.09,26.66,44.0,2255.26,9
2026-04-25,Ludhiana,25.39,33.5,59.0,2291.66,8
2026-04-25,Meerut,39.0,29.15,84.75,97.08,1
2026-04-25,Moga,26.95,26.65,71.33,618.84,4
2026-04-25,Muzaffarnagar,21.75,29.02,72.0,1397.32,6
2026-04-25,Patiala,22.7,33.1,93.0,1918.73,7
2026-04-25,Sirsa,11.6,33.39,33.0,133.34,1
2026-04-25,Unknown,16.74,36.35,66.33,1329.91,5
2026-04-26,Agra,27.21,32.34,61.57,790.31,4
2026-04-26,Ambala,19.0,29.82,55.0,1318.92,4
2026-04-26,Amritsar,39.3,24.61,31.0,1852.55,6
2026-04-26,Bareilly,38.32,30.46,57.75,1726.09,7
2026-04-26,Bathinda,41.53,23.89,56.67,580.22,2
2026-04-26,Fatehabad,27.66,28.66,57.25,715.25,5
2026-04-26,Hisar,25.06,23.94,72.75,1579.3,5
2026-04-26,Jalandhar,23.0,24.75,69.75,733.2,4
2026-04-26,Karnal,8.8,28.05,88.0,669.73,4
2026-04-26,Kurukshetra,28.87,31.9,62.75,154.5,3
2026-04-26,Meerut,32.37,26.37,65.0,26.94,1
2026-04-26,Moga,22.15,35.75,54.0,794.5,3
2026-04-26,Muzaffarnagar,23.93,31.24,55.0,2106.25,7
2026-04-26,Patiala,18.3,29.61,76.0,1368.97,7
2026-04-26,Saharanpur,24.7,27.61,74.0,2866.59,9
2026-04-26,Sirsa,25.37,26.72,60.5,552.49,4
2026-04-26,Unknown,24.34,26.99,60.6,880.01,4
2026-04-27,Agra,16.32,23.8,50.67,1481.37,5
2026-04-27,Ambala,23.55,32.5,50.67,438.52,1
2026-04-27,Amritsar,21.5,31.35,71.0,2485.14,9
2026-04-27,Bareilly,39.0,19.58,73.75,924.07,4
2026-04-27,Bathinda,26.16,24.9,73.0,919.46,5
2026-04-27,Fatehabad,,27.28,55.0,660.45,5
2026-04-27,Ferozepur,12.45,29.86,59.5,1303.97,6
2026-04-27,Hisar,24.91,26.75,59.2,2133.56,11
2026-04-27,Jalandhar,17.79,21.5,54.0,424.86,2
2026-04-27,Karnal,10.13,25.5,59.5,1201.52,4
2026-04-27,Kurukshetra,18.29,19.23,35.0,850.14,3
2026-04-27,Ludhiana,24.63,22.86,56.33,1221.03,5
2026-04-27,Meerut,27.21,24.8,46.0,32.75,1
2026-04-27,Moga,48.01,22.53,60.5,866.19,3
2026-04-27,Muzaffarnagar,12.06,34.5,70.0,1632.95,7
2026-04-27,Patiala,24.89,22.2,77.0,1979.92,10
2026-04-27,Saharanpur,5.08,24.61,,3469.48,11
2026-04-27,Sirsa,,39.8,67.0,1044.32,5
2026-04-28,Ambala,20.44,29.09,67.57,1086.49,4
2026-04-28,Amritsar,19.41,28.15,71.25,1594.85,7
2026-04-28,Bareilly,34.54,37.2,,177.48,2
2026-04-28,Bathinda,32.08,24.29,61.0,760.88,2
2026-04-28,Fatehabad,41.9,37.0,51.0,1145.97,7
2026-04-28,Ferozepur,10.87,22.86,56.4,827.27,3
2026-04-28,Hisar,11.43,29.67,74.0,847.94,5
2026-04-28,Jalandhar,39.56,31.3,70.0,234.5,2
2026-04-28,Karnal,23.95,33.03,46.33,442.99,3
2026-04-28,Kurukshetra,,18.3,49.0,1163.42,6
2026-04-28,Ludhiana,,26.8,37.0,1758.67,9
2026-04-28,Muzaffarnagar,8.45,18.0,68.0,2226.59,7
2026-04-28,Patiala,21.55,27.6,84.0,1503.7,9
2026-04-28,Saharanpur,27.4,25.45,58.5,2675.99,8
2026-04-28,Unknown,15.24,24.2,60.33,2477.83,9
2026-04-29,Agra,21.93,34.33,53.75,801.33,3
2026-04-29,Ambala,19.05,23.6,65.5,1094.08,5
2026-04-29,Amritsar,43.1,21.3,45.0,2264.86,8
2026-04-29,Bareilly,43.35,27.47,48.33,757.48,3
2026-04-29,Fatehabad,25.2,35.1,53.0,1522.32,7
2026-04-29,Ferozepur,18.54,27.77,71.67,1194.74,5
2026-04-29,Hisar,22.6,31.46,47.0,644.12,2
2026-04-29,Jalandhar,6.23,31.1,78.67,1159.14,3
2026-04-29,Karnal,31.69,30.09,57.0,2298.45,7
2026-04-29,Kurukshetra,16.14,24.97,66.33,1505.45,5
2026-04-29,Ludhiana,22.4,33.4,64.5,1384.92,9
2026-04-29,Moga,27.28,31.96,64.0,1264.8,3
2026-04-29,Muzaffarnagar,24.91,27.46,62.25,2635.41,7
2026-04-29,Saharanpur,38.13,22.87,71.33,851.83,4
2026-04-29,Sirsa,17.25,25.83,59.0,1272.85,7
2026-04-29,Unknown,25.02,33.24,44.5,1741.79,5
2026-04-30,Agra,25.82,26.48,65.0,855.13,4
2026-04-30,Ambala,40.1,25.89,,678.81,3
2026-04-30,Amritsar,36.51,30.4,89.5,1864.45,7
2026-04-30,Bareilly,16.9,21.4,79.5,513.47,3
2026-04-30,Bathinda,31.78,26.04,90.75,588.5,3
2026-04-30,Fatehabad,21.78,29.46,72.75,955.84,5
2026-04-30,Ferozepur,35.75,24.26,49.5,57.83,1
2026-04-30,Hisar,30.45,31.2,65.33,1779.22,6
2026-04-30,Jalandhar,15.39,26.0,48.75,966.36,3
2026-04-30,Karnal,26.6,32.6,31.0,1320.38,7
2026-04-30,Kurukshetra,21.61,19.13,65.33,2303.45,10
2026-04-30,Ludhiana,9.63,24.58,58.0,1374.91,8
2026-04-30,Meerut,,34.8,32.0,418.22,1
2026-04-30,Moga,15.2,39.6,95.0,915.59,3
2026-04-30,Muzaffarnagar,22.5,29.9,65.5,1162.43,6
2026-04-30,Patiala,32.1,27.8,81.0,831.61,4
2026-04-30,Saharanpur,19.72,31.01,65.33,2365.77,8
2026-04-30,Sirsa,17.27,18.6,83.0,1621.08,6
2026-04-30,Unknown,32.41,27.76,70.4,1329.69,9
2026-05-01,Agra,28.26,28.43,61.25,178.94,5
2026-05-01,Ambala,24.72,33.4,47.5,1819.21,7
2026-05-01,Amritsar,16.88,25.63,59.33,989.04,7
2026-05-01,Bareilly,35.15,33.99,46.0,1022.53,4
2026-05-01,Bathinda,22.35,25.0,60.0,963.52,3
2026-05-01,Fatehabad,,18.0,38.0,1928.87,10
2026-05-01,Ferozepur,19.05,25.5,43.0,3200.09,11
2026-05-01,Hisar,17.13,34.08,57.0,2568.08,10
2026-05-01,Jalandhar,14.6,24.05,49.33,1561.73,4
2026-05-01,Karnal,32.45,27.96,45.0,1751.14,5
2026-05-01,Kurukshetra,24.85,24.6,56.0,1302.86,3
2026-05-01,Ludhiana,27.09,27.59,67.33,3563.37,12
2026-05-01,Moga,20.23,29.5,60.33,373.25,3
2026-05-01,Muzaffarnagar,21.84,21.65,75.5,480.28,4
2026-05-01,Patiala,11.5,22.0,32.0,1152.46,5
2026-05-01,Sirsa,42.54,20.35,58.5,676.47,2
2026-05-01,Unknown,17.83,30.02,75.33,1547.01,8
2026-05-02,Agra,18.4,26.26,75.0,737.84,5
2026-05-02,Ambala,8.7,34.13,60.5,1626.89,6
2026-05-02,Amritsar,35.57,26.68,47.2,618.07,4
2026-05-02,Bareilly,9.0,39.9,50.0,1008.99,4
2026-05-02,Bathinda,11.36,27.62,63.5,1263.81,5
2026-05-02,Fatehabad,9.05,28.42,59.0,2392.94,9
2026-05-02,Ferozepur,14.55,29.75,57.5,1205.83,4
2026-05-02,Hisar,42.95,26.17,58.0,1453.91,5
2026-05-02,Karnal,15.31,27.42,47.17,1481.76,7
2026-05-02,Kurukshetra,32.09,25.75,73.25,1985.2,10
2026-05-02,Ludhiana,30.76,26.16,55.67,1467.92,6
2026-05-02,Meerut,5.84,32.65,65.5,172.18,1
2026-05-02,Moga,23.5,26.94,36.67,600.54,4
2026-05-02,Muzaffarnagar,37.87,33.83,75.67,400.89,3
2026-05-02,Patiala,3.81,26.0,83.0,2699.4,7
2026-05-02,Saharanpur,27.3,20.8,77.0,1587.39,7
2026-05-02,Sirsa,7.13,34.1,63.33,753.48,5
2026-05-02,Unknown,29.15,34.6,79.0,1659.96,6
2026-05-03,Agra,,23.25,52.5,1695.15,5
2026-05-03,Ambala,38.78,25.35,60.5,1168.5,4
2026-05-03,Amritsar,27.68,23.65,62.5,881.89,5
2026-05-03,Bareilly,32.34,30.9,48.0,1620.88,5
2026-05-03,Bathinda,46.2,16.5,68.0,54.99,1
2026-05-03,Fatehabad,8.9,29.5,89.0,1931.24,8
2026-05-03,Ferozepur,24.84,31.76,52.2,1487.25,6
2026-05-03,Hisar,20.3,25.93,63.67,1050.82,4
2026-05-03,Jalandhar,,34.3,,2139.66,5
2026-05-03,Karnal,25.78,26.49,57.5,2442.37,9
2026-05-03,Kurukshetra,19.94,22.43,74.67,444.49,3
2026-05-03,Ludhiana,31.0,21.6,92.0,2405.18,8
2026-05-03,Moga,20.05,25.66,55.4,386.97,4
2026-05-03,Muzaffarnagar,9.4,25.0,31.0,914.8,7
2026-05-03,Patiala,13.9,34.16,88.0,1761.6,6
2026-05-03,Saharanpur,40.89,27.2,76.0,1357.01,4
2026-05-03,Sirsa,25.54,26.36,54.5,900.81,5
2026-05-03,Unknown,41.6,30.1,94.0,2250.64,10
2026-05-04,Agra,27.76,22.86,63.8,130.85,2
2026-05-04,Ambala,24.7,32.07,53.0,1619.99,7
2026-05-04,Amritsar,27.3,24.8,66.0,583.12,3
2026-05-04,Bathinda,33.9,27.49,51.8,617.2,3
2026-05-04,Fatehabad,32.73,30.0,66.0,1229.89,7
2026-05-04,Ferozepur,48.51,28.72,,575.1,3
2026-05-04,Hisar,32.35,26.0,53.67,2170.11,7
2026-05-04,Jalandhar,13.46,18.28,89.0,260.24,2
2026-05-04,Karnal,25.75,30.8,54.75,603.76,4
2026-05-04,Kurukshetra,37.58,22.9,74.4,2201.95,7
2026-05-04,Ludhiana,17.27,15.72,32.0,1041.43,5
2026-05-04,Meerut,47.1,27.0,44.0,488.72,1
2026-05-04,Moga,39.1,27.94,73.5,688.39,2
2026-05-04,Muzaffarnagar,8.3,36.0,44.0,3622.82,13
2026-05-04,Patiala,,35.1,92.0,576.6,4
2026-05-04,Saharanpur,45.35,23.25,85.0,2078.97,8
2026-05-04,Sirsa,23.9,29.56,79.67,1557.27,7
2026-05-04,Unknown,21.66,23.53,57.2,1721.78,6
2026-05-05,Agra,36.58,36.55,78.5,1048.42,8
2026-05-05,Ambala,30.53,26.13,57.0,1036.67,3
2026-05-05,Amritsar,19.23,22.14,80.0,1808.01,7
2026-05-05,Bareilly,,34.14,66.67,977.03,3
2026-05-05,Fatehabad,22.13,24.65,54.5,2118.71,9
2026-05-05,Ferozepur,13.31,32.1,52.0,941.76,2
2026-05-05,Hisar,14.65,24.63,77.5,574.06,3
2026-05-05,Jalandhar,25.72,28.51,70.67,100.04,1
2026-05-05,Karnal,30.45,21.62,46.25,972.95,5
2026-05-05,Ludhiana,7.7,24.33,67.0,562.54,4
2026-05-05,Meerut,31.26,24.2,54.5,498.61,2
2026-05-05,Moga,25.16,25.95,62.17,1918.53,6
2026-05-05,Patiala,34.69,26.55,62.0,1501.15,9
2026-05-05,Saharanpur,31.73,33.16,54.67,1851.26,6
2026-05-05,Sirsa,34.23,26.67,60.67,396.1,2
2026-05-05,Unknown,44.8,32.75,64.5,1316.39,6
2026-05-06,Agra,18.94,24.8,63.0,383.51,2
2026-05-06,Ambala,23.34,29.16,70.75,390.44,2
2026-05-06,Amritsar,28.93,31.78,61.0,1925.19,10
2026-05-06,Bareilly,30.01,22.85,37.5,630.48,3
2026-05-06,Bathinda,9.4,25.4,63.33,761.19,3
2026-05-06,Fatehabad,28.87,20.94,84.5,1952.0,8
2026-05-06,Ferozepur,39.23,24.97,80.5,211.15,2
2026-05-06,Jalandhar,29.2,28.46,66.6,137.78,1
2026-05-06,Karnal,23.6,30.8,35.0,1998.97,7
2026-05-06,Kurukshetra,27.16,27.74,78.33,985.9,4
2026-05-06,Ludhiana,26.98,32.5,57.5,2062.25,9
2026-05-06,Moga,29.88,31.17,41.67,909.35,3
2026-05-06,Muzaffarnagar,47.5,30.45,60.5,1955.01,9
2026-05-06,Saharanpur,7.22,28.56,62.0,2391.98,11
2026-05-06,Sirsa,20.47,22.57,70.0,2517.76,8
2026-05-06,Unknown,4.7,26.27,63.33,1531.51,5
2026-05-07,Agra,12.8,21.94,71.0,1448.14,5
2026-05-07,Ambala,26.51,27.94,71.0,844.88,5
2026-05-07,Amritsar,19.71,30.25,39.33,1707.99,6
2026-05-07,Bareilly,29.84,29.36,59.33,815.98,4
2026-05-07,Bathinda,32.78,29.65,58.0,228.37,2
2026-05-07,Fatehabad,28.58,29.23,67.33,1724.51,5
2026-05-07,Ferozepur,17.84,20.7,59.5,1034.87,5
2026-05-07,Hisar,42.8,29.84,50.5,1137.86,4
2026-05-07,Jalandhar,29.84,27.54,72.0,930.8,4
2026-05-07,Karnal,24.8,28.3,91.0,1859.31,6
2026-05-07,Kurukshetra,37.27,28.27,63.25,1632.94,5
2026-05-07,Ludhiana,19.13,33.73,69.5,1733.51,6
2026-05-07,Meerut,29.43,27.33,50.5,1124.26,5
2026-05-07,Moga,32.92,26.72,71.67,975.2,3
2026-05-07,Muzaffarnagar,14.1,25.7,87.5,1224.69,6
2026-05-07,Patiala,42.58,21.34,63.0,2716.8,9
2026-05-07,Saharanpur,29.85,28.43,60.67,1843.38,9
2026-05-07,Sirsa,42.8,17.1,66.0,1987.6,6
2026-05-07,Unknown,38.9,34.22,56.0,1090.71,4
2026-05-08,Agra,23.67,22.0,81.0,627.73,3
2026-05-08,Ambala,23.86,28.52,54.71,1609.63,4
2026-05-08,Amritsar,25.68,26.81,53.2,1609.58,7
2026-05-08,Bareilly,20.6,36.81,55.33,2190.51,8
2026-05-08,Bathinda,17.3,30.03,69.5,1333.16,5
2026-05-08,Fatehabad,28.45,31.11,70.33,1727.77,5
2026-05-08,Hisar,19.88,23.16,46.75,1106.09,4
2026-05-08,Jalandhar,11.55,28.1,70.83,1160.71,5
2026-05-08,Karnal,30.48,30.65,66.2,2134.94,7
2026-05-08,Ludhiana,18.98,32.06,57.0,2246.0,9
2026-05-08,Moga,,16.5,92.0,1822.98,5
2026-05-08,Muzaffarnagar,8.4,39.4,52.0,1754.94,6
2026-05-08,Patiala,26.63,25.57,45.33,891.04,5
2026-05-08,Sirsa,20.44,29.6,54.5,644.09,5
2026-05-08,Unknown,1.52,38.7,38.0,2030.35,6
2026-05-09,Agra,17.68,29.97,67.0,750.35,2
2026-05-09,Ambala,,16.0,87.0,341.24,3
2026-05-09,Amritsar,23.5,25.58,82.0,1619.62,5
2026-05-09,Bareilly,45.13,24.84,56.5,1138.62,6
2026-05-09,Fatehabad,44.2,38.72,,987.3,4
2026-05-09,Ferozepur,32.4,23.28,39.0,1103.97,3
2026-05-09,Hisar,48.0,19.23,59.5,299.18,2
2026-05-09,Jalandhar,8.0,32.5,36.0,1488.81,6
2026-05-09,Karnal,27.69,25.76,64.57,1787.12,5
2026-05-09,Kurukshetra,31.87,26.88,63.6,194.54,1
2026-05-09,Ludhiana,9.17,28.1,69.67,1423.21,7
2026-05-09,Meerut,12.22,26.73,71.0,0.0,1
2026-05-09,Moga,14.1,27.51,61.6,910.46,4
2026-05-09,Muzaffarnagar,12.43,27.8,66.17,173.95,2
2026-05-09,Patiala,13.0,18.47,44.0,3119.6,12
2026-05-09,Saharanpur,34.29,37.4,51.0,694.96,4
2026-05-09,Sirsa,20.57,25.59,59.0,1065.61,5
2026-05-09,Unknown,33.56,32.0,75.0,1747.91,8
2026-05-10,Agra,22.93,29.34,76.0,182.37,1
2026-05-10,Ambala,23.0,27.65,46.5,1091.03,4
2026-05-10,Amritsar,25.15,21.42,68.0,687.05,4
2026-05-10,Bareilly,40.39,28.44,89.0,920.86,5
2026-05-10,Bathinda,37.02,33.14,69.5,1260.95,5
2026-05-10,Ferozepur,26.22,25.15,69.67,997.07,6
2026-05-10,Hisar,33.85,26.31,53.83,972.01,3
2026-05-10,Jalandhar,13.0,29.2,73.0,211.32,2
2026-05-10,Karnal,,33.9,89.0,1998.73,5
2026-05-10,Kurukshetra,21.6,31.33,66.17,1971.32,6
2026-05-10,Ludhiana,11.18,29.35,54.0,1628.72,7
2026-05-10,Meerut,48.51,33.7,70.0,186.2,2
2026-05-10,Moga,29.15,21.08,49.5,64.5,1
2026-05-10,Muzaffarnagar,45.7,16.5,79.0,591.99,2
2026-05-10,Saharanpur,41.3,30.76,57.5,1524.3,5
2026-05-10,Sirsa,36.21,24.15,49.5,978.76,3
2026-05-10,Unknown,26.8,28.96,55.5,877.09,3
2026-05-11,Agra,40.0,27.2,93.0,1400.73,5
2026-05-11,Ambala,17.9,27.3,58.0,954.35,3
2026-05-11,Amritsar,22.62,23.93,59.33,1671.59,6
2026-05-11,Bareilly,15.1,22.6,51.0,1645.39,5
2026-05-11,Bathinda,0.1,15.1,50.0,408.59,3
2026-05-11,Fatehabad,8.7,37.0,75.0,1223.98,3
2026-05-11,Ferozepur,,20.0,86.0,626.9,2
2026-05-11,Hisar,20.28,28.6,71.83,1164.23,5
2026-05-11,Jalandhar,8.6,29.23,45.5,540.39,3
2026-05-11,Karnal,33.7,24.81,63.33,211.32,2
2026-05-11,Kurukshetra,48.26,37.7,39.0,755.31,3
2026-05-11,Ludhiana,24.5,33.53,62.0,1519.29,8
2026-05-11,Meerut,27.35,29.63,70.0,294.55,2
2026-05-11,Moga,6.6,26.13,58.67,1056.34,4
2026-05-11,Muzaffarnagar,43.92,29.43,49.67,2300.79,9
2026-05-11,Saharanpur,38.9,27.54,68.5,2144.38,9
2026-05-11,Sirsa,29.7,24.73,64.0,333.67,2
2026-05-11,Unknown,25.7,29.27,41.67,480.17,2
2026-05-12,Agra,38.85,20.75,89.0,950.79,5
2026-05-12,Ambala,2.34,27.05,68.5,1723.38,6
2026-05-12,Amritsar,25.0,30.63,55.71,1384.18,5
2026-05-12,Bareilly,34.3,25.7,46.33,947.7,4
2026-05-12,Bathinda,11.7,16.39,,708.29,3
2026-05-12,Fatehabad,22.58,29.81,70.5,188.11,2
2026-05-12,Ferozepur,21.38,31.24,65.6,988.23,3
2026-05-12,Jalandhar,22.23,35.87,42.67,931.13,2
2026-05-12,Karnal,29.18,23.4,58.0,1287.65,6
2026-05-12,Kurukshetra,4.2,29.28,,1220.37,5
2026-05-12,Ludhiana,36.21,21.35,69.0,2088.72,7
2026-05-12,Meerut,14.3,20.1,47.0,223.06,1
2026-05-12,Muzaffarnagar,25.8,34.9,45.0,194.32,1
2026-05-12,Saharanpur,26.37,24.5,61.0,855.89,4
2026-05-12,Sirsa,17.27,37.1,63.0,588.44,2
2026-05-12,Unknown,19.93,25.2,62.8,1360.13,5
2026-05-13,Agra,25.11,26.72,58.25,895.56,3
2026-05-13,Ambala,6.85,26.44,51.0,908.16,4
2026-05-13,Amritsar,15.91,31.64,54.0,256.67,2
2026-05-13,Fatehabad,48.01,19.8,31.0,1060.55,5
2026-05-13,Ferozepur,14.1,35.89,65.0,411.05,2
2026-05-13,Hisar,9.65,30.13,78.67,449.8,2
2026-05-13,Jalandhar,21.33,24.3,73.67,810.7,3
2026-05-13,Karnal,32.51,27.2,30.0,810.63,5
2026-05-13,Kurukshetra,13.77,29.3,62.33,1308.43,7
2026-05-13,Ludhiana,27.58,25.85,44.5,1177.34,5
2026-05-13,Meerut,14.1,39.9,49.0,1052.92,4
2026-05-13,Moga,21.47,32.4,63.4,739.24,3
2026-05-13,Muzaffarnagar,26.9,21.71,51.0,821.46,3
2026-05-13,Unknown,28.6,24.92,61.67,1757.79,6
2026-05-14,Agra,30.45,22.97,84.33,868.76,4
2026-05-14,Ambala,28.52,24.78,61.75,1040.62,5
2026-05-14,Amritsar,26.9,28.01,76.0,1802.58,6
2026-05-14,Bareilly,13.65,27.27,54.25,1082.77,4
2026-05-14,Bathinda,23.0,33.47,72.5,837.39,5
2026-05-14,Fatehabad,1.23,27.05,62.5,1357.4,6
2026-05-14,Ferozepur,22.3,31.92,46.75,592.06,2
2026-05-14,Hisar,27.28,31.98,56.0,1515.43,5
2026-05-14,Jalandhar,36.45,21.2,56.0,1156.52,3
2026-05-14,Karnal,,31.72,44.0,2059.46,8
2026-05-14,Kurukshetra,29.15,28.82,72.2,899.98,3
2026-05-14,Ludhiana,45.1,24.3,56.0,2547.03,9
2026-05-14,Moga,22.3,29.36,49.25,927.64,3
2026-05-14,Patiala,12.4,19.2,64.0,1439.33,6
2026-05-14,Saharanpur,16.6,32.19,45.33,1629.33,6
2026-05-14,Sirsa,13.1,16.8,30.0,2123.05,5
2026-05-14,Unknown,36.3,19.72,,1214.23,5
2026-05-15,Agra,19.19,27.0,41.5,153.75,1
2026-05-15,Ambala,23.34,30.74,62.0,1261.53,5
2026-05-15,Amritsar,,22.7,60.5,745.46,4
2026-05-15,Bareilly,46.1,22.64,71.5,1253.54,3
2026-05-15,Bathinda,37.22,36.02,46.0,146.35,1
2026-05-15,Fatehabad,10.9,29.65,77.0,1605.06,6
2026-05-15,Ferozepur,24.6,27.97,64.25,920.02,3
2026-05-15,Hisar,20.01,28.83,72.33,633.49,3
2026-05-15,Jalandhar,23.42,26.92,60.0,20.14,2
2026-05-15,Karnal,27.47,26.76,67.5,1738.59,8
2026-05-15,Kurukshetra,24.3,28.34,48.5,1022.92,5
2026-05-15,Ludhiana,16.57,24.83,69.67,931.17,5
2026-05-15,Meerut,14.24,29.53,64.67,491.63,2
2026-05-15,Muzaffarnagar,33.0,30.85,44.5,97.69,2
2026-05-15,Patiala,22.73,27.0,39.0,2078.04,8
2026-05-15,Saharanpur,27.58,26.14,80.0,1811.78,6
2026-05-15,Sirsa,26.75,22.46,53.0,1196.46,5
2026-05-15,Unknown,10.7,31.3,36.0,1616.44,7
2026-05-16,Agra,7.72,25.06,39.0,1981.23,9
2026-05-16,Ambala,34.9,20.4,63.67,754.56,4
2026-05-16,Amritsar,21.79,36.56,62.67,2191.41,9
2026-05-16,Bareilly,21.02,30.66,41.67,1178.05,5
2026-05-16,Bathinda,20.3,29.28,59.0,895.42,5
2026-05-16,Fatehabad,21.9,31.26,52.33,1985.67,8
2026-05-16,Ferozepur,24.0,29.24,55.33,632.34,4
2026-05-16,Hisar,4.4,34.5,49.0,1594.21,5
2026-05-16,Jalandhar,18.8,30.2,73.0,1163.07,4
2026-05-16,Karnal,21.1,25.41,63.4,3123.4,9
2026-05-16,Kurukshetra,27.65,23.6,57.0,1411.16,7
2026-05-16,Ludhiana,30.54,29.74,84.0,924.99,6
2026-05-16,Meerut,20.25,27.72,65.75,1377.9,3
2026-05-16,Moga,36.8,30.0,38.0,215.74,1
2026-05-16,Muzaffarnagar,11.7,25.76,63.0,2138.6,7
2026-05-16,Patiala,14.6,30.26,73.0,2252.21,7
2026-05-16,Saharanpur,28.21,27.65,49.0,1932.39,8
2026-05-16,Sirsa,20.7,28.77,55.67,1700.0,7
2026-05-16,Unknown,27.4,25.22,52.0,2122.86,6
2026-05-17,Agra,36.83,23.4,67.67,340.57,1
2026-05-17,Ambala,30.36,26.76,61.33,1041.0,3
2026-05-17,Amritsar,38.1,31.95,45.5,2349.59,8
2026-05-17,Bareilly,31.45,18.66,63.5,657.65,5
2026-05-17,Bathinda,5.4,27.84,86.0,936.99,3
2026-05-17,Fatehabad,35.75,29.6,74.5,1837.61,5
2026-05-17,Ferozepur,31.96,29.99,67.5,901.15,3
2026-05-17,Hisar,49.5,38.28,81.0,459.19,3
2026-05-17,Jalandhar,27.6,23.57,58.8,1233.36,5
2026-05-17,Karnal,14.88,25.12,41.75,1907.68,6
2026-05-17,Kurukshetra,47.24,24.1,95.0,822.66,7
2026-05-17,Meerut,13.43,28.6,70.6,316.63,1
2026-05-17,Moga,14.13,32.23,65.67,193.68,2
2026-05-17,Muzaffarnagar,45.4,35.78,83.0,1579.74,7
2026-05-17,Patiala,21.24,29.47,52.67,2226.33,8
2026-05-17,Saharanpur,12.86,28.86,58.0,1630.78,5
2026-05-17,Sirsa,30.46,21.3,70.67,1680.01,7
2026-05-17,Unknown,28.35,29.37,83.0,1858.7,8
2026-05-18,Agra,25.88,27.22,77.5,1730.18,7
2026-05-18,Ambala,27.52,21.5,63.75,1194.22,6
2026-05-18,Amritsar,39.17,28.3,79.67,2113.1,7
2026-05-18,Bareilly,31.29,24.7,51.0,2278.54,7
2026-05-18,Bathinda,45.51,26.26,64.0,805.63,2
2026-05-18,Fatehabad,16.65,22.37,54.33,1203.23,5
2026-05-18,Ferozepur,34.35,16.6,60.0,380.66,2
2026-05-18,Hisar,8.49,33.36,68.4,1319.44,9
2026-05-18,Jalandhar,35.15,29.04,80.67,1025.64,5
2026-05-18,Karnal,36.7,37.39,82.0,1222.39,6
2026-05-18,Ludhiana,26.75,30.23,63.0,2853.18,11
2026-05-18,Meerut,30.35,21.14,68.5,919.53,2
2026-05-18,Moga,16.35,32.58,68.5,631.98,3
2026-05-18,Muzaffarnagar,22.77,32.58,60.0,1601.4,4
2026-05-18,Patiala,28.5,15.7,75.0,1678.04,8
2026-05-18,Saharanpur,24.4,27.7,68.0,829.62,8
2026-05-18,Sirsa,12.0,23.6,52.5,1321.21,7
2026-05-18,Unknown,6.6,16.5,67.0,958.09,6
2026-05-19,Agra,33.7,24.09,59.0,1442.9,4
2026-05-19,Ambala,22.2,28.36,67.25,2587.96,9
2026-05-19,Amritsar,33.7,28.87,55.67,2315.43,10
2026-05-19,Bareilly,8.13,37.2,66.0,1406.38,8
2026-05-19,Bathinda,20.28,27.98,73.0,1901.14,6
2026-05-19,Fatehabad,21.32,29.25,70.0,1822.23,7
2026-05-19,Ferozepur,43.8,22.75,57.5,687.11,2
2026-05-19,Hisar,33.87,20.83,37.0,1925.8,6
2026-05-19,Jalandhar,24.03,34.13,74.67,1587.88,5
2026-05-19,Karnal,15.6,32.91,53.67,1796.68,8
2026-05-19,Kurukshetra,,28.72,83.0,2241.47,8
2026-05-19,Ludhiana,37.6,32.39,69.0,2551.39,10
2026-05-19,Meerut,7.77,33.91,61.5,204.59,3
2026-05-19,Moga,29.3,31.16,56.5,926.58,2
2026-05-19,Muzaffarnagar,17.6,25.4,72.5,1811.6,7
2026-05-19,Sirsa,25.2,32.15,73.0,822.31,4
2026-05-19,Unknown,37.6,31.1,94.0,546.23,5
2026-05-20,Agra,25.28,29.0,59.67,1192.31,5
2026-05-20,Ambala,32.51,16.2,40.0,1865.81,8
2026-05-20,Amritsar,10.9,36.2,32.0,632.77,4
2026-05-20,Bareilly,23.02,27.34,60.2,1120.48,5
2026-05-20,Fatehabad,9.2,29.57,59.0,708.59,2
2026-05-20,Ferozepur,44.9,20.0,31.0,851.99,3
2026-05-20,Hisar,24.89,30.76,72.5,1729.56,8
2026-05-20,Jalandhar,8.7,20.61,79.0,552.98,3
2026-05-20,Karnal,35.94,29.87,60.0,4647.77,14
2026-05-20,Kurukshetra,22.65,26.9,66.0,1777.75,7
2026-05-20,Ludhiana,26.66,23.3,47.0,1726.41,6
2026-05-20,Meerut,13.21,31.9,63.0,683.51,4
2026-05-20,Saharanpur,20.7,29.36,55.67,903.71,5
2026-05-20,Unknown,45.8,22.64,76.33,2114.37,8
2026-05-21,Agra,20.93,29.47,64.0,1317.26,5
2026-05-21,Ambala,9.4,22.39,89.0,1040.59,5
2026-05-21,Amritsar,32.8,20.78,74.0,1654.56,6
2026-05-21,Bareilly,30.6,22.96,70.0,1117.49,5
2026-05-21,Bathinda,29.9,31.89,77.0,430.86,2
2026-05-21,Fatehabad,46.5,34.7,77.0,644.78,4
2026-05-21,Ferozepur,48.4,22.0,52.5,915.5,3
2026-05-21,Hisar,34.1,24.44,34.0,1042.36,4
2026-05-21,Karnal,15.85,24.46,61.0,1260.88,5
2026-05-21,Kurukshetra,15.97,26.97,79.67,2614.44,7
2026-05-21,Ludhiana,37.69,25.14,73.0,2119.27,6
2026-05-21,Meerut,,18.65,61.0,809.8,2
2026-05-21,Moga,22.75,33.36,80.0,649.14,3
2026-05-21,Muzaffarnagar,33.87,26.3,62.8,359.52,2
2026-05-21,Patiala,29.05,31.7,76.0,1292.4,5
2026-05-21,Saharanpur,3.3,25.1,76.0,874.34,4
2026-05-21,Sirsa,26.28,26.08,55.25,1107.22,3
2026-05-21,Unknown,11.7,30.57,67.67,1360.8,5
2026-05-22,Agra,45.72,23.1,95.0,1358.97,4
2026-05-22,Ambala,34.81,19.05,85.0,2411.9,7
2026-05-22,Amritsar,29.46,30.59,49.5,2078.08,8
2026-05-22,Bareilly,38.45,35.81,76.5,912.92,8
2026-05-22,Bathinda,24.74,25.62,71.75,1262.74,6
2026-05-22,Fatehabad,15.28,31.07,85.33,743.02,3
2026-05-22,Ferozepur,10.07,21.07,77.0,501.2,2
2026-05-22,Hisar,0.7,27.9,76.0,1243.7,5
2026-05-22,Jalandhar,12.9,24.14,72.2,3065.16,8
2026-05-22,Karnal,4.83,23.6,63.0,1724.61,6
2026-05-22,Kurukshetra,27.69,29.0,88.0,265.46,2
2026-05-22,Ludhiana,,19.8,72.0,956.52,5
2026-05-22,Meerut,35.34,24.82,88.0,426.84,2
2026-05-22,Moga,34.9,35.9,,619.6,5
2026-05-22,Muzaffarnagar,45.08,33.14,64.0,2559.25,8
2026-05-22,Patiala,43.6,28.3,60.0,1342.03,6
2026-05-22,Saharanpur,21.78,23.87,65.5,2298.71,8
2026-05-22,Sirsa,25.3,33.24,66.67,1020.0,7
2026-05-22,Unknown,19.5,21.56,67.0,1318.05,9
2026-05-23,Agra,35.09,27.31,62.33,118.03,1
2026-05-23,Ambala,33.93,23.62,64.6,706.36,2
2026-05-23,Amritsar,25.76,29.8,61.33,1798.54,6
2026-05-23,Bareilly,30.45,29.5,77.5,497.9,5
2026-05-23,Bathinda,9.65,21.7,58.33,320.77,2
2026-05-23,Fatehabad,26.44,28.12,55.75,826.57,5
2026-05-23,Ferozepur,38.96,28.34,76.6,369.84,1
2026-05-23,Jalandhar,24.75,28.5,62.25,812.24,3
2026-05-23,Karnal,36.9,29.8,45.5,1408.61,5
2026-05-23,Kurukshetra,,34.7,34.0,543.13,4
2026-05-23,Ludhiana,28.73,30.62,62.5,931.52,3
2026-05-23,Meerut,24.6,32.37,58.0,800.87,2
2026-05-23,Moga,12.1,32.98,50.75,1644.34,6
2026-05-23,Saharanpur,25.97,25.0,70.0,2721.42,8
2026-05-23,Sirsa,39.1,25.94,72.5,1031.91,5
2026-05-23,Unknown,31.9,30.06,60.5,1242.26,6
2026-05-24,Agra,33.65,24.26,67.33,113.86,1
2026-05-24,Ambala,,34.61,50.0,1454.25,3
2026-05-24,Amritsar,13.4,23.96,71.0,938.6,4
2026-05-24,Bareilly,35.3,36.8,39.0,1509.6,7
2026-05-24,Bathinda,9.91,20.61,60.5,1047.47,4
2026-05-24,Fatehabad,21.8,18.15,67.5,1282.86,5
2026-05-24,Ferozepur,27.07,25.33,47.67,465.52,2
2026-05-24,Hisar,30.26,24.62,68.8,1099.79,6
2026-05-24,Jalandhar,33.2,34.93,65.5,1219.22,5
2026-05-24,Karnal,28.87,21.96,55.33,1894.46,9
2026-05-24,Kurukshetra,36.05,29.53,67.67,1653.69,5
2026-05-24,Ludhiana,21.44,25.03,54.67,2742.29,9
2026-05-24,Meerut,15.39,29.22,60.6,1290.29,3
2026-05-24,Moga,34.15,19.87,69.0,767.28,3
2026-05-24,Muzaffarnagar,49.78,15.8,92.0,853.44,6
2026-05-24,Patiala,40.39,25.56,76.33,1633.61,6
2026-05-24,Saharanpur,15.8,25.9,40.0,544.49,2
2026-05-24,Sirsa,45.72,25.4,69.0,833.8,2
2026-05-24,Unknown,26.31,23.56,78.67,1104.84,3
2026-05-25,Agra,31.8,22.0,83.0,699.01,4
2026-05-25,Ambala,25.75,25.62,66.67,462.05,3
2026-05-25,Amritsar,31.1,25.15,46.0,864.06,4
2026-05-25,Bareilly,29.4,27.71,64.5,3177.26,10
2026-05-25,Bathinda,24.47,24.02,73.0,548.45,2
2026-05-25,Fatehabad,25.36,25.14,61.75,358.59,1
2026-05-25,Ferozepur,15.1,32.5,75.0,583.65,2
2026-05-25,Hisar,38.45,24.92,68.4,981.18,3
2026-05-25,Jalandhar,0.7,24.7,61.5,531.79,2
2026-05-25,Karnal,21.7,34.79,44.0,272.6,2
2026-05-25,Kurukshetra,13.55,30.78,41.67,1315.65,6
2026-05-25,Ludhiana,31.61,31.84,54.67,2926.93,11
2026-05-25,Moga,16.03,36.25,42.5,203.97,1
2026-05-25,Muzaffarnagar,21.6,32.9,82.0,2203.47,9
2026-05-25,Patiala,30.7,28.3,73.5,1647.15,7
2026-05-25,Saharanpur,30.73,37.39,50.0,302.8,2
2026-05-25,Sirsa,14.48,26.15,74.0,1637.61,5
2026-05-26,Agra,23.67,22.61,54.57,388.86,2
2026-05-26,Ambala,19.92,26.7,44.5,658.73,3
2026-05-26,Amritsar,20.87,22.36,39.67,1863.86,6
2026-05-26,Bareilly,45.97,32.4,51.0,1964.1,6
2026-05-26,Bathinda,7.3,22.44,77.5,327.7,1
2026-05-26,Fatehabad,6.6,28.2,38.0,1558.43,7
2026-05-26,Ferozepur,16.0,29.07,70.33,89.74,1
2026-05-26,Hisar,29.74,28.28,58.5,1092.03,3
2026-05-26,Jalandhar,21.51,28.07,42.0,1506.11,7
2026-05-26,Karnal,26.5,20.3,60.0,1562.62,6
2026-05-26,Kurukshetra,22.99,29.9,,1215.38,5
2026-05-26,Ludhiana,28.86,27.55,46.4,2957.43,10
2026-05-26,Meerut,8.9,22.95,93.0,855.76,3
2026-05-26,Moga,34.4,31.4,71.0,581.52,2
2026-05-26,Muzaffarnagar,25.87,30.03,69.67,1803.99,9
2026-05-26,Patiala,30.3,21.5,78.0,1900.68,9
2026-05-26,Saharanpur,,36.9,54.0,1737.87,10
2026-05-26,Sirsa,17.78,25.6,45.0,1522.72,5
2026-05-26,Unknown,14.26,28.73,72.0,1535.02,8
2026-05-27,Agra,15.28,31.9,37.5,688.0,4
2026-05-27,Ambala,24.16,25.16,59.0,2323.12,10
2026-05-27,Amritsar,18.56,37.44,48.5,1927.45,8
2026-05-27,Bareilly,24.52,36.24,50.5,1542.45,6
2026-05-27,Bathinda,32.69,27.87,66.67,324.33,2
2026-05-27,Fatehabad,23.66,26.66,71.75,1044.26,4
2026-05-27,Ferozepur,24.14,23.33,68.71,982.23,4
2026-05-27,Hisar,35.3,28.1,41.0,460.91,1
2026-05-27,Jalandhar,26.15,28.46,52.8,1518.05,5
2026-05-27,Karnal,27.3,25.02,59.17,970.89,6
2026-05-27,Kurukshetra,43.5,28.25,,2573.74,10
2026-05-27,Ludhiana,29.2,28.14,68.25,867.58,4
2026-05-27,Meerut,3.5,36.22,72.0,331.69,1
2026-05-27,Moga,25.47,28.87,82.0,771.96,2
2026-05-27,Muzaffarnagar,41.4,22.25,68.0,2743.71,10
2026-05-27,Patiala,13.72,23.9,,3187.87,10
2026-05-27,Saharanpur,5.1,26.9,90.0,1403.95,5
2026-05-27,Sirsa,7.87,32.4,75.67,1431.46,8
2026-05-27,Unknown,28.0,18.9,58.5,2434.6,8
2026-05-28,Agra,18.69,21.67,70.67,287.64,3
2026-05-28,Ambala,43.1,18.11,56.0,611.97,2
2026-05-28,Amritsar,19.92,21.54,39.6,961.09,5
2026-05-28,Bareilly,27.95,24.67,75.33,1513.29,6
2026-05-28,Bathinda,6.9,18.56,84.0,742.19,2
2026-05-28,Fatehabad,26.72,22.22,60.8,1322.64,6
2026-05-28,Ferozepur,21.33,26.78,63.0,745.84,4
2026-05-28,Hisar,14.82,31.65,53.75,1106.51,3
2026-05-28,Jalandhar,31.14,35.6,66.5,763.21,2
2026-05-28,Karnal,35.31,26.9,78.0,505.28,3
2026-05-28,Kurukshetra,,21.09,67.0,1319.41,5
2026-05-28,Ludhiana,18.51,21.45,72.25,2028.87,8
2026-05-28,Meerut,,35.6,54.0,41.12,1
2026-05-28,Moga,29.46,32.87,75.33,1212.57,3
2026-05-28,Muzaffarnagar,21.1,24.3,30.0,1500.54,7
2026-05-28,Patiala,26.51,30.33,54.33,1160.14,5
2026-05-28,Saharanpur,20.2,31.8,52.0,2423.36,9
2026-05-28,Sirsa,33.1,25.74,79.75,1088.7,5
2026-05-28,Unknown,42.23,32.94,72.0,1503.85,8
2026-05-29,Agra,8.36,25.44,47.0,962.07,4
2026-05-29,Ambala,16.14,32.74,71.0,1568.38,6
2026-05-29,Amritsar,17.35,31.8,63.5,1349.23,6
2026-05-29,Bathinda,23.22,28.0,66.67,693.41,4
2026-05-29,Fatehabad,25.2,30.7,66.5,493.76,5
2026-05-29,Ferozepur,17.55,26.93,67.5,415.27,2
2026-05-29,Hisar,20.37,23.0,75.0,700.34,3
2026-05-29,Jalandhar,7.4,34.3,,268.89,2
2026-05-29,Karnal,37.61,24.02,57.0,1193.5,7
2026-05-29,Kurukshetra,19.28,25.69,45.0,792.48,4
2026-05-29,Ludhiana,26.8,15.35,92.0,1260.52,6
2026-05-29,Meerut,18.1,28.96,64.0,289.92,1
2026-05-29,Moga,12.8,22.61,52.5,1376.2,5
2026-05-29,Muzaffarnagar,35.0,20.78,73.0,1356.96,5
2026-05-29,Patiala,21.7,24.8,59.75,851.7,3
2026-05-29,Saharanpur,16.37,28.01,62.67,1748.66,9
2026-05-29,Sirsa,38.1,17.24,63.0,230.03,2
2026-05-29,Unknown,33.13,27.27,64.67,1885.27,5
2026-05-30,Agra,10.63,22.33,64.0,654.13,2
2026-05-30,Ambala,26.9,26.17,70.4,1002.48,4
2026-05-30,Amritsar,27.37,33.77,60.67,2691.58,11
2026-05-30,Bareilly,33.59,32.97,56.67,362.54,1
2026-05-30,Bathinda,32.2,32.7,76.5,236.2,1
2026-05-30,Fatehabad,43.3,30.46,93.0,1341.83,6
2026-05-30,Hisar,36.4,30.62,58.0,1760.27,7
2026-05-30,Jalandhar,17.6,30.6,66.0,766.79,4
2026-05-30,Karnal,38.3,27.77,57.0,2319.9,6
2026-05-30,Kurukshetra,21.3,29.4,60.67,522.95,4
2026-05-30,Moga,28.05,24.85,42.5,1165.06,3
2026-05-30,Muzaffarnagar,27.7,34.8,50.0,2011.8,7
2026-05-30,Patiala,3.9,15.0,60.0,72.91,2
2026-05-30,Saharanpur,24.15,28.58,71.4,515.02,3
2026-05-30,Sirsa,44.5,27.14,64.5,1684.55,7
2026-05-30,Unknown,23.2,20.7,43.0,2245.23,9
2026-05-31,Agra,18.8,16.5,40.0,703.31,4
2026-05-31,Ambala,23.37,31.06,77.0,631.29,2
2026-05-31,Amritsar,4.15,32.45,75.0,800.8,4
2026-05-31,Bathinda,38.25,25.68,69.75,718.37,3
2026-05-31,Fatehabad,13.21,29.25,34.0,1604.61,10
2026-05-31,Ferozepur,47.75,29.4,52.0,556.79,3
2026-05-31,Hisar,27.4,21.2,75.0,901.7,3
2026-05-31,Jalandhar,34.47,22.97,54.75,1252.51,7
2026-05-31,Karnal,33.28,26.94,81.0,1264.48,7
2026-05-31,Kurukshetra,28.67,26.43,62.67,778.26,3
2026-05-31,Ludhiana,37.7,30.06,58.0,1212.49,6
2026-05-31,Meerut,23.8,28.0,93.0,67.75,3
2026-05-31,Moga,10.41,36.0,94.0,465.12,3
2026-05-31,Patiala,19.67,29.82,78.75,1773.56,8
2026-05-31,Saharanpur,3.8,21.6,88.0,843.32,3
2026-05-31,Sirsa,17.3,29.86,48.0,1341.08,7
2026-05-31,Unknown,26.45,29.03,61.67,940.31,4
2026-06-01,Agra,26.04,31.29,58.25,1264.82,4
2026-06-01,Ambala,42.16,38.5,75.0,1321.97,6
2026-06-01,Amritsar,37.25,26.13,61.33,2119.39,9
2026-06-01,Bareilly,33.11,31.48,80.0,289.96,5
2026-06-01,Bathinda,35.9,17.8,94.0,2184.11,8
2026-06-01,Fatehabad,24.8,23.7,66.67,1203.42,4
2026-06-01,Ferozepur,13.8,29.22,,2017.0,6
2026-06-01,Hisar,19.19,21.5,56.25,670.69,8
2026-06-01,Jalandhar,13.72,26.25,59.75,380.2,2
2026-06-01,Karnal,,30.22,32.0,956.5,6
2026-06-01,Kurukshetra,19.23,27.75,86.0,827.99,3
2026-06-01,Ludhiana,13.6,33.2,86.0,1916.83,7
2026-06-01,Meerut,18.94,25.6,74.0,433.13,1
2026-06-01,Moga,20.36,26.78,61.25,711.58,4
2026-06-01,Muzaffarnagar,17.82,30.2,59.5,1890.06,9
2026-06-01,Patiala,0.89,30.7,86.5,477.78,3
2026-06-01,Saharanpur,23.37,27.0,71.0,2673.43,10
2026-06-01,Sirsa,19.6,26.4,36.0,1108.91,3
2026-06-01,Unknown,,25.5,,1464.75,8
2026-06-02,Agra,6.73,27.84,68.0,1355.61,5
2026-06-02,Ambala,3.8,22.9,57.0,1782.92,5
2026-06-02,Amritsar,43.0,29.61,53.0,1739.12,8
2026-06-02,Bareilly,20.37,27.66,83.67,532.47,2
2026-06-02,Bathinda,17.55,21.2,56.5,1528.23,4
2026-06-02,Fatehabad,32.72,29.66,59.8,943.61,6
2026-06-02,Ferozepur,29.9,32.73,74.0,626.3,3
2026-06-02,Hisar,22.37,28.63,60.0,1202.78,5
2026-06-02,Jalandhar,21.66,26.01,62.75,1861.66,7
2026-06-02,Karnal,25.5,26.95,54.0,1913.13,8
2026-06-02,Kurukshetra,6.6,30.5,72.5,477.14,3
2026-06-02,Meerut,19.13,26.87,57.67,335.77,2
2026-06-02,Moga,20.84,21.97,62.33,1012.55,6
2026-06-02,Patiala,18.9,30.1,55.0,2194.46,11
2026-06-02,Saharanpur,,29.0,94.0,1220.36,4
2026-06-02,Sirsa,48.1,27.3,39.0,2387.79,9
2026-06-02,Unknown,20.9,31.72,37.0,2336.36,10
2026-06-03,Agra,25.19,26.7,43.5,794.48,2
2026-06-03,Ambala,31.5,25.48,68.33,1220.54,5
2026-06-03,Amritsar,41.4,28.47,54.67,327.97,2
2026-06-03,Bareilly,27.15,21.83,46.0,1621.98,6
2026-06-03,Bathinda,30.8,15.9,60.0,394.57,5
2026-06-03,Fatehabad,36.07,26.55,63.75,457.98,3
2026-06-03,Ferozepur,39.65,28.67,63.5,457.19,3
2026-06-03,Hisar,34.51,23.2,68.25,1678.48,6
2026-06-03,Jalandhar,20.01,21.5,70.0,1532.28,5
2026-06-03,Karnal,27.69,24.9,48.0,2051.87,9
2026-06-03,Kurukshetra,11.18,25.65,62.5,1395.51,7
2026-06-03,Ludhiana,13.67,28.67,60.0,3185.94,11
2026-06-03,Meerut,18.2,28.7,68.75,257.73,1
2026-06-03,Moga,30.33,24.98,65.14,1447.45,4
2026-06-03,Muzaffarnagar,11.6,26.08,61.67,333.36,2
2026-06-03,Patiala,27.52,33.5,62.67,1420.03,7
2026-06-03,Unknown,38.9,27.34,85.0,2883.6,9
2026-06-04,Agra,8.1,33.8,70.0,475.17,3
2026-06-04,Ambala,31.43,26.97,62.5,701.35,4
2026-06-04,Amritsar,34.79,28.45,75.0,1054.08,6
2026-06-04,Bareilly,3.4,25.1,64.5,2014.14,6
2026-06-04,Bathinda,23.5,24.3,43.0,1972.57,7
2026-06-04,Ferozepur,30.05,27.0,70.67,333.74,2
2026-06-04,Hisar,23.71,31.87,65.2,2233.97,8
2026-06-04,Jalandhar,45.33,29.39,52.5,1167.14,4
2026-06-04,Karnal,29.22,25.13,55.8,3249.72,10
2026-06-04,Ludhiana,30.9,28.67,62.75,2147.74,6
2026-06-04,Moga,38.5,27.8,78.0,471.37,3
2026-06-04,Muzaffarnagar,18.6,22.09,59.5,1762.08,7
2026-06-04,Patiala,28.34,26.0,76.0,2145.7,9
2026-06-04,Saharanpur,20.7,28.5,55.0,1004.2,3
2026-06-04,Sirsa,22.7,29.3,55.0,922.17,6
2026-06-04,Unknown,20.81,23.86,60.17,2463.74,10
2026-06-05,Ambala,29.5,24.13,60.8,1240.59,4
2026-06-05,Amritsar,24.38,39.7,50.0,605.42,3
2026-06-05,Bareilly,18.9,17.39,44.0,795.56,4
2026-06-05,Bathinda,21.12,31.54,48.0,692.13,3
2026-06-05,Fatehabad,21.33,25.6,72.33,1228.1,4
2026-06-05,Ferozepur,32.75,31.3,74.5,1627.37,5
2026-06-05,Hisar,35.36,24.72,55.67,1015.64,5
2026-06-05,Jalandhar,28.58,31.13,36.0,1309.42,4
2026-06-05,Karnal,43.9,26.64,61.0,2636.38,8
2026-06-05,Kurukshetra,35.11,16.25,66.0,531.77,3
2026-06-05,Ludhiana,35.1,31.64,65.8,841.18,4
2026-06-05,Moga,27.52,26.55,64.5,357.64,3
2026-06-05,Muzaffarnagar,30.61,24.72,64.0,1768.08,5
2026-06-05,Patiala,42.8,25.85,55.0,2246.25,11
2026-06-05,Saharanpur,23.37,19.32,52.0,1026.1,5
2026-06-05,Unknown,25.17,22.97,52.0,472.92,1
2026-06-06,Agra,21.43,22.99,54.67,413.26,4
2026-06-06,Ambala,18.15,28.29,61.0,1098.04,4
2026-06-06,Amritsar,4.7,34.4,62.0,2389.18,10
2026-06-06,Bareilly,15.41,20.5,61.0,1160.2,5
2026-06-06,Bathinda,41.4,26.3,67.5,184.51,1
2026-06-06,Fatehabad,19.85,29.18,42.33,2047.17,7
2026-06-06,Hisar,26.93,30.74,59.33,867.62,5
2026-06-06,Jalandhar,27.34,28.98,72.5,1155.21,5
2026-06-06,Karnal,18.4,15.1,73.0,1531.92,7
2026-06-06,Kurukshetra,32.82,32.3,44.0,2551.99,8
2026-06-06,Ludhiana,22.75,26.84,45.0,1696.13,8
2026-06-06,Meerut,48.45,30.92,47.75,489.35,2
2026-06-06,Moga,29.2,25.64,64.57,1165.6,5
2026-06-06,Muzaffarnagar,,31.6,53.0,1493.73,6
2026-06-06,Patiala,36.65,24.44,47.0,2998.26,13
2026-06-06,Saharanpur,43.0,19.5,64.0,1436.4,7
2026-06-06,Sirsa,42.42,38.66,70.5,1474.74,7
2026-06-06,Unknown,22.4,35.2,71.0,1740.11,8
2026-06-07,Agra,34.35,19.4,69.67,1293.47,3
2026-06-07,Ambala,23.7,30.45,59.5,1559.57,5
2026-06-07,Amritsar,26.52,32.09,50.5,2488.39,8
2026-06-07,Bareilly,30.25,21.52,61.75,1975.59,6
2026-06-07,Bathinda,20.87,28.27,48.25,838.63,5
2026-06-07,Fatehabad,,29.4,82.0,2115.99,7
2026-06-07,Ferozepur,13.72,29.36,62.5,17.42,2
2026-06-07,Hisar,19.23,25.08,55.25,1707.54,6
2026-06-07,Jalandhar,47.5,24.78,,460.38,2
2026-06-07,Karnal,38.6,31.59,58.0,1907.28,11
2026-06-07,Kurukshetra,21.2,26.5,62.0,1394.9,7
2026-06-07,Ludhiana,30.8,21.7,89.0,650.47,4
2026-06-07,Meerut,21.62,19.13,77.75,150.35,1
2026-06-07,Moga,37.63,21.97,39.0,1775.51,5
2026-06-07,Muzaffarnagar,,35.2,73.0,1582.38,7
2026-06-07,Patiala,20.05,29.95,86.0,3037.68,13
2026-06-07,Saharanpur,17.35,26.0,90.5,1589.95,4
2026-06-07,Sirsa,12.42,21.65,49.5,904.56,4
2026-06-07,Unknown,26.4,34.9,65.0,1448.97,7
2026-06-08,Ambala,19.87,32.3,64.67,1628.14,7
2026-06-08,Amritsar,32.81,20.77,60.67,1695.66,7
2026-06-08,Bareilly,16.24,22.28,61.25,845.03,4
2026-06-08,Bathinda,,27.1,56.0,1559.99,6
2026-06-08,Fatehabad,20.77,23.19,52.0,1014.63,5
2026-06-08,Ferozepur,25.72,29.65,58.8,933.99,3
2026-06-08,Hisar,18.16,27.24,61.8,1364.58,7
2026-06-08,Jalandhar,19.73,28.4,81.25,1486.88,8
2026-06-08,Karnal,35.0,30.07,61.0,3437.12,13
2026-06-08,Kurukshetra,21.07,32.1,38.67,2541.91,10
2026-06-08,Ludhiana,27.3,18.78,63.0,2237.91,8
2026-06-08,Moga,,21.0,66.5,44.7,2
2026-06-08,Patiala,25.9,33.1,44.0,804.02,5
2026-06-08,Saharanpur,35.32,24.78,74.25,2561.53,8
2026-06-08,Sirsa,20.81,30.0,61.0,1393.48,5
2026-06-08,Unknown,13.82,30.78,63.75,1132.52,6
2026-06-09,Agra,6.1,22.91,59.0,612.19,2
2026-06-09,Ambala,26.13,31.98,54.5,1837.65,6
2026-06-09,Amritsar,19.32,31.17,57.33,2718.82,11
2026-06-09,Bareilly,17.35,23.13,67.0,340.17,1
2026-06-09,Bathinda,26.74,39.3,49.0,636.82,2
2026-06-09,Fatehabad,20.65,27.05,91.0,1489.65,5
2026-06-09,Ferozepur,24.86,23.32,62.67,581.86,2
2026-06-09,Hisar,7.62,22.7,46.0,716.5,3
2026-06-09,Jalandhar,4.23,15.06,81.0,1772.58,6
2026-06-09,Karnal,18.6,31.8,61.4,731.69,5
2026-06-09,Kurukshetra,,29.34,69.0,611.23,4
2026-06-09,Ludhiana,30.77,31.34,60.5,803.47,4
2026-06-09,Moga,32.18,30.68,79.25,607.44,3
2026-06-09,Muzaffarnagar,18.21,24.56,81.0,1097.52,6
2026-06-09,Patiala,25.58,22.7,62.0,673.0,3
2026-06-09,Sirsa,28.28,23.92,69.0,1349.71,6
2026-06-09,Unknown,20.15,22.45,86.5,2589.5,10
2026-06-10,Agra,25.12,25.57,73.67,723.48,3
2026-06-10,Ambala,23.55,27.9,68.67,806.18,3
2026-06-10,Amritsar,35.81,23.9,79.0,2301.88,10
2026-06-10,Bareilly,19.65,31.95,42.5,961.25,4
2026-06-10,Bathinda,47.6,33.8,70.5,765.23,3
2026-06-10,Fatehabad,17.43,19.47,66.5,1849.7,7
2026-06-10,Ferozepur,11.71,25.94,72.5,1277.06,6
2026-06-10,Hisar,13.88,24.1,40.33,1250.02,3
2026-06-10,Jalandhar,,38.9,57.0,177.94,1
2026-06-10,Kurukshetra,28.4,27.81,69.0,645.27,4
2026-06-10,Ludhiana,30.48,35.43,73.0,1353.98,5
2026-06-10,Meerut,15.49,28.5,75.0,241.21,1
2026-06-10,Moga,36.58,26.5,38.0,1068.33,5
2026-06-10,Muzaffarnagar,16.94,29.04,56.75,1525.92,7
2026-06-10,Patiala,18.7,23.24,77.5,2012.06,9
2026-06-10,Sirsa,41.91,22.9,61.5,1072.0,4
2026-06-10,Unknown,27.77,26.03,72.67,1470.51,7
2026-06-11,Agra,22.12,27.47,68.33,811.31,4
2026-06-11,Ambala,22.97,29.03,76.0,664.8,4
2026-06-11,Amritsar,33.5,18.55,63.0,2615.54,9
2026-06-11,Bareilly,30.04,28.75,68.0,2123.56,6
2026-06-11,Bathinda,25.75,20.83,44.0,849.17,4
2026-06-11,Fatehabad,35.03,26.55,61.0,329.33,2
2026-06-11,Ferozepur,18.44,24.7,72.0,761.14,2
2026-06-11,Hisar,14.7,23.11,71.33,611.35,2
2026-06-11,Jalandhar,14.27,32.68,47.25,153.59,1
2026-06-11,Karnal,20.62,28.39,59.8,939.83,4
2026-06-11,Kurukshetra,30.17,36.47,47.33,455.79,1
2026-06-11,Ludhiana,41.16,28.44,56.4,1835.86,10
2026-06-11,Moga,20.33,30.78,59.4,474.27,2
2026-06-11,Muzaffarnagar,48.5,26.7,85.0,1380.12,4
2026-06-11,Patiala,30.3,16.54,81.5,2212.47,9
2026-06-11,Saharanpur,18.95,22.59,72.0,1513.29,6
2026-06-11,Sirsa,22.61,35.15,68.5,576.97,2
2026-06-11,Unknown,9.9,29.39,52.5,1267.87,5
2026-06-12,Agra,28.14,26.54,69.0,681.63,3
2026-06-12,Ambala,20.42,25.03,62.67,1617.23,7
2026-06-12,Amritsar,24.35,24.05,65.5,1218.39,6
2026-06-12,Bareilly,22.8,29.1,62.8,1179.68,5
2026-06-12,Bathinda,29.84,27.0,56.2,321.42,3
2026-06-12,Fatehabad,17.9,25.2,49.0,661.62,2
2026-06-12,Ferozepur,20.27,21.13,56.0,465.66,1
2026-06-12,Hisar,17.35,26.85,42.0,1159.93,5
2026-06-12,Jalandhar,20.63,30.5,52.67,933.41,4
2026-06-12,Karnal,17.16,21.37,57.0,937.57,4
2026-06-12,Kurukshetra,36.79,18.83,76.67,249.66,2
2026-06-12,Ludhiana,35.9,33.28,43.0,1816.49,8
2026-06-12,Meerut,44.83,23.22,59.5,166.51,1
2026-06-12,Moga,29.97,26.13,44.5,471.0,2
2026-06-12,Muzaffarnagar,42.1,34.1,,731.14,2
2026-06-12,Patiala,10.8,25.34,72.5,1685.1,6
2026-06-12,Saharanpur,36.62,30.32,59.0,1216.58,8
2026-06-12,Sirsa,32.77,39.22,49.0,2224.55,8
2026-06-12,Unknown,43.75,35.0,51.5,2406.95,8
2026-06-13,Agra,33.37,26.83,57.33,1142.89,4
2026-06-13,Ambala,9.14,31.0,57.0,1302.26,4
2026-06-13,Amritsar,,19.8,36.0,1218.86,4
2026-06-13,Bareilly,17.13,22.51,61.5,1869.58,6
2026-06-13,Bathinda,30.1,28.11,63.0,1270.95,3
2026-06-13,Fatehabad,32.18,28.68,62.0,1290.84,6
2026-06-13,Ferozepur,30.37,28.29,59.86,852.53,7
2026-06-13,Hisar,23.01,23.78,59.5,603.06,2
2026-06-13,Karnal,13.45,21.54,89.0,1104.78,8
2026-06-13,Kurukshetra,18.9,33.11,83.0,425.43,3
2026-06-13,Ludhiana,25.8,31.25,57.0,2758.36,12
2026-06-13,Meerut,30.0,32.2,89.0,21.18,2
2026-06-13,Moga,29.9,30.33,49.67,158.03,2
2026-06-13,Muzaffarnagar,47.24,16.61,69.0,1318.39,5
2026-06-13,Patiala,28.96,20.78,66.0,942.72,5
2026-06-13,Saharanpur,35.09,26.9,79.0,1750.48,6
2026-06-13,Sirsa,,19.9,79.0,1090.43,5
2026-06-13,Unknown,3.8,18.9,42.0,2883.26,11
2026-06-14,Agra,33.19,27.59,71.0,941.5,5
2026-06-14,Ambala,23.12,23.29,68.0,456.34,4
2026-06-14,Amritsar,20.7,30.1,44.0,514.77,2
2026-06-14,Bareilly,43.4,23.78,51.0,431.6,3
2026-06-14,Bathinda,35.03,26.9,68.2,671.47,2
2026-06-14,Fatehabad,28.29,27.26,41.0,816.08,3
2026-06-14,Ferozepur,23.73,29.98,68.5,566.81,3
2026-06-14,Hisar,7.6,35.61,53.0,2375.35,8
2026-06-14,Jalandhar,21.15,26.8,70.5,550.59,2
2026-06-14,Karnal,23.9,28.96,44.5,1551.93,5
2026-06-14,Kurukshetra,42.2,24.1,41.0,759.46,6
2026-06-14,Ludhiana,30.2,34.1,53.67,579.8,3
2026-06-14,Moga,22.6,25.36,67.6,2261.14,8
2026-06-14,Muzaffarnagar,18.5,26.46,71.33,449.31,5
2026-06-14,Patiala,,27.63,69.5,3248.59,12
2026-06-14,Saharanpur,5.0,17.1,46.0,2106.03,6
2026-06-14,Sirsa,25.68,25.62,72.0,69.08,1
2026-06-14,Unknown,11.58,23.84,63.0,916.7,3
2026-06-15,Agra,23.66,25.48,56.5,1143.96,5
2026-06-15,Ambala,6.55,24.3,68.5,1618.52,8
2026-06-15,Amritsar,15.63,28.04,56.75,2178.36,8
2026-06-15,Bareilly,33.62,26.52,56.8,1900.59,7
2026-06-15,Bathinda,26.15,31.89,76.0,333.92,2
2026-06-15,Fatehabad,39.29,27.84,61.0,0.0,1
2026-06-15,Ferozepur,21.81,19.76,48.5,945.38,3
2026-06-15,Hisar,0.3,24.3,85.0,1648.97,5
2026-06-15,Jalandhar,18.2,31.54,71.0,870.34,4
2026-06-15,Karnal,,22.95,34.0,1492.33,8
2026-06-15,Kurukshetra,39.46,27.88,54.0,352.9,2
2026-06-15,Ludhiana,21.15,29.17,59.0,1157.86,5
2026-06-15,Meerut,24.38,26.77,60.0,1033.98,3
2026-06-15,Moga,30.16,19.96,81.0,1318.98,5
2026-06-15,Muzaffarnagar,40.0,26.28,88.0,1480.04,6
2026-06-15,Patiala,15.4,39.89,,1295.07,7
2026-06-15,Saharanpur,34.5,29.0,74.0,1811.26,7
2026-06-15,Sirsa,3.15,29.45,41.33,1448.39,5
2026-06-15,Unknown,12.7,32.33,84.67,1845.62,7
2026-06-16,Agra,23.09,30.5,88.0,331.71,1
2026-06-16,Ambala,31.53,28.9,50.5,1515.17,5
2026-06-16,Amritsar,24.88,32.78,48.25,1968.85,8
2026-06-16,Bareilly,28.4,29.29,46.0,2173.95,9
2026-06-16,Bathinda,40.05,20.44,51.5,164.58,1
2026-06-16,Fatehabad,13.88,29.7,78.67,292.32,1
2026-06-16,Hisar,15.24,38.5,30.0,1196.72,4
2026-06-16,Jalandhar,3.6,36.1,46.0,465.95,3
2026-06-16,Karnal,16.23,24.12,56.6,2026.76,7
2026-06-16,Kurukshetra,14.65,25.8,78.0,538.14,2
2026-06-16,Ludhiana,22.45,19.92,64.67,2415.4,11
2026-06-16,Moga,32.25,31.41,43.5,998.19,4
2026-06-16,Muzaffarnagar,32.2,35.28,,2428.78,8
2026-06-16,Patiala,20.25,33.88,61.75,2039.07,7
2026-06-16,Saharanpur,22.9,31.13,61.25,28.14,1
2026-06-16,Sirsa,24.2,18.95,,1143.65,4
2026-06-17,Agra,,19.11,,1461.27,5
2026-06-17,Ambala,10.25,32.3,59.0,2997.57,14
2026-06-17,Bareilly,0.51,28.57,60.0,1085.8,7
2026-06-17,Bathinda,35.05,22.25,65.0,341.34,2
2026-06-17,Fatehabad,21.9,31.3,68.5,781.35,3
2026-06-17,Ferozepur,24.95,26.0,46.67,296.18,1
2026-06-17,Hisar,40.4,26.89,,1090.83,3
2026-06-17,Jalandhar,17.53,29.39,70.75,607.84,2
2026-06-17,Karnal,33.24,24.93,66.0,1397.93,6
2026-06-17,Kurukshetra,25.73,28.08,84.0,2236.8,7
2026-06-17,Ludhiana,9.14,30.24,36.25,1811.62,8
2026-06-17,Meerut,34.72,29.23,55.67,604.31,2
2026-06-17,Moga,22.8,29.53,54.0,582.66,3
2026-06-17,Muzaffarnagar,28.83,23.8,64.5,1391.11,6
2026-06-17,Patiala,43.3,25.1,69.0,2621.9,9
2026-06-17,Saharanpur,17.8,28.06,63.33,2251.98,9
2026-06-18,Agra,22.96,27.62,69.14,874.6,2
2026-06-18,Ambala,25.65,29.17,74.33,601.13,5
2026-06-18,Amritsar,42.43,23.38,76.25,1137.12,8
2026-06-18,Bareilly,33.5,32.77,44.33,2108.57,7
2026-06-18,Bathinda,29.0,24.22,85.0,1188.14,4
2026-06-18,Fatehabad,28.25,21.76,64.25,186.91,1
2026-06-18,Ferozepur,41.36,24.4,72.33,487.16,2
2026-06-18,Hisar,25.6,27.95,90.0,733.99,1
2026-06-18,Jalandhar,6.7,36.3,69.0,690.21,5
2026-06-18,Karnal,17.1,20.2,50.0,3058.6,12
2026-06-18,Kurukshetra,22.4,29.1,73.5,1109.87,5
2026-06-18,Ludhiana,47.0,27.34,66.0,1105.5,5
2026-06-18,Moga,25.38,26.05,59.5,1379.68,7
2026-06-18,Muzaffarnagar,,23.7,63.0,1164.3,7
2026-06-18,Patiala,34.85,17.31,32.0,1645.84,10
2026-06-18,Saharanpur,19.04,17.88,39.0,517.1,3
2026-06-18,Sirsa,24.42,23.9,44.0,2253.41,8
2026-06-18,Unknown,16.19,25.95,53.83,860.79,4
2026-06-19,Agra,21.84,32.61,69.0,483.68,1
2026-06-19,Ambala,16.19,31.45,80.5,1873.94,9
2026-06-19,Amritsar,31.6,25.63,70.67,1862.57,8
2026-06-19,Bareilly,25.55,28.55,44.5,1879.05,6
2026-06-19,Bathinda,19.8,27.77,52.0,1044.14,3
2026-06-19,Fatehabad,29.0,28.95,70.0,2199.93,7
2026-06-19,Ferozepur,22.02,22.5,67.6,526.11,3
2026-06-19,Hisar,40.96,24.66,73.4,1737.19,10
2026-06-19,Jalandhar,,37.5,54.0,1206.89,5
2026-06-19,Karnal,8.38,23.4,37.0,1723.29,7
2026-06-19,Kurukshetra,24.94,26.32,80.0,806.32,3
2026-06-19,Ludhiana,20.89,32.41,58.5,1190.59,5
2026-06-19,Meerut,35.2,33.5,32.0,427.71,3
2026-06-19,Moga,26.14,23.98,58.2,1115.03,4
2026-06-19,Muzaffarnagar,25.91,28.85,84.0,2522.0,9
2026-06-19,Patiala,28.57,22.63,40.0,809.75,6
2026-06-19,Saharanpur,23.56,27.68,74.5,1368.45,8
2026-06-19,Sirsa,23.1,24.77,75.67,1754.79,6
2026-06-19,Unknown,13.81,24.87,37.0,1586.14,8
2026-06-20,Agra,29.53,26.92,76.0,341.77,1
2026-06-20,Ambala,44.9,37.5,62.0,1888.25,5
2026-06-20,Bareilly,25.05,27.77,62.0,1182.62,6
2026-06-20,Ferozepur,33.83,28.12,47.5,490.51,2
2026-06-20,Hisar,11.52,26.72,57.33,411.7,3
2026-06-20,Jalandhar,22.35,25.11,59.4,1008.04,5
2026-06-20,Karnal,,22.72,87.0,1213.51,4
2026-06-20,Kurukshetra,12.35,33.6,46.0,867.37,3
2026-06-20,Ludhiana,25.33,26.12,66.25,1435.28,6
2026-06-20,Moga,6.45,28.0,58.0,463.47,2
2026-06-20,Saharanpur,8.4,21.5,93.0,2645.08,10
2026-06-20,Sirsa,46.9,29.8,,2291.39,7
2026-06-20,Unknown,25.25,34.95,39.5,2205.24,5
2026-06-21,Agra,34.36,33.56,52.33,1913.63,7
2026-06-21,Ambala,17.54,28.66,72.5,1990.01,8
2026-06-21,Amritsar,28.15,23.89,60.17,318.31,2
2026-06-21,Bareilly,25.0,28.74,36.0,663.19,3
2026-06-21,Bathinda,29.66,33.12,62.75,268.86,2
2026-06-21,Fatehabad,22.9,31.55,55.5,1031.87,4
2026-06-21,Ferozepur,17.39,21.6,76.0,526.96,3
2026-06-21,Jalandhar,27.55,22.95,48.0,1154.22,5
2026-06-21,Karnal,33.93,24.3,84.5,1766.46,10
2026-06-21,Kurukshetra,34.17,26.74,53.25,1844.9,5
2026-06-21,Ludhiana,30.9,24.78,,1433.33,5
2026-06-21,Meerut,23.2,26.15,53.75,579.41,2
2026-06-21,Moga,21.34,29.43,58.67,627.98,3
2026-06-21,Muzaffarnagar,20.83,25.39,57.0,1347.99,6
2026-06-21,Saharanpur,5.08,28.5,41.0,985.42,4
2026-06-21,Sirsa,25.3,22.04,41.0,980.4,4
2026-06-21,Unknown,18.83,25.88,61.25,1275.96,4
2026-06-22,Agra,28.65,25.33,54.0,1819.8,7
2026-06-22,Ambala,12.29,31.44,68.0,441.33,2
2026-06-22,Amritsar,19.82,26.57,50.75,836.92,6
2026-06-22,Bareilly,21.1,28.59,74.5,926.08,4
2026-06-22,Bathinda,26.45,34.99,78.0,488.32,3
2026-06-22,Fatehabad,16.35,24.0,54.0,1002.01,4
2026-06-22,Ferozepur,16.94,25.58,81.0,703.82,2
2026-06-22,Hisar,9.54,24.5,85.25,3346.72,11
2026-06-22,Jalandhar,35.25,21.56,62.33,516.61,3
2026-06-22,Karnal,20.83,24.4,52.0,3578.78,15
2026-06-22,Kurukshetra,28.27,21.22,57.33,1186.71,3
2026-06-22,Ludhiana,26.49,29.28,68.25,2754.0,9
2026-06-22,Meerut,16.7,21.23,68.0,991.11,5
2026-06-22,Moga,14.44,18.03,53.5,592.9,2
2026-06-22,Muzaffarnagar,31.37,24.27,65.33,1409.07,5
2026-06-22,Patiala,10.25,23.57,73.5,4259.48,15
2026-06-22,Saharanpur,33.54,27.84,85.67,994.28,4
2026-06-22,Sirsa,,35.11,36.0,400.62,2
2026-06-22,Unknown,38.2,22.39,,770.23,3
2026-06-23,Agra,21.8,25.46,67.0,365.88,1
2026-06-23,Ambala,1.3,24.3,30.0,2572.45,8
2026-06-23,Amritsar,19.67,33.81,64.67,551.47,3
2026-06-23,Bareilly,25.1,30.45,51.5,2454.06,11
2026-06-23,Bathinda,26.32,31.38,58.25,640.45,4
2026-06-23,Fatehabad,20.68,27.93,65.0,712.2,4
2026-06-23,Ferozepur,25.43,31.39,71.5,1666.97,7
2026-06-23,Hisar,15.7,25.28,76.67,1311.13,5
2026-06-23,Jalandhar,28.06,29.75,61.5,1663.68,7
2026-06-23,Karnal,28.45,26.9,47.5,2612.25,11
2026-06-23,Kurukshetra,16.9,23.0,83.0,768.18,5
2026-06-23,Ludhiana,13.72,27.0,47.0,1283.34,6
2026-06-23,Meerut,27.69,28.03,61.5,365.89,1
2026-06-23,Moga,20.61,28.42,63.67,0.0,1
2026-06-23,Muzaffarnagar,22.39,31.0,58.5,1695.48,9
2026-06-23,Saharanpur,31.18,27.09,59.8,1811.34,7
2026-06-23,Sirsa,0.7,16.4,81.0,1225.73,6
2026-06-23,Unknown,6.9,32.59,45.5,2701.73,7
2026-06-24,Agra,1.8,23.72,34.0,139.02,2
2026-06-24,Ambala,3.2,34.8,85.0,1769.7,7
2026-06-24,Amritsar,14.4,25.3,86.0,2900.02,10
2026-06-24,Bareilly,36.83,29.89,43.0,1063.19,6
2026-06-24,Bathinda,26.95,23.1,67.33,259.72,2
2026-06-24,Fatehabad,39.4,35.5,67.0,555.96,3
2026-06-24,Ferozepur,22.86,26.06,42.0,365.62,3
2026-06-24,Hisar,24.55,26.16,54.5,300.77,2
2026-06-24,Jalandhar,27.77,29.74,54.5,1176.77,5
2026-06-24,Karnal,25.64,33.23,68.33,577.33,2
2026-06-24,Kurukshetra,23.32,28.12,55.75,568.21,4
2026-06-24,Ludhiana,46.12,26.14,58.33,1616.11,8
2026-06-24,Meerut,14.88,24.92,67.0,177.36,1
2026-06-24,Moga,30.27,30.23,56.67,0.0,1
2026-06-24,Muzaffarnagar,9.4,38.7,,1752.66,5
2026-06-24,Sirsa,14.7,28.07,79.33,1123.1,4
2026-06-24,Unknown,24.4,33.37,85.67,1622.34,5
2026-06-25,Agra,29.7,35.2,30.0,1242.51,4
2026-06-25,Ambala,15.5,26.89,67.0,3417.35,11
2026-06-25,Amritsar,37.3,27.8,64.33,1179.45,6
2026-06-25,Bareilly,33.54,24.4,80.67,471.21,4
2026-06-25,Bathinda,24.7,33.66,57.0,782.55,4
2026-06-25,Fatehabad,20.39,27.75,54.33,1057.0,6
2026-06-25,Ferozepur,35.44,32.16,48.6,908.99,3
2026-06-25,Hisar,22.72,33.92,58.4,521.47,3
2026-06-25,Jalandhar,34.5,26.15,78.5,1547.17,5
2026-06-25,Karnal,45.9,20.72,,1609.69,5
2026-06-25,Kurukshetra,21.02,27.4,86.75,1028.18,3
2026-06-25,Ludhiana,29.7,32.6,48.0,1424.35,6
2026-06-25,Meerut,22.62,25.52,58.25,293.1,2
2026-06-25,Moga,20.78,28.97,81.75,576.1,3
2026-06-25,Muzaffarnagar,22.95,23.36,57.0,444.72,3
2026-06-25,Patiala,27.23,28.98,81.0,596.32,4
2026-06-25,Saharanpur,17.95,26.57,57.5,2301.12,10
2026-06-25,Unknown,15.38,22.67,53.86,1323.17,6
2026-06-26,Agra,26.5,21.28,,662.7,3
2026-06-26,Ambala,27.0,26.39,85.5,1534.68,6
2026-06-26,Amritsar,24.1,19.83,69.0,2677.9,10
2026-06-26,Bareilly,25.5,18.1,42.0,1083.31,5
2026-06-26,Bathinda,29.3,21.27,72.0,220.02,2
2026-06-26,Fatehabad,23.75,21.73,62.5,1565.32,7
2026-06-26,Ferozepur,27.07,28.86,53.2,121.17,1
2026-06-26,Hisar,12.78,30.81,57.0,1111.76,5
2026-06-26,Jalandhar,37.32,34.94,54.0,537.77,4
2026-06-26,Karnal,36.4,26.7,77.0,1126.77,3
2026-06-26,Kurukshetra,30.23,15.28,85.0,1813.61,5
2026-06-26,Ludhiana,27.95,21.97,74.0,1434.14,5
2026-06-26,Moga,22.49,34.56,78.33,818.36,4
2026-06-26,Muzaffarnagar,33.4,28.7,72.0,1992.36,8
2026-06-26,Patiala,47.1,32.36,83.0,218.48,2
2026-06-26,Saharanpur,27.18,20.72,,1872.31,6
2026-06-26,Sirsa,10.41,29.61,48.0,4753.42,16
2026-06-26,Unknown,33.6,27.6,57.0,2579.25,10
2026-06-27,Ambala,11.87,23.04,64.2,679.18,3
2026-06-27,Amritsar,34.03,24.99,62.25,570.32,3
2026-06-27,Bareilly,36.9,24.75,87.5,1241.18,4
2026-06-27,Bathinda,31.54,27.8,64.57,1160.2,4
2026-06-27,Fatehabad,28.96,35.94,66.0,2351.17,7
2026-06-27,Ferozepur,28.5,23.15,41.5,1399.37,5
2026-06-27,Hisar,26.37,24.07,72.67,561.91,3
2026-06-27,Jalandhar,28.51,25.26,77.4,558.02,5
2026-06-27,Karnal,14.01,31.1,65.0,3262.68,11
2026-06-27,Kurukshetra,26.65,36.12,57.25,478.25,4
2026-06-27,Ludhiana,,35.85,42.0,1160.4,6
2026-06-27,Meerut,30.69,31.16,40.5,544.51,2
2026-06-27,Moga,27.7,28.07,78.0,466.33,4
2026-06-27,Muzaffarnagar,31.0,35.26,63.0,896.37,4
2026-06-27,Patiala,,36.2,74.0,1625.61,5
2026-06-27,Saharanpur,32.16,28.05,39.5,1507.71,5
2026-06-27,Unknown,8.65,28.34,63.5,2026.68,8
2026-06-28,Agra,35.05,25.11,51.0,1319.48,4
2026-06-28,Ambala,27.65,26.34,55.33,1248.47,4
2026-06-28,Amritsar,29.3,31.03,84.67,1416.62,9
2026-06-28,Bareilly,26.3,34.6,47.0,1301.98,6
2026-06-28,Fatehabad,42.6,24.23,80.67,1780.91,8
2026-06-28,Ferozepur,27.7,35.1,44.0,508.54,2
2026-06-28,Hisar,33.8,23.79,86.0,954.47,5
2026-06-28,Jalandhar,21.37,24.96,73.67,670.05,4
2026-06-28,Karnal,22.69,29.06,59.0,2029.48,8
2026-06-28,Kurukshetra,28.5,31.44,40.0,1958.92,7
2026-06-28,Ludhiana,31.24,29.0,68.0,1251.48,6
2026-06-28,Meerut,24.77,30.11,55.33,421.07,1
2026-06-28,Moga,45.15,20.25,65.0,670.34,2
2026-06-28,Patiala,45.1,32.6,,972.56,5
2026-06-28,Saharanpur,37.28,24.65,65.8,1235.32,4
2026-06-28,Unknown,30.3,18.0,79.0,746.81,4
2026-06-29,Agra,26.37,31.86,59.25,792.34,3
2026-06-29,Ambala,0.3,24.7,46.0,1045.95,5
2026-06-29,Amritsar,18.5,31.12,63.33,402.03,3
2026-06-29,Bathinda,32.0,26.58,39.0,482.28,4
2026-06-29,Fatehabad,10.4,31.08,78.6,2423.93,7
2026-06-29,Ferozepur,12.3,34.0,56.67,650.15,2
2026-06-29,Hisar,28.25,26.4,74.33,272.89,2
2026-06-29,Jalandhar,21.82,29.87,57.5,307.95,1
2026-06-29,Karnal,34.1,31.81,57.5,2002.12,6
2026-06-29,Kurukshetra,14.22,36.4,37.0,1224.63,4
2026-06-29,Ludhiana,33.3,18.37,54.67,736.45,3
2026-06-29,Meerut,43.2,27.78,50.0,598.55,2
2026-06-29,Moga,,33.5,49.0,1546.88,5
2026-06-29,Muzaffarnagar,30.4,22.19,53.33,1219.29,9
2026-06-29,Patiala,24.4,19.7,55.75,1673.1,7
2026-06-29,Saharanpur,38.8,35.04,94.0,1751.03,6
2026-06-29,Unknown,33.9,29.1,63.0,2402.06,12
2026-06-30,Ambala,26.2,31.94,55.5,1917.44,6
2026-06-30,Amritsar,6.7,33.83,84.67,2287.41,6
2026-06-30,Bareilly,17.64,32.8,49.75,622.7,2
2026-06-30,Bathinda,22.93,22.07,67.67,1163.6,7
2026-06-30,Fatehabad,22.3,32.53,65.0,1167.32,3
2026-06-30,Ferozepur,6.6,17.2,55.0,1906.85,8
2026-06-30,Hisar,12.57,26.37,56.33,783.73,4
2026-06-30,Jalandhar,13.2,21.3,65.0,1111.69,4
2026-06-30,Karnal,28.16,28.14,61.75,835.14,4
2026-06-30,Kurukshetra,,24.25,85.0,2226.44,8
2026-06-30,Ludhiana,33.06,27.3,57.33,1117.77,4
2026-06-30,Meerut,32.96,28.34,75.5,442.74,1
2026-06-30,Moga,38.48,22.18,71.0,792.75,5
2026-06-30,Muzaffarnagar,40.05,29.79,55.33,1854.95,7
2026-06-30,Patiala,13.97,34.5,60.0,2416.53,10
2026-06-30,Saharanpur,20.95,33.9,65.5,2215.24,9
2026-06-30,Sirsa,18.96,23.85,49.5,943.45,2
2026-07-01,Agra,44.7,34.9,66.5,359.85,1
2026-07-01,Ambala,13.0,36.45,42.5,584.12,3
2026-07-01,Amritsar,25.47,20.6,58.5,1293.24,6
2026-07-01,Bareilly,28.9,25.64,85.33,667.98,5
2026-07-01,Bathinda,28.21,21.44,53.5,952.59,3
2026-07-01,Fatehabad,29.1,32.75,69.0,1101.42,3
2026-07-01,Ferozepur,27.37,26.0,85.5,141.84,2
2026-07-01,Hisar,30.4,25.52,67.0,1169.86,5
2026-07-01,Jalandhar,42.93,29.2,45.0,981.38,3
2026-07-01,Karnal,16.5,40.0,78.0,2402.05,7
2026-07-01,Kurukshetra,29.56,33.95,53.0,1149.56,5
2026-07-01,Ludhiana,5.35,23.54,35.0,878.46,3
2026-07-01,Meerut,21.22,28.93,42.25,195.58,1
2026-07-01,Moga,14.91,26.16,52.67,611.41,2
2026-07-01,Saharanpur,19.03,21.93,78.0,1851.95,6
2026-07-01,Sirsa,21.5,25.2,83.5,1363.74,6
2026-07-01,Unknown,34.04,21.39,62.0,1681.03,6
2026-07-02,Agra,32.87,26.01,50.8,718.79,3
2026-07-02,Bareilly,30.25,30.6,70.8,97.61,3
2026-07-02,Bathinda,,18.5,,188.53,2
2026-07-02,Fatehabad,,36.4,74.0,585.29,3
2026-07-02,Ferozepur,49.7,27.7,74.0,632.29,3
2026-07-02,Jalandhar,13.22,32.83,58.8,563.64,2
2026-07-02,Karnal,10.39,35.89,55.5,2466.68,7
2026-07-02,Kurukshetra,31.24,27.54,57.14,719.3,2
2026-07-02,Ludhiana,36.0,30.7,56.0,2027.99,10
2026-07-02,Meerut,30.7,30.5,55.0,1045.96,3
2026-07-02,Moga,7.9,21.0,82.0,962.12,3
2026-07-02,Muzaffarnagar,19.56,26.4,50.0,432.81,4
2026-07-02,Patiala,19.96,30.37,61.0,2404.8,8
2026-07-02,Saharanpur,25.65,17.7,,2826.45,10
2026-07-02,Sirsa,31.3,27.9,54.0,1856.9,6
2026-07-02,Unknown,7.3,21.4,81.0,2129.13,6
2026-07-03,Agra,29.4,24.5,64.0,703.75,2
2026-07-03,Ambala,,20.85,45.0,1417.9,5
2026-07-03,Amritsar,26.9,28.72,87.0,1874.19,10
2026-07-03,Bareilly,26.9,21.5,54.0,575.98,3
2026-07-03,Bathinda,11.4,25.79,62.0,240.14,2
2026-07-03,Fatehabad,37.08,23.0,77.67,1103.06,5
2026-07-03,Ferozepur,34.73,24.03,63.0,975.2,4
2026-07-03,Hisar,42.7,34.61,93.0,1127.03,4
2026-07-03,Jalandhar,34.73,22.62,69.5,1568.35,6
2026-07-03,Karnal,15.32,27.37,55.0,2175.5,9
2026-07-03,Kurukshetra,29.2,29.0,57.0,1368.36,4
2026-07-03,Ludhiana,37.57,26.11,65.5,2876.8,11
2026-07-03,Moga,19.98,21.98,63.25,451.38,2
2026-07-03,Muzaffarnagar,35.7,36.2,59.0,2301.37,9
2026-07-03,Patiala,32.26,22.4,58.33,1077.47,6
2026-07-03,Saharanpur,22.65,24.06,49.5,1467.06,8
2026-07-03,Sirsa,16.7,18.83,34.0,623.94,4
2026-07-03,Unknown,17.1,34.5,85.0,1958.2,10
2026-07-04,Agra,23.63,29.58,72.6,182.16,1
2026-07-04,Ambala,25.45,20.34,69.5,2012.52,8
2026-07-04,Amritsar,9.4,25.2,49.5,1395.48,7
2026-07-04,Bareilly,18.05,29.71,54.4,690.9,4
2026-07-04,Bathinda,21.68,29.49,68.33,491.41,3
2026-07-04,Ferozepur,38.61,27.1,56.0,818.48,3
2026-07-04,Hisar,32.1,32.1,59.0,603.77,3
2026-07-04,Jalandhar,33.04,31.0,44.33,416.05,1
2026-07-04,Karnal,17.42,28.8,77.8,365.65,2
2026-07-04,Kurukshetra,26.26,29.8,63.17,1623.16,7
2026-07-04,Ludhiana,11.36,28.72,56.75,2362.39,12
2026-07-04,Meerut,26.93,25.83,79.5,376.3,2
2026-07-04,Moga,40.0,25.5,63.0,442.32,3
2026-07-04,Muzaffarnagar,48.9,32.2,45.0,512.34,6
2026-07-04,Patiala,27.25,23.25,60.5,1778.77,6
2026-07-04,Saharanpur,3.6,36.7,32.0,1770.39,10
2026-07-04,Sirsa,5.1,23.0,84.0,273.0,1
2026-07-04,Unknown,15.7,28.18,74.33,780.62,7
2026-07-05,Agra,25.58,31.51,64.67,478.31,1
2026-07-05,Ambala,31.75,23.43,68.0,1757.28,7
2026-07-05,Amritsar,22.0,24.1,51.5,402.54,3
2026-07-05,Bareilly,32.79,27.16,35.5,855.24,4
2026-07-05,Bathinda,24.18,22.16,62.67,435.05,4
2026-07-05,Fatehabad,21.95,27.65,61.25,1564.13,8
2026-07-05,Ferozepur,31.8,36.4,74.0,490.85,1
2026-07-05,Hisar,15.3,29.2,92.0,1103.26,3
2026-07-05,Jalandhar,31.58,19.13,57.5,881.52,5
2026-07-05,Karnal,42.4,26.5,70.67,1876.37,7
2026-07-05,Kurukshetra,34.9,39.34,70.33,2260.38,9
2026-07-05,Meerut,29.63,29.0,56.4,831.98,3
2026-07-05,Moga,23.64,21.83,62.33,1153.79,3
2026-07-05,Muzaffarnagar,35.25,36.8,60.5,1331.33,5
2026-07-05,Patiala,36.32,27.4,37.0,1312.29,5
2026-07-05,Saharanpur,27.06,28.69,31.0,1127.27,5
2026-07-05,Sirsa,29.4,35.6,85.0,2175.26,8
2026-07-05,Unknown,30.02,32.9,66.5,631.98,6
2026-07-06,Agra,8.2,18.3,67.0,1678.81,5
2026-07-06,Ambala,,32.8,70.0,1129.15,6
2026-07-06,Amritsar,25.65,34.11,71.0,1344.42,5
2026-07-06,Bareilly,22.02,22.4,60.75,926.29,5
2026-07-06,Bathinda,19.4,33.01,57.0,85.88,1
2026-07-06,Fatehabad,19.0,23.05,79.5,743.38,4
2026-07-06,Ferozepur,25.95,22.33,71.0,1326.02,6
2026-07-06,Hisar,12.94,30.26,67.0,1128.77,5
2026-07-06,Jalandhar,19.3,33.03,78.0,664.6,3
2026-07-06,Karnal,12.67,19.67,55.33,2173.36,8
2026-07-06,Kurukshetra,17.26,32.18,46.5,921.78,5
2026-07-06,Ludhiana,27.94,29.85,72.0,889.83,7
2026-07-06,Meerut,40.2,28.8,85.0,427.99,1
2026-07-06,Muzaffarnagar,23.9,37.01,,1398.45,8
2026-07-06,Patiala,25.0,26.8,41.0,167.75,2
2026-07-06,Saharanpur,35.31,36.3,78.0,1231.42,4
2026-07-06,Unknown,20.42,29.8,73.2,1206.44,7
2026-07-07,Agra,7.7,30.1,38.0,969.22,3
2026-07-07,Ambala,17.84,22.62,45.75,1159.1,4
2026-07-07,Amritsar,27.28,24.95,63.67,1354.51,5
2026-07-07,Bareilly,43.05,27.77,55.33,1017.27,4
2026-07-07,Bathinda,23.41,21.5,80.0,778.96,2
2026-07-07,Fatehabad,11.81,24.45,54.5,619.47,6
2026-07-07,Hisar,7.2,22.2,69.0,1478.96,8
2026-07-07,Jalandhar,20.23,22.5,50.33,885.13,3
2026-07-07,Karnal,22.36,30.14,65.17,3574.95,13
2026-07-07,Kurukshetra,17.15,30.8,51.0,734.21,6
2026-07-07,Ludhiana,27.42,28.73,71.33,1217.18,5
2026-07-07,Meerut,14.48,31.43,61.0,445.24,2
2026-07-07,Moga,19.78,27.91,65.5,1043.78,5
2026-07-07,Muzaffarnagar,5.2,19.1,83.0,953.41,6
2026-07-07,Patiala,19.4,27.39,37.0,2851.6,10
2026-07-07,Saharanpur,28.8,29.22,55.0,1507.25,7
2026-07-07,Sirsa,16.7,20.39,63.0,993.7,4
2026-07-07,Unknown,,32.8,63.0,2050.93,7
2026-07-08,Agra,28.08,27.52,55.0,414.4,2
2026-07-08,Ambala,,31.9,87.0,995.45,3
2026-07-08,Amritsar,37.4,25.66,72.0,2536.47,9
2026-07-08,Bareilly,18.31,25.0,51.33,2249.76,9
2026-07-08,Bathinda,22.05,32.13,71.33,379.35,3
2026-07-08,Fatehabad,29.14,26.15,39.0,918.05,4
2026-07-08,Ferozepur,21.91,28.16,55.0,435.64,3
2026-07-08,Hisar,39.26,21.76,47.8,442.11,2
2026-07-08,Jalandhar,22.6,32.57,51.33,1339.15,4
2026-07-08,Karnal,26.35,29.44,48.5,2794.46,9
2026-07-08,Kurukshetra,10.3,24.5,79.0,1150.75,4
2026-07-08,Ludhiana,25.36,28.03,53.43,1298.52,7
2026-07-08,Meerut,27.85,19.06,34.0,422.58,3
2026-07-08,Moga,32.6,34.33,46.67,394.16,3
2026-07-08,Muzaffarnagar,31.5,31.32,69.4,1630.33,8
2026-07-08,Patiala,30.55,23.42,65.4,3501.29,13
2026-07-08,Saharanpur,26.92,25.28,51.67,1962.81,7
2026-07-08,Unknown,26.18,32.77,45.0,2118.66,9
2026-07-09,Agra,23.28,29.32,63.5,1246.9,4
2026-07-09,Ambala,17.9,27.0,86.5,1812.06,9
2026-07-09,Amritsar,25.65,30.04,78.5,612.09,2
2026-07-09,Bareilly,8.25,20.69,52.0,1900.91,7
2026-07-09,Bathinda,15.33,23.77,77.5,1348.83,5
2026-07-09,Fatehabad,24.13,15.1,43.0,1960.48,9
2026-07-09,Ferozepur,23.75,26.9,70.25,560.7,2
2026-07-09,Jalandhar,28.02,28.66,55.8,1209.73,4
2026-07-09,Karnal,23.24,21.7,63.75,1086.86,4
2026-07-09,Kurukshetra,36.81,30.68,64.5,1676.91,6
2026-07-09,Ludhiana,,22.4,32.0,1583.91,7
2026-07-09,Meerut,20.0,23.03,58.2,418.39,1
2026-07-09,Moga,13.25,25.44,61.0,1220.0,4
2026-07-09,Muzaffarnagar,,19.89,83.0,2490.48,11
2026-07-09,Patiala,20.03,29.55,78.0,732.59,7
2026-07-09,Saharanpur,24.14,31.73,53.67,3105.61,12
2026-07-09,Sirsa,36.1,33.84,56.5,1977.1,9
2026-07-09,Unknown,21.06,23.22,57.0,2047.79,10
2026-07-10,Agra,41.65,27.31,68.0,602.37,3
2026-07-10,Ambala,40.4,30.54,67.0,1861.31,6
2026-07-10,Amritsar,16.93,28.07,56.6,1283.1,6
2026-07-10,Bareilly,28.7,26.19,60.5,1135.39,4
2026-07-10,Bathinda,49.0,25.0,84.0,741.24,2
2026-07-10,Fatehabad,13.8,19.79,65.0,303.33,2
2026-07-10,Ferozepur,10.94,23.63,56.33,0.0,1
2026-07-10,Jalandhar,40.35,29.3,72.67,43.97,1
2026-07-10,Karnal,19.12,26.74,50.75,214.55,2
2026-07-10,Kurukshetra,25.88,24.46,56.25,547.44,2
2026-07-10,Ludhiana,19.25,31.08,74.5,110.87,1
2026-07-10,Meerut,37.57,28.32,62.75,704.36,2
2026-07-10,Moga,13.25,23.3,47.0,152.9,1
2026-07-10,Patiala,37.3,23.4,69.0,507.54,2
2026-07-10,Saharanpur,12.3,34.26,34.0,2201.57,10
2026-07-10,Sirsa,49.3,25.61,86.0,729.21,4
2026-07-10,Unknown,21.23,29.9,59.67,1116.11,4
2026-07-11,Agra,10.56,23.11,47.0,566.82,3
2026-07-11,Ambala,10.7,28.44,68.5,909.08,3
2026-07-11,Amritsar,22.28,33.32,62.5,2266.2,10
2026-07-11,Bathinda,,16.0,86.0,888.37,2
2026-07-11,Fatehabad,9.56,25.65,61.0,573.55,2
2026-07-11,Ferozepur,33.93,27.5,51.14,1171.9,6
2026-07-11,Hisar,9.2,32.2,67.0,779.28,4
2026-07-11,Jalandhar,17.02,38.8,,264.64,2
2026-07-11,Karnal,36.19,32.28,52.5,2660.04,8
2026-07-11,Kurukshetra,22.65,27.69,65.67,2734.53,7
2026-07-11,Meerut,,16.22,40.0,371.94,1
2026-07-11,Muzaffarnagar,28.37,19.99,57.0,1456.09,8
2026-07-11,Patiala,24.84,24.9,64.0,1738.98,7
2026-07-11,Saharanpur,43.18,28.8,,530.43,3
2026-07-11,Sirsa,49.5,30.5,67.0,1415.82,7
2026-07-11,Unknown,31.6,27.5,49.33,1569.1,7
2026-07-12,Agra,16.23,29.32,62.33,620.67,4
2026-07-12,Ambala,25.9,25.35,72.5,1748.84,6
2026-07-12,Amritsar,15.83,22.05,67.0,1430.49,9
2026-07-12,Bareilly,35.5,24.19,33.0,743.49,5
2026-07-12,Bathinda,,39.1,46.0,1117.7,5
2026-07-12,Fatehabad,17.3,28.5,70.0,1176.41,5
2026-07-12,Hisar,24.02,24.64,58.83,477.42,2
2026-07-12,Karnal,24.69,25.41,69.0,1978.31,7
2026-07-12,Kurukshetra,32.3,20.8,90.0,1150.33,7
2026-07-12,Ludhiana,41.38,34.38,56.67,539.22,3
2026-07-12,Meerut,29.1,21.9,32.0,543.49,2
2026-07-12,Moga,19.7,33.7,61.33,844.57,3
2026-07-12,Muzaffarnagar,24.27,31.13,67.0,2127.77,8
2026-07-12,Patiala,25.85,33.15,77.0,869.03,4
2026-07-12,Saharanpur,14.35,27.94,74.0,938.27,5
2026-07-12,Sirsa,31.8,24.65,49.5,807.87,3
2026-07-12,Unknown,2.7,38.78,41.0,844.4,4
2026-07-13,Agra,34.35,28.16,78.67,633.19,3
2026-07-13,Ambala,,28.64,71.0,823.48,2
2026-07-13,Amritsar,8.47,35.84,67.67,2556.27,11
2026-07-13,Bareilly,27.32,27.01,51.0,1091.53,8
2026-07-13,Ferozepur,25.2,26.96,61.33,1376.38,5
2026-07-13,Hisar,2.29,30.4,48.5,322.66,2
2026-07-13,Jalandhar,11.13,26.27,70.5,675.0,2
2026-07-13,Karnal,23.74,34.27,68.6,1933.13,7
2026-07-13,Ludhiana,38.75,28.2,55.0,2014.14,10
2026-07-13,Meerut,22.5,26.24,55.33,282.88,3
2026-07-13,Moga,25.78,28.34,51.2,1016.87,4
2026-07-13,Patiala,15.6,25.52,58.5,212.05,2
2026-07-13,Saharanpur,14.99,22.0,,1119.16,5
2026-07-13,Sirsa,8.13,36.3,33.0,371.68,6
2026-07-13,Unknown,11.95,27.8,68.0,1527.87,5
2026-07-14,Agra,13.4,36.4,66.0,0.0,1
2026-07-14,Ambala,35.79,25.53,95.0,931.75,5
2026-07-14,Bareilly,29.2,28.92,63.0,2067.01,9
2026-07-14,Bathinda,28.2,33.32,64.6,322.59,2
2026-07-14,Fatehabad,18.16,19.86,43.0,437.41,3
2026-07-14,Ferozepur,16.8,26.41,64.0,2059.13,7
2026-07-14,Hisar,6.0,29.05,49.5,1234.21,4
2026-07-14,Jalandhar,42.29,22.67,89.33,1176.75,5
2026-07-14,Karnal,18.31,32.33,55.5,2526.18,10
2026-07-14,Kurukshetra,21.64,28.72,66.4,632.21,4
2026-07-14,Ludhiana,9.2,29.26,47.33,3217.98,10
2026-07-14,Meerut,16.76,39.5,86.0,400.06,1
2026-07-14,Moga,34.47,23.62,50.75,590.74,2
2026-07-14,Muzaffarnagar,32.6,30.3,65.0,1648.35,8
2026-07-14,Patiala,28.52,31.85,40.5,2390.22,9
2026-07-14,Sirsa,21.1,26.05,57.5,853.84,3
2026-07-14,Unknown,21.91,24.85,69.33,514.22,3
2026-07-15,Agra,26.82,22.12,34.0,1308.87,4
2026-07-15,Ambala,11.91,28.33,55.33,983.83,4
2026-07-15,Amritsar,11.67,24.26,67.5,1745.03,7
2026-07-15,Bareilly,24.9,34.4,43.5,2827.8,8
2026-07-15,Bathinda,13.3,23.3,54.0,822.36,3
2026-07-15,Fatehabad,11.43,27.28,67.67,2109.43,7
2026-07-15,Hisar,41.0,30.5,,1284.43,6
2026-07-15,Jalandhar,33.56,31.97,57.0,208.16,2
2026-07-15,Karnal,8.1,21.0,46.0,3764.74,12
2026-07-15,Kurukshetra,32.97,36.29,59.33,1167.08,5
2026-07-15,Ludhiana,28.3,24.4,48.0,1531.47,7
2026-07-15,Meerut,9.7,31.04,70.33,393.67,2
2026-07-15,Moga,28.35,25.35,47.5,107.21,2
2026-07-15,Muzaffarnagar,,31.4,49.0,2947.56,10
2026-07-15,Patiala,29.8,28.0,41.0,2192.09,8
2026-07-15,Saharanpur,44.25,24.1,44.5,1175.71,7
2026-07-15,Unknown,22.69,26.67,59.5,3072.26,11
2026-07-16,Agra,,26.94,53.0,510.25,2
2026-07-16,Ambala,16.23,28.05,48.5,1037.73,5
2026-07-16,Amritsar,6.8,33.2,36.0,1493.08,6
2026-07-16,Bareilly,23.62,22.5,81.0,1034.92,4
2026-07-16,Bathinda,16.2,38.39,38.0,589.01,2
2026-07-16,Fatehabad,47.9,20.9,31.0,848.5,4
2026-07-16,Ferozepur,26.21,23.27,68.17,506.56,2
2026-07-16,Jalandhar,3.02,20.73,64.75,1097.38,3
2026-07-16,Karnal,23.06,27.48,53.6,839.48,4
2026-07-16,Kurukshetra,12.94,26.77,72.5,1140.81,3
2026-07-16,Meerut,39.47,27.23,67.33,385.25,1
2026-07-16,Moga,21.59,26.0,31.0,683.09,3
2026-07-16,Muzaffarnagar,34.85,29.37,55.5,2965.95,10
2026-07-16,Patiala,33.78,28.11,64.67,1195.82,4
2026-07-16,Saharanpur,33.17,26.8,46.5,999.15,5
2026-07-16,Sirsa,,26.4,82.0,646.97,6
2026-07-16,Unknown,26.9,30.5,63.67,2530.41,8
2026-07-17,Agra,30.09,23.91,52.0,909.72,2
2026-07-17,Ambala,31.11,29.94,64.6,2883.07,9
2026-07-17,Amritsar,21.84,32.96,55.0,2389.34,9
2026-07-17,Bareilly,11.28,23.63,66.17,2015.78,8
2026-07-17,Bathinda,16.9,29.65,62.5,527.41,3
2026-07-17,Fatehabad,37.85,21.4,62.5,850.43,5
2026-07-17,Ferozepur,23.85,19.59,60.67,570.77,3
2026-07-17,Hisar,9.29,19.14,66.5,525.2,4
2026-07-17,Jalandhar,20.5,21.78,65.0,612.01,2
2026-07-17,Karnal,43.1,18.66,72.0,1922.26,7
2026-07-17,Kurukshetra,17.47,27.74,61.25,2142.13,8
2026-07-17,Meerut,43.55,21.64,64.0,93.29,1
2026-07-17,Moga,20.01,28.82,67.33,919.94,4
2026-07-17,Muzaffarnagar,9.91,28.05,66.0,1492.06,5
2026-07-17,Patiala,38.64,24.05,94.0,591.03,6
2026-07-17,Saharanpur,12.7,24.0,51.0,1248.04,5
2026-07-17,Sirsa,32.0,24.14,64.0,375.67,2
2026-07-17,Unknown,44.1,19.11,30.0,1616.75,5
2026-07-18,Agra,4.8,19.7,72.0,1122.46,4
2026-07-18,Ambala,21.16,36.16,72.67,678.64,2
2026-07-18,Amritsar,31.47,28.47,41.33,1845.7,9
2026-07-18,Bareilly,23.34,28.27,73.67,1863.81,8
2026-07-18,Bathinda,17.2,22.14,61.0,873.76,4
2026-07-18,Fatehabad,18.14,29.5,58.17,529.4,3
2026-07-18,Ferozepur,11.15,22.7,39.5,493.07,2
2026-07-18,Hisar,36.0,39.9,52.0,1550.75,5
2026-07-18,Jalandhar,23.0,25.94,63.5,714.01,5
2026-07-18,Kurukshetra,22.55,21.5,75.0,571.78,3
2026-07-18,Ludhiana,28.64,36.4,35.0,2144.52,10
2026-07-18,Meerut,39.1,17.0,53.0,956.4,3
2026-07-18,Moga,30.1,31.23,73.67,1581.47,9
2026-07-18,Muzaffarnagar,43.69,38.0,78.0,1885.54,7
2026-07-18,Patiala,18.7,24.5,63.0,2173.5,11
2026-07-18,Saharanpur,13.0,38.22,,1569.5,9
2026-07-18,Sirsa,36.58,27.9,64.0,856.53,3
2026-07-18,Unknown,18.05,27.1,76.67,936.67,5
2026-07-19,Agra,6.1,29.0,58.0,460.19,2
2026-07-19,Ambala,31.82,19.9,61.75,424.62,1
2026-07-19,Amritsar,7.87,25.3,52.33,1001.43,6
2026-07-19,Bareilly,43.43,22.7,55.0,1526.01,6
2026-07-19,Bathinda,40.28,28.66,52.5,229.82,2
2026-07-19,Fatehabad,9.45,26.98,62.75,479.58,1
2026-07-19,Ferozepur,22.32,24.87,62.67,385.81,2
2026-07-19,Hisar,31.6,22.23,47.5,1322.15,6
2026-07-19,Jalandhar,27.41,29.89,38.0,1019.67,4
2026-07-19,Karnal,28.58,23.07,48.33,1292.91,6
2026-07-19,Ludhiana,9.12,29.97,69.67,1303.06,4
2026-07-19,Meerut,23.05,25.72,67.25,764.95,3
2026-07-19,Moga,19.82,27.06,53.5,851.44,2
2026-07-19,Muzaffarnagar,16.5,27.84,66.33,389.02,2
2026-07-19,Saharanpur,23.9,15.28,53.0,821.25,4
2026-07-19,Sirsa,24.0,30.2,31.0,463.08,3
2026-07-20,Agra,24.81,33.94,56.0,439.73,2
2026-07-20,Ambala,25.35,28.16,74.5,1079.22,4
2026-07-20,Amritsar,4.1,18.8,32.0,1087.59,6
2026-07-20,Bareilly,18.99,32.58,71.4,968.55,4
2026-07-20,Bathinda,35.62,30.64,49.0,218.76,2
2026-07-20,Fatehabad,2.54,35.78,74.0,1179.53,7
2026-07-20,Ferozepur,21.37,28.24,58.67,524.83,2
2026-07-20,Hisar,,32.61,50.0,1761.77,8
2026-07-20,Jalandhar,20.0,20.63,68.33,1063.09,4
2026-07-20,Karnal,27.68,22.3,49.6,911.19,4
2026-07-20,Kurukshetra,7.2,28.25,48.0,1496.42,4
2026-07-20,Ludhiana,48.77,28.0,90.0,1980.45,7
2026-07-20,Moga,32.2,18.4,71.0,750.59,3
2026-07-20,Muzaffarnagar,28.87,19.07,80.25,2990.45,12
2026-07-20,Patiala,32.48,26.7,64.75,1590.41,8
2026-07-20,Saharanpur,30.73,27.2,65.0,2283.12,9
2026-07-20,Sirsa,28.9,33.6,90.0,1461.48,6
2026-07-20,Unknown,32.61,33.57,,1475.09,6
2026-07-21,Agra,36.93,24.1,67.33,324.91,2
2026-07-21,Ambala,39.7,26.9,82.0,546.67,2
2026-07-21,Amritsar,5.14,21.57,71.5,2522.41,10
2026-07-21,Bareilly,28.1,37.0,33.0,648.86,4
2026-07-21,Bathinda,23.44,39.25,43.0,759.89,3
2026-07-21,Fatehabad,44.5,31.46,61.33,1081.32,4
2026-07-21,Ferozepur,24.99,26.53,66.67,347.04,3
2026-07-21,Hisar,20.9,30.44,48.0,1234.41,3
2026-07-21,Jalandhar,15.6,19.6,81.0,1355.55,4
2026-07-21,Karnal,33.32,27.97,67.4,2031.6,9
2026-07-21,Ludhiana,30.17,23.26,81.67,564.59,2
2026-07-21,Meerut,46.74,32.1,51.0,410.14,1
2026-07-21,Moga,25.92,27.39,60.0,456.22,3
2026-07-21,Muzaffarnagar,28.8,31.53,54.0,3055.48,12
2026-07-21,Patiala,2.4,34.3,54.0,983.91,5
2026-07-21,Saharanpur,21.68,31.07,82.0,2605.87,11
2026-07-21,Sirsa,11.5,39.6,42.0,1337.88,6
2026-07-21,Unknown,39.13,34.0,50.0,1740.28,8
2026-07-22,Agra,17.1,20.1,60.0,325.24,1
2026-07-22,Ambala,26.3,31.66,63.75,2401.29,6
2026-07-22,Amritsar,30.76,30.14,70.33,1943.38,6
2026-07-22,Bareilly,,20.1,41.0,636.49,3
2026-07-22,Bathinda,8.2,15.3,79.0,995.33,3
2026-07-22,Fatehabad,19.77,23.73,65.33,2141.41,6
2026-07-22,Ferozepur,27.67,24.3,77.5,1152.46,6
2026-07-22,Hisar,,33.22,57.0,2518.04,9
2026-07-22,Jalandhar,16.83,30.76,50.33,775.66,3
2026-07-22,Karnal,22.9,32.75,61.0,713.81,5
2026-07-22,Kurukshetra,11.97,32.15,58.5,1827.17,5
2026-07-22,Ludhiana,10.27,24.53,33.0,697.18,2
2026-07-22,Moga,2.8,33.25,43.0,1365.56,6
2026-07-22,Muzaffarnagar,19.95,26.1,51.5,2231.9,10
2026-07-22,Patiala,,23.8,51.0,1812.19,7
2026-07-22,Saharanpur,25.2,26.95,77.5,1648.97,4
2026-07-22,Sirsa,12.95,19.3,63.0,1009.46,4
2026-07-22,Unknown,44.1,34.09,50.0,953.62,4
2026-07-23,Agra,28.6,23.32,66.8,824.69,4
2026-07-23,Ambala,25.8,31.34,42.5,1463.71,4
2026-07-23,Amritsar,30.7,21.2,66.5,1339.48,7
2026-07-23,Bareilly,21.2,26.67,66.0,1309.39,4
2026-07-23,Bathinda,23.09,23.02,71.25,1322.06,4
2026-07-23,Fatehabad,9.95,26.22,66.0,459.52,2
2026-07-23,Ferozepur,23.77,16.63,63.67,156.8,1
2026-07-23,Hisar,36.77,33.25,61.5,1619.28,8
2026-07-23,Jalandhar,37.8,25.88,63.33,931.47,5
2026-07-23,Karnal,29.6,20.08,67.75,1495.05,9
2026-07-23,Kurukshetra,49.2,32.22,89.0,227.44,1
2026-07-23,Ludhiana,26.75,25.24,60.0,1678.11,8
2026-07-23,Meerut,25.73,25.62,70.0,429.44,1
2026-07-23,Moga,,35.3,55.0,1369.04,4
2026-07-23,Muzaffarnagar,26.37,27.54,71.0,752.71,5
2026-07-23,Patiala,26.22,24.24,53.5,2623.49,10
2026-07-23,Saharanpur,14.12,29.4,59.0,1285.0,5
2026-07-23,Sirsa,19.95,30.86,75.0,1561.8,6
2026-07-23,Unknown,32.5,23.98,67.6,1719.34,10
2026-07-24,Agra,24.57,27.62,63.6,996.82,3
2026-07-24,Ambala,21.95,24.58,66.4,550.26,3
2026-07-24,Amritsar,19.13,23.28,66.25,3070.81,9
2026-07-24,Bareilly,22.97,26.4,73.0,1313.48,4
2026-07-24,Bathinda,0.9,24.3,93.0,871.91,5
2026-07-24,Fatehabad,7.23,27.54,44.5,2292.11,10
2026-07-24,Ferozepur,27.83,26.1,56.5,752.83,3
2026-07-24,Hisar,25.83,32.0,57.5,1947.2,9
2026-07-24,Jalandhar,19.39,24.37,69.67,1754.25,7
2026-07-24,Karnal,36.8,20.1,58.0,689.8,4
2026-07-24,Kurukshetra,27.25,31.6,72.5,1408.65,6
2026-07-24,Ludhiana,22.02,22.73,52.5,1571.08,6
2026-07-24,Meerut,21.19,34.29,69.5,1517.81,4
2026-07-24,Moga,21.29,22.88,51.5,1279.79,5
2026-07-24,Muzaffarnagar,11.4,31.8,86.33,2036.56,7
2026-07-24,Patiala,13.85,27.86,80.75,1351.35,7
2026-07-24,Saharanpur,40.25,31.54,58.0,2532.67,9
2026-07-24,Sirsa,21.43,28.03,71.33,1645.01,5
2026-07-24,Unknown,27.6,22.39,73.0,1619.28,6
2026-07-25,Agra,49.7,26.41,73.5,865.18,3
2026-07-25,Ambala,27.18,23.5,68.25,1612.34,5
2026-07-25,Amritsar,43.5,32.75,76.0,2159.06,7
2026-07-25,Bareilly,34.75,28.73,48.0,2039.7,7
2026-07-25,Bathinda,15.51,20.82,54.25,563.79,2
2026-07-25,Fatehabad,20.3,33.4,57.0,2487.22,9
2026-07-25,Ferozepur,3.43,31.64,62.0,1849.54,5
2026-07-25,Hisar,20.9,31.76,87.5,953.03,2
2026-07-25,Jalandhar,14.13,29.69,51.0,1123.66,3
2026-07-25,Karnal,36.1,27.78,42.0,1438.91,6
2026-07-25,Kurukshetra,20.79,26.9,84.5,1354.42,6
2026-07-25,Ludhiana,27.93,27.32,53.25,1961.35,8
2026-07-25,Meerut,17.63,31.97,59.25,414.85,1
2026-07-25,Moga,44.71,26.22,63.33,946.53,3
2026-07-25,Muzaffarnagar,18.35,22.16,53.67,2502.07,9
2026-07-25,Patiala,16.5,24.8,45.0,1913.04,7
2026-07-25,Saharanpur,46.2,25.3,54.0,1822.66,7
2026-07-25,Sirsa,27.32,25.93,51.6,1322.23,5
2026-07-25,Unknown,15.73,23.96,49.0,1468.4,6
2026-07-26,Agra,22.2,25.6,68.0,1380.99,5
2026-07-26,Ambala,21.34,18.5,83.0,1740.15,6
2026-07-26,Bareilly,40.6,25.85,58.5,1417.99,6
2026-07-26,Bathinda,13.78,25.78,77.5,663.77,4
2026-07-26,Fatehabad,12.9,34.9,37.0,1380.23,5
2026-07-26,Ferozepur,49.02,21.8,69.0,1061.59,5
2026-07-26,Hisar,37.4,19.1,54.5,1854.34,8
2026-07-26,Jalandhar,32.81,23.4,60.5,1477.39,6
2026-07-26,Karnal,8.5,27.85,68.5,975.02,5
2026-07-26,Ludhiana,27.85,24.62,62.83,1355.19,5
2026-07-26,Meerut,25.27,24.35,66.5,355.71,1
2026-07-26,Moga,18.65,23.28,70.25,756.66,4
2026-07-26,Muzaffarnagar,48.0,21.11,,1997.03,8
2026-07-26,Patiala,0.85,20.88,55.75,1162.2,7
2026-07-26,Saharanpur,26.23,38.4,56.75,2299.45,9
2026-07-26,Sirsa,33.27,20.13,64.75,0.0,1
2026-07-26,Unknown,,26.1,78.0,1700.13,7
2026-07-27,Agra,22.87,29.55,59.5,762.56,2
2026-07-27,Ambala,7.8,32.3,78.0,1903.3,8
2026-07-27,Amritsar,45.3,23.67,62.33,1630.94,7
2026-07-27,Bareilly,27.1,32.29,53.0,2512.44,11
2026-07-27,Bathinda,19.65,21.9,63.0,105.78,2
2026-07-27,Fatehabad,21.16,30.18,59.67,3345.68,10
2026-07-27,Ferozepur,12.64,30.23,81.67,395.58,2
2026-07-27,Hisar,34.54,22.67,66.0,1781.59,5
2026-07-27,Jalandhar,19.05,28.7,85.5,2097.66,7
2026-07-27,Karnal,21.56,29.62,65.4,3129.85,14
2026-07-27,Kurukshetra,23.24,30.74,73.0,910.49,4
2026-07-27,Meerut,26.93,24.37,45.4,606.33,2
2026-07-27,Moga,11.49,17.1,48.0,632.16,4
2026-07-27,Muzaffarnagar,,24.89,33.0,2637.06,11
2026-07-27,Patiala,20.45,27.2,49.0,932.59,3
2026-07-27,Saharanpur,,28.11,62.0,858.31,5
2026-07-27,Sirsa,5.1,29.84,66.0,2215.39,8
2026-07-27,Unknown,26.0,15.2,,2935.69,12
2026-07-28,Agra,15.75,28.03,63.67,680.08,3
2026-07-28,Ambala,,24.4,58.0,385.91,3
2026-07-28,Amritsar,21.8,33.15,78.0,1035.67,3
2026-07-28,Bareilly,40.39,20.0,50.0,1624.19,7
2026-07-28,Bathinda,43.2,25.21,79.0,48.51,2
2026-07-28,Fatehabad,34.29,18.7,51.0,765.25,4
2026-07-28,Ferozepur,15.76,28.53,57.67,892.93,3
2026-07-28,Hisar,39.95,28.0,61.33,701.04,4
2026-07-28,Jalandhar,22.75,19.85,58.67,1874.54,5
2026-07-28,Karnal,35.81,32.5,78.0,545.39,2
2026-07-28,Kurukshetra,23.37,26.45,,543.83,2
2026-07-28,Ludhiana,25.68,25.89,48.67,2963.34,9
2026-07-28,Meerut,14.8,27.5,81.0,900.89,3
2026-07-28,Moga,20.41,28.6,78.0,1147.7,6
2026-07-28,Muzaffarnagar,,26.0,35.0,2147.48,9
2026-07-28,Patiala,18.85,33.39,77.0,1504.94,8
2026-07-28,Saharanpur,26.56,29.77,62.0,1475.74,9
2026-07-28,Sirsa,31.5,26.14,53.0,1294.01,4
2026-07-28,Unknown,19.7,26.45,75.0,1115.7,6
2026-07-29,Agra,37.31,28.03,59.33,466.12,2
2026-07-29,Amritsar,23.8,29.38,54.75,291.04,4
2026-07-29,Bareilly,44.25,27.96,68.5,416.42,3
2026-07-29,Fatehabad,30.23,32.9,42.0,1809.81,5
2026-07-29,Ferozepur,18.75,29.25,46.5,1716.15,6
2026-07-29,Hisar,24.35,22.2,61.0,573.07,3
2026-07-29,Jalandhar,28.6,37.61,61.5,523.27,2
2026-07-29,Karnal,19.3,27.7,78.5,1076.48,6
2026-07-29,Kurukshetra,35.94,23.73,54.0,1474.48,6
2026-07-29,Ludhiana,30.79,28.59,53.0,3033.61,10
2026-07-29,Meerut,14.1,35.22,91.0,841.14,2
2026-07-29,Moga,36.85,24.06,46.0,1185.86,3
2026-07-29,Saharanpur,12.95,34.06,42.0,2603.98,12
2026-07-29,Sirsa,10.3,21.64,43.5,836.68,6
2026-07-30,Agra,13.1,28.34,61.5,1823.98,6
2026-07-30,Amritsar,24.67,19.05,62.5,1702.36,6
2026-07-30,Bareilly,40.44,32.86,50.0,1307.8,7
2026-07-30,Bathinda,17.26,27.4,67.8,535.38,3
2026-07-30,Fatehabad,26.9,21.86,54.5,2195.08,12
2026-07-30,Ferozepur,39.3,31.03,75.0,838.59,3
2026-07-30,Hisar,25.5,27.5,64.5,1126.39,3
2026-07-30,Jalandhar,9.65,24.35,75.0,917.84,3
2026-07-30,Karnal,30.17,30.14,52.8,1705.88,7
2026-07-30,Kurukshetra,35.13,24.2,83.0,376.58,3
2026-07-30,Ludhiana,30.59,31.1,64.75,1675.94,9
2026-07-30,Meerut,32.9,26.44,71.0,1159.07,5
2026-07-30,Moga,29.76,19.97,75.67,1862.8,6
2026-07-30,Muzaffarnagar,7.6,35.3,86.0,2685.4,9
2026-07-30,Patiala,10.16,34.9,34.0,2920.02,9
2026-07-30,Saharanpur,34.15,20.9,70.5,1444.34,6
2026-07-30,Sirsa,18.6,27.99,72.0,1061.95,3
2026-07-30,Unknown,14.32,30.2,69.25,1064.86,4
2026-07-31,Ambala,19.43,32.15,57.8,24.81,2
2026-07-31,Amritsar,33.2,18.9,60.0,2394.56,9
2026-07-31,Bareilly,23.46,30.82,41.25,1361.72,4
2026-07-31,Bathinda,15.43,33.3,67.33,886.86,3
2026-07-31,Fatehabad,39.9,35.28,47.0,483.28,2
2026-07-31,Ferozepur,39.7,25.34,70.0,872.66,3
2026-07-31,Hisar,32.71,24.73,72.67,941.18,3
2026-07-31,Jalandhar,29.64,19.81,62.67,1180.06,5
2026-07-31,Karnal,26.2,21.8,65.5,1002.77,4
2026-07-31,Kurukshetra,21.57,29.27,63.78,670.19,4
2026-07-31,Ludhiana,34.8,27.16,58.5,527.71,5
2026-07-31,Meerut,44.2,33.41,37.33,71.62,1
2026-07-31,Moga,20.45,28.07,58.2,1827.35,5
2026-07-31,Muzaffarnagar,10.9,21.26,64.0,1800.74,7
2026-07-31,Patiala,4.32,24.0,32.0,3232.41,10
2026-07-31,Saharanpur,34.7,24.0,51.0,1185.21,4
2026-07-31,Sirsa,6.5,31.28,37.0,1569.28,5
2026-07-31,Unknown,22.45,30.41,43.5,1382.05,5
2026-08-01,Agra,27.38,29.93,76.5,549.26,2
2026-08-01,Ambala,11.96,21.27,58.33,488.3,2
2026-08-01,Amritsar,3.81,36.11,81.0,326.12,3
2026-08-01,Bareilly,23.5,32.89,38.0,873.62,5
2026-08-01,Bathinda,17.23,25.28,59.5,1314.24,5
2026-08-01,Fatehabad,19.67,22.3,58.67,1801.87,8
2026-08-01,Ferozepur,38.15,20.7,93.0,839.5,4
2026-08-01,Hisar,29.72,28.65,54.0,1237.53,4
2026-08-01,Jalandhar,32.09,27.32,62.0,1782.85,7
2026-08-01,Karnal,36.8,21.8,85.0,823.81,4
2026-08-01,Kurukshetra,23.48,30.25,46.5,232.36,2
2026-08-01,Ludhiana,41.55,30.5,41.0,1642.54,7
2026-08-01,Meerut,1.8,33.6,79.0,431.28,1
2026-08-01,Muzaffarnagar,24.11,33.89,45.5,2870.4,11
2026-08-01,Patiala,,22.72,59.0,1364.68,5
2026-08-01,Sirsa,42.41,25.66,75.0,88.41,2
2026-08-01,Unknown,44.2,25.0,30.0,2079.9,8
2026-08-02,Ambala,9.9,32.9,63.0,1638.74,6
2026-08-02,Amritsar,23.2,22.2,61.67,1823.86,8
2026-08-02,Bareilly,30.37,30.44,56.33,1971.42,9
2026-08-02,Bathinda,40.94,25.42,62.25,108.24,2
2026-08-02,Fatehabad,18.42,27.36,56.5,1271.28,5
2026-08-02,Ferozepur,28.46,24.7,58.5,806.47,4
2026-08-02,Hisar,20.62,21.9,57.0,1304.27,6
2026-08-02,Jalandhar,12.18,25.27,66.67,1991.76,7
2026-08-02,Karnal,,35.11,88.0,1295.92,6
2026-08-02,Kurukshetra,19.14,18.07,72.33,770.96,5
2026-08-02,Ludhiana,17.98,29.4,71.2,2448.71,9
2026-08-02,Meerut,38.61,24.71,63.0,784.26,2
2026-08-02,Moga,25.28,28.6,57.25,1027.73,4
2026-08-02,Muzaffarnagar,31.7,22.0,59.0,1727.06,6
2026-08-02,Patiala,7.9,33.1,88.0,1236.9,5
2026-08-02,Saharanpur,16.48,27.98,63.67,673.92,4
2026-08-02,Sirsa,23.72,27.74,71.8,1947.84,7
2026-08-02,Unknown,19.69,26.67,72.0,1760.28,6
2026-08-03,Agra,,28.28,72.0,1617.04,5
2026-08-03,Ambala,29.5,26.8,56.33,2348.2,8
2026-08-03,Amritsar,37.85,38.28,63.0,940.49,5
2026-08-03,Bareilly,22.18,26.67,71.0,1232.18,5
2026-08-03,Bathinda,28.7,26.3,57.33,414.68,2
2026-08-03,Fatehabad,21.06,24.88,66.25,913.77,5
2026-08-03,Ferozepur,21.6,32.2,65.67,848.55,3
2026-08-03,Hisar,22.91,18.45,71.0,613.82,3
2026-08-03,Jalandhar,18.0,21.39,73.0,1418.05,6
2026-08-03,Karnal,35.2,23.75,72.5,446.37,4
2026-08-03,Kurukshetra,27.59,26.38,59.8,1281.37,5
2026-08-03,Ludhiana,30.7,25.53,43.0,883.06,4
2026-08-03,Moga,32.2,25.53,61.33,1782.66,6
2026-08-03,Saharanpur,31.42,28.38,49.8,2728.64,11
2026-08-03,Sirsa,12.59,22.45,65.0,39.62,1
2026-08-03,Unknown,19.35,30.74,49.5,1173.86,5
2026-08-04,Agra,43.8,24.3,63.5,320.89,1
2026-08-04,Ambala,26.4,33.67,39.67,1572.12,6
2026-08-04,Amritsar,30.68,35.14,62.5,2101.16,6
2026-08-04,Bareilly,16.6,30.82,65.0,1559.2,6
2026-08-04,Bathinda,44.7,26.92,53.5,1229.89,5
2026-08-04,Fatehabad,24.27,26.88,59.83,449.8,2
2026-08-04,Ferozepur,28.05,28.57,51.0,1036.89,4
2026-08-04,Hisar,36.0,27.48,72.67,481.14,5
2026-08-04,Jalandhar,47.3,23.3,38.0,743.48,3
2026-08-04,Karnal,24.55,30.15,50.0,2103.41,7
2026-08-04,Kurukshetra,19.65,23.6,50.5,972.74,5
2026-08-04,Ludhiana,27.09,29.5,57.0,1621.43,5
2026-08-04,Meerut,17.17,26.67,77.33,223.13,1
2026-08-04,Moga,27.8,27.95,56.43,1039.62,5
2026-08-04,Muzaffarnagar,29.88,26.75,70.67,496.52,4
2026-08-04,Patiala,17.7,25.05,56.0,1517.43,5
2026-08-04,Saharanpur,43.94,22.45,72.0,1301.42,8
2026-08-04,Sirsa,22.1,26.06,56.5,1364.59,6
2026-08-04,Unknown,34.25,26.43,49.0,431.22,2
2026-08-05,Agra,20.08,27.18,88.67,441.34,3
2026-08-05,Amritsar,1.9,35.9,86.0,966.56,6
2026-08-05,Bareilly,22.13,28.6,60.5,1434.79,6
2026-08-05,Bathinda,24.8,21.3,64.0,505.84,3
2026-08-05,Fatehabad,26.0,32.02,56.25,1592.66,5
2026-08-05,Ferozepur,40.27,38.06,62.0,379.95,3
2026-08-05,Hisar,35.44,24.9,56.0,435.81,2
2026-08-05,Jalandhar,19.8,18.2,48.0,397.86,3
2026-08-05,Karnal,26.52,30.9,70.6,2642.54,13
2026-08-05,Kurukshetra,35.5,35.72,87.0,1728.73,7
2026-08-05,Ludhiana,0.2,29.78,86.0,3263.58,10
2026-08-05,Meerut,23.4,29.36,70.5,439.89,1
2026-08-05,Moga,33.06,20.89,48.67,557.04,3
2026-08-05,Muzaffarnagar,45.7,28.02,61.5,3045.82,13
2026-08-05,Patiala,39.61,30.4,52.0,2505.54,7
2026-08-05,Sirsa,26.16,28.96,74.0,742.03,5
2026-08-06,Agra,28.29,26.09,51.2,286.94,2
2026-08-06,Ambala,28.6,18.11,39.0,1236.31,5
2026-08-06,Amritsar,49.0,22.72,47.0,1949.7,7
2026-08-06,Bareilly,3.4,19.38,55.25,3398.76,11
2026-08-06,Bathinda,30.9,21.59,63.67,331.8,2
2026-08-06,Fatehabad,18.73,27.85,43.75,1817.57,8
2026-08-06,Ferozepur,36.5,21.23,67.0,598.99,2
2026-08-06,Hisar,26.97,24.64,66.0,1920.05,10
2026-08-06,Jalandhar,18.05,19.42,78.0,618.52,2
2026-08-06,Karnal,21.8,29.2,56.0,1228.75,7
2026-08-06,Kurukshetra,27.2,18.5,66.5,1077.86,4
2026-08-06,Ludhiana,26.9,18.66,47.0,2513.42,8
2026-08-06,Meerut,45.6,38.11,68.0,360.69,2
2026-08-06,Moga,22.27,22.6,49.0,765.99,4
2026-08-06,Muzaffarnagar,24.1,26.39,75.5,2006.48,10
2026-08-06,Patiala,29.1,20.36,62.5,2153.28,8
2026-08-06,Saharanpur,29.2,26.8,88.5,2117.09,11
2026-08-06,Sirsa,,27.24,57.0,1826.91,8
2026-08-06,Unknown,2.29,29.0,,1855.62,5
2026-08-07,Agra,27.18,38.89,94.0,961.07,4
2026-08-07,Ambala,21.04,29.61,59.57,714.45,3
2026-08-07,Amritsar,14.07,31.33,65.5,1815.16,7
2026-08-07,Bareilly,23.05,27.87,55.5,1555.4,6
2026-08-07,Bathinda,33.75,29.43,65.33,328.65,2
2026-08-07,Fatehabad,16.57,25.42,53.75,1165.96,5
2026-08-07,Ferozepur,5.84,24.3,75.0,506.58,3
2026-08-07,Hisar,32.98,23.56,55.67,1416.84,6
2026-08-07,Jalandhar,40.97,29.89,63.0,1235.2,4
2026-08-07,Karnal,48.51,35.74,58.0,662.51,2
2026-08-07,Kurukshetra,22.13,27.06,59.0,817.71,4
2026-08-07,Ludhiana,29.98,25.56,63.5,1815.03,6
2026-08-07,Moga,24.75,21.9,75.25,1541.22,8
2026-08-07,Muzaffarnagar,38.25,28.46,69.5,3017.94,8
2026-08-07,Patiala,39.7,39.9,88.0,1131.64,5
2026-08-07,Saharanpur,2.79,32.7,63.0,1449.1,9
2026-08-07,Unknown,33.21,26.33,42.33,974.94,5
2026-08-08,Agra,45.25,22.66,65.5,1396.91,4
2026-08-08,Ambala,20.65,25.61,75.0,963.04,5
2026-08-08,Amritsar,15.98,27.13,64.6,882.95,5
2026-08-08,Bareilly,15.88,31.7,47.0,1355.7,9
2026-08-08,Bathinda,26.3,35.79,73.5,971.05,5
2026-08-08,Fatehabad,19.05,30.9,60.0,468.88,2
2026-08-08,Ferozepur,30.56,28.0,60.0,696.29,2
2026-08-08,Hisar,24.59,34.66,64.33,1960.73,8
2026-08-08,Jalandhar,31.2,29.26,74.25,1187.14,5
2026-08-08,Karnal,21.2,38.51,75.0,2722.69,11
2026-08-08,Kurukshetra,6.65,25.86,68.5,644.61,3
2026-08-08,Ludhiana,26.18,28.28,69.6,2090.73,7
2026-08-08,Meerut,21.57,29.07,62.33,319.19,1
2026-08-08,Moga,18.71,29.42,64.25,218.97,1
2026-08-08,Muzaffarnagar,21.4,23.76,48.0,1476.3,8
2026-08-08,Patiala,35.0,22.2,64.0,2103.38,7
2026-08-08,Saharanpur,40.2,18.2,68.0,40.01,1
2026-08-08,Sirsa,16.51,25.96,83.5,1285.5,5
2026-08-08,Unknown,16.86,22.76,45.33,1868.68,6
2026-08-09,Agra,11.91,27.56,54.5,917.84,2
2026-08-09,Ambala,10.65,36.84,50.67,1311.2,5
2026-08-09,Amritsar,14.81,26.6,58.0,1356.3,7
2026-08-09,Bathinda,,30.1,76.0,149.38,1
2026-08-09,Fatehabad,30.3,24.94,56.0,1364.99,4
2026-08-09,Ferozepur,26.35,26.08,62.67,343.28,1
2026-08-09,Hisar,16.3,31.5,61.5,1241.21,5
2026-08-09,Jalandhar,26.23,28.4,69.0,278.54,3
2026-08-09,Karnal,16.51,22.94,60.5,1920.61,6
2026-08-09,Kurukshetra,25.27,26.63,51.0,1205.46,4
2026-08-09,Ludhiana,18.8,26.1,43.0,481.08,4
2026-08-09,Meerut,30.28,20.43,58.5,399.09,1
2026-08-09,Moga,39.37,25.8,46.0,1646.24,5
2026-08-09,Muzaffarnagar,13.2,17.4,,2878.59,13
2026-08-09,Patiala,4.25,32.64,69.0,465.02,2
2026-08-09,Saharanpur,29.76,23.54,55.67,1443.64,5
2026-08-09,Sirsa,38.4,25.0,44.0,1502.22,7
2026-08-09,Unknown,25.15,23.24,78.67,1888.67,8
2026-08-10,Agra,9.8,31.75,57.0,454.79,2
2026-08-10,Ambala,,22.2,87.0,1353.43,4
2026-08-10,Amritsar,28.07,26.38,73.5,1554.36,5
2026-08-10,Bareilly,31.5,33.17,62.0,479.4,2
2026-08-10,Bathinda,19.87,29.54,69.75,1281.79,4
2026-08-10,Fatehabad,28.85,30.14,41.5,213.0,2
2026-08-10,Ferozepur,37.1,21.1,61.0,739.69,3
2026-08-10,Hisar,28.19,23.48,74.33,1133.48,3
2026-08-10,Jalandhar,31.22,27.16,70.5,536.78,3
2026-08-10,Karnal,33.15,31.0,69.0,2339.8,10
2026-08-10,Kurukshetra,26.95,30.64,59.5,1728.84,6
2026-08-10,Ludhiana,45.21,27.61,79.0,1180.41,4
2026-08-10,Meerut,1.78,25.1,86.5,693.7,2
2026-08-10,Moga,26.65,21.4,62.25,0.0,1
2026-08-10,Muzaffarnagar,22.5,15.89,70.0,2287.9,9
2026-08-10,Patiala,22.34,29.6,87.5,1101.87,6
2026-08-10,Saharanpur,40.2,30.07,40.33,3050.21,10
2026-08-10,Sirsa,26.0,27.05,69.0,771.01,3
2026-08-10,Unknown,33.8,21.73,66.0,1763.69,10
2026-08-11,Agra,30.27,25.5,55.5,862.65,3
2026-08-11,Ambala,23.09,27.65,76.5,1329.72,5
2026-08-11,Amritsar,17.58,32.22,92.5,1292.48,5
2026-08-11,Bareilly,23.87,25.9,37.0,1862.26,5
2026-08-11,Bathinda,15.87,25.98,44.5,1225.1,5
2026-08-11,Fatehabad,26.95,26.48,74.4,785.64,5
2026-08-11,Ferozepur,25.38,27.5,51.67,510.8,3
2026-08-11,Jalandhar,19.53,26.08,67.75,54.76,2
2026-08-11,Karnal,30.27,34.36,71.0,1460.11,4
2026-08-11,Kurukshetra,27.79,27.91,68.67,441.2,2
2026-08-11,Ludhiana,38.7,27.83,78.0,1572.37,6
2026-08-11,Meerut,29.84,28.96,64.0,655.91,2
2026-08-11,Moga,21.36,25.4,53.75,71.19,2
2026-08-11,Muzaffarnagar,35.0,18.48,53.25,2004.67,7
2026-08-11,Patiala,44.26,21.94,66.67,1358.95,5
2026-08-11,Saharanpur,29.3,31.86,67.5,381.69,3
2026-08-11,Sirsa,37.4,31.52,87.0,600.4,3
2026-08-11,Unknown,19.23,29.6,68.25,1434.21,6
2026-08-12,Agra,30.59,35.5,36.0,413.65,1
2026-08-12,Ambala,27.52,29.5,64.2,1353.74,5
2026-08-12,Amritsar,29.85,30.48,43.75,1529.66,6
2026-08-12,Bareilly,4.7,32.11,87.0,1397.31,5
2026-08-12,Bathinda,39.9,21.39,44.0,1207.8,5
2026-08-12,Fatehabad,24.23,29.79,67.43,154.67,2
2026-08-12,Ferozepur,13.04,27.81,66.5,237.04,1
2026-08-12,Jalandhar,45.27,35.92,70.0,1434.07,4
2026-08-12,Karnal,39.28,31.57,58.0,1443.1,7
2026-08-12,Kurukshetra,22.8,24.22,70.0,851.96,4
2026-08-12,Ludhiana,35.4,28.56,67.0,1862.57,7
2026-08-12,Meerut,25.78,24.86,47.8,161.72,1
2026-08-12,Moga,28.2,19.9,51.5,1881.64,6
2026-08-12,Muzaffarnagar,20.62,31.3,54.8,883.35,4
2026-08-12,Sirsa,27.18,31.85,81.5,990.83,4
2026-08-12,Unknown,22.6,26.89,71.0,1246.67,6
2026-08-13,Agra,18.41,26.48,70.0,450.86,1
2026-08-13,Ambala,41.7,20.84,61.67,1540.6,7
2026-08-13,Amritsar,18.06,26.04,79.0,3430.26,10
2026-08-13,Bareilly,4.72,29.16,50.4,1090.56,5
2026-08-13,Bathinda,28.43,25.05,84.33,1446.61,8
2026-08-13,Fatehabad,13.8,37.11,88.0,1742.93,9
2026-08-13,Ferozepur,23.9,34.05,62.0,323.87,2
2026-08-13,Hisar,19.59,33.8,83.0,835.48,4
2026-08-13,Jalandhar,27.66,22.9,49.0,1569.49,4
2026-08-13,Karnal,33.8,22.5,59.5,1730.7,8
2026-08-13,Kurukshetra,16.94,32.63,60.33,1733.3,6
2026-08-13,Ludhiana,21.17,29.59,64.0,2185.46,7
2026-08-13,Meerut,29.92,27.32,74.75,264.5,1
2026-08-13,Moga,31.96,28.96,59.6,165.32,1
2026-08-13,Patiala,11.76,31.14,65.0,2712.72,9
2026-08-13,Saharanpur,16.89,28.91,34.0,2470.06,9
2026-08-13,Sirsa,25.2,31.45,34.0,1376.65,6
2026-08-13,Unknown,24.01,25.85,72.0,1729.51,7
2026-08-14,Agra,31.17,20.39,63.25,864.93,3
2026-08-14,Ambala,20.67,33.3,71.67,806.84,6
2026-08-14,Amritsar,18.4,26.83,47.5,1506.68,8
2026-08-14,Bareilly,14.05,24.9,69.5,1858.98,7
2026-08-14,Bathinda,26.17,25.72,39.0,652.44,3
2026-08-14,Fatehabad,35.45,25.96,60.5,1360.47,5
2026-08-14,Ferozepur,35.1,28.0,66.83,826.95,6
2026-08-14,Hisar,34.3,25.01,51.56,1872.27,6
2026-08-14,Jalandhar,34.7,24.3,69.5,670.89,4
2026-08-14,Karnal,15.86,26.76,67.33,1383.2,4
2026-08-14,Kurukshetra,37.02,31.33,77.5,1242.31,5
2026-08-14,Ludhiana,8.7,26.64,57.5,575.7,4
2026-08-14,Meerut,23.83,27.28,46.5,797.5,3
2026-08-14,Moga,16.57,27.99,74.0,31.4,1
2026-08-14,Muzaffarnagar,29.71,18.17,32.67,1615.72,8
2026-08-14,Patiala,11.14,24.65,,0.0,1
2026-08-14,Saharanpur,22.83,23.74,67.0,0.0,1
2026-08-14,Sirsa,12.79,23.45,50.0,1601.23,7
2026-08-14,Unknown,4.49,37.11,73.0,1771.25,6
2026-08-15,Agra,24.95,21.9,83.5,377.05,2
2026-08-15,Ambala,40.75,26.1,66.5,768.33,7
2026-08-15,Amritsar,21.86,21.38,78.5,1559.48,7
2026-08-15,Bareilly,26.67,31.3,40.5,1240.05,6
2026-08-15,Bathinda,,34.89,33.0,277.57,1
2026-08-15,Fatehabad,39.67,23.9,57.5,1159.38,3
2026-08-15,Ferozepur,28.76,27.7,52.33,1236.67,5
2026-08-15,Hisar,42.29,26.95,60.0,1930.99,9
2026-08-15,Jalandhar,24.73,26.47,55.0,1839.07,6
2026-08-15,Karnal,21.47,26.6,68.0,2413.55,8
2026-08-15,Kurukshetra,24.98,27.72,74.5,2138.67,9
2026-08-15,Ludhiana,9.2,31.5,42.0,1779.51,8
2026-08-15,Meerut,18.63,18.43,74.33,836.7,2
2026-08-15,Patiala,39.99,31.37,52.0,1739.55,7
2026-08-15,Saharanpur,34.64,37.9,53.0,2477.25,9
2026-08-15,Sirsa,31.8,30.67,37.0,1865.86,7
2026-08-15,Unknown,5.6,37.4,65.0,1345.79,6
2026-08-16,Agra,1.1,33.3,49.5,615.01,2
2026-08-16,Ambala,40.67,21.89,47.0,1592.44,6
2026-08-16,Bareilly,7.9,31.1,63.0,1208.17,5
2026-08-16,Bathinda,20.59,33.68,59.75,1396.69,5
2026-08-16,Fatehabad,33.5,29.8,51.0,1004.07,6
2026-08-16,Ferozepur,38.42,28.18,62.2,2004.3,9
2026-08-16,Hisar,22.43,17.45,51.5,1235.03,5
2026-08-16,Jalandhar,32.95,27.95,75.0,390.48,3
2026-08-16,Karnal,0.6,31.61,51.0,1328.26,6
2026-08-16,Kurukshetra,31.17,23.97,54.0,423.86,3
2026-08-16,Ludhiana,15.65,21.6,46.25,1727.98,5
2026-08-16,Muzaffarnagar,26.04,27.32,60.25,1321.04,7
2026-08-16,Saharanpur,30.23,35.39,44.0,403.81,4
2026-08-16,Sirsa,30.26,25.1,65.0,1649.31,6
2026-08-16,Unknown,37.9,25.15,79.0,113.69,1
2026-08-17,Agra,29.25,22.07,50.0,997.62,4
2026-08-17,Ambala,20.8,26.7,50.5,1073.7,6
2026-08-17,Amritsar,23.94,31.47,54.33,2091.43,7
2026-08-17,Bareilly,30.45,35.09,83.67,821.16,5
2026-08-17,Bathinda,26.81,21.4,65.25,172.74,2
2026-08-17,Fatehabad,15.15,27.58,76.75,512.5,2
2026-08-17,Ferozepur,9.51,33.2,73.0,745.3,2
2026-08-17,Hisar,16.52,34.87,58.33,405.86,1
2026-08-17,Jalandhar,8.8,28.33,56.5,1563.52,6
2026-08-17,Karnal,18.7,30.91,50.67,2251.29,9
2026-08-17,Kurukshetra,22.1,31.28,49.0,1516.69,6
2026-08-17,Ludhiana,35.85,32.11,34.0,2014.58,5
2026-08-17,Meerut,46.99,30.36,64.5,672.18,3
2026-08-17,Moga,19.3,24.78,57.5,1408.79,4
2026-08-17,Muzaffarnagar,12.2,29.2,42.0,1202.88,7
2026-08-17,Saharanpur,10.55,28.23,78.0,2299.73,8
2026-08-17,Sirsa,25.1,28.87,54.67,837.35,3
2026-08-17,Unknown,25.05,27.0,51.0,1189.12,5
2026-08-18,Agra,48.4,38.5,48.0,778.66,3
2026-08-18,Ambala,21.25,22.1,63.0,2041.01,9
2026-08-18,Bareilly,23.4,29.53,47.67,772.29,3
2026-08-18,Fatehabad,21.71,25.9,46.57,2050.28,8
2026-08-18,Ferozepur,32.03,21.5,55.33,1875.9,6
2026-08-18,Hisar,1.3,38.1,69.0,203.58,2
2026-08-18,Jalandhar,9.1,33.03,56.0,351.72,2
2026-08-18,Karnal,32.56,31.8,81.4,2296.88,10
2026-08-18,Kurukshetra,21.0,25.99,60.0,545.35,3
2026-08-18,Ludhiana,28.8,31.06,46.0,2420.21,9
2026-08-18,Meerut,29.65,23.66,61.0,816.72,2
2026-08-18,Moga,22.4,22.69,56.5,408.26,1
2026-08-18,Muzaffarnagar,11.03,26.1,60.25,2417.07,12
2026-08-18,Patiala,20.2,15.5,76.0,1942.87,10
2026-08-18,Saharanpur,27.18,28.69,42.67,1699.05,7
2026-08-18,Sirsa,37.94,21.64,57.5,585.54,3
2026-08-18,Unknown,32.6,34.4,61.0,1222.15,5
2026-08-19,Agra,17.03,22.95,69.5,1936.94,9
2026-08-19,Ambala,21.83,29.83,33.0,1384.02,5
2026-08-19,Amritsar,33.23,29.13,47.0,1025.33,7
2026-08-19,Bareilly,23.27,25.47,61.0,2442.45,9
2026-08-19,Bathinda,26.3,22.35,67.25,1043.19,3
2026-08-19,Fatehabad,6.3,30.08,65.5,412.71,2
2026-08-19,Ferozepur,33.85,26.36,64.0,1958.58,6
2026-08-19,Hisar,24.08,29.48,65.5,2702.16,10
2026-08-19,Jalandhar,24.32,25.45,86.0,1394.13,6
2026-08-19,Karnal,11.9,28.0,42.0,2769.92,8
2026-08-19,Kurukshetra,29.38,25.6,58.71,2031.31,8
2026-08-19,Ludhiana,29.65,28.07,62.75,1094.8,6
2026-08-19,Meerut,14.89,27.42,55.0,239.55,1
2026-08-19,Moga,25.85,22.4,61.0,839.38,3
2026-08-19,Muzaffarnagar,19.3,23.14,62.0,674.11,4
2026-08-19,Patiala,24.26,34.8,65.5,1799.27,8
2026-08-19,Saharanpur,,25.0,77.0,1208.56,8
2026-08-19,Sirsa,32.33,29.03,76.33,498.43,4
2026-08-19,Unknown,31.76,27.52,59.4,1190.89,7
2026-08-20,Agra,45.0,34.89,64.0,1367.78,7
2026-08-20,Amritsar,41.1,34.35,52.5,2168.98,6
2026-08-20,Bareilly,39.0,26.05,54.0,1322.88,5
2026-08-20,Bathinda,13.94,30.36,68.33,273.05,1
2026-08-20,Ferozepur,19.98,28.37,62.75,728.25,2
2026-08-20,Hisar,36.45,29.04,64.17,1919.99,10
2026-08-20,Jalandhar,33.31,21.3,50.75,1040.42,3
2026-08-20,Karnal,17.53,27.56,50.0,2943.82,8
2026-08-20,Kurukshetra,15.19,28.68,54.8,910.69,3
2026-08-20,Ludhiana,35.4,33.46,51.67,911.34,5
2026-08-20,Meerut,18.56,30.35,59.5,232.75,1
2026-08-20,Moga,41.64,28.6,68.0,1717.61,7
2026-08-20,Muzaffarnagar,37.91,30.1,78.0,1293.9,6
2026-08-20,Patiala,33.97,25.54,77.67,1932.56,7
2026-08-20,Saharanpur,30.1,22.75,67.0,1351.95,7
2026-08-20,Unknown,17.3,39.4,80.0,1700.26,9
2026-08-21,Agra,27.89,26.3,68.0,1568.26,5
2026-08-21,Ambala,24.04,29.02,75.75,1218.6,5
2026-08-21,Amritsar,39.81,31.7,32.0,1297.66,4
2026-08-21,Bareilly,15.63,31.4,45.0,1601.33,6
2026-08-21,Bathinda,17.4,39.3,43.0,818.27,4
2026-08-21,Fatehabad,19.58,32.5,57.33,1027.49,3
2026-08-21,Ferozepur,32.69,32.46,53.8,726.13,3
2026-08-21,Hisar,42.3,16.61,57.0,1282.09,4
2026-08-21,Jalandhar,28.22,28.33,61.33,218.0,1
2026-08-21,Karnal,21.8,27.2,53.25,1250.13,5
2026-08-21,Kurukshetra,13.3,29.71,65.5,2360.89,10
2026-08-21,Ludhiana,39.55,31.72,44.75,1531.76,9
2026-08-21,Meerut,,36.2,85.0,195.18,2
2026-08-21,Moga,30.79,29.13,48.2,812.19,3
2026-08-21,Muzaffarnagar,15.75,25.39,69.0,1559.83,7
2026-08-21,Patiala,36.72,23.92,48.0,2336.82,9
2026-08-21,Saharanpur,8.3,15.3,95.0,452.53,2
2026-08-21,Sirsa,11.4,24.6,95.0,1952.83,7
2026-08-21,Unknown,19.8,30.5,53.0,3546.75,12
2026-08-22,Agra,28.04,25.98,55.0,1317.86,5
2026-08-22,Ambala,19.05,39.5,56.0,441.27,3
2026-08-22,Amritsar,45.6,22.2,58.0,2291.91,9
2026-08-22,Bareilly,19.65,32.95,58.5,1046.53,5
2026-08-22,Bathinda,23.43,24.48,51.5,594.51,4
2026-08-22,Fatehabad,13.0,32.5,55.0,572.56,2
2026-08-22,Ferozepur,37.53,31.07,61.0,1734.9,8
2026-08-22,Hisar,32.8,18.4,84.5,310.01,2
2026-08-22,Jalandhar,25.83,23.98,65.75,819.39,3
2026-08-22,Karnal,0.7,30.16,43.0,1965.94,8
2026-08-22,Kurukshetra,27.1,24.78,52.4,151.63,1
2026-08-22,Ludhiana,40.4,22.06,63.0,1149.13,6
2026-08-22,Meerut,2.2,23.7,72.0,234.64,1
2026-08-22,Moga,25.76,24.96,55.6,1007.17,3
2026-08-22,Muzaffarnagar,26.97,28.27,58.33,2066.36,9
2026-08-22,Patiala,10.7,18.1,82.0,666.24,4
2026-08-22,Saharanpur,34.6,23.1,69.67,2290.02,9
2026-08-22,Sirsa,16.47,29.86,53.0,1485.0,5
2026-08-22,Unknown,25.65,31.0,51.0,4234.21,13
2026-08-23,Agra,1.5,21.4,71.0,805.26,3
2026-08-23,Ambala,38.35,23.78,85.0,3014.01,8
2026-08-23,Amritsar,18.36,21.32,63.4,1067.82,4
2026-08-23,Bareilly,10.95,23.5,61.33,1387.57,4
2026-08-23,Bathinda,29.3,25.5,59.33,1187.88,4
2026-08-23,Fatehabad,19.73,24.58,76.25,464.86,4
2026-08-23,Ferozepur,28.29,25.69,66.0,475.63,2
2026-08-23,Hisar,13.23,34.16,65.0,1912.34,10
2026-08-23,Jalandhar,22.17,33.25,92.0,1236.82,4
2026-08-23,Karnal,32.96,28.98,49.0,2324.22,9
2026-08-23,Kurukshetra,12.21,30.39,61.0,982.94,4
2026-08-23,Ludhiana,23.35,37.5,74.5,2052.3,7
2026-08-23,Meerut,35.83,23.6,49.25,187.64,1
2026-08-23,Moga,44.4,24.54,73.0,403.76,1
2026-08-23,Muzaffarnagar,22.7,17.7,,2021.6,7
2026-08-23,Patiala,24.42,31.85,76.33,2125.67,7
2026-08-23,Saharanpur,22.65,25.02,68.75,2147.09,7
2026-08-23,Sirsa,31.1,28.24,70.75,910.52,5
2026-08-23,Unknown,30.5,18.22,,3294.07,11
2026-08-24,Ambala,1.52,16.5,95.0,2227.5,7
2026-08-24,Amritsar,12.0,17.45,69.5,1857.46,9
2026-08-24,Bareilly,17.08,24.91,63.33,398.14,3
2026-08-24,Bathinda,25.62,28.37,81.5,68.18,1
2026-08-24,Fatehabad,33.51,24.73,46.75,1430.3,5
2026-08-24,Ferozepur,25.65,17.8,59.5,597.55,2
2026-08-24,Hisar,10.56,28.35,91.0,2588.71,8
2026-08-24,Jalandhar,12.5,37.4,79.0,886.36,3
2026-08-24,Karnal,30.61,27.2,56.33,3952.06,13
2026-08-24,Kurukshetra,32.67,22.4,75.75,2919.21,10
2026-08-24,Ludhiana,37.0,30.6,42.0,1106.17,4
2026-08-24,Meerut,24.25,23.83,40.0,577.43,3
2026-08-24,Moga,41.25,24.81,60.0,906.0,5
2026-08-24,Muzaffarnagar,35.43,29.59,47.0,879.15,4
2026-08-24,Patiala,,16.1,39.0,1955.24,8
2026-08-24,Saharanpur,28.81,28.7,68.0,1686.95,7
2026-08-24,Sirsa,22.56,22.53,53.5,43.34,1
2026-08-24,Unknown,18.44,27.2,55.0,967.98,5
2026-08-25,Agra,45.72,29.7,54.0,830.1,3
2026-08-25,Ambala,15.3,24.4,65.0,1062.76,7
2026-08-25,Amritsar,27.32,32.7,69.5,2284.38,7
2026-08-25,Bareilly,27.64,22.7,85.0,1323.5,6
2026-08-25,Bathinda,28.95,30.85,70.75,1301.76,4
2026-08-25,Ferozepur,3.8,38.89,37.0,1226.34,4
2026-08-25,Hisar,25.25,21.57,57.33,413.84,2
2026-08-25,Jalandhar,32.33,23.26,67.33,609.97,2
2026-08-25,Karnal,7.78,18.66,54.0,2139.23,8
2026-08-25,Kurukshetra,18.0,15.25,32.0,1487.76,6
2026-08-25,Ludhiana,35.98,26.77,66.33,755.97,5
2026-08-25,Meerut,32.69,31.02,43.5,282.42,2
2026-08-25,Moga,15.8,25.34,69.25,1006.09,3
2026-08-25,Patiala,32.1,25.91,68.67,2427.0,9
2026-08-25,Saharanpur,5.9,29.29,45.0,1820.27,8
2026-08-25,Sirsa,26.75,23.82,66.6,1799.9,6
2026-08-25,Unknown,32.07,27.34,80.0,1516.99,6
2026-08-26,Agra,43.4,27.41,54.0,1660.26,5
2026-08-26,Ambala,39.12,28.17,76.67,1166.32,5
2026-08-26,Bareilly,37.34,27.83,41.5,675.4,2
2026-08-26,Bathinda,29.25,29.5,30.0,1287.36,5
2026-08-26,Fatehabad,27.81,31.57,37.0,1289.99,4
2026-08-26,Ferozepur,20.3,35.66,61.0,543.12,2
2026-08-26,Hisar,11.95,31.4,46.67,1018.79,3
2026-08-26,Karnal,21.45,26.57,72.0,1648.41,7
2026-08-26,Ludhiana,22.71,30.38,56.25,2159.53,8
2026-08-26,Meerut,22.14,31.45,52.25,880.91,3
2026-08-26,Moga,28.53,29.57,51.0,365.52,2
2026-08-26,Muzaffarnagar,,20.8,50.0,2050.44,6
2026-08-26,Patiala,33.95,33.05,81.0,1680.86,7
2026-08-26,Saharanpur,39.9,23.39,53.0,1602.71,8
2026-08-26,Sirsa,1.4,28.6,32.0,720.57,3
2026-08-26,Unknown,30.15,33.77,68.8,748.84,4
2026-08-27,Agra,40.3,22.61,57.0,782.55,5
2026-08-27,Ambala,15.1,30.9,,1534.22,7
2026-08-27,Amritsar,26.01,28.52,53.0,410.1,3
2026-08-27,Bareilly,17.95,27.21,52.25,1754.45,8
2026-08-27,Bathinda,19.2,26.64,65.0,405.21,3
2026-08-27,Fatehabad,38.9,35.7,85.5,614.87,3
2026-08-27,Ferozepur,18.95,30.42,59.0,1260.47,4
2026-08-27,Hisar,24.72,31.05,80.5,2785.51,10
2026-08-27,Karnal,21.2,29.62,87.5,989.98,5
2026-08-27,Kurukshetra,24.7,23.66,39.5,407.53,5
2026-08-27,Ludhiana,24.9,21.15,62.0,2905.05,14
2026-08-27,Meerut,34.57,30.94,42.5,1334.24,5
2026-08-27,Moga,22.25,32.43,67.0,494.57,2
2026-08-27,Muzaffarnagar,22.04,34.19,41.5,1792.58,7
2026-08-27,Saharanpur,38.19,25.54,70.5,1451.84,5
2026-08-27,Sirsa,43.0,27.0,66.5,906.67,4
2026-08-27,Unknown,38.67,28.39,87.5,2321.96,9
2026-08-28,Agra,31.08,29.27,77.33,423.06,3
2026-08-28,Ambala,31.98,28.2,56.67,1229.05,6
2026-08-28,Amritsar,8.89,25.44,59.5,5594.13,20
2026-08-28,Bareilly,38.2,23.33,64.86,829.08,5
2026-08-28,Bathinda,23.18,28.66,78.0,1247.49,5
2026-08-28,Ferozepur,25.09,19.93,77.33,1114.24,4
2026-08-28,Hisar,27.99,24.63,57.67,1242.17,4
2026-08-28,Jalandhar,12.95,27.5,77.0,1648.54,6
2026-08-28,Karnal,36.7,39.61,41.0,1734.3,6
2026-08-28,Kurukshetra,43.8,20.0,46.0,616.32,7
2026-08-28,Ludhiana,20.75,25.0,57.33,1477.76,8
2026-08-28,Meerut,30.42,28.38,50.67,1092.54,5
2026-08-28,Moga,32.89,31.63,53.0,891.05,4
2026-08-28,Muzaffarnagar,30.1,22.5,84.0,3232.86,12
2026-08-28,Patiala,22.76,26.75,54.5,1956.66,7
2026-08-28,Sirsa,30.66,27.84,68.6,1621.21,7
2026-08-28,Unknown,30.35,27.0,61.5,1635.41,6
2026-08-29,Agra,21.74,30.58,71.4,804.43,2
2026-08-29,Ambala,0.1,30.89,39.0,954.14,4
2026-08-29,Amritsar,36.55,25.46,53.5,2663.84,9
2026-08-29,Bareilly,31.57,25.09,74.67,702.58,3
2026-08-29,Bathinda,23.55,26.97,60.67,411.17,4
2026-08-29,Fatehabad,39.25,27.16,40.0,1222.27,5
2026-08-29,Ferozepur,19.25,22.54,56.0,1547.61,6
2026-08-29,Hisar,27.34,29.56,66.5,1321.55,9
2026-08-29,Jalandhar,27.69,26.8,48.0,671.12,3
2026-08-29,Karnal,30.73,18.89,88.0,1695.11,9
2026-08-29,Kurukshetra,32.1,24.62,67.67,2562.34,9
2026-08-29,Ludhiana,32.61,24.17,60.0,1026.29,5
2026-08-29,Meerut,39.35,39.86,62.0,538.39,3
2026-08-29,Moga,29.63,34.07,62.33,485.82,3
2026-08-29,Patiala,14.5,26.1,56.0,2204.93,9
2026-08-29,Sirsa,11.55,30.01,45.5,1089.95,4
2026-08-29,Unknown,30.2,18.5,73.0,2245.69,8
2026-08-30,Agra,17.77,20.27,57.0,482.91,2
2026-08-30,Ambala,43.69,33.2,88.0,2185.05,9
2026-08-30,Amritsar,36.58,23.61,53.0,2777.72,12
2026-08-30,Bareilly,8.49,30.2,72.0,1257.43,6
2026-08-30,Bathinda,,26.22,54.0,652.75,3
2026-08-30,Fatehabad,24.87,25.47,70.67,903.01,5
2026-08-30,Ferozepur,26.68,29.42,60.25,1724.37,5
2026-08-30,Hisar,44.2,26.46,52.5,1611.71,6
2026-08-30,Jalandhar,32.51,29.89,74.0,1009.68,6
2026-08-30,Kurukshetra,2.2,25.1,38.0,879.12,3
2026-08-30,Meerut,44.1,35.3,52.5,251.16,1
2026-08-30,Muzaffarnagar,26.47,25.75,52.5,1320.28,9
2026-08-30,Patiala,18.29,32.36,40.5,1119.73,6
2026-08-30,Saharanpur,17.24,28.47,60.33,2707.97,11
2026-08-30,Sirsa,,31.0,64.0,1192.07,5
2026-08-30,Unknown,42.7,31.5,39.0,2134.3,8
2026-08-31,Agra,35.3,17.11,94.0,691.76,3
2026-08-31,Ambala,,29.5,31.0,2051.91,8
2026-08-31,Amritsar,23.13,28.55,47.67,2122.33,8
2026-08-31,Bareilly,16.43,25.7,59.0,312.17,1
2026-08-31,Bathinda,20.8,26.9,66.5,503.39,3
2026-08-31,Fatehabad,37.48,28.31,60.67,423.58,3
2026-08-31,Ferozepur,43.72,24.61,70.33,1083.86,5
2026-08-31,Hisar,14.51,24.87,65.25,750.98,4
2026-08-31,Jalandhar,28.43,28.32,72.0,40.6,1
2026-08-31,Karnal,6.5,37.61,67.0,1987.17,8
2026-08-31,Kurukshetra,21.87,32.21,52.5,728.47,2
2026-08-31,Ludhiana,6.05,27.75,64.5,1275.67,8
2026-08-31,Meerut,10.68,23.66,65.0,964.9,3
2026-08-31,Moga,22.0,30.3,62.0,1321.94,4
2026-08-31,Saharanpur,23.33,25.85,61.5,1829.08,11
2026-08-31,Sirsa,32.3,29.3,60.0,645.15,2
2026-08-31,Unknown,14.26,28.61,52.0,2012.75,8
2026-09-01,Agra,29.01,29.78,61.2,583.09,2
2026-09-01,Ambala,4.09,31.34,57.67,2744.73,13
2026-09-01,Amritsar,27.48,36.55,36.5,1650.21,7
2026-09-01,Bareilly,11.68,29.45,47.0,1639.05,4
2026-09-01,Bathinda,28.46,35.5,73.0,1603.96,6
2026-09-01,Fatehabad,18.32,31.15,57.0,2240.75,7
2026-09-01,Ferozepur,36.77,23.41,53.67,428.35,1
2026-09-01,Hisar,24.66,25.81,52.2,760.49,3
2026-09-01,Jalandhar,23.45,27.1,66.0,1606.04,5
2026-09-01,Karnal,13.63,30.3,61.33,2435.42,7
2026-09-01,Kurukshetra,35.8,26.93,67.5,1838.62,8
2026-09-01,Ludhiana,18.42,23.3,54.0,2119.24,8
2026-09-01,Meerut,25.37,21.73,54.0,191.95,1
2026-09-01,Moga,30.4,24.32,57.83,645.08,2
2026-09-01,Muzaffarnagar,33.18,23.62,66.75,740.87,4
2026-09-01,Patiala,9.07,28.83,74.67,1781.44,7
2026-09-01,Sirsa,22.16,29.62,70.5,643.79,2
2026-09-01,Unknown,20.05,29.65,76.0,1581.55,6
2026-09-02,Agra,28.32,25.53,62.67,959.16,4
2026-09-02,Ambala,25.15,28.9,37.0,1030.33,5
2026-09-02,Amritsar,15.5,26.94,64.0,1029.02,4
2026-09-02,Bareilly,27.85,22.83,63.0,1065.79,6
2026-09-02,Bathinda,40.26,34.55,75.5,952.37,4
2026-09-02,Fatehabad,30.09,27.12,67.43,1333.16,5
2026-09-02,Ferozepur,26.0,36.76,46.0,857.34,4
2026-09-02,Hisar,32.58,26.26,77.5,1391.0,8
2026-09-02,Jalandhar,1.78,27.17,53.0,755.8,2
2026-09-02,Karnal,41.91,17.9,33.0,686.46,4
2026-09-02,Ludhiana,24.72,27.47,56.78,1869.35,6
2026-09-02,Meerut,25.3,27.1,31.0,606.82,3
2026-09-02,Moga,28.54,26.2,44.67,443.8,1
2026-09-02,Muzaffarnagar,30.56,28.17,52.33,2013.02,9
2026-09-02,Patiala,16.5,27.84,85.0,1031.11,4
2026-09-02,Saharanpur,11.0,39.3,36.0,926.78,5
2026-09-02,Sirsa,24.7,15.3,95.0,737.31,5
2026-09-02,Unknown,37.75,32.77,75.33,627.35,4
2026-09-03,Amritsar,19.4,28.04,72.0,4171.16,12
2026-09-03,Bareilly,29.24,17.25,83.0,1088.47,4
2026-09-03,Bathinda,15.2,25.42,65.33,975.74,4
2026-09-03,Fatehabad,27.15,32.73,56.75,1402.32,6
2026-09-03,Ferozepur,47.9,28.3,59.0,1121.31,5
2026-09-03,Hisar,1.02,16.5,53.0,1287.16,7
2026-09-03,Jalandhar,33.6,20.72,,115.81,1
2026-09-03,Karnal,20.6,27.98,65.5,0.0,1
2026-09-03,Kurukshetra,13.97,30.4,37.0,937.73,4
2026-09-03,Ludhiana,24.8,33.9,82.0,2393.13,11
2026-09-03,Meerut,30.2,33.85,70.0,325.05,2
2026-09-03,Moga,43.4,39.3,70.0,1099.88,5
2026-09-03,Muzaffarnagar,28.4,27.27,56.0,1234.38,5
2026-09-03,Patiala,30.63,28.07,52.33,243.33,1
2026-09-03,Saharanpur,33.34,24.47,67.0,1761.18,6
2026-09-03,Sirsa,33.71,26.3,62.6,2116.0,8
2026-09-03,Unknown,25.0,30.44,56.5,1122.95,4
2026-09-04,Agra,33.41,30.4,75.0,1770.6,7
2026-09-04,Ambala,18.3,29.23,57.33,1108.67,4
2026-09-04,Amritsar,25.75,27.6,79.33,1245.55,6
2026-09-04,Bareilly,19.92,30.54,83.0,641.58,3
2026-09-04,Fatehabad,7.68,28.51,71.6,1259.81,8
2026-09-04,Ferozepur,15.62,30.46,60.0,367.37,2
2026-09-04,Hisar,33.58,29.55,75.33,966.02,5
2026-09-04,Jalandhar,23.03,25.58,47.67,746.23,3
2026-09-04,Karnal,25.7,29.2,69.5,766.59,5
2026-09-04,Kurukshetra,30.1,30.0,66.5,1713.31,9
2026-09-04,Ludhiana,47.4,16.67,47.0,1683.61,7
2026-09-04,Meerut,31.05,24.03,64.0,940.11,4
2026-09-04,Moga,26.16,22.76,66.5,794.26,3
2026-09-04,Muzaffarnagar,33.27,34.7,91.0,255.59,2
2026-09-04,Patiala,28.55,24.25,78.5,969.75,4
2026-09-04,Saharanpur,34.01,24.23,47.0,1976.53,8
2026-09-04,Sirsa,12.8,32.1,57.0,857.83,5
2026-09-04,Unknown,1.4,33.76,67.33,1689.86,6
2026-09-05,Ambala,10.46,36.5,88.0,1233.96,5
2026-09-05,Amritsar,13.52,30.68,57.2,2270.69,8
2026-09-05,Bareilly,19.05,35.54,86.0,1512.96,6
2026-09-05,Bathinda,7.5,20.1,54.5,696.83,3
2026-09-05,Ferozepur,,32.1,37.0,466.48,2
2026-09-05,Hisar,25.5,26.3,57.0,1844.85,9
2026-09-05,Jalandhar,38.58,28.44,54.0,814.09,2
2026-09-05,Karnal,20.34,25.61,60.0,3070.48,12
2026-09-05,Ludhiana,7.57,26.53,71.0,2261.37,11
2026-09-05,Meerut,29.64,23.14,72.0,670.94,2
2026-09-05,Muzaffarnagar,4.3,24.66,47.5,2027.73,5
2026-09-05,Patiala,21.02,28.3,59.0,2144.76,10
2026-09-05,Saharanpur,39.36,24.66,67.75,706.8,2
2026-09-05,Unknown,13.05,27.54,74.33,1259.16,5
2026-09-06,Agra,17.73,25.0,51.5,682.89,4
2026-09-06,Ambala,33.61,28.12,83.33,143.5,1
2026-09-06,Amritsar,41.1,23.0,76.5,2320.81,10
2026-09-06,Bareilly,,35.46,84.5,981.0,3
2026-09-06,Bathinda,16.73,24.13,62.0,734.24,5
2026-09-06,Fatehabad,26.38,26.63,70.0,1248.42,5
2026-09-06,Ferozepur,25.32,30.22,44.2,48.36,1
2026-09-06,Hisar,38.5,35.8,68.0,2279.08,8
2026-09-06,Jalandhar,30.7,37.4,65.0,898.33,5
2026-09-06,Karnal,24.02,18.1,42.5,890.01,5
2026-09-06,Kurukshetra,21.92,24.36,65.5,2393.67,9
2026-09-06,Ludhiana,13.0,25.1,68.0,2278.75,6
2026-09-06,Meerut,22.61,29.71,63.33,298.52,2
2026-09-06,Moga,20.54,25.1,66.0,2004.39,8
2026-09-06,Muzaffarnagar,33.92,25.45,71.0,420.27,3
2026-09-06,Patiala,21.82,25.6,56.67,1344.94,5
2026-09-06,Saharanpur,14.73,25.17,40.67,2428.19,9
2026-09-06,Sirsa,30.0,24.16,70.67,1128.89,4
2026-09-06,Unknown,22.99,27.46,78.0,1638.66,10
2026-09-07,Agra,32.51,26.13,56.33,967.83,4
2026-09-07,Ambala,29.1,23.03,62.6,3043.17,9
2026-09-07,Amritsar,,18.3,36.0,1328.71,5
2026-09-07,Bareilly,29.72,26.28,,1024.21,4
2026-09-07,Bathinda,16.97,30.36,63.5,595.5,2
2026-09-07,Fatehabad,29.95,27.58,62.67,1677.4,5
2026-09-07,Ferozepur,18.8,30.13,76.33,942.63,3
2026-09-07,Hisar,32.15,36.81,56.67,971.31,3
2026-09-07,Jalandhar,29.0,31.79,46.0,1078.1,5
2026-09-07,Ludhiana,12.65,33.22,61.5,2712.59,9
2026-09-07,Meerut,9.0,18.3,56.0,64.7,2
2026-09-07,Moga,25.53,31.0,,1032.27,4
2026-09-07,Muzaffarnagar,29.9,32.07,77.0,2247.11,7
2026-09-07,Patiala,21.9,25.1,44.0,3168.27,11
2026-09-07,Saharanpur,30.32,24.27,70.8,808.1,5
2026-09-07,Unknown,27.17,19.64,49.0,3632.42,12
2026-09-08,Agra,19.2,20.9,60.0,270.14,1
2026-09-08,Ambala,8.93,32.33,52.33,1224.89,3
2026-09-08,Amritsar,19.97,25.43,82.67,2324.73,8
2026-09-08,Bareilly,35.4,28.44,79.0,1768.51,7
2026-09-08,Bathinda,19.27,26.16,46.4,736.57,2
2026-09-08,Fatehabad,20.26,29.7,58.67,904.93,4
2026-09-08,Ferozepur,25.5,30.5,71.0,1261.38,4
2026-09-08,Jalandhar,24.27,37.46,58.0,1309.03,5
2026-09-08,Karnal,20.57,30.62,62.0,2137.69,9
2026-09-08,Kurukshetra,26.53,26.32,85.0,1967.57,9
2026-09-08,Ludhiana,17.02,27.25,63.0,2135.55,9
2026-09-08,Meerut,20.13,26.42,52.71,590.96,2
2026-09-08,Moga,24.29,25.79,60.0,482.41,2
2026-09-08,Muzaffarnagar,48.77,30.5,95.0,3005.72,9
2026-09-08,Saharanpur,16.0,38.39,50.0,664.02,7
2026-09-08,Unknown,33.15,25.42,52.17,2053.76,8
2026-09-09,Agra,10.05,29.2,47.0,1839.26,5
2026-09-09,Ambala,47.15,29.77,41.67,1184.89,6
2026-09-09,Amritsar,13.86,28.97,53.33,446.11,3
2026-09-09,Bareilly,34.26,24.25,52.75,1510.88,5
2026-09-09,Bathinda,20.38,23.98,64.75,991.16,4
2026-09-09,Fatehabad,20.57,28.1,82.0,1030.57,4
2026-09-09,Ferozepur,25.7,18.5,72.0,539.93,2
2026-09-09,Hisar,41.3,25.3,67.0,857.92,3
2026-09-09,Jalandhar,23.24,24.0,65.0,1628.67,7
2026-09-09,Karnal,20.03,32.33,73.0,1190.88,5
2026-09-09,Ludhiana,31.08,31.43,56.33,2003.31,7
2026-09-09,Meerut,25.46,26.8,62.0,752.87,2
2026-09-09,Moga,24.83,26.5,57.43,683.47,3
2026-09-09,Muzaffarnagar,34.8,25.5,31.0,1798.1,8
2026-09-09,Patiala,33.9,29.0,42.0,287.53,3
2026-09-09,Saharanpur,20.42,32.76,63.5,1721.6,8
2026-09-09,Sirsa,23.6,20.7,37.0,232.08,3
2026-09-09,Unknown,14.48,16.9,95.0,1383.71,7
