date,mandi_id,crop_name,total_arrival_qtl
2026-01-01,MANDI001,Maize,137.82999999999998
2026-01-01,MANDI001,Sugarcane,499.91
2026-01-01,MANDI003,Mustard,46.01
2026-01-01,MANDI004,Sugarcane,428.33
2026-01-01,MANDI005,Rice,112.64
2026-01-01,MANDI006,Maize,198.87
2026-01-01,MANDI007,Cotton,304.66
2026-01-01,MANDI007,Rice,70.14
2026-01-01,MANDI009,Maize,131.6
2026-01-01,MANDI009,Narma,143.97
2026-01-01,MANDI009,Sugarcane,167.81
2026-01-01,MANDI013,Maize,128.72
2026-01-01,MANDI015,Rice,106.63
2026-01-01,MANDI016,Mustard,200.94
2026-01-01,MANDI017,Mustard,441.74
2026-01-01,MANDI018,Cotton,551.95
2026-01-01,MANDI018,Maize,14.29
2026-01-01,MANDI018,Sugarcane,266.61
2026-01-01,MANDI018,Wheat,312.54
2026-01-01,MANDI020,Rice,381.9
2026-01-01,MANDI022,Mustard,314.23
2026-01-01,MANDI023,Maize,324.92
2026-01-01,MANDI023,Mustard,252.81
2026-01-01,MANDI025,Wheat,109.18
2026-01-01,MANDI026,Wheat,327.19
2026-01-01,MANDI027,Cotton,127.73
2026-01-01,MANDI027,Rice,356.18
2026-01-01,MANDI028,Sugarcane,336.75
2026-01-01,MANDI028,Wheat,81.57
2026-01-01,MANDI029,Cotton,335.88
2026-01-01,MANDI030,Cotton,165.48
2026-01-01,MANDI032,Rice,632.69
2026-01-01,MANDI032,Sugarcane,205.0
2026-01-01,MANDI033,Mustard,372.13
2026-01-01,MANDI034,Wheat,389.13
2026-01-01,MANDI035,Narma,34.04
2026-01-01,MANDI036,Wheat,710.84
2026-01-01,MANDI037,Cotton,136.22
2026-01-01,MANDI037,Maize,399.22
2026-01-01,MANDI037,Rice,368.19
2026-01-01,MANDI039,Cotton,35.68
2026-01-01,MANDI039,Wheat,443.13
2026-01-01,MANDI040,Maize,210.23
2026-01-01,MANDI040,Rice,183.34
2026-01-01,MANDI043,Cotton,728.26
2026-01-01,MANDI044,Rice,399.74
2026-01-01,MANDI045,Sugarcane,163.72
2026-01-01,MANDI045,Wheat,733.01
2026-01-01,MANDI046,Maize,363.05
2026-01-01,MANDI046,Wheat,180.44
2026-01-01,MANDI047,Maize,259.3
2026-01-01,MANDI048,Rice,108.2
2026-01-01,MANDI048,Wheat,268.27000000000004
2026-01-01,MANDI049,Rice,124.05
2026-01-01,MANDI050,Cotton,326.77
2026-01-01,MANDI052,Rice,391.11
2026-01-01,MANDI052,Sugarcane,143.49
2026-01-01,MANDI053,Maize,347.38
2026-01-01,MANDI053,Wheat,118.21
2026-01-01,MANDI054,Wheat,180.5
2026-01-01,MANDI055,Narma,66.1
2026-01-01,MANDI057,Cotton,123.37
2026-01-01,MANDI057,Mustard,195.02
2026-01-02,MANDI002,Maize,858.9
2026-01-02,MANDI002,Mustard,632.06
2026-01-02,MANDI002,Sugarcane,485.14
2026-01-02,MANDI002,Wheat,129.41
2026-01-02,MANDI003,Wheat,415.78
2026-01-02,MANDI004,Cotton,289.72
2026-01-02,MANDI006,Cotton,309.96
2026-01-02,MANDI007,Cotton,748.38
2026-01-02,MANDI008,Mustard,276.78
2026-01-02,MANDI008,Sugarcane,273.18
2026-01-02,MANDI009,Sugarcane,491.5
2026-01-02,MANDI010,Maize,377.92
2026-01-02,MANDI011,Maize,235.84
2026-01-02,MANDI013,Maize,173.18
2026-01-02,MANDI014,Cotton,40.29
2026-01-02,MANDI014,Mustard,261.05
2026-01-02,MANDI015,Cotton,570.76
2026-01-02,MANDI015,Maize,298.93
2026-01-02,MANDI017,Maize,405.37
2026-01-02,MANDI018,Sugarcane,441.51
2026-01-02,MANDI019,Sugarcane,394.72
2026-01-02,MANDI023,Rice,497.01
2026-01-02,MANDI025,Cotton,444.09
2026-01-02,MANDI025,Maize,449.64
2026-01-02,MANDI026,Wheat,183.07
2026-01-02,MANDI027,Maize,402.34
2026-01-02,MANDI027,Narma,101.65
2026-01-02,MANDI027,Rice,665.0699999999999
2026-01-02,MANDI028,Maize,250.14
2026-01-02,MANDI028,Wheat,483.4
2026-01-02,MANDI029,Maize,311.41
2026-01-02,MANDI029,Rice,302.32
2026-01-02,MANDI030,Cotton,91.36
2026-01-02,MANDI030,Mustard,376.58
2026-01-02,MANDI031,Mustard,106.12
2026-01-02,MANDI031,Sugarcane,120.31
2026-01-02,MANDI032,Rice,395.84
2026-01-02,MANDI034,Cotton,428.35
2026-01-02,MANDI036,Maize,351.43
2026-01-02,MANDI036,Mustard,273.15000000000003
2026-01-02,MANDI036,Narma,276.3
2026-01-02,MANDI036,Wheat,296.26
2026-01-02,MANDI037,Cotton,149.94
2026-01-02,MANDI037,Mustard,54.71
2026-01-02,MANDI037,Sugarcane,365.55
2026-01-02,MANDI038,Rice,51.51
2026-01-02,MANDI039,Mustard,384.84
2026-01-02,MANDI039,Sugarcane,148.67
2026-01-02,MANDI040,Mustard,367.95
2026-01-02,MANDI040,Sugarcane,138.37
2026-01-02,MANDI041,Cotton,247.23
2026-01-02,MANDI041,Maize,491.24
2026-01-02,MANDI041,Narma,169.78
2026-01-02,MANDI042,Cotton,83.52000000000001
2026-01-02,MANDI043,Basmati,159.19
2026-01-02,MANDI044,Cotton,413.03
2026-01-02,MANDI044,Maize,465.96
2026-01-02,MANDI044,Sugarcane,94.04
2026-01-02,MANDI046,Mustard,534.3000000000001
2026-01-02,MANDI048,Mustard,96.89
2026-01-02,MANDI048,Wheat,324.26
2026-01-02,MANDI050,Sugarcane,23.65
2026-01-02,MANDI051,Mustard,296.75
2026-01-02,MANDI051,Narma,312.88
2026-01-02,MANDI052,Mustard,454.29
2026-01-02,MANDI052,Wheat,133.87
2026-01-02,MANDI053,Cotton,467.82
2026-01-02,MANDI053,Rice,341.6
2026-01-02,MANDI054,Cotton,106.96
2026-01-02,MANDI054,Mustard,397.47
2026-01-02,MANDI054,Sugarcane,424.52
2026-01-02,MANDI055,Maize,25.89
2026-01-02,MANDI055,Mustard,195.87
2026-01-02,MANDI055,Rice,495.1
2026-01-02,MANDI056,Mustard,457.52
2026-01-02,MANDI056,Narma,82.47
2026-01-02,MANDI056,Rice,458.23
2026-01-03,MANDI001,Cotton,307.12
2026-01-03,MANDI002,Mustard,267.61
2026-01-03,MANDI002,Sugarcane,431.36
2026-01-03,MANDI002,Wheat,301.22
2026-01-03,MANDI004,Cotton,110.58
2026-01-03,MANDI005,Cotton,457.99
2026-01-03,MANDI006,Sugarcane,302.59
2026-01-03,MANDI007,Wheat,44.44
2026-01-03,MANDI010,Sugarcane,425.75
2026-01-03,MANDI011,Mustard,639.31
2026-01-03,MANDI012,Sugarcane,172.3
2026-01-03,MANDI015,Wheat,458.84000000000003
2026-01-03,MANDI016,Rice,452.39
2026-01-03,MANDI016,Sugarcane,320.0400000000001
2026-01-03,MANDI018,Maize,270.79
2026-01-03,MANDI019,Sugarcane,459.79
2026-01-03,MANDI020,Maize,249.42
2026-01-03,MANDI021,Rice,44.9
2026-01-03,MANDI021,Wheat,329.0
2026-01-03,MANDI022,Wheat,384.48
2026-01-03,MANDI023,Mustard,328.01
2026-01-03,MANDI023,Rice,80.66
2026-01-03,MANDI023,Wheat,391.43
2026-01-03,MANDI025,Mustard,292.49
2026-01-03,MANDI026,Maize,85.7
2026-01-03,MANDI028,Wheat,35.86
2026-01-03,MANDI029,Wheat,187.8
2026-01-03,MANDI030,Sugarcane,172.62
2026-01-03,MANDI032,Maize,432.17
2026-01-03,MANDI033,Mustard,194.04
2026-01-03,MANDI033,Rice,205.89
2026-01-03,MANDI034,Sugarcane,210.73
2026-01-03,MANDI035,Sugarcane,428.52
2026-01-03,MANDI036,Rice,166.33
2026-01-03,MANDI036,Sugarcane,219.85
2026-01-03,MANDI037,Sugarcane,205.99
2026-01-03,MANDI038,Mustard,102.59
2026-01-03,MANDI038,Sugarcane,252.69
2026-01-03,MANDI039,Sugarcane,263.58
2026-01-03,MANDI040,Narma,69.1
2026-01-03,MANDI040,Sugarcane,17.96
2026-01-03,MANDI041,Cotton,499.9
2026-01-03,MANDI041,Mustard,614.29
2026-01-03,MANDI042,Cotton,227.48
2026-01-03,MANDI043,Cotton,466.89
2026-01-03,MANDI044,Cotton,278.9
2026-01-03,MANDI044,Mustard,216.32
2026-01-03,MANDI044,Sugarcane,330.88
2026-01-03,MANDI044,Wheat,356.15
2026-01-03,MANDI045,Wheat,218.62
2026-01-03,MANDI047,Sugarcane,365.83
2026-01-03,MANDI048,Sugarcane,353.56
2026-01-03,MANDI049,Rice,176.81
2026-01-03,MANDI049,Wheat,343.83
2026-01-03,MANDI052,Cotton,32.83
2026-01-03,MANDI052,Wheat,132.61
2026-01-03,MANDI053,Wheat,405.72
2026-01-03,MANDI054,Cotton,612.87
2026-01-03,MANDI054,Rice,130.37
2026-01-03,MANDI057,Mustard,184.35
2026-01-03,MANDI057,Rice,258.7
2026-01-04,MANDI001,Rice,521.85
2026-01-04,MANDI001,Sugarcane,431.21
2026-01-04,MANDI002,Cotton,323.49
2026-01-04,MANDI002,Mustard,705.58
2026-01-04,MANDI005,Cotton,90.18
2026-01-04,MANDI007,Maize,236.55
2026-01-04,MANDI008,Mustard,268.25
2026-01-04,MANDI009,Cotton,72.16
2026-01-04,MANDI009,Rice,324.7
2026-01-04,MANDI010,Sugarcane,279.35
2026-01-04,MANDI011,Mustard,476.37
2026-01-04,MANDI012,Mustard,390.51
2026-01-04,MANDI012,Rice,226.46
2026-01-04,MANDI013,Sugarcane,290.87
2026-01-04,MANDI014,Sugarcane,480.84
2026-01-04,MANDI015,Mustard,61.44
2026-01-04,MANDI015,Rice,471.21
2026-01-04,MANDI015,Sugarcane,325.89
2026-01-04,MANDI015,Wheat,170.52
2026-01-04,MANDI016,Maize,44.65
2026-01-04,MANDI016,Mustard,520.71
2026-01-04,MANDI018,Maize,386.84
2026-01-04,MANDI019,Wheat,249.78000000000003
2026-01-04,MANDI020,Wheat,94.31
2026-01-04,MANDI021,Basmati,385.15
2026-01-04,MANDI021,Rice,313.36
2026-01-04,MANDI021,Sugarcane,235.12
2026-01-04,MANDI022,Mustard,115.14
2026-01-04,MANDI023,Maize,466.13
2026-01-04,MANDI026,Sugarcane,226.23
2026-01-04,MANDI027,Mustard,315.58
2026-01-04,MANDI027,Sugarcane,356.72
2026-01-04,MANDI028,Mustard,323.09
2026-01-04,MANDI030,Mustard,212.22
2026-01-04,MANDI030,Wheat,207.89
2026-01-04,MANDI031,Mustard,54.69
2026-01-04,MANDI035,Mustard,492.84
2026-01-04,MANDI035,Sugarcane,264.84
2026-01-04,MANDI036,Mustard,33.73
2026-01-04,MANDI036,Wheat,348.23
2026-01-04,MANDI038,Cotton,414.09
2026-01-04,MANDI038,Wheat,147.48
2026-01-04,MANDI039,Mustard,79.32
2026-01-04,MANDI039,Rice,33.04
2026-01-04,MANDI040,Wheat,308.12
2026-01-04,MANDI041,Wheat,338.51
2026-01-04,MANDI043,Cotton,272.59
2026-01-04,MANDI043,Maize,420.28
2026-01-04,MANDI045,Maize,376.23
2026-01-04,MANDI047,Wheat,221.63
2026-01-04,MANDI048,Rice,231.5
2026-01-04,MANDI049,Narma,342.44
2026-01-04,MANDI049,Rice,59.51
2026-01-04,MANDI050,Mustard,321.11
2026-01-04,MANDI052,Sugarcane,471.8
2026-01-04,MANDI054,Mustard,637.35
2026-01-04,MANDI056,Rice,189.38
2026-01-05,MANDI001,Maize,307.42
2026-01-05,MANDI003,Maize,37.36
2026-01-05,MANDI003,Mustard,361.12
2026-01-05,MANDI003,Sugarcane,301.20000000000005
2026-01-05,MANDI003,Wheat,241.84000000000006
2026-01-05,MANDI004,Maize,159.88
2026-01-05,MANDI004,Rice,191.61
2026-01-05,MANDI005,Mustard,243.82
2026-01-05,MANDI005,Sugarcane,331.55
2026-01-05,MANDI005,Wheat,66.67
2026-01-05,MANDI006,Cotton,232.15
2026-01-05,MANDI007,Cotton,436.44
2026-01-05,MANDI007,Sugarcane,398.87
2026-01-05,MANDI008,Mustard,294.37
2026-01-05,MANDI009,Maize,279.19
2026-01-05,MANDI011,Maize,175.05
2026-01-05,MANDI011,Mustard,154.67000000000002
2026-01-05,MANDI012,Maize,224.36
2026-01-05,MANDI013,Mustard,469.46
2026-01-05,MANDI013,Sugarcane,409.79
2026-01-05,MANDI015,Cotton,293.85
2026-01-05,MANDI015,Sugarcane,147.64
2026-01-05,MANDI016,Maize,18.57
2026-01-05,MANDI016,Wheat,203.33
2026-01-05,MANDI017,Sugarcane,72.39
2026-01-05,MANDI019,Mustard,496.78
2026-01-05,MANDI020,Cotton,380.86
2026-01-05,MANDI020,Maize,128.09
2026-01-05,MANDI020,Mustard,407.89
2026-01-05,MANDI020,Wheat,281.01
2026-01-05,MANDI022,Mustard,436.36
2026-01-05,MANDI022,Wheat,73.78
2026-01-05,MANDI023,Cotton,442.11
2026-01-05,MANDI023,Mustard,395.26
2026-01-05,MANDI023,Sugarcane,287.63
2026-01-05,MANDI023,Wheat,255.38
2026-01-05,MANDI024,Maize,114.75
2026-01-05,MANDI026,Wheat,238.81
2026-01-05,MANDI027,Cotton,150.61
2026-01-05,MANDI027,Mustard,228.95
2026-01-05,MANDI027,Rice,433.97
2026-01-05,MANDI028,Maize,181.87
2026-01-05,MANDI029,Cotton,441.76
2026-01-05,MANDI032,Cotton,270.86
2026-01-05,MANDI032,Sugarcane,265.59000000000003
2026-01-05,MANDI034,Maize,416.38
2026-01-05,MANDI035,Maize,128.23
2026-01-05,MANDI035,Wheat,29.08
2026-01-05,MANDI036,Mustard,209.24
2026-01-05,MANDI038,Sugarcane,212.3
2026-01-05,MANDI039,Sugarcane,218.88
2026-01-05,MANDI040,Mustard,453.76
2026-01-05,MANDI040,Rice,477.55999999999995
2026-01-05,MANDI040,Sugarcane,74.33
2026-01-05,MANDI041,Mustard,83.38
2026-01-05,MANDI042,Cotton,365.35
2026-01-05,MANDI042,Maize,172.7
2026-01-05,MANDI042,Wheat,254.47
2026-01-05,MANDI043,Cotton,97.78
2026-01-05,MANDI044,Maize,23.5
2026-01-05,MANDI044,Wheat,131.06
2026-01-05,MANDI045,Sugarcane,239.36
2026-01-05,MANDI045,Wheat,195.16
2026-01-05,MANDI046,Cotton,355.9
2026-01-05,MANDI046,Mustard,49.41
2026-01-05,MANDI047,Narma,196.76
2026-01-05,MANDI048,Maize,97.55
2026-01-05,MANDI048,Mustard,449.09000000000003
2026-01-05,MANDI048,Narma,163.83
2026-01-05,MANDI050,Mustard,641.7
2026-01-05,MANDI050,Rice,82.30000000000001
2026-01-05,MANDI051,Maize,162.36
2026-01-05,MANDI052,Rice,298.47
2026-01-05,MANDI052,Wheat,100.18
2026-01-05,MANDI053,Mustard,459.39
2026-01-05,MANDI054,Rice,231.73
2026-01-05,MANDI055,Rice,241.84
2026-01-05,MANDI056,Basmati,311.32
2026-01-05,MANDI056,Mustard,480.36
2026-01-05,MANDI057,Wheat,201.69
2026-01-06,MANDI001,Cotton,425.11
2026-01-06,MANDI002,Cotton,420.71
2026-01-06,MANDI002,Wheat,14.85
2026-01-06,MANDI003,Mustard,359.31
2026-01-06,MANDI004,Mustard,75.99
2026-01-06,MANDI005,Sugarcane,157.92
2026-01-06,MANDI006,Cotton,456.09
2026-01-06,MANDI006,Wheat,58.5
2026-01-06,MANDI007,Cotton,178.4
2026-01-06,MANDI007,Mustard,486.75
2026-01-06,MANDI007,Rice,444.92999999999995
2026-01-06,MANDI012,Sugarcane,32.91
2026-01-06,MANDI013,Maize,295.24
2026-01-06,MANDI013,Sugarcane,348.95
2026-01-06,MANDI014,Maize,31.12
2026-01-06,MANDI014,Wheat,56.8
2026-01-06,MANDI015,Cotton,384.46
2026-01-06,MANDI016,Maize,324.03
2026-01-06,MANDI016,Mustard,203.01
2026-01-06,MANDI016,Narma,147.91
2026-01-06,MANDI016,Wheat,57.16
2026-01-06,MANDI017,Narma,283.21
2026-01-06,MANDI017,Rice,394.7
2026-01-06,MANDI018,Mustard,336.84
2026-01-06,MANDI019,Mustard,287.01
2026-01-06,MANDI019,Rice,758.21
2026-01-06,MANDI019,Sugarcane,254.88
2026-01-06,MANDI020,Rice,414.92
2026-01-06,MANDI020,Sugarcane,90.99
2026-01-06,MANDI021,Rice,451.48
2026-01-06,MANDI022,Narma,181.74
2026-01-06,MANDI026,Mustard,75.44
2026-01-06,MANDI026,Wheat,76.87
2026-01-06,MANDI028,Mustard,24.54
2026-01-06,MANDI028,Wheat,194.39
2026-01-06,MANDI029,Rice,184.15
2026-01-06,MANDI029,Sugarcane,223.5
2026-01-06,MANDI032,Maize,186.33
2026-01-06,MANDI033,Basmati,337.19
2026-01-06,MANDI033,Rice,398.83
2026-01-06,MANDI033,Sugarcane,403.76
2026-01-06,MANDI034,Maize,297.5
2026-01-06,MANDI035,Cotton,301.6
2026-01-06,MANDI036,Cotton,241.58
2026-01-06,MANDI036,Mustard,344.43
2026-01-06,MANDI038,Cotton,44.22
2026-01-06,MANDI038,Maize,91.37
2026-01-06,MANDI039,Sugarcane,69.73
2026-01-06,MANDI042,Cotton,158.63
2026-01-06,MANDI043,Cotton,241.85
2026-01-06,MANDI043,Maize,30.950000000000003
2026-01-06,MANDI043,Rice,421.02
2026-01-06,MANDI044,Wheat,73.94
2026-01-06,MANDI046,Sugarcane,302.58
2026-01-06,MANDI051,Mustard,49.17
2026-01-06,MANDI054,Narma,410.2000000000001
2026-01-06,MANDI054,Rice,193.25
2026-01-06,MANDI056,Wheat,465.65
2026-01-06,MANDI057,Mustard,301.48
2026-01-06,MANDI057,Narma,34.84
2026-01-07,MANDI001,Sugarcane,456.73
2026-01-07,MANDI002,Wheat,175.14
2026-01-07,MANDI003,Maize,230.31
2026-01-07,MANDI004,Maize,389.97
2026-01-07,MANDI004,Sugarcane,132.46
2026-01-07,MANDI005,Cotton,237.8
2026-01-07,MANDI007,Cotton,135.13
2026-01-07,MANDI007,Rice,184.42
2026-01-07,MANDI008,Sugarcane,249.5
2026-01-07,MANDI009,Sugarcane,468.1
2026-01-07,MANDI011,Maize,226.72
2026-01-07,MANDI012,Mustard,152.11
2026-01-07,MANDI012,Sugarcane,435.52
2026-01-07,MANDI015,Wheat,442.02
2026-01-07,MANDI016,Mustard,255.96
2026-01-07,MANDI016,Sugarcane,724.3
2026-01-07,MANDI016,Wheat,348.74
2026-01-07,MANDI018,Maize,308.99
2026-01-07,MANDI018,Mustard,337.16
2026-01-07,MANDI018,Rice,401.69
2026-01-07,MANDI019,Cotton,265.21
2026-01-07,MANDI019,Maize,287.56
2026-01-07,MANDI019,Wheat,738.13
2026-01-07,MANDI022,Maize,143.6
2026-01-07,MANDI022,Wheat,242.51000000000002
2026-01-07,MANDI023,Wheat,195.32
2026-01-07,MANDI024,Rice,88.52000000000001
2026-01-07,MANDI026,Rice,134.17
2026-01-07,MANDI026,Wheat,481.89
2026-01-07,MANDI027,Cotton,127.79
2026-01-07,MANDI027,Mustard,359.12
2026-01-07,MANDI028,Rice,72.06
2026-01-07,MANDI029,Rice,96.28
2026-01-07,MANDI029,Sugarcane,85.09
2026-01-07,MANDI032,Mustard,100.04
2026-01-07,MANDI032,Sugarcane,10.86
2026-01-07,MANDI033,Maize,259.69
2026-01-07,MANDI033,Sugarcane,31.01
2026-01-07,MANDI034,Maize,335.97
2026-01-07,MANDI035,Mustard,82.97
2026-01-07,MANDI037,Cotton,86.83
2026-01-07,MANDI037,Mustard,143.96
2026-01-07,MANDI038,Cotton,691.16
2026-01-07,MANDI038,Sugarcane,53.86
2026-01-07,MANDI040,Rice,108.85
2026-01-07,MANDI041,Basmati,297.21
2026-01-07,MANDI041,Sugarcane,403.09
2026-01-07,MANDI044,Wheat,359.85
2026-01-07,MANDI045,Maize,195.58
2026-01-07,MANDI048,Rice,326.4
2026-01-07,MANDI048,Wheat,63.68000000000001
2026-01-07,MANDI049,Mustard,74.98
2026-01-07,MANDI049,Wheat,416.13
2026-01-07,MANDI050,Cotton,10.6
2026-01-07,MANDI053,Maize,459.11
2026-01-07,MANDI053,Sugarcane,348.56
2026-01-07,MANDI056,Basmati,202.68
2026-01-08,MANDI001,Maize,289.39
2026-01-08,MANDI002,Mustard,314.93
2026-01-08,MANDI004,Wheat,192.95
2026-01-08,MANDI007,Rice,88.19
2026-01-08,MANDI008,Rice,140.02
2026-01-08,MANDI009,Cotton,294.96
2026-01-08,MANDI009,Mustard,623.84
2026-01-08,MANDI010,Rice,53.92
2026-01-08,MANDI010,Wheat,425.38
2026-01-08,MANDI011,Narma,268.44
2026-01-08,MANDI013,Rice,43.33
2026-01-08,MANDI014,Cotton,381.92
2026-01-08,MANDI014,Rice,442.79
2026-01-08,MANDI014,Wheat,91.09
2026-01-08,MANDI015,Cotton,376.60999999999996
2026-01-08,MANDI015,Sugarcane,185.58
2026-01-08,MANDI016,Mustard,679.46
2026-01-08,MANDI016,Rice,465.62
2026-01-08,MANDI016,Wheat,444.12
2026-01-08,MANDI017,Basmati,313.92
2026-01-08,MANDI018,Cotton,489.8
2026-01-08,MANDI019,Cotton,464.16
2026-01-08,MANDI020,Basmati,244.24
2026-01-08,MANDI020,Sugarcane,250.22
2026-01-08,MANDI020,Wheat,395.1
2026-01-08,MANDI021,Rice,409.66
2026-01-08,MANDI022,Maize,254.7
2026-01-08,MANDI024,Maize,381.71
2026-01-08,MANDI025,Mustard,459.52
2026-01-08,MANDI026,Basmati,430.66
2026-01-08,MANDI026,Cotton,382.61
2026-01-08,MANDI026,Rice,456.79
2026-01-08,MANDI026,Wheat,68.38
2026-01-08,MANDI028,Cotton,350.28
2026-01-08,MANDI028,Sugarcane,386.47
2026-01-08,MANDI029,Maize,29.68
2026-01-08,MANDI033,Rice,451.48
2026-01-08,MANDI033,Wheat,15.93
2026-01-08,MANDI034,Wheat,340.83
2026-01-08,MANDI036,Maize,441.23
2026-01-08,MANDI036,Wheat,443.48
2026-01-08,MANDI038,Cotton,369.03
2026-01-08,MANDI039,Cotton,91.84
2026-01-08,MANDI039,Sugarcane,382.25
2026-01-08,MANDI040,Sugarcane,85.18
2026-01-08,MANDI040,Wheat,234.39
2026-01-08,MANDI041,Mustard,381.73
2026-01-08,MANDI042,Basmati,199.43
2026-01-08,MANDI042,Mustard,326.9
2026-01-08,MANDI042,Sugarcane,46.35
2026-01-08,MANDI042,Wheat,375.47
2026-01-08,MANDI044,Mustard,827.13
2026-01-08,MANDI046,Mustard,269.22
2026-01-08,MANDI048,Cotton,287.25
2026-01-08,MANDI048,Maize,280.86
2026-01-08,MANDI048,Rice,359.65
2026-01-08,MANDI048,Wheat,78.54999999999998
2026-01-08,MANDI049,Mustard,468.73
2026-01-08,MANDI049,Sugarcane,214.5
2026-01-08,MANDI049,Wheat,159.45
2026-01-08,MANDI052,Cotton,296.76
2026-01-08,MANDI052,Sugarcane,155.39
2026-01-08,MANDI053,Wheat,213.88
2026-01-08,MANDI055,Basmati,351.81
2026-01-08,MANDI056,Sugarcane,507.5200000000001
2026-01-09,MANDI001,Sugarcane,355.3
2026-01-09,MANDI001,Wheat,105.39
2026-01-09,MANDI002,Basmati,158.56
2026-01-09,MANDI002,Mustard,104.16
2026-01-09,MANDI002,Sugarcane,436.16
2026-01-09,MANDI002,Wheat,269.49
2026-01-09,MANDI003,Cotton,63.24
2026-01-09,MANDI004,Rice,399.47
2026-01-09,MANDI005,Mustard,621.87
2026-01-09,MANDI006,Maize,214.1
2026-01-09,MANDI006,Mustard,407.37
2026-01-09,MANDI006,Sugarcane,264.31
2026-01-09,MANDI006,Wheat,488.31
2026-01-09,MANDI007,Wheat,18.5
2026-01-09,MANDI008,Maize,306.41
2026-01-09,MANDI009,Maize,154.32
2026-01-09,MANDI009,Wheat,38.6
2026-01-09,MANDI010,Maize,314.45
2026-01-09,MANDI010,Mustard,260.84
2026-01-09,MANDI011,Rice,333.33
2026-01-09,MANDI011,Sugarcane,99.83
2026-01-09,MANDI012,Cotton,343.98
2026-01-09,MANDI012,Rice,495.73
2026-01-09,MANDI013,Cotton,113.55
2026-01-09,MANDI013,Wheat,436.66
2026-01-09,MANDI014,Cotton,447.78
2026-01-09,MANDI015,Mustard,513.6500000000001
2026-01-09,MANDI017,Cotton,143.89
2026-01-09,MANDI017,Maize,207.51
2026-01-09,MANDI017,Sugarcane,36.88
2026-01-09,MANDI019,Sugarcane,444.8
2026-01-09,MANDI019,Wheat,287.4
2026-01-09,MANDI021,Sugarcane,377.4
2026-01-09,MANDI022,Maize,77.21999999999998
2026-01-09,MANDI023,Maize,389.59
2026-01-09,MANDI024,Rice,355.18
2026-01-09,MANDI025,Mustard,460.12
2026-01-09,MANDI026,Mustard,374.03
2026-01-09,MANDI026,Rice,521.11
2026-01-09,MANDI027,Mustard,361.11
2026-01-09,MANDI028,Maize,535.33
2026-01-09,MANDI028,Sugarcane,457.67
2026-01-09,MANDI029,Mustard,322.03000000000003
2026-01-09,MANDI031,Mustard,137.39
2026-01-09,MANDI032,Wheat,285.52
2026-01-09,MANDI033,Mustard,295.14
2026-01-09,MANDI033,Sugarcane,382.87
2026-01-09,MANDI035,Cotton,85.96
2026-01-09,MANDI035,Narma,192.59
2026-01-09,MANDI035,Sugarcane,50.98
2026-01-09,MANDI037,Maize,17.66
2026-01-09,MANDI038,Basmati,455.09
2026-01-09,MANDI038,Rice,356.18
2026-01-09,MANDI038,Wheat,478.84
2026-01-09,MANDI040,Maize,205.99
2026-01-09,MANDI040,Sugarcane,297.7
2026-01-09,MANDI041,Maize,464.35
2026-01-09,MANDI041,Narma,326.5
2026-01-09,MANDI041,Rice,435.1
2026-01-09,MANDI042,Sugarcane,165.19
2026-01-09,MANDI043,Maize,484.82
2026-01-09,MANDI044,Maize,393.12
2026-01-09,MANDI044,Narma,316.48
2026-01-09,MANDI044,Wheat,483.16
2026-01-09,MANDI045,Rice,191.95
2026-01-09,MANDI045,Sugarcane,342.79
2026-01-09,MANDI048,Cotton,442.55
2026-01-09,MANDI048,Maize,99.97
2026-01-09,MANDI048,Wheat,298.35
2026-01-09,MANDI049,Cotton,339.93
2026-01-09,MANDI051,Mustard,211.18
2026-01-09,MANDI051,Sugarcane,186.06
2026-01-09,MANDI052,Mustard,224.34
2026-01-09,MANDI052,Sugarcane,178.56
2026-01-09,MANDI053,Mustard,369.06
2026-01-09,MANDI053,Narma,179.13
2026-01-09,MANDI053,Wheat,112.94
2026-01-09,MANDI054,Rice,439.6
2026-01-09,MANDI055,Sugarcane,231.28
2026-01-09,MANDI056,Maize,224.19
2026-01-09,MANDI056,Narma,350.55
2026-01-10,MANDI003,Maize,378.37
2026-01-10,MANDI005,Maize,269.74
2026-01-10,MANDI007,Cotton,75.63
2026-01-10,MANDI007,Rice,85.28999999999999
2026-01-10,MANDI007,Sugarcane,34.34
2026-01-10,MANDI007,Wheat,459.25
2026-01-10,MANDI009,Wheat,21.9
2026-01-10,MANDI010,Wheat,359.88
2026-01-10,MANDI011,Rice,77.38
2026-01-10,MANDI013,Basmati,13.09
2026-01-10,MANDI017,Mustard,400.4
2026-01-10,MANDI021,Cotton,129.52
2026-01-10,MANDI021,Maize,159.27
2026-01-10,MANDI021,Sugarcane,74.69
2026-01-10,MANDI023,Cotton,124.18
2026-01-10,MANDI024,Rice,428.69
2026-01-10,MANDI024,Sugarcane,267.57
2026-01-10,MANDI028,Rice,60.67
2026-01-10,MANDI029,Cotton,51.61
2026-01-10,MANDI032,Mustard,422.68
2026-01-10,MANDI033,Maize,262.01
2026-01-10,MANDI035,Sugarcane,345.47
2026-01-10,MANDI036,Wheat,343.07
2026-01-10,MANDI042,Wheat,342.03
2026-01-10,MANDI044,Sugarcane,639.86
2026-01-10,MANDI045,Mustard,329.15
2026-01-10,MANDI045,Wheat,435.81
2026-01-10,MANDI047,Rice,139.39
2026-01-10,MANDI048,Mustard,158.36
2026-01-10,MANDI048,Sugarcane,947.14
2026-01-10,MANDI049,Cotton,376.2
2026-01-10,MANDI052,Maize,49.75
2026-01-10,MANDI055,Maize,107.43
2026-01-11,MANDI002,Cotton,59.66
2026-01-11,MANDI002,Wheat,432.26
2026-01-11,MANDI004,Maize,426.92
2026-01-11,MANDI004,Sugarcane,252.43
2026-01-11,MANDI004,Wheat,41.54
2026-01-11,MANDI005,Wheat,134.0
2026-01-11,MANDI006,Wheat,28.16
2026-01-11,MANDI008,Mustard,398.34
2026-01-11,MANDI010,Maize,454.66
2026-01-11,MANDI013,Mustard,449.96
2026-01-11,MANDI013,Wheat,126.43
2026-01-11,MANDI015,Rice,192.78
2026-01-11,MANDI015,Sugarcane,330.79
2026-01-11,MANDI018,Sugarcane,317.83
2026-01-11,MANDI020,Cotton,226.08
2026-01-11,MANDI021,Rice,368.76
2026-01-11,MANDI022,Sugarcane,153.18
2026-01-11,MANDI023,Basmati,34.89
2026-01-11,MANDI025,Rice,23.24
2026-01-11,MANDI030,Maize,240.18
2026-01-11,MANDI030,Rice,850.58
2026-01-11,MANDI034,Cotton,405.58
2026-01-11,MANDI034,Wheat,63.77000000000001
2026-01-11,MANDI035,Cotton,317.68
2026-01-11,MANDI035,Mustard,416.33
2026-01-11,MANDI035,Rice,47.77
2026-01-11,MANDI036,Sugarcane,478.85
2026-01-11,MANDI039,Sugarcane,454.59
2026-01-11,MANDI041,Cotton,301.13
2026-01-11,MANDI041,Rice,164.63
2026-01-11,MANDI041,Sugarcane,98.6
2026-01-11,MANDI044,Wheat,303.42
2026-01-11,MANDI046,Mustard,393.27
2026-01-11,MANDI047,Cotton,417.13
2026-01-11,MANDI048,Cotton,174.29
2026-01-11,MANDI049,Rice,434.53
2026-01-11,MANDI049,Wheat,110.47
2026-01-11,MANDI050,Mustard,308.05
2026-01-11,MANDI053,Cotton,327.55
2026-01-11,MANDI053,Rice,447.14
2026-01-11,MANDI055,Cotton,307.58
2026-01-11,MANDI057,Mustard,23.2
2026-01-12,MANDI002,Wheat,275.18
2026-01-12,MANDI006,Wheat,375.8
2026-01-12,MANDI008,Cotton,175.45
2026-01-12,MANDI013,Maize,209.75
2026-01-12,MANDI014,Sugarcane,433.54
2026-01-12,MANDI014,Wheat,239.47
2026-01-12,MANDI015,Cotton,207.86
2026-01-12,MANDI016,Cotton,269.81
2026-01-12,MANDI016,Rice,42.68
2026-01-12,MANDI018,Sugarcane,43.68
2026-01-12,MANDI021,Maize,105.42
2026-01-12,MANDI023,Sugarcane,369.07
2026-01-12,MANDI024,Wheat,57.74
2026-01-12,MANDI025,Cotton,21.01
2026-01-12,MANDI025,Mustard,174.0
2026-01-12,MANDI025,Wheat,358.91
2026-01-12,MANDI026,Sugarcane,85.47
2026-01-12,MANDI032,Sugarcane,353.7099999999999
2026-01-12,MANDI037,Mustard,146.35
2026-01-12,MANDI038,Mustard,340.56
2026-01-12,MANDI039,Wheat,344.17
2026-01-12,MANDI040,Sugarcane,100.62
2026-01-12,MANDI042,Maize,258.58
2026-01-12,MANDI042,Mustard,353.86
2026-01-12,MANDI042,Rice,139.21
2026-01-12,MANDI043,Mustard,172.0
2026-01-12,MANDI045,Cotton,177.0
2026-01-12,MANDI047,Cotton,349.2
2026-01-12,MANDI049,Basmati,175.67
2026-01-12,MANDI050,Rice,31.46
2026-01-12,MANDI051,Sugarcane,103.32
2026-01-12,MANDI052,Mustard,133.54
2026-01-12,MANDI052,Rice,410.79
2026-01-12,MANDI053,Sugarcane,58.31
2026-01-12,MANDI054,Wheat,481.22
2026-01-12,MANDI055,Wheat,398.86
2026-01-12,MANDI056,Wheat,465.78
2026-01-13,MANDI001,Maize,55.21
2026-01-13,MANDI001,Wheat,85.15
2026-01-13,MANDI002,Sugarcane,36.56
2026-01-13,MANDI004,Rice,526.6800000000001
2026-01-13,MANDI005,Maize,458.16
2026-01-13,MANDI005,Sugarcane,379.64
2026-01-13,MANDI007,Rice,119.44
2026-01-13,MANDI008,Mustard,449.55
2026-01-13,MANDI008,Rice,423.56
2026-01-13,MANDI009,Cotton,413.82
2026-01-13,MANDI009,Maize,398.54
2026-01-13,MANDI009,Rice,255.48
2026-01-13,MANDI009,Wheat,364.36
2026-01-13,MANDI011,Rice,676.81
2026-01-13,MANDI011,Sugarcane,247.0
2026-01-13,MANDI012,Wheat,348.56
2026-01-13,MANDI013,Narma,441.63
2026-01-13,MANDI015,Sugarcane,426.34
2026-01-13,MANDI021,Mustard,93.61
2026-01-13,MANDI021,Wheat,367.28
2026-01-13,MANDI024,Cotton,300.01
2026-01-13,MANDI024,Narma,110.75
2026-01-13,MANDI025,Wheat,80.4
2026-01-13,MANDI027,Mustard,240.16
2026-01-13,MANDI027,Narma,241.49
2026-01-13,MANDI027,Sugarcane,212.19
2026-01-13,MANDI027,Wheat,59.73
2026-01-13,MANDI028,Cotton,459.78000000000003
2026-01-13,MANDI028,Mustard,58.43
2026-01-13,MANDI029,Rice,208.69
2026-01-13,MANDI029,Sugarcane,125.6
2026-01-13,MANDI030,Maize,166.75
2026-01-13,MANDI030,Sugarcane,75.64
2026-01-13,MANDI031,Rice,297.95
2026-01-13,MANDI031,Sugarcane,236.83
2026-01-13,MANDI033,Basmati,421.93
2026-01-13,MANDI033,Narma,109.71
2026-01-13,MANDI034,Rice,490.23
2026-01-13,MANDI034,Wheat,50.18
2026-01-13,MANDI035,Sugarcane,554.04
2026-01-13,MANDI036,Mustard,341.33
2026-01-13,MANDI039,Rice,442.09
2026-01-13,MANDI040,Mustard,209.11
2026-01-13,MANDI040,Sugarcane,21.79
2026-01-13,MANDI042,Maize,340.71
2026-01-13,MANDI042,Mustard,404.17
2026-01-13,MANDI043,Mustard,145.57
2026-01-13,MANDI044,Mustard,219.39
2026-01-13,MANDI046,Sugarcane,137.7
2026-01-13,MANDI046,Wheat,304.13
2026-01-13,MANDI047,Mustard,286.87
2026-01-13,MANDI048,Mustard,146.91
2026-01-13,MANDI048,Rice,415.85
2026-01-13,MANDI048,Wheat,190.9
2026-01-13,MANDI049,Maize,451.91
2026-01-13,MANDI050,Maize,268.76
2026-01-13,MANDI050,Mustard,705.9300000000001
2026-01-13,MANDI052,Mustard,485.84
2026-01-13,MANDI054,Wheat,337.26
2026-01-13,MANDI055,Narma,195.84
2026-01-13,MANDI056,Mustard,191.06
2026-01-14,MANDI002,Cotton,231.64
2026-01-14,MANDI002,Wheat,225.28
2026-01-14,MANDI004,Cotton,424.82
2026-01-14,MANDI004,Wheat,96.07
2026-01-14,MANDI005,Cotton,745.14
2026-01-14,MANDI006,Cotton,225.9
2026-01-14,MANDI006,Narma,367.84
2026-01-14,MANDI007,Wheat,445.33000000000004
2026-01-14,MANDI008,Sugarcane,448.45
2026-01-14,MANDI010,Mustard,632.41
2026-01-14,MANDI011,Maize,314.18
2026-01-14,MANDI012,Cotton,227.11
2026-01-14,MANDI013,Rice,193.06
2026-01-14,MANDI013,Sugarcane,389.84
2026-01-14,MANDI013,Wheat,125.64
2026-01-14,MANDI014,Wheat,289.96
2026-01-14,MANDI015,Mustard,325.03
2026-01-14,MANDI016,Rice,405.43
2026-01-14,MANDI018,Maize,303.26
2026-01-14,MANDI018,Wheat,421.42
2026-01-14,MANDI019,Maize,423.21999999999997
2026-01-14,MANDI021,Mustard,486.9
2026-01-14,MANDI022,Sugarcane,133.11
2026-01-14,MANDI024,Cotton,165.02
2026-01-14,MANDI024,Rice,238.05
2026-01-14,MANDI025,Maize,261.61
2026-01-14,MANDI026,Maize,697.31
2026-01-14,MANDI026,Wheat,39.38
2026-01-14,MANDI028,Maize,65.03
2026-01-14,MANDI028,Wheat,134.08
2026-01-14,MANDI030,Cotton,117.69
2026-01-14,MANDI031,Rice,374.1
2026-01-14,MANDI034,Wheat,196.82
2026-01-14,MANDI036,Mustard,340.9
2026-01-14,MANDI036,Sugarcane,437.39
2026-01-14,MANDI037,Cotton,212.03
2026-01-14,MANDI037,Sugarcane,147.59
2026-01-14,MANDI039,Wheat,479.03
2026-01-14,MANDI040,Wheat,318.21
2026-01-14,MANDI041,Cotton,253.03
2026-01-14,MANDI041,Mustard,402.17
2026-01-14,MANDI043,Cotton,62.52000000000001
2026-01-14,MANDI043,Mustard,491.76
2026-01-14,MANDI044,Cotton,148.33
2026-01-14,MANDI044,Maize,455.94
2026-01-14,MANDI044,Rice,24.76
2026-01-14,MANDI045,Rice,91.7
2026-01-14,MANDI047,Basmati,483.72
2026-01-14,MANDI048,Wheat,103.18
2026-01-14,MANDI050,Maize,367.66999999999996
2026-01-14,MANDI050,Wheat,442.47
2026-01-14,MANDI051,Cotton,70.05
2026-01-14,MANDI052,Cotton,257.3
2026-01-14,MANDI053,Basmati,421.57
2026-01-14,MANDI053,Mustard,228.43
2026-01-14,MANDI053,Wheat,412.08
2026-01-14,MANDI054,Maize,469.49
2026-01-14,MANDI054,Wheat,97.08
2026-01-14,MANDI055,Rice,271.61
2026-01-14,MANDI056,Basmati,230.4
2026-01-14,MANDI056,Maize,264.42
2026-01-14,MANDI057,Wheat,296.12
2026-01-15,MANDI001,Sugarcane,479.97
2026-01-15,MANDI002,Maize,229.69
2026-01-15,MANDI002,Narma,298.08
2026-01-15,MANDI002,Rice,132.93
2026-01-15,MANDI002,Wheat,242.01
2026-01-15,MANDI003,Sugarcane,270.69
2026-01-15,MANDI006,Cotton,221.89
2026-01-15,MANDI007,Sugarcane,100.14
2026-01-15,MANDI007,Wheat,71.64
2026-01-15,MANDI008,Maize,120.8
2026-01-15,MANDI010,Basmati,460.81
2026-01-15,MANDI010,Rice,440.11
2026-01-15,MANDI010,Wheat,291.86
2026-01-15,MANDI011,Maize,356.9
2026-01-15,MANDI011,Mustard,304.91
2026-01-15,MANDI011,Rice,490.06
2026-01-15,MANDI011,Wheat,55.83
2026-01-15,MANDI012,Maize,183.55
2026-01-15,MANDI012,Narma,390.26
2026-01-15,MANDI013,Basmati,463.77
2026-01-15,MANDI013,Maize,536.97
2026-01-15,MANDI014,Maize,78.34
2026-01-15,MANDI014,Rice,95.89
2026-01-15,MANDI014,Wheat,216.9
2026-01-15,MANDI015,Mustard,32.41
2026-01-15,MANDI015,Narma,13.35
2026-01-15,MANDI016,Maize,53.959999999999994
2026-01-15,MANDI017,Rice,398.54
2026-01-15,MANDI018,Maize,207.81
2026-01-15,MANDI018,Wheat,329.56
2026-01-15,MANDI019,Mustard,174.63
2026-01-15,MANDI020,Maize,367.06
2026-01-15,MANDI021,Mustard,270.75
2026-01-15,MANDI022,Sugarcane,51.8
2026-01-15,MANDI023,Wheat,248.59000000000003
2026-01-15,MANDI024,Maize,449.47
2026-01-15,MANDI024,Mustard,409.77
2026-01-15,MANDI024,Wheat,428.87
2026-01-15,MANDI025,Sugarcane,236.46
2026-01-15,MANDI027,Mustard,289.4
2026-01-15,MANDI029,Narma,463.75
2026-01-15,MANDI032,Mustard,258.29
2026-01-15,MANDI032,Sugarcane,684.4
2026-01-15,MANDI033,Rice,190.81
2026-01-15,MANDI035,Cotton,399.26
2026-01-15,MANDI036,Mustard,367.82
2026-01-15,MANDI036,Wheat,196.56
2026-01-15,MANDI039,Cotton,429.6
2026-01-15,MANDI041,Mustard,106.81
2026-01-15,MANDI041,Rice,159.91
2026-01-15,MANDI042,Mustard,412.72
2026-01-15,MANDI042,Narma,311.46
2026-01-15,MANDI043,Maize,221.8
2026-01-15,MANDI043,Wheat,179.71
2026-01-15,MANDI044,Rice,124.48
2026-01-15,MANDI045,Cotton,79.95
2026-01-15,MANDI045,Mustard,143.47
2026-01-15,MANDI051,Maize,308.77
2026-01-15,MANDI052,Maize,215.5
2026-01-15,MANDI053,Cotton,430.51
2026-01-15,MANDI053,Maize,157.77
2026-01-15,MANDI053,Mustard,242.87
2026-01-15,MANDI053,Narma,299.29
2026-01-15,MANDI054,Sugarcane,622.26
2026-01-15,MANDI055,Maize,237.18
2026-01-15,MANDI056,Cotton,416.92
2026-01-15,MANDI056,Rice,65.53
2026-01-15,MANDI056,Sugarcane,196.94
2026-01-15,MANDI057,Maize,421.22
2026-01-16,MANDI002,Rice,14.74
2026-01-16,MANDI002,Wheat,101.95
2026-01-16,MANDI003,Rice,142.16
2026-01-16,MANDI006,Sugarcane,78.89
2026-01-16,MANDI007,Maize,190.48
2026-01-16,MANDI007,Wheat,331.05
2026-01-16,MANDI009,Mustard,320.5
2026-01-16,MANDI010,Mustard,464.06
2026-01-16,MANDI010,Rice,454.99
2026-01-16,MANDI011,Sugarcane,44.83
2026-01-16,MANDI011,Wheat,313.29
2026-01-16,MANDI012,Rice,67.46000000000001
2026-01-16,MANDI013,Mustard,261.62
2026-01-16,MANDI013,Narma,446.95000000000005
2026-01-16,MANDI013,Sugarcane,188.28
2026-01-16,MANDI014,Maize,402.79
2026-01-16,MANDI014,Mustard,217.84
2026-01-16,MANDI015,Cotton,296.15
2026-01-16,MANDI015,Wheat,190.12
2026-01-16,MANDI016,Maize,546.11
2026-01-16,MANDI016,Mustard,166.53
2026-01-16,MANDI016,Wheat,345.02
2026-01-16,MANDI018,Rice,82.22
2026-01-16,MANDI019,Rice,56.15
2026-01-16,MANDI019,Wheat,105.26
2026-01-16,MANDI021,Wheat,137.95
2026-01-16,MANDI024,Mustard,199.94
2026-01-16,MANDI024,Sugarcane,434.25
2026-01-16,MANDI025,Rice,177.89
2026-01-16,MANDI026,Maize,37.08
2026-01-16,MANDI027,Mustard,211.39
2026-01-16,MANDI027,Sugarcane,256.0
2026-01-16,MANDI028,Maize,126.65
2026-01-16,MANDI028,Mustard,461.38
2026-01-16,MANDI028,Wheat,221.49
2026-01-16,MANDI029,Wheat,402.04
2026-01-16,MANDI030,Narma,62.78
2026-01-16,MANDI030,Rice,396.87
2026-01-16,MANDI030,Sugarcane,77.84
2026-01-16,MANDI032,Cotton,474.59
2026-01-16,MANDI033,Wheat,16.8
2026-01-16,MANDI035,Mustard,17.97
2026-01-16,MANDI036,Cotton,305.19
2026-01-16,MANDI036,Wheat,506.44
2026-01-16,MANDI037,Maize,387.02
2026-01-16,MANDI038,Maize,186.77
2026-01-16,MANDI038,Narma,354.28
2026-01-16,MANDI039,Mustard,374.67
2026-01-16,MANDI040,Rice,396.37
2026-01-16,MANDI041,Rice,414.61
2026-01-16,MANDI041,Wheat,459.49
2026-01-16,MANDI042,Cotton,262.9
2026-01-16,MANDI043,Cotton,400.63
2026-01-16,MANDI043,Mustard,494.85
2026-01-16,MANDI044,Rice,428.17
2026-01-16,MANDI044,Sugarcane,105.74
2026-01-16,MANDI045,Maize,624.64
2026-01-16,MANDI046,Sugarcane,309.2
2026-01-16,MANDI046,Wheat,103.87
2026-01-16,MANDI047,Basmati,271.37
2026-01-16,MANDI048,Maize,274.84000000000003
2026-01-16,MANDI050,Narma,121.28
2026-01-16,MANDI050,Sugarcane,423.98
2026-01-16,MANDI053,Mustard,421.58
2026-01-16,MANDI054,Cotton,360.73
2026-01-16,MANDI054,Sugarcane,342.6600000000001
2026-01-16,MANDI054,Wheat,480.41
2026-01-16,MANDI055,Mustard,220.69
2026-01-16,MANDI055,Wheat,53.66
2026-01-16,MANDI056,Maize,349.19
2026-01-16,MANDI056,Mustard,224.38
2026-01-16,MANDI056,Rice,457.99
2026-01-16,MANDI057,Cotton,630.47
2026-01-16,MANDI057,Narma,244.53
2026-01-17,MANDI001,Mustard,513.38
2026-01-17,MANDI002,Wheat,77.04
2026-01-17,MANDI004,Mustard,359.09
2026-01-17,MANDI005,Rice,623.75
2026-01-17,MANDI005,Wheat,472.6
2026-01-17,MANDI006,Cotton,334.63
2026-01-17,MANDI006,Mustard,90.21
2026-01-17,MANDI008,Cotton,648.1199999999999
2026-01-17,MANDI008,Wheat,274.01
2026-01-17,MANDI010,Maize,42.51
2026-01-17,MANDI010,Mustard,249.63
2026-01-17,MANDI013,Wheat,475.23
2026-01-17,MANDI014,Cotton,193.01
2026-01-17,MANDI014,Wheat,462.51
2026-01-17,MANDI016,Rice,254.61
2026-01-17,MANDI017,Mustard,367.72
2026-01-17,MANDI017,Rice,455.61
2026-01-17,MANDI018,Cotton,151.74
2026-01-17,MANDI018,Wheat,463.13
2026-01-17,MANDI020,Mustard,198.09
2026-01-17,MANDI021,Cotton,333.68
2026-01-17,MANDI022,Sugarcane,174.08
2026-01-17,MANDI023,Rice,22.75
2026-01-17,MANDI024,Rice,203.23
2026-01-17,MANDI027,Wheat,109.76
2026-01-17,MANDI028,Wheat,113.72
2026-01-17,MANDI029,Wheat,298.76
2026-01-17,MANDI030,Maize,369.28999999999996
2026-01-17,MANDI031,Mustard,27.88
2026-01-17,MANDI031,Wheat,494.26
2026-01-17,MANDI032,Sugarcane,466.28
2026-01-17,MANDI033,Maize,395.68
2026-01-17,MANDI033,Mustard,168.5
2026-01-17,MANDI035,Maize,86.82
2026-01-17,MANDI035,Wheat,220.5
2026-01-17,MANDI036,Mustard,412.17
2026-01-17,MANDI038,Cotton,116.09
2026-01-17,MANDI038,Maize,435.28
2026-01-17,MANDI041,Sugarcane,243.51
2026-01-17,MANDI045,Rice,41.38
2026-01-17,MANDI045,Sugarcane,274.64
2026-01-17,MANDI045,Wheat,244.11
2026-01-17,MANDI046,Maize,527.78
2026-01-17,MANDI047,Maize,76.92
2026-01-17,MANDI048,Maize,321.02
2026-01-17,MANDI051,Cotton,268.89
2026-01-17,MANDI052,Basmati,236.43
2026-01-17,MANDI052,Maize,38.87
2026-01-17,MANDI052,Mustard,460.35
2026-01-17,MANDI054,Mustard,471.6
2026-01-17,MANDI056,Narma,205.18
2026-01-17,MANDI056,Sugarcane,379.11
2026-01-17,MANDI056,Wheat,379.04
2026-01-17,MANDI057,Cotton,478.56
2026-01-18,MANDI003,Mustard,301.76
2026-01-18,MANDI003,Sugarcane,287.55
2026-01-18,MANDI005,Wheat,373.62
2026-01-18,MANDI006,Rice,356.83000000000004
2026-01-18,MANDI006,Sugarcane,440.85
2026-01-18,MANDI006,Wheat,459.63
2026-01-18,MANDI007,Maize,282.58
2026-01-18,MANDI008,Rice,123.75
2026-01-18,MANDI008,Sugarcane,482.03
2026-01-18,MANDI009,Maize,204.88
2026-01-18,MANDI012,Mustard,246.84
2026-01-18,MANDI013,Mustard,270.14
2026-01-18,MANDI014,Mustard,55.9
2026-01-18,MANDI016,Wheat,96.04
2026-01-18,MANDI017,Wheat,501.94
2026-01-18,MANDI018,Basmati,245.71
2026-01-18,MANDI019,Rice,181.79
2026-01-18,MANDI019,Wheat,493.5
2026-01-18,MANDI020,Maize,31.260000000000005
2026-01-18,MANDI020,Rice,203.1
2026-01-18,MANDI020,Sugarcane,346.56
2026-01-18,MANDI022,Maize,44.59
2026-01-18,MANDI022,Narma,676.3
2026-01-18,MANDI022,Wheat,327.72
2026-01-18,MANDI023,Wheat,95.47
2026-01-18,MANDI026,Wheat,44.49
2026-01-18,MANDI027,Sugarcane,675.21
2026-01-18,MANDI028,Cotton,474.96
2026-01-18,MANDI028,Maize,331.72
2026-01-18,MANDI028,Rice,139.06
2026-01-18,MANDI029,Cotton,280.78
2026-01-18,MANDI030,Rice,174.4
2026-01-18,MANDI030,Sugarcane,55.1
2026-01-18,MANDI031,Narma,486.5
2026-01-18,MANDI031,Sugarcane,186.71
2026-01-18,MANDI032,Maize,208.45
2026-01-18,MANDI032,Mustard,882.08
2026-01-18,MANDI033,Maize,396.43
2026-01-18,MANDI034,Cotton,278.04
2026-01-18,MANDI034,Mustard,144.07
2026-01-18,MANDI035,Mustard,315.81
2026-01-18,MANDI036,Wheat,304.0
2026-01-18,MANDI037,Basmati,165.17
2026-01-18,MANDI037,Cotton,349.42
2026-01-18,MANDI037,Wheat,437.12
2026-01-18,MANDI038,Mustard,315.62
2026-01-18,MANDI040,Sugarcane,95.71
2026-01-18,MANDI040,Wheat,499.1
2026-01-18,MANDI041,Mustard,417.49
2026-01-18,MANDI041,Rice,89.58
2026-01-18,MANDI043,Cotton,437.11
2026-01-18,MANDI043,Sugarcane,339.87
2026-01-18,MANDI044,Maize,233.4
2026-01-18,MANDI045,Cotton,177.48
2026-01-18,MANDI045,Maize,462.11
2026-01-18,MANDI045,Sugarcane,168.48
2026-01-18,MANDI046,Sugarcane,403.25
2026-01-18,MANDI046,Wheat,722.33
2026-01-18,MANDI047,Sugarcane,298.49
2026-01-18,MANDI048,Wheat,498.44
2026-01-18,MANDI049,Mustard,182.89
2026-01-18,MANDI049,Narma,324.33
2026-01-18,MANDI050,Maize,421.62
2026-01-18,MANDI050,Sugarcane,15.18
2026-01-18,MANDI051,Maize,434.17
2026-01-18,MANDI051,Narma,78.82
2026-01-18,MANDI052,Cotton,237.82
2026-01-18,MANDI053,Rice,497.04
2026-01-18,MANDI053,Sugarcane,111.63
2026-01-18,MANDI055,Maize,86.3
2026-01-18,MANDI055,Mustard,170.65
2026-01-18,MANDI056,Sugarcane,467.31
2026-01-18,MANDI057,Rice,393.56
2026-01-19,MANDI001,Cotton,245.26
2026-01-19,MANDI001,Mustard,138.03
2026-01-19,MANDI002,Maize,287.81
2026-01-19,MANDI004,Maize,164.06
2026-01-19,MANDI004,Sugarcane,418.18
2026-01-19,MANDI007,Mustard,77.97
2026-01-19,MANDI008,Cotton,232.09
2026-01-19,MANDI008,Wheat,89.94
2026-01-19,MANDI009,Sugarcane,46.67
2026-01-19,MANDI012,Rice,215.38
2026-01-19,MANDI013,Sugarcane,155.04
2026-01-19,MANDI014,Maize,290.17
2026-01-19,MANDI015,Cotton,188.15
2026-01-19,MANDI015,Wheat,136.6
2026-01-19,MANDI016,Mustard,128.28
2026-01-19,MANDI016,Sugarcane,160.74
2026-01-19,MANDI017,Wheat,43.45
2026-01-19,MANDI018,Sugarcane,437.79
2026-01-19,MANDI019,Sugarcane,190.48
2026-01-19,MANDI020,Mustard,241.16
2026-01-19,MANDI020,Sugarcane,489.48
2026-01-19,MANDI021,Sugarcane,190.05
2026-01-19,MANDI021,Wheat,473.47
2026-01-19,MANDI022,Maize,86.67
2026-01-19,MANDI023,Mustard,120.18
2026-01-19,MANDI023,Narma,442.53
2026-01-19,MANDI025,Rice,424.8
2026-01-19,MANDI027,Sugarcane,436.09
2026-01-19,MANDI028,Sugarcane,493.25
2026-01-19,MANDI028,Wheat,812.39
2026-01-19,MANDI030,Cotton,154.41
2026-01-19,MANDI030,Maize,255.25
2026-01-19,MANDI031,Maize,462.88
2026-01-19,MANDI032,Maize,479.56
2026-01-19,MANDI032,Mustard,352.84
2026-01-19,MANDI035,Basmati,491.65
2026-01-19,MANDI035,Cotton,408.26
2026-01-19,MANDI036,Wheat,774.72
2026-01-19,MANDI037,Basmati,392.18000000000006
2026-01-19,MANDI037,Rice,368.43000000000006
2026-01-19,MANDI038,Maize,319.78000000000003
2026-01-19,MANDI040,Maize,249.22
2026-01-19,MANDI041,Basmati,176.87
2026-01-19,MANDI041,Narma,147.10000000000002
2026-01-19,MANDI043,Rice,361.0
2026-01-19,MANDI044,Mustard,447.56
2026-01-19,MANDI045,Wheat,317.65999999999997
2026-01-19,MANDI047,Maize,498.79
2026-01-19,MANDI047,Mustard,375.95
2026-01-19,MANDI047,Sugarcane,203.64
2026-01-19,MANDI048,Mustard,245.06
2026-01-19,MANDI048,Wheat,19.170000000000005
2026-01-19,MANDI049,Mustard,202.84
2026-01-19,MANDI049,Sugarcane,542.1800000000001
2026-01-19,MANDI050,Cotton,711.02
2026-01-19,MANDI050,Maize,332.13
2026-01-19,MANDI050,Mustard,58.31
2026-01-19,MANDI050,Wheat,331.1
2026-01-19,MANDI051,Maize,120.53
2026-01-19,MANDI051,Wheat,351.75
2026-01-19,MANDI052,Mustard,172.64
2026-01-19,MANDI053,Cotton,170.5
2026-01-19,MANDI053,Mustard,44.1
2026-01-19,MANDI055,Mustard,202.5
2026-01-19,MANDI055,Wheat,93.39
2026-01-19,MANDI056,Wheat,322.4599999999999
2026-01-19,MANDI057,Mustard,34.61
2026-01-20,MANDI001,Cotton,97.01
2026-01-20,MANDI001,Maize,893.8199999999999
2026-01-20,MANDI002,Cotton,51.22
2026-01-20,MANDI003,Rice,129.73
2026-01-20,MANDI003,Wheat,606.67
2026-01-20,MANDI004,Mustard,155.42
2026-01-20,MANDI004,Wheat,40.93
2026-01-20,MANDI006,Rice,227.55
2026-01-20,MANDI007,Maize,156.67
2026-01-20,MANDI008,Cotton,387.51
2026-01-20,MANDI008,Mustard,460.23
2026-01-20,MANDI008,Sugarcane,490.25
2026-01-20,MANDI010,Cotton,330.64
2026-01-20,MANDI010,Sugarcane,95.66
2026-01-20,MANDI011,Wheat,713.0799999999999
2026-01-20,MANDI013,Basmati,260.05
2026-01-20,MANDI013,Rice,252.67
2026-01-20,MANDI014,Mustard,237.48
2026-01-20,MANDI015,Wheat,224.88
2026-01-20,MANDI016,Maize,323.51
2026-01-20,MANDI018,Sugarcane,79.19
2026-01-20,MANDI019,Sugarcane,34.37
2026-01-20,MANDI021,Rice,463.91
2026-01-20,MANDI022,Wheat,363.29
2026-01-20,MANDI023,Mustard,93.02
2026-01-20,MANDI024,Maize,523.89
2026-01-20,MANDI024,Wheat,199.58
2026-01-20,MANDI025,Narma,323.22
2026-01-20,MANDI026,Cotton,156.2
2026-01-20,MANDI026,Mustard,229.88
2026-01-20,MANDI028,Mustard,387.77
2026-01-20,MANDI028,Rice,792.5799999999999
2026-01-20,MANDI029,Maize,345.52
2026-01-20,MANDI031,Cotton,633.72
2026-01-20,MANDI032,Wheat,385.74
2026-01-20,MANDI033,Sugarcane,268.89
2026-01-20,MANDI036,Mustard,425.29
2026-01-20,MANDI037,Wheat,444.72
2026-01-20,MANDI042,Wheat,924.43
2026-01-20,MANDI044,Maize,136.89
2026-01-20,MANDI044,Rice,418.42
2026-01-20,MANDI046,Rice,50.31
2026-01-20,MANDI047,Maize,407.2
2026-01-20,MANDI047,Sugarcane,425.74
2026-01-20,MANDI050,Mustard,455.91
2026-01-20,MANDI051,Mustard,518.78
2026-01-20,MANDI051,Sugarcane,147.17
2026-01-20,MANDI052,Mustard,378.09
2026-01-20,MANDI052,Rice,149.25
2026-01-20,MANDI053,Maize,83.26
2026-01-20,MANDI053,Mustard,498.43
2026-01-20,MANDI056,Cotton,99.2
2026-01-20,MANDI057,Wheat,402.3
2026-01-21,MANDI001,Mustard,358.76000000000005
2026-01-21,MANDI002,Sugarcane,326.84
2026-01-21,MANDI003,Maize,149.68
2026-01-21,MANDI003,Mustard,100.03
2026-01-21,MANDI003,Rice,86.58
2026-01-21,MANDI005,Cotton,472.11
2026-01-21,MANDI005,Sugarcane,190.3
2026-01-21,MANDI006,Rice,417.9500000000001
2026-01-21,MANDI006,Sugarcane,222.15
2026-01-21,MANDI010,Mustard,250.78
2026-01-21,MANDI010,Rice,462.1
2026-01-21,MANDI011,Sugarcane,362.82
2026-01-21,MANDI011,Wheat,60.55
2026-01-21,MANDI014,Wheat,380.59
2026-01-21,MANDI015,Cotton,414.29
2026-01-21,MANDI015,Mustard,347.27
2026-01-21,MANDI016,Rice,116.25
2026-01-21,MANDI017,Cotton,98.98
2026-01-21,MANDI017,Mustard,497.57000000000005
2026-01-21,MANDI019,Narma,389.02
2026-01-21,MANDI019,Rice,345.34
2026-01-21,MANDI020,Mustard,11.43
2026-01-21,MANDI020,Sugarcane,400.3
2026-01-21,MANDI021,Basmati,481.78
2026-01-21,MANDI022,Cotton,127.57
2026-01-21,MANDI022,Sugarcane,330.42
2026-01-21,MANDI022,Wheat,433.81
2026-01-21,MANDI023,Wheat,395.08
2026-01-21,MANDI025,Mustard,362.05
2026-01-21,MANDI025,Sugarcane,472.12
2026-01-21,MANDI026,Maize,299.04
2026-01-21,MANDI027,Cotton,414.8
2026-01-21,MANDI028,Maize,470.32
2026-01-21,MANDI029,Sugarcane,273.46
2026-01-21,MANDI030,Wheat,158.81
2026-01-21,MANDI031,Cotton,265.32
2026-01-21,MANDI031,Maize,215.62
2026-01-21,MANDI033,Mustard,161.3
2026-01-21,MANDI033,Wheat,304.35
2026-01-21,MANDI034,Cotton,466.71
2026-01-21,MANDI035,Cotton,376.56
2026-01-21,MANDI035,Mustard,216.88
2026-01-21,MANDI035,Wheat,496.92
2026-01-21,MANDI036,Rice,575.53
2026-01-21,MANDI037,Rice,146.21
2026-01-21,MANDI038,Basmati,261.42
2026-01-21,MANDI038,Sugarcane,60.94
2026-01-21,MANDI041,Cotton,16.52
2026-01-21,MANDI041,Maize,443.39
2026-01-21,MANDI044,Mustard,36.74
2026-01-21,MANDI044,Rice,478.73
2026-01-21,MANDI044,Wheat,337.49
2026-01-21,MANDI045,Sugarcane,173.04
2026-01-21,MANDI045,Wheat,565.19
2026-01-21,MANDI047,Rice,375.15999999999997
2026-01-21,MANDI047,Wheat,101.36
2026-01-21,MANDI048,Mustard,822.5500000000001
2026-01-21,MANDI048,Wheat,181.55
2026-01-21,MANDI049,Basmati,59.33
2026-01-21,MANDI051,Sugarcane,384.24
2026-01-21,MANDI052,Rice,429.82
2026-01-21,MANDI052,Wheat,479.97
2026-01-21,MANDI053,Maize,218.99
2026-01-21,MANDI053,Rice,37.91
2026-01-21,MANDI055,Maize,430.13
2026-01-21,MANDI056,Cotton,52.94
2026-01-21,MANDI056,Mustard,509.91999999999996
2026-01-21,MANDI056,Sugarcane,415.47
2026-01-21,MANDI056,Wheat,327.94
2026-01-21,MANDI057,Cotton,20.22
2026-01-22,MANDI001,Mustard,28.5
2026-01-22,MANDI001,Wheat,561.9100000000001
2026-01-22,MANDI003,Maize,380.19
2026-01-22,MANDI003,Wheat,57.12
2026-01-22,MANDI004,Cotton,13.91
2026-01-22,MANDI004,Maize,562.22
2026-01-22,MANDI006,Mustard,236.76
2026-01-22,MANDI007,Wheat,250.96
2026-01-22,MANDI009,Rice,41.96
2026-01-22,MANDI009,Wheat,441.39
2026-01-22,MANDI010,Rice,75.61
2026-01-22,MANDI011,Cotton,482.13
2026-01-22,MANDI011,Rice,303.77
2026-01-22,MANDI011,Wheat,469.77
2026-01-22,MANDI012,Cotton,411.05
2026-01-22,MANDI012,Mustard,253.43
2026-01-22,MANDI013,Cotton,16.9
2026-01-22,MANDI013,Narma,422.9
2026-01-22,MANDI013,Rice,413.6
2026-01-22,MANDI013,Sugarcane,106.58
2026-01-22,MANDI015,Sugarcane,213.33
2026-01-22,MANDI016,Cotton,443.61
2026-01-22,MANDI016,Mustard,258.14
2026-01-22,MANDI017,Maize,73.94
2026-01-22,MANDI017,Narma,304.42
2026-01-22,MANDI017,Rice,261.49
2026-01-22,MANDI017,Sugarcane,421.67
2026-01-22,MANDI019,Wheat,182.01
2026-01-22,MANDI020,Mustard,338.86
2026-01-22,MANDI020,Sugarcane,482.22
2026-01-22,MANDI021,Basmati,21.14
2026-01-22,MANDI021,Rice,491.6
2026-01-22,MANDI024,Sugarcane,432.3
2026-01-22,MANDI025,Mustard,465.54
2026-01-22,MANDI027,Rice,494.29
2026-01-22,MANDI027,Sugarcane,266.24
2026-01-22,MANDI028,Sugarcane,419.88
2026-01-22,MANDI030,Sugarcane,70.73
2026-01-22,MANDI030,Wheat,395.55
2026-01-22,MANDI031,Cotton,438.37
2026-01-22,MANDI032,Cotton,136.48
2026-01-22,MANDI034,Cotton,236.04
2026-01-22,MANDI035,Cotton,416.31
2026-01-22,MANDI036,Mustard,127.44
2026-01-22,MANDI037,Maize,162.54
2026-01-22,MANDI037,Mustard,87.72
2026-01-22,MANDI038,Wheat,70.16
2026-01-22,MANDI039,Maize,134.4
2026-01-22,MANDI041,Mustard,412.46999999999997
2026-01-22,MANDI041,Rice,94.6
2026-01-22,MANDI042,Cotton,450.0
2026-01-22,MANDI042,Sugarcane,265.0
2026-01-22,MANDI043,Maize,410.73
2026-01-22,MANDI043,Wheat,79.3
2026-01-22,MANDI044,Sugarcane,316.83
2026-01-22,MANDI045,Cotton,424.79
2026-01-22,MANDI046,Mustard,12.19
2026-01-22,MANDI046,Wheat,54.57
2026-01-22,MANDI047,Sugarcane,65.32
2026-01-22,MANDI048,Cotton,28.05
2026-01-22,MANDI048,Narma,291.09
2026-01-22,MANDI049,Wheat,377.48
2026-01-22,MANDI050,Maize,413.1
2026-01-22,MANDI050,Rice,705.04
2026-01-22,MANDI050,Sugarcane,338.78
2026-01-22,MANDI051,Cotton,423.13
2026-01-22,MANDI052,Maize,208.84
2026-01-22,MANDI052,Sugarcane,272.48
2026-01-22,MANDI053,Sugarcane,112.4
2026-01-22,MANDI054,Wheat,91.26
2026-01-22,MANDI055,Rice,236.67
2026-01-22,MANDI056,Rice,87.34
2026-01-22,MANDI057,Cotton,106.77
2026-01-23,MANDI001,Rice,218.23
2026-01-23,MANDI002,Rice,89.36
2026-01-23,MANDI004,Mustard,484.92
2026-01-23,MANDI004,Rice,163.24
2026-01-23,MANDI005,Wheat,153.37
2026-01-23,MANDI008,Maize,381.37
2026-01-23,MANDI008,Sugarcane,423.32
2026-01-23,MANDI009,Mustard,89.47
2026-01-23,MANDI009,Sugarcane,411.4
2026-01-23,MANDI009,Wheat,463.07
2026-01-23,MANDI010,Mustard,214.62
2026-01-23,MANDI010,Sugarcane,106.0
2026-01-23,MANDI011,Wheat,340.65
2026-01-23,MANDI012,Cotton,210.67
2026-01-23,MANDI012,Maize,65.72
2026-01-23,MANDI012,Mustard,236.83
2026-01-23,MANDI013,Wheat,93.02
2026-01-23,MANDI014,Wheat,476.1
2026-01-23,MANDI015,Maize,362.13
2026-01-23,MANDI015,Rice,246.14
2026-01-23,MANDI015,Wheat,466.9
2026-01-23,MANDI016,Cotton,183.76
2026-01-23,MANDI016,Wheat,171.14
2026-01-23,MANDI017,Maize,404.17
2026-01-23,MANDI018,Cotton,349.25
2026-01-23,MANDI018,Sugarcane,436.26
2026-01-23,MANDI019,Sugarcane,234.87
2026-01-23,MANDI022,Maize,116.2
2026-01-23,MANDI022,Sugarcane,424.95
2026-01-23,MANDI022,Wheat,185.96
2026-01-23,MANDI023,Narma,76.04
2026-01-23,MANDI024,Wheat,177.99
2026-01-23,MANDI025,Maize,299.39
2026-01-23,MANDI026,Rice,401.56000000000006
2026-01-23,MANDI028,Maize,88.3
2026-01-23,MANDI029,Wheat,224.77
2026-01-23,MANDI030,Mustard,86.66
2026-01-23,MANDI032,Rice,367.12
2026-01-23,MANDI034,Cotton,411.47
2026-01-23,MANDI034,Maize,191.09
2026-01-23,MANDI034,Sugarcane,137.87
2026-01-23,MANDI035,Cotton,277.57
2026-01-23,MANDI035,Rice,41.57
2026-01-23,MANDI037,Wheat,413.76
2026-01-23,MANDI038,Wheat,688.49
2026-01-23,MANDI039,Sugarcane,334.04
2026-01-23,MANDI040,Sugarcane,383.77
2026-01-23,MANDI041,Maize,506.56
2026-01-23,MANDI042,Cotton,505.74
2026-01-23,MANDI042,Mustard,258.36
2026-01-23,MANDI043,Cotton,76.78
2026-01-23,MANDI043,Maize,481.99
2026-01-23,MANDI043,Rice,490.77
2026-01-23,MANDI043,Sugarcane,440.36
2026-01-23,MANDI043,Wheat,341.47
2026-01-23,MANDI044,Sugarcane,229.5
2026-01-23,MANDI045,Rice,417.33
2026-01-23,MANDI046,Cotton,320.87
2026-01-23,MANDI046,Mustard,28.48
2026-01-23,MANDI048,Maize,424.86
2026-01-23,MANDI048,Mustard,133.52
2026-01-23,MANDI048,Rice,454.22
2026-01-23,MANDI049,Mustard,159.16
2026-01-23,MANDI049,Sugarcane,191.17
2026-01-23,MANDI050,Sugarcane,96.47
2026-01-23,MANDI051,Sugarcane,152.27
2026-01-23,MANDI053,Mustard,232.27
2026-01-23,MANDI053,Wheat,240.03
2026-01-23,MANDI054,Sugarcane,267.93
2026-01-23,MANDI056,Rice,221.6
2026-01-24,MANDI001,Sugarcane,306.59
2026-01-24,MANDI002,Mustard,572.53
2026-01-24,MANDI002,Rice,481.14
2026-01-24,MANDI002,Wheat,246.82
2026-01-24,MANDI003,Basmati,112.53
2026-01-24,MANDI003,Mustard,304.43
2026-01-24,MANDI003,Rice,202.31
2026-01-24,MANDI004,Cotton,366.42
2026-01-24,MANDI004,Maize,145.13
2026-01-24,MANDI005,Wheat,143.25
2026-01-24,MANDI006,Mustard,346.71
2026-01-24,MANDI006,Rice,177.46
2026-01-24,MANDI008,Sugarcane,389.39
2026-01-24,MANDI009,Mustard,214.47
2026-01-24,MANDI009,Rice,385.17
2026-01-24,MANDI010,Cotton,145.6
2026-01-24,MANDI013,Maize,254.38
2026-01-24,MANDI013,Mustard,392.61
2026-01-24,MANDI014,Wheat,77.36
2026-01-24,MANDI015,Cotton,58.95
2026-01-24,MANDI015,Maize,249.22
2026-01-24,MANDI015,Rice,431.67
2026-01-24,MANDI015,Wheat,394.93
2026-01-24,MANDI016,Cotton,78.45
2026-01-24,MANDI016,Rice,183.72
2026-01-24,MANDI017,Cotton,213.02
2026-01-24,MANDI017,Sugarcane,486.2
2026-01-24,MANDI018,Basmati,43.37
2026-01-24,MANDI019,Rice,278.05
2026-01-24,MANDI021,Cotton,258.24
2026-01-24,MANDI021,Maize,497.36
2026-01-24,MANDI021,Rice,138.22
2026-01-24,MANDI021,Wheat,376.68
2026-01-24,MANDI022,Sugarcane,457.91
2026-01-24,MANDI024,Maize,493.86
2026-01-24,MANDI025,Cotton,265.11
2026-01-24,MANDI025,Rice,141.83
2026-01-24,MANDI025,Sugarcane,14.12
2026-01-24,MANDI025,Wheat,685.48
2026-01-24,MANDI028,Narma,498.54
2026-01-24,MANDI029,Wheat,126.47
2026-01-24,MANDI030,Wheat,207.36
2026-01-24,MANDI031,Cotton,438.67
2026-01-24,MANDI032,Narma,316.02
2026-01-24,MANDI032,Wheat,400.68
2026-01-24,MANDI033,Maize,442.51
2026-01-24,MANDI033,Wheat,209.65
2026-01-24,MANDI034,Cotton,256.53
2026-01-24,MANDI034,Wheat,289.36
2026-01-24,MANDI035,Maize,156.12
2026-01-24,MANDI035,Wheat,489.34000000000003
2026-01-24,MANDI036,Maize,285.85
2026-01-24,MANDI038,Maize,414.61
2026-01-24,MANDI039,Cotton,308.28
2026-01-24,MANDI039,Mustard,496.19
2026-01-24,MANDI039,Narma,29.21
2026-01-24,MANDI039,Sugarcane,158.3
2026-01-24,MANDI040,Mustard,128.64
2026-01-24,MANDI041,Wheat,48.85
2026-01-24,MANDI042,Maize,138.19
2026-01-24,MANDI042,Mustard,223.06
2026-01-24,MANDI042,Wheat,280.6
2026-01-24,MANDI044,Maize,25.92
2026-01-24,MANDI044,Sugarcane,215.53
2026-01-24,MANDI045,Mustard,443.53
2026-01-24,MANDI046,Cotton,399.02
2026-01-24,MANDI046,Mustard,298.2
2026-01-24,MANDI048,Maize,484.48
2026-01-24,MANDI048,Rice,21.02
2026-01-24,MANDI048,Sugarcane,220.85
2026-01-24,MANDI050,Mustard,214.86
2026-01-24,MANDI051,Cotton,213.65
2026-01-24,MANDI053,Cotton,376.62
2026-01-24,MANDI055,Maize,360.67
2026-01-24,MANDI055,Rice,107.02
2026-01-24,MANDI056,Maize,241.49
2026-01-24,MANDI056,Sugarcane,229.81
2026-01-24,MANDI057,Mustard,451.58
2026-01-24,MANDI057,Narma,308.47
2026-01-25,MANDI001,Maize,356.29
2026-01-25,MANDI001,Rice,116.52
2026-01-25,MANDI002,Mustard,481.64
2026-01-25,MANDI002,Wheat,270.68
2026-01-25,MANDI004,Rice,360.56
2026-01-25,MANDI004,Wheat,193.32
2026-01-25,MANDI006,Wheat,439.47
2026-01-25,MANDI007,Cotton,443.39
2026-01-25,MANDI008,Mustard,75.48
2026-01-25,MANDI008,Rice,62.21
2026-01-25,MANDI009,Wheat,111.72
2026-01-25,MANDI011,Basmati,355.64
2026-01-25,MANDI011,Cotton,473.78
2026-01-25,MANDI011,Wheat,231.56
2026-01-25,MANDI014,Narma,404.07
2026-01-25,MANDI015,Rice,131.97
2026-01-25,MANDI015,Wheat,122.29
2026-01-25,MANDI016,Sugarcane,490.04
2026-01-25,MANDI017,Rice,490.94
2026-01-25,MANDI017,Sugarcane,54.78
2026-01-25,MANDI018,Sugarcane,132.22
2026-01-25,MANDI019,Basmati,11.29
2026-01-25,MANDI019,Rice,337.2
2026-01-25,MANDI019,Wheat,168.59
2026-01-25,MANDI022,Sugarcane,127.1
2026-01-25,MANDI023,Cotton,291.31
2026-01-25,MANDI025,Mustard,451.7
2026-01-25,MANDI025,Rice,361.96
2026-01-25,MANDI026,Mustard,345.74
2026-01-25,MANDI026,Rice,475.92
2026-01-25,MANDI027,Maize,420.58
2026-01-25,MANDI027,Wheat,479.58
2026-01-25,MANDI028,Cotton,261.91
2026-01-25,MANDI030,Rice,91.44
2026-01-25,MANDI031,Maize,194.17
2026-01-25,MANDI031,Mustard,48.97
2026-01-25,MANDI031,Wheat,494.4
2026-01-25,MANDI032,Mustard,84.19
2026-01-25,MANDI034,Rice,269.68
2026-01-25,MANDI034,Wheat,567.6800000000001
2026-01-25,MANDI035,Maize,463.76
2026-01-25,MANDI035,Sugarcane,550.79
2026-01-25,MANDI037,Sugarcane,86.82
2026-01-25,MANDI037,Wheat,97.46
2026-01-25,MANDI038,Mustard,395.67
2026-01-25,MANDI041,Maize,430.02
2026-01-25,MANDI042,Sugarcane,151.28
2026-01-25,MANDI043,Rice,394.31
2026-01-25,MANDI046,Cotton,404.74
2026-01-25,MANDI046,Mustard,166.59
2026-01-25,MANDI046,Sugarcane,132.74
2026-01-25,MANDI047,Mustard,151.47
2026-01-25,MANDI048,Wheat,743.28
2026-01-25,MANDI049,Wheat,395.06
2026-01-25,MANDI050,Wheat,241.86
2026-01-25,MANDI052,Cotton,181.57
2026-01-25,MANDI053,Maize,128.53
2026-01-25,MANDI053,Wheat,748.1800000000001
2026-01-25,MANDI055,Mustard,449.52
2026-01-25,MANDI055,Wheat,143.18
2026-01-25,MANDI057,Mustard,499.24
2026-01-26,MANDI004,Rice,309.23
2026-01-26,MANDI005,Maize,161.17
2026-01-26,MANDI005,Wheat,300.89
2026-01-26,MANDI006,Cotton,350.25
2026-01-26,MANDI007,Cotton,130.92
2026-01-26,MANDI009,Cotton,286.11
2026-01-26,MANDI010,Maize,292.86
2026-01-26,MANDI010,Sugarcane,271.79
2026-01-26,MANDI011,Maize,255.44
2026-01-26,MANDI012,Sugarcane,268.65999999999997
2026-01-26,MANDI013,Maize,122.81
2026-01-26,MANDI013,Sugarcane,162.95
2026-01-26,MANDI013,Wheat,333.78
2026-01-26,MANDI014,Cotton,267.4
2026-01-26,MANDI016,Cotton,212.54
2026-01-26,MANDI017,Maize,102.28
2026-01-26,MANDI017,Wheat,432.33
2026-01-26,MANDI018,Sugarcane,426.81
2026-01-26,MANDI019,Cotton,204.42
2026-01-26,MANDI020,Wheat,245.97
2026-01-26,MANDI021,Sugarcane,479.58
2026-01-26,MANDI024,Maize,44.56
2026-01-26,MANDI025,Mustard,116.12
2026-01-26,MANDI025,Wheat,438.27
2026-01-26,MANDI028,Rice,160.29
2026-01-26,MANDI029,Mustard,149.2
2026-01-26,MANDI030,Basmati,130.67
2026-01-26,MANDI031,Mustard,67.1
2026-01-26,MANDI031,Wheat,204.14
2026-01-26,MANDI034,Rice,71.45
2026-01-26,MANDI035,Mustard,96.46
2026-01-26,MANDI035,Rice,408.82
2026-01-26,MANDI035,Wheat,283.4
2026-01-26,MANDI036,Sugarcane,397.25
2026-01-26,MANDI036,Wheat,277.0
2026-01-26,MANDI037,Mustard,210.79
2026-01-26,MANDI037,Sugarcane,307.64
2026-01-26,MANDI038,Maize,43.11
2026-01-26,MANDI038,Narma,93.12
2026-01-26,MANDI038,Wheat,518.85
2026-01-26,MANDI041,Narma,38.84
2026-01-26,MANDI042,Mustard,128.11
2026-01-26,MANDI043,Rice,173.75
2026-01-26,MANDI043,Sugarcane,417.6
2026-01-26,MANDI044,Cotton,35.2
2026-01-26,MANDI044,Maize,242.73
2026-01-26,MANDI044,Mustard,15.03
2026-01-26,MANDI044,Wheat,252.84
2026-01-26,MANDI045,Rice,192.96
2026-01-26,MANDI045,Wheat,122.84
2026-01-26,MANDI046,Maize,504.97999999999996
2026-01-26,MANDI046,Rice,440.43
2026-01-26,MANDI047,Mustard,187.15
2026-01-26,MANDI048,Maize,443.69
2026-01-26,MANDI049,Narma,191.77
2026-01-26,MANDI050,Mustard,344.32
2026-01-26,MANDI051,Maize,397.45
2026-01-26,MANDI052,Maize,66.09
2026-01-26,MANDI053,Basmati,251.74
2026-01-26,MANDI053,Mustard,577.5799999999999
2026-01-26,MANDI053,Sugarcane,388.35
2026-01-26,MANDI054,Rice,165.23
2026-01-26,MANDI055,Maize,300.25
2026-01-26,MANDI056,Sugarcane,343.87
2026-01-26,MANDI057,Wheat,255.15
2026-01-27,MANDI001,Maize,92.59
2026-01-27,MANDI002,Rice,11.4
2026-01-27,MANDI002,Wheat,28.93
2026-01-27,MANDI005,Mustard,399.12
2026-01-27,MANDI007,Rice,244.23
2026-01-27,MANDI007,Wheat,106.73
2026-01-27,MANDI008,Rice,342.88
2026-01-27,MANDI009,Maize,456.88
2026-01-27,MANDI010,Sugarcane,234.81
2026-01-27,MANDI011,Maize,327.0
2026-01-27,MANDI011,Mustard,332.54
2026-01-27,MANDI012,Wheat,160.31
2026-01-27,MANDI013,Mustard,430.48
2026-01-27,MANDI015,Basmati,277.11
2026-01-27,MANDI015,Mustard,249.59
2026-01-27,MANDI016,Sugarcane,414.59
2026-01-27,MANDI018,Maize,260.53
2026-01-27,MANDI018,Rice,153.56
2026-01-27,MANDI019,Maize,252.26
2026-01-27,MANDI020,Basmati,40.29
2026-01-27,MANDI020,Mustard,92.42000000000002
2026-01-27,MANDI021,Rice,117.96
2026-01-27,MANDI021,Wheat,527.16
2026-01-27,MANDI022,Sugarcane,52.66
2026-01-27,MANDI024,Maize,474.42
2026-01-27,MANDI024,Rice,341.1
2026-01-27,MANDI024,Wheat,410.76
2026-01-27,MANDI025,Maize,19.89
2026-01-27,MANDI025,Sugarcane,228.44
2026-01-27,MANDI025,Wheat,339.73
2026-01-27,MANDI026,Mustard,83.1
2026-01-27,MANDI027,Mustard,282.31
2026-01-27,MANDI028,Rice,269.73
2026-01-27,MANDI028,Wheat,362.72
2026-01-27,MANDI029,Mustard,74.56
2026-01-27,MANDI030,Rice,451.57
2026-01-27,MANDI030,Sugarcane,103.16
2026-01-27,MANDI031,Wheat,496.4100000000001
2026-01-27,MANDI032,Wheat,313.93
2026-01-27,MANDI034,Mustard,377.57
2026-01-27,MANDI035,Maize,439.3
2026-01-27,MANDI035,Sugarcane,313.66
2026-01-27,MANDI036,Maize,442.24
2026-01-27,MANDI036,Mustard,248.18
2026-01-27,MANDI036,Rice,217.48
2026-01-27,MANDI037,Maize,100.11
2026-01-27,MANDI037,Sugarcane,423.39
2026-01-27,MANDI038,Maize,357.89
2026-01-27,MANDI042,Cotton,308.24
2026-01-27,MANDI042,Narma,68.72
2026-01-27,MANDI043,Mustard,265.95
2026-01-27,MANDI044,Cotton,174.14
2026-01-27,MANDI044,Maize,269.02
2026-01-27,MANDI045,Cotton,15.91
2026-01-27,MANDI049,Cotton,432.7
2026-01-27,MANDI049,Rice,332.24
2026-01-27,MANDI049,Wheat,117.18
2026-01-27,MANDI050,Cotton,80.26
2026-01-27,MANDI050,Wheat,399.86
2026-01-27,MANDI052,Rice,484.38
2026-01-27,MANDI052,Sugarcane,75.18
2026-01-27,MANDI053,Sugarcane,57.7
2026-01-27,MANDI053,Wheat,270.65
2026-01-27,MANDI055,Mustard,413.14
2026-01-27,MANDI055,Rice,330.72
2026-01-27,MANDI055,Sugarcane,253.58
2026-01-27,MANDI056,Basmati,338.62
2026-01-27,MANDI056,Wheat,147.48
2026-01-27,MANDI057,Cotton,12.98
2026-01-27,MANDI057,Rice,168.73
2026-01-28,MANDI001,Sugarcane,223.06
2026-01-28,MANDI002,Mustard,345.87
2026-01-28,MANDI003,Sugarcane,108.15
2026-01-28,MANDI005,Maize,198.61
2026-01-28,MANDI005,Wheat,234.55
2026-01-28,MANDI007,Wheat,52.28
2026-01-28,MANDI008,Basmati,462.28
2026-01-28,MANDI008,Cotton,514.78
2026-01-28,MANDI009,Cotton,386.37
2026-01-28,MANDI011,Maize,340.62
2026-01-28,MANDI011,Mustard,256.61
2026-01-28,MANDI013,Mustard,640.98
2026-01-28,MANDI014,Wheat,251.53
2026-01-28,MANDI015,Mustard,138.79000000000002
2026-01-28,MANDI015,Rice,312.2
2026-01-28,MANDI015,Sugarcane,353.28
2026-01-28,MANDI016,Cotton,249.97
2026-01-28,MANDI017,Cotton,56.24
2026-01-28,MANDI018,Rice,346.51
2026-01-28,MANDI020,Cotton,189.25
2026-01-28,MANDI021,Wheat,144.22
2026-01-28,MANDI023,Cotton,479.33
2026-01-28,MANDI027,Rice,274.44
2026-01-28,MANDI028,Mustard,30.73
2026-01-28,MANDI028,Rice,121.46
2026-01-28,MANDI028,Wheat,499.26
2026-01-28,MANDI031,Wheat,287.72
2026-01-28,MANDI032,Mustard,462.47
2026-01-28,MANDI032,Sugarcane,627.95
2026-01-28,MANDI034,Wheat,356.47
2026-01-28,MANDI036,Mustard,212.58
2026-01-28,MANDI037,Maize,419.22
2026-01-28,MANDI038,Mustard,104.66
2026-01-28,MANDI038,Wheat,132.11
2026-01-28,MANDI039,Sugarcane,416.98
2026-01-28,MANDI040,Basmati,359.02
2026-01-28,MANDI041,Maize,12.1
2026-01-28,MANDI041,Narma,106.47
2026-01-28,MANDI042,Mustard,370.64
2026-01-28,MANDI042,Sugarcane,211.79
2026-01-28,MANDI042,Wheat,264.93
2026-01-28,MANDI043,Maize,376.28
2026-01-28,MANDI043,Wheat,130.36
2026-01-28,MANDI044,Wheat,164.26999999999998
2026-01-28,MANDI046,Wheat,48.73
2026-01-28,MANDI047,Cotton,351.02
2026-01-28,MANDI047,Maize,458.29
2026-01-28,MANDI048,Cotton,344.37
2026-01-28,MANDI049,Sugarcane,478.1
2026-01-28,MANDI049,Wheat,366.23
2026-01-28,MANDI050,Maize,939.95
2026-01-28,MANDI052,Maize,447.58
2026-01-28,MANDI052,Rice,195.49
2026-01-28,MANDI052,Wheat,428.3
2026-01-28,MANDI053,Wheat,250.62
2026-01-28,MANDI055,Rice,194.91000000000003
2026-01-28,MANDI055,Wheat,144.86
2026-01-28,MANDI057,Cotton,279.21
2026-01-29,MANDI001,Maize,253.5
2026-01-29,MANDI001,Rice,152.82
2026-01-29,MANDI001,Wheat,332.27
2026-01-29,MANDI002,Sugarcane,373.62
2026-01-29,MANDI002,Wheat,116.18
2026-01-29,MANDI003,Cotton,145.1
2026-01-29,MANDI007,Mustard,383.65
2026-01-29,MANDI007,Sugarcane,387.93
2026-01-29,MANDI007,Wheat,463.2
2026-01-29,MANDI008,Mustard,281.59
2026-01-29,MANDI008,Sugarcane,808.4300000000001
2026-01-29,MANDI009,Maize,404.58
2026-01-29,MANDI010,Cotton,357.76
2026-01-29,MANDI012,Mustard,354.71
2026-01-29,MANDI012,Rice,319.67
2026-01-29,MANDI013,Mustard,527.8299999999999
2026-01-29,MANDI014,Sugarcane,202.25
2026-01-29,MANDI017,Sugarcane,203.52
2026-01-29,MANDI017,Wheat,444.07
2026-01-29,MANDI018,Sugarcane,75.97
2026-01-29,MANDI020,Sugarcane,399.67
2026-01-29,MANDI021,Maize,184.63
2026-01-29,MANDI021,Wheat,370.68
2026-01-29,MANDI022,Wheat,369.69
2026-01-29,MANDI024,Maize,71.15
2026-01-29,MANDI024,Rice,384.19
2026-01-29,MANDI024,Sugarcane,115.93
2026-01-29,MANDI025,Maize,359.97
2026-01-29,MANDI025,Wheat,414.3200000000001
2026-01-29,MANDI026,Basmati,463.77
2026-01-29,MANDI026,Sugarcane,149.22
2026-01-29,MANDI026,Wheat,31.31
2026-01-29,MANDI027,Rice,450.35
2026-01-29,MANDI028,Maize,227.28000000000003
2026-01-29,MANDI029,Wheat,579.58
2026-01-29,MANDI032,Cotton,460.3
2026-01-29,MANDI032,Mustard,291.86
2026-01-29,MANDI032,Sugarcane,186.42
2026-01-29,MANDI033,Cotton,174.65
2026-01-29,MANDI033,Mustard,173.57
2026-01-29,MANDI034,Wheat,100.48
2026-01-29,MANDI036,Cotton,300.9
2026-01-29,MANDI037,Mustard,525.6800000000001
2026-01-29,MANDI037,Rice,19.56
2026-01-29,MANDI038,Basmati,332.47
2026-01-29,MANDI039,Sugarcane,305.09
2026-01-29,MANDI040,Rice,215.84
2026-01-29,MANDI041,Cotton,483.77
2026-01-29,MANDI042,Rice,85.53
2026-01-29,MANDI043,Maize,197.14
2026-01-29,MANDI043,Mustard,33.77
2026-01-29,MANDI044,Rice,118.19
2026-01-29,MANDI045,Maize,450.76
2026-01-29,MANDI045,Rice,479.88
2026-01-29,MANDI047,Sugarcane,103.41
2026-01-29,MANDI050,Narma,453.06
2026-01-29,MANDI050,Rice,347.06000000000006
2026-01-29,MANDI050,Wheat,248.94
2026-01-29,MANDI052,Maize,386.38
2026-01-29,MANDI053,Rice,386.82
2026-01-29,MANDI055,Cotton,37.62
2026-01-29,MANDI055,Maize,85.57
2026-01-29,MANDI056,Maize,40.43
2026-01-29,MANDI056,Rice,742.44
2026-01-29,MANDI056,Sugarcane,211.09000000000003
2026-01-29,MANDI057,Maize,341.52
2026-01-29,MANDI057,Mustard,234.04
2026-01-30,MANDI002,Sugarcane,76.44
2026-01-30,MANDI002,Wheat,210.87
2026-01-30,MANDI003,Mustard,234.71999999999997
2026-01-30,MANDI004,Wheat,144.37
2026-01-30,MANDI005,Rice,229.45
2026-01-30,MANDI006,Mustard,617.49
2026-01-30,MANDI007,Mustard,332.26
2026-01-30,MANDI007,Wheat,200.21
2026-01-30,MANDI008,Mustard,416.03
2026-01-30,MANDI008,Wheat,409.51
2026-01-30,MANDI010,Maize,443.32
2026-01-30,MANDI010,Rice,348.42
2026-01-30,MANDI010,Wheat,418.6
2026-01-30,MANDI011,Mustard,141.99
2026-01-30,MANDI013,Maize,157.54
2026-01-30,MANDI013,Rice,249.41
2026-01-30,MANDI013,Wheat,168.19
2026-01-30,MANDI014,Cotton,357.19
2026-01-30,MANDI014,Sugarcane,303.42
2026-01-30,MANDI019,Rice,425.18
2026-01-30,MANDI019,Wheat,345.99
2026-01-30,MANDI020,Mustard,43.45
2026-01-30,MANDI020,Wheat,121.09
2026-01-30,MANDI021,Mustard,362.45
2026-01-30,MANDI021,Sugarcane,166.16999999999996
2026-01-30,MANDI023,Sugarcane,472.04
2026-01-30,MANDI024,Mustard,260.89
2026-01-30,MANDI025,Maize,175.9
2026-01-30,MANDI026,Cotton,401.04
2026-01-30,MANDI026,Sugarcane,472.39
2026-01-30,MANDI029,Mustard,311.41
2026-01-30,MANDI030,Maize,212.68
2026-01-30,MANDI030,Sugarcane,40.52
2026-01-30,MANDI030,Wheat,484.21
2026-01-30,MANDI031,Maize,37.43
2026-01-30,MANDI031,Mustard,56.48
2026-01-30,MANDI031,Wheat,319.15
2026-01-30,MANDI032,Wheat,82.82
2026-01-30,MANDI033,Rice,436.48
2026-01-30,MANDI034,Cotton,260.82
2026-01-30,MANDI034,Sugarcane,389.16
2026-01-30,MANDI035,Cotton,369.11
2026-01-30,MANDI036,Maize,99.0
2026-01-30,MANDI036,Rice,129.91
2026-01-30,MANDI037,Rice,480.43
2026-01-30,MANDI037,Wheat,315.49
2026-01-30,MANDI038,Sugarcane,337.12
2026-01-30,MANDI039,Mustard,313.07
2026-01-30,MANDI040,Wheat,363.13
2026-01-30,MANDI041,Mustard,217.09
2026-01-30,MANDI042,Wheat,417.88
2026-01-30,MANDI043,Cotton,259.25
2026-01-30,MANDI043,Sugarcane,581.22
2026-01-30,MANDI044,Basmati,58.45
2026-01-30,MANDI045,Sugarcane,28.57
2026-01-30,MANDI047,Cotton,212.17
2026-01-30,MANDI047,Wheat,343.68
2026-01-30,MANDI048,Maize,399.94
2026-01-30,MANDI048,Mustard,138.87
2026-01-30,MANDI048,Rice,23.290000000000003
2026-01-30,MANDI049,Wheat,272.89
2026-01-30,MANDI051,Mustard,382.53
2026-01-30,MANDI052,Maize,200.2
2026-01-30,MANDI052,Sugarcane,68.42
2026-01-30,MANDI052,Wheat,53.95
2026-01-30,MANDI053,Cotton,86.2
2026-01-30,MANDI053,Mustard,553.05
2026-01-30,MANDI055,Maize,467.55
2026-01-30,MANDI055,Mustard,280.32
2026-01-30,MANDI056,Rice,472.82
2026-01-31,MANDI001,Rice,472.72
2026-01-31,MANDI001,Sugarcane,311.57
2026-01-31,MANDI002,Maize,437.75
2026-01-31,MANDI002,Sugarcane,87.52
2026-01-31,MANDI002,Wheat,881.75
2026-01-31,MANDI003,Cotton,90.93
2026-01-31,MANDI003,Sugarcane,220.13
2026-01-31,MANDI003,Wheat,174.01
2026-01-31,MANDI005,Sugarcane,413.58
2026-01-31,MANDI006,Narma,381.09
2026-01-31,MANDI006,Sugarcane,469.92
2026-01-31,MANDI007,Cotton,245.59
2026-01-31,MANDI009,Wheat,127.03
2026-01-31,MANDI010,Maize,493.22
2026-01-31,MANDI011,Maize,477.65
2026-01-31,MANDI012,Rice,396.92
2026-01-31,MANDI013,Maize,177.24
2026-01-31,MANDI014,Sugarcane,388.37
2026-01-31,MANDI015,Rice,320.15
2026-01-31,MANDI016,Mustard,331.64
2026-01-31,MANDI016,Rice,380.87
2026-01-31,MANDI017,Mustard,457.25
2026-01-31,MANDI018,Cotton,369.88
2026-01-31,MANDI019,Sugarcane,254.72
2026-01-31,MANDI020,Sugarcane,118.78
2026-01-31,MANDI020,Wheat,444.5
2026-01-31,MANDI024,Sugarcane,135.54
2026-01-31,MANDI024,Wheat,235.49
2026-01-31,MANDI025,Cotton,364.45
2026-01-31,MANDI026,Mustard,401.01
2026-01-31,MANDI027,Mustard,371.4
2026-01-31,MANDI028,Maize,70.25
2026-01-31,MANDI029,Maize,224.51
2026-01-31,MANDI029,Rice,10.25
2026-01-31,MANDI029,Sugarcane,158.08
2026-01-31,MANDI030,Basmati,238.37
2026-01-31,MANDI030,Cotton,241.11
2026-01-31,MANDI030,Rice,315.45
2026-01-31,MANDI032,Cotton,374.65
2026-01-31,MANDI033,Mustard,231.44
2026-01-31,MANDI033,Rice,480.38
2026-01-31,MANDI033,Sugarcane,401.96
2026-01-31,MANDI034,Mustard,373.48
2026-01-31,MANDI034,Wheat,401.97
2026-01-31,MANDI035,Maize,131.2
2026-01-31,MANDI035,Mustard,79.1
2026-01-31,MANDI035,Rice,191.57
2026-01-31,MANDI036,Rice,467.86
2026-01-31,MANDI037,Mustard,412.92
2026-01-31,MANDI039,Maize,62.02
2026-01-31,MANDI039,Mustard,292.19
2026-01-31,MANDI039,Rice,27.85
2026-01-31,MANDI040,Maize,490.6
2026-01-31,MANDI040,Narma,227.92
2026-01-31,MANDI040,Sugarcane,211.5
2026-01-31,MANDI041,Wheat,270.42
2026-01-31,MANDI042,Wheat,389.33
2026-01-31,MANDI044,Maize,422.08
2026-01-31,MANDI045,Rice,439.51
2026-01-31,MANDI046,Basmati,260.74
2026-01-31,MANDI047,Cotton,12.6
2026-01-31,MANDI048,Maize,42.17
2026-01-31,MANDI048,Sugarcane,394.58
2026-01-31,MANDI048,Wheat,154.68
2026-01-31,MANDI049,Rice,220.49
2026-01-31,MANDI049,Wheat,88.98
2026-01-31,MANDI050,Maize,454.32
2026-01-31,MANDI052,Sugarcane,285.35
2026-01-31,MANDI053,Cotton,421.52
2026-01-31,MANDI053,Maize,276.43
2026-01-31,MANDI054,Wheat,66.5
2026-01-31,MANDI055,Cotton,17.29
2026-01-31,MANDI056,Cotton,336.23
2026-01-31,MANDI056,Mustard,55.52
2026-01-31,MANDI057,Mustard,76.17
2026-02-01,MANDI001,Mustard,95.03
2026-02-01,MANDI001,Sugarcane,112.05
2026-02-01,MANDI002,Cotton,477.21
2026-02-01,MANDI002,Maize,403.78
2026-02-01,MANDI004,Mustard,59.16
2026-02-01,MANDI006,Mustard,287.29
2026-02-01,MANDI007,Mustard,300.12
2026-02-01,MANDI008,Cotton,65.72
2026-02-01,MANDI008,Maize,37.26
2026-02-01,MANDI008,Mustard,352.55
2026-02-01,MANDI008,Rice,410.08
2026-02-01,MANDI011,Sugarcane,227.69
2026-02-01,MANDI012,Mustard,174.47
2026-02-01,MANDI013,Cotton,451.09000000000003
2026-02-01,MANDI014,Wheat,339.51
2026-02-01,MANDI015,Cotton,292.48
2026-02-01,MANDI016,Rice,141.47
2026-02-01,MANDI017,Maize,87.11
2026-02-01,MANDI019,Sugarcane,352.23
2026-02-01,MANDI020,Cotton,66.7
2026-02-01,MANDI020,Sugarcane,329.57
2026-02-01,MANDI021,Basmati,566.8
2026-02-01,MANDI021,Maize,254.99
2026-02-01,MANDI021,Mustard,302.48
2026-02-01,MANDI021,Rice,648.56
2026-02-01,MANDI021,Sugarcane,361.38
2026-02-01,MANDI021,Wheat,114.12
2026-02-01,MANDI022,Maize,18.15
2026-02-01,MANDI022,Mustard,131.92
2026-02-01,MANDI022,Narma,382.55
2026-02-01,MANDI022,Sugarcane,431.37
2026-02-01,MANDI023,Rice,134.79
2026-02-01,MANDI024,Sugarcane,484.92
2026-02-01,MANDI025,Cotton,706.12
2026-02-01,MANDI026,Cotton,312.17
2026-02-01,MANDI026,Mustard,38.71
2026-02-01,MANDI026,Rice,257.88
2026-02-01,MANDI027,Rice,306.6
2026-02-01,MANDI028,Rice,176.67
2026-02-01,MANDI029,Rice,307.29
2026-02-01,MANDI030,Wheat,374.33000000000004
2026-02-01,MANDI032,Cotton,171.41
2026-02-01,MANDI032,Rice,192.88
2026-02-01,MANDI032,Sugarcane,479.78
2026-02-01,MANDI033,Cotton,324.91
2026-02-01,MANDI033,Maize,255.88
2026-02-01,MANDI033,Sugarcane,265.38
2026-02-01,MANDI033,Wheat,383.07
2026-02-01,MANDI034,Maize,137.2
2026-02-01,MANDI034,Rice,408.92
2026-02-01,MANDI034,Sugarcane,357.75
2026-02-01,MANDI035,Cotton,389.51
2026-02-01,MANDI036,Cotton,212.63
2026-02-01,MANDI036,Sugarcane,426.1
2026-02-01,MANDI038,Sugarcane,319.2
2026-02-01,MANDI038,Wheat,426.94
2026-02-01,MANDI039,Mustard,433.25
2026-02-01,MANDI041,Cotton,334.35
2026-02-01,MANDI041,Sugarcane,582.35
2026-02-01,MANDI042,Maize,423.23
2026-02-01,MANDI043,Sugarcane,217.77
2026-02-01,MANDI046,Maize,477.55
2026-02-01,MANDI046,Rice,180.11
2026-02-01,MANDI047,Wheat,170.41
2026-02-01,MANDI049,Basmati,108.3
2026-02-01,MANDI050,Cotton,186.82
2026-02-01,MANDI051,Maize,300.17
2026-02-01,MANDI052,Wheat,131.94
2026-02-01,MANDI053,Rice,245.68
2026-02-01,MANDI054,Cotton,285.21
2026-02-01,MANDI055,Cotton,672.6099999999999
2026-02-01,MANDI055,Mustard,253.39000000000001
2026-02-02,MANDI002,Wheat,88.42
2026-02-02,MANDI003,Cotton,193.56
2026-02-02,MANDI003,Maize,311.37
2026-02-02,MANDI003,Sugarcane,457.92
2026-02-02,MANDI004,Basmati,146.08
2026-02-02,MANDI004,Cotton,470.43
2026-02-02,MANDI004,Sugarcane,500.82
2026-02-02,MANDI004,Wheat,60.35
2026-02-02,MANDI005,Narma,264.22
2026-02-02,MANDI005,Rice,122.77
2026-02-02,MANDI005,Sugarcane,399.0
2026-02-02,MANDI008,Sugarcane,315.06
2026-02-02,MANDI009,Sugarcane,329.51
2026-02-02,MANDI009,Wheat,303.75
2026-02-02,MANDI010,Sugarcane,198.3
2026-02-02,MANDI010,Wheat,37.46
2026-02-02,MANDI011,Sugarcane,150.1
2026-02-02,MANDI012,Mustard,470.84
2026-02-02,MANDI012,Sugarcane,238.87
2026-02-02,MANDI014,Maize,116.34
2026-02-02,MANDI015,Wheat,257.35
2026-02-02,MANDI016,Wheat,119.6
2026-02-02,MANDI018,Sugarcane,184.55
2026-02-02,MANDI020,Maize,137.55
2026-02-02,MANDI020,Wheat,289.54
2026-02-02,MANDI022,Maize,564.1600000000001
2026-02-02,MANDI022,Mustard,158.63
2026-02-02,MANDI023,Sugarcane,383.06
2026-02-02,MANDI023,Wheat,287.15
2026-02-02,MANDI024,Maize,249.25
2026-02-02,MANDI025,Mustard,21.52
2026-02-02,MANDI025,Rice,175.88
2026-02-02,MANDI026,Maize,16.56
2026-02-02,MANDI027,Basmati,481.72
2026-02-02,MANDI028,Maize,80.51
2026-02-02,MANDI029,Cotton,371.0
2026-02-02,MANDI030,Mustard,281.35
2026-02-02,MANDI031,Sugarcane,49.7
2026-02-02,MANDI032,Mustard,307.88
2026-02-02,MANDI033,Maize,63.89
2026-02-02,MANDI033,Rice,224.04
2026-02-02,MANDI034,Cotton,102.82
2026-02-02,MANDI034,Maize,154.37
2026-02-02,MANDI034,Narma,449.5
2026-02-02,MANDI035,Maize,12.81
2026-02-02,MANDI037,Cotton,273.65
2026-02-02,MANDI038,Cotton,46.51
2026-02-02,MANDI038,Sugarcane,731.63
2026-02-02,MANDI039,Cotton,470.0
2026-02-02,MANDI039,Maize,93.99
2026-02-02,MANDI039,Mustard,30.48
2026-02-02,MANDI040,Wheat,455.65
2026-02-02,MANDI043,Maize,217.82
2026-02-02,MANDI043,Mustard,809.03
2026-02-02,MANDI043,Wheat,350.01
2026-02-02,MANDI044,Cotton,449.14
2026-02-02,MANDI044,Mustard,185.55
2026-02-02,MANDI045,Sugarcane,176.34
2026-02-02,MANDI046,Maize,428.74
2026-02-02,MANDI047,Mustard,380.5
2026-02-02,MANDI047,Rice,136.97
2026-02-02,MANDI047,Wheat,300.84
2026-02-02,MANDI050,Mustard,265.88
2026-02-02,MANDI050,Wheat,205.6
2026-02-02,MANDI051,Cotton,353.04
2026-02-02,MANDI051,Sugarcane,245.71
2026-02-02,MANDI051,Wheat,326.53
2026-02-02,MANDI053,Cotton,114.16
2026-02-02,MANDI053,Mustard,793.4
2026-02-02,MANDI053,Wheat,682.94
2026-02-02,MANDI055,Maize,365.13
2026-02-02,MANDI055,Wheat,174.2
2026-02-02,MANDI056,Rice,363.37
2026-02-02,MANDI057,Maize,174.71
2026-02-02,MANDI057,Wheat,375.74
2026-02-03,MANDI001,Rice,493.01
2026-02-03,MANDI002,Mustard,368.02
2026-02-03,MANDI005,Cotton,157.68
2026-02-03,MANDI005,Rice,359.06
2026-02-03,MANDI006,Sugarcane,29.73
2026-02-03,MANDI007,Mustard,385.17
2026-02-03,MANDI007,Sugarcane,85.61
2026-02-03,MANDI007,Wheat,310.95
2026-02-03,MANDI009,Wheat,422.72
2026-02-03,MANDI010,Cotton,225.23
2026-02-03,MANDI010,Maize,176.48
2026-02-03,MANDI010,Rice,400.77
2026-02-03,MANDI012,Wheat,429.95
2026-02-03,MANDI014,Sugarcane,253.45
2026-02-03,MANDI016,Rice,256.25
2026-02-03,MANDI016,Sugarcane,519.63
2026-02-03,MANDI016,Wheat,258.08
2026-02-03,MANDI017,Narma,170.4
2026-02-03,MANDI017,Rice,507.27000000000004
2026-02-03,MANDI018,Mustard,156.85
2026-02-03,MANDI019,Mustard,187.28
2026-02-03,MANDI019,Wheat,68.74
2026-02-03,MANDI020,Cotton,21.79
2026-02-03,MANDI020,Wheat,396.49
2026-02-03,MANDI021,Cotton,71.58
2026-02-03,MANDI022,Maize,59.42
2026-02-03,MANDI023,Maize,11.76
2026-02-03,MANDI023,Narma,247.94
2026-02-03,MANDI024,Rice,74.11
2026-02-03,MANDI025,Sugarcane,150.18
2026-02-03,MANDI030,Wheat,113.31
2026-02-03,MANDI031,Rice,237.02
2026-02-03,MANDI032,Rice,347.2
2026-02-03,MANDI032,Sugarcane,387.97
2026-02-03,MANDI033,Sugarcane,775.27
2026-02-03,MANDI036,Cotton,376.43
2026-02-03,MANDI037,Cotton,227.35
2026-02-03,MANDI037,Maize,244.66000000000005
2026-02-03,MANDI037,Mustard,277.16
2026-02-03,MANDI038,Rice,335.67
2026-02-03,MANDI038,Wheat,408.85
2026-02-03,MANDI039,Maize,139.06
2026-02-03,MANDI040,Mustard,270.75
2026-02-03,MANDI041,Maize,367.88
2026-02-03,MANDI042,Maize,287.03
2026-02-03,MANDI042,Sugarcane,295.81
2026-02-03,MANDI042,Wheat,152.0
2026-02-03,MANDI043,Sugarcane,444.85
2026-02-03,MANDI045,Cotton,493.80999999999995
2026-02-03,MANDI045,Sugarcane,358.42
2026-02-03,MANDI046,Mustard,431.4100000000001
2026-02-03,MANDI046,Sugarcane,247.93
2026-02-03,MANDI046,Wheat,252.73
2026-02-03,MANDI047,Rice,408.36
2026-02-03,MANDI047,Wheat,460.12
2026-02-03,MANDI048,Maize,270.4
2026-02-03,MANDI048,Mustard,50.17
2026-02-03,MANDI048,Rice,79.91
2026-02-03,MANDI049,Cotton,316.6
2026-02-03,MANDI049,Mustard,401.08
2026-02-03,MANDI052,Sugarcane,471.65
2026-02-03,MANDI052,Wheat,442.71000000000004
2026-02-03,MANDI055,Narma,449.99
2026-02-03,MANDI055,Wheat,138.55
2026-02-03,MANDI056,Maize,387.18
2026-02-03,MANDI056,Rice,66.63
2026-02-03,MANDI057,Rice,454.07
2026-02-04,MANDI001,Wheat,164.63
2026-02-04,MANDI002,Cotton,320.42
2026-02-04,MANDI002,Rice,123.13
2026-02-04,MANDI003,Maize,117.09
2026-02-04,MANDI003,Mustard,195.31
2026-02-04,MANDI003,Narma,123.18
2026-02-04,MANDI004,Maize,359.61
2026-02-04,MANDI004,Rice,357.22
2026-02-04,MANDI004,Sugarcane,111.18
2026-02-04,MANDI007,Cotton,283.23
2026-02-04,MANDI007,Mustard,345.35
2026-02-04,MANDI007,Rice,265.73
2026-02-04,MANDI008,Sugarcane,30.2
2026-02-04,MANDI009,Maize,54.27
2026-02-04,MANDI009,Narma,150.97
2026-02-04,MANDI009,Sugarcane,16.8
2026-02-04,MANDI010,Rice,412.51
2026-02-04,MANDI011,Wheat,369.0100000000001
2026-02-04,MANDI012,Sugarcane,88.08
2026-02-04,MANDI013,Cotton,217.68
2026-02-04,MANDI013,Sugarcane,361.7000000000001
2026-02-04,MANDI014,Maize,69.74
2026-02-04,MANDI014,Rice,389.09
2026-02-04,MANDI014,Wheat,199.07
2026-02-04,MANDI015,Mustard,360.54
2026-02-04,MANDI015,Rice,354.11
2026-02-04,MANDI016,Mustard,451.25
2026-02-04,MANDI016,Sugarcane,111.63
2026-02-04,MANDI017,Wheat,848.8299999999999
2026-02-04,MANDI019,Cotton,414.82
2026-02-04,MANDI019,Mustard,17.62
2026-02-04,MANDI020,Sugarcane,209.93
2026-02-04,MANDI021,Mustard,430.1
2026-02-04,MANDI022,Maize,88.89
2026-02-04,MANDI022,Wheat,152.47
2026-02-04,MANDI023,Cotton,771.93
2026-02-04,MANDI023,Maize,416.59
2026-02-04,MANDI023,Mustard,393.29
2026-02-04,MANDI023,Narma,419.3
2026-02-04,MANDI024,Cotton,218.02
2026-02-04,MANDI025,Mustard,127.06
2026-02-04,MANDI028,Maize,418.08
2026-02-04,MANDI029,Mustard,146.56
2026-02-04,MANDI029,Wheat,332.01
2026-02-04,MANDI032,Rice,255.32
2026-02-04,MANDI033,Maize,182.6
2026-02-04,MANDI033,Sugarcane,39.66
2026-02-04,MANDI035,Mustard,214.59
2026-02-04,MANDI038,Maize,304.06
2026-02-04,MANDI038,Mustard,496.01
2026-02-04,MANDI038,Wheat,118.37
2026-02-04,MANDI039,Maize,99.31
2026-02-04,MANDI039,Sugarcane,154.82
2026-02-04,MANDI040,Mustard,671.89
2026-02-04,MANDI040,Rice,232.20000000000002
2026-02-04,MANDI041,Maize,31.76
2026-02-04,MANDI042,Maize,73.25
2026-02-04,MANDI043,Cotton,82.95
2026-02-04,MANDI043,Sugarcane,451.58
2026-02-04,MANDI044,Cotton,24.03
2026-02-04,MANDI044,Sugarcane,68.89
2026-02-04,MANDI045,Maize,317.26
2026-02-04,MANDI045,Rice,108.11
2026-02-04,MANDI046,Maize,95.2
2026-02-04,MANDI047,Rice,234.68
2026-02-04,MANDI048,Sugarcane,485.1
2026-02-04,MANDI050,Mustard,345.31
2026-02-04,MANDI051,Cotton,87.06
2026-02-04,MANDI051,Sugarcane,121.72
2026-02-04,MANDI052,Rice,78.78
2026-02-04,MANDI052,Sugarcane,102.9
2026-02-04,MANDI055,Narma,89.16
2026-02-04,MANDI055,Wheat,109.43
2026-02-04,MANDI056,Mustard,306.74
2026-02-04,MANDI056,Rice,340.9
2026-02-04,MANDI057,Mustard,327.37
2026-02-05,MANDI001,Mustard,321.04
2026-02-05,MANDI003,Sugarcane,59.34
2026-02-05,MANDI003,Wheat,212.1
2026-02-05,MANDI004,Rice,98.72999999999999
2026-02-05,MANDI005,Maize,495.92
2026-02-05,MANDI006,Sugarcane,111.53
2026-02-05,MANDI012,Wheat,198.23
2026-02-05,MANDI014,Maize,166.99
2026-02-05,MANDI015,Cotton,195.18
2026-02-05,MANDI015,Wheat,231.41
2026-02-05,MANDI016,Wheat,401.32
2026-02-05,MANDI017,Sugarcane,487.09
2026-02-05,MANDI018,Sugarcane,333.02
2026-02-05,MANDI018,Wheat,470.46000000000004
2026-02-05,MANDI019,Narma,493.83
2026-02-05,MANDI019,Rice,276.56
2026-02-05,MANDI024,Sugarcane,207.5
2026-02-05,MANDI026,Mustard,458.35
2026-02-05,MANDI026,Rice,200.06
2026-02-05,MANDI027,Cotton,264.1
2026-02-05,MANDI029,Mustard,423.52
2026-02-05,MANDI035,Mustard,563.25
2026-02-05,MANDI036,Sugarcane,50.85
2026-02-05,MANDI037,Cotton,195.25
2026-02-05,MANDI038,Wheat,346.29
2026-02-05,MANDI039,Sugarcane,356.35
2026-02-05,MANDI040,Mustard,492.34
2026-02-05,MANDI041,Mustard,323.24
2026-02-05,MANDI041,Rice,268.94
2026-02-05,MANDI041,Wheat,85.53
2026-02-05,MANDI043,Rice,484.92
2026-02-05,MANDI044,Cotton,337.18
2026-02-05,MANDI044,Rice,354.12
2026-02-05,MANDI044,Wheat,436.13
2026-02-05,MANDI046,Cotton,417.08
2026-02-05,MANDI046,Maize,26.0
2026-02-05,MANDI047,Maize,69.42
2026-02-05,MANDI047,Wheat,64.82
2026-02-05,MANDI048,Narma,426.59
2026-02-05,MANDI049,Sugarcane,192.18
2026-02-05,MANDI050,Rice,191.05
2026-02-05,MANDI052,Maize,386.21
2026-02-05,MANDI052,Rice,248.19
2026-02-05,MANDI052,Sugarcane,266.16
2026-02-05,MANDI052,Wheat,317.48
2026-02-05,MANDI053,Maize,172.88
2026-02-05,MANDI054,Sugarcane,353.43
2026-02-06,MANDI001,Mustard,455.6
2026-02-06,MANDI002,Cotton,430.4
2026-02-06,MANDI002,Maize,110.77
2026-02-06,MANDI002,Mustard,396.45
2026-02-06,MANDI003,Narma,453.03
2026-02-06,MANDI004,Sugarcane,319.68
2026-02-06,MANDI004,Wheat,262.68
2026-02-06,MANDI005,Maize,482.02
2026-02-06,MANDI007,Rice,465.71
2026-02-06,MANDI007,Sugarcane,377.83
2026-02-06,MANDI007,Wheat,106.36
2026-02-06,MANDI009,Sugarcane,585.83
2026-02-06,MANDI011,Rice,136.85
2026-02-06,MANDI012,Maize,409.65
2026-02-06,MANDI013,Mustard,100.73
2026-02-06,MANDI014,Maize,224.6
2026-02-06,MANDI014,Wheat,332.54
2026-02-06,MANDI015,Maize,292.6
2026-02-06,MANDI017,Sugarcane,474.82
2026-02-06,MANDI018,Mustard,299.2
2026-02-06,MANDI018,Rice,370.36
2026-02-06,MANDI022,Maize,96.44
2026-02-06,MANDI022,Rice,134.78
2026-02-06,MANDI024,Mustard,492.43
2026-02-06,MANDI024,Rice,824.8599999999999
2026-02-06,MANDI024,Wheat,130.63
2026-02-06,MANDI026,Maize,58.29
2026-02-06,MANDI026,Wheat,431.27
2026-02-06,MANDI027,Rice,542.44
2026-02-06,MANDI028,Maize,254.71
2026-02-06,MANDI029,Mustard,278.25
2026-02-06,MANDI029,Sugarcane,286.85
2026-02-06,MANDI030,Mustard,124.54
2026-02-06,MANDI030,Rice,762.77
2026-02-06,MANDI031,Maize,231.23
2026-02-06,MANDI031,Rice,181.95
2026-02-06,MANDI031,Wheat,447.97
2026-02-06,MANDI033,Rice,437.13
2026-02-06,MANDI036,Maize,41.05
2026-02-06,MANDI037,Cotton,184.27
2026-02-06,MANDI039,Rice,275.03
2026-02-06,MANDI040,Rice,415.63
2026-02-06,MANDI040,Sugarcane,186.83
2026-02-06,MANDI041,Cotton,81.73
2026-02-06,MANDI041,Mustard,366.49
2026-02-06,MANDI042,Sugarcane,493.84
2026-02-06,MANDI043,Sugarcane,150.96
2026-02-06,MANDI044,Maize,473.98
2026-02-06,MANDI045,Narma,325.33
2026-02-06,MANDI047,Mustard,64.63
2026-02-06,MANDI048,Wheat,400.44
2026-02-06,MANDI050,Maize,404.47
2026-02-06,MANDI050,Mustard,191.99
2026-02-06,MANDI051,Mustard,331.4
2026-02-06,MANDI051,Wheat,483.77
2026-02-06,MANDI052,Cotton,270.4
2026-02-06,MANDI053,Cotton,315.13
2026-02-06,MANDI054,Mustard,477.42
2026-02-06,MANDI054,Wheat,366.08
2026-02-06,MANDI055,Mustard,333.86
2026-02-06,MANDI055,Rice,90.13
2026-02-06,MANDI057,Wheat,360.83
2026-02-07,MANDI001,Sugarcane,284.8
2026-02-07,MANDI003,Mustard,370.81000000000006
2026-02-07,MANDI003,Rice,284.35
2026-02-07,MANDI004,Sugarcane,62.97
2026-02-07,MANDI004,Wheat,411.17
2026-02-07,MANDI005,Mustard,136.89
2026-02-07,MANDI005,Sugarcane,262.74
2026-02-07,MANDI006,Maize,154.05
2026-02-07,MANDI007,Wheat,82.51000000000002
2026-02-07,MANDI008,Wheat,399.0
2026-02-07,MANDI009,Cotton,229.19
2026-02-07,MANDI011,Mustard,314.78
2026-02-07,MANDI011,Wheat,71.93
2026-02-07,MANDI013,Rice,440.87
2026-02-07,MANDI013,Wheat,374.96
2026-02-07,MANDI015,Sugarcane,466.73
2026-02-07,MANDI016,Cotton,441.47
2026-02-07,MANDI017,Mustard,129.22
2026-02-07,MANDI017,Rice,453.2
2026-02-07,MANDI018,Maize,349.15
2026-02-07,MANDI018,Mustard,273.46
2026-02-07,MANDI018,Rice,233.81
2026-02-07,MANDI019,Cotton,344.06
2026-02-07,MANDI020,Wheat,486.64
2026-02-07,MANDI021,Mustard,90.55
2026-02-07,MANDI022,Cotton,67.84
2026-02-07,MANDI024,Maize,204.87
2026-02-07,MANDI024,Mustard,206.5
2026-02-07,MANDI025,Wheat,456.13
2026-02-07,MANDI026,Cotton,305.63
2026-02-07,MANDI026,Narma,51.76
2026-02-07,MANDI028,Rice,98.65
2026-02-07,MANDI028,Sugarcane,386.44
2026-02-07,MANDI030,Sugarcane,132.37
2026-02-07,MANDI030,Wheat,26.36
2026-02-07,MANDI031,Cotton,117.98
2026-02-07,MANDI033,Sugarcane,383.91
2026-02-07,MANDI033,Wheat,209.14
2026-02-07,MANDI034,Rice,102.34
2026-02-07,MANDI034,Sugarcane,335.1
2026-02-07,MANDI034,Wheat,55.78
2026-02-07,MANDI035,Mustard,114.48
2026-02-07,MANDI037,Mustard,418.48
2026-02-07,MANDI038,Cotton,398.15
2026-02-07,MANDI038,Rice,476.95
2026-02-07,MANDI039,Maize,260.63
2026-02-07,MANDI039,Sugarcane,223.43
2026-02-07,MANDI040,Cotton,185.57
2026-02-07,MANDI040,Maize,140.57
2026-02-07,MANDI041,Sugarcane,184.09
2026-02-07,MANDI042,Rice,382.1
2026-02-07,MANDI043,Basmati,175.26
2026-02-07,MANDI043,Rice,367.84
2026-02-07,MANDI043,Wheat,96.73
2026-02-07,MANDI044,Cotton,96.88
2026-02-07,MANDI045,Cotton,318.33
2026-02-07,MANDI045,Maize,479.03
2026-02-07,MANDI045,Sugarcane,438.23
2026-02-07,MANDI046,Wheat,493.37
2026-02-07,MANDI049,Wheat,295.63
2026-02-07,MANDI050,Maize,65.26
2026-02-07,MANDI050,Rice,335.59
2026-02-07,MANDI051,Narma,121.16
2026-02-07,MANDI052,Rice,442.87
2026-02-07,MANDI052,Wheat,47.13
2026-02-07,MANDI053,Mustard,728.0799999999999
2026-02-07,MANDI054,Wheat,400.19
2026-02-07,MANDI056,Cotton,451.16
2026-02-07,MANDI057,Cotton,196.69
2026-02-07,MANDI057,Wheat,257.08
2026-02-08,MANDI002,Maize,347.56
2026-02-08,MANDI002,Wheat,354.24
2026-02-08,MANDI003,Mustard,373.95
2026-02-08,MANDI004,Maize,269.54
2026-02-08,MANDI005,Mustard,337.49
2026-02-08,MANDI006,Cotton,93.52
2026-02-08,MANDI006,Mustard,258.62
2026-02-08,MANDI006,Sugarcane,307.67
2026-02-08,MANDI007,Mustard,361.61
2026-02-08,MANDI008,Cotton,445.5
2026-02-08,MANDI008,Mustard,67.97
2026-02-08,MANDI008,Narma,207.2
2026-02-08,MANDI009,Mustard,128.16
2026-02-08,MANDI010,Mustard,271.43
2026-02-08,MANDI012,Sugarcane,370.18
2026-02-08,MANDI013,Basmati,306.62
2026-02-08,MANDI013,Cotton,335.33
2026-02-08,MANDI015,Rice,502.94
2026-02-08,MANDI016,Rice,70.76
2026-02-08,MANDI017,Wheat,526.3
2026-02-08,MANDI020,Cotton,442.77
2026-02-08,MANDI020,Maize,61.06
2026-02-08,MANDI020,Sugarcane,291.29
2026-02-08,MANDI020,Wheat,47.47
2026-02-08,MANDI022,Cotton,246.09
2026-02-08,MANDI022,Maize,182.34
2026-02-08,MANDI022,Wheat,170.02
2026-02-08,MANDI023,Maize,222.08
2026-02-08,MANDI023,Sugarcane,206.32
2026-02-08,MANDI024,Mustard,251.37
2026-02-08,MANDI025,Cotton,301.8
2026-02-08,MANDI026,Cotton,462.16
2026-02-08,MANDI026,Mustard,352.43
2026-02-08,MANDI026,Sugarcane,134.69
2026-02-08,MANDI028,Cotton,78.93
2026-02-08,MANDI029,Cotton,41.65
2026-02-08,MANDI029,Rice,306.17
2026-02-08,MANDI031,Cotton,409.42
2026-02-08,MANDI031,Mustard,372.39
2026-02-08,MANDI032,Rice,252.71
2026-02-08,MANDI032,Sugarcane,447.85
2026-02-08,MANDI032,Wheat,434.78
2026-02-08,MANDI033,Sugarcane,306.63
2026-02-08,MANDI034,Mustard,385.1600000000001
2026-02-08,MANDI034,Wheat,437.47
2026-02-08,MANDI035,Rice,79.19
2026-02-08,MANDI037,Cotton,165.8
2026-02-08,MANDI038,Rice,101.52
2026-02-08,MANDI039,Maize,83.81
2026-02-08,MANDI040,Maize,436.35
2026-02-08,MANDI041,Mustard,340.37
2026-02-08,MANDI043,Wheat,496.55
2026-02-08,MANDI044,Rice,430.88
2026-02-08,MANDI045,Maize,306.81
2026-02-08,MANDI048,Basmati,433.14
2026-02-08,MANDI048,Cotton,479.77
2026-02-08,MANDI049,Maize,40.67999999999999
2026-02-08,MANDI049,Sugarcane,288.87
2026-02-08,MANDI050,Wheat,419.58
2026-02-08,MANDI052,Cotton,287.0
2026-02-08,MANDI053,Basmati,293.58
2026-02-08,MANDI053,Cotton,29.48
2026-02-08,MANDI053,Sugarcane,206.27
2026-02-08,MANDI054,Rice,167.15
2026-02-08,MANDI055,Narma,450.75
2026-02-08,MANDI056,Cotton,49.91
2026-02-08,MANDI056,Rice,452.65
2026-02-08,MANDI056,Wheat,383.34000000000003
2026-02-09,MANDI001,Maize,461.15
2026-02-09,MANDI002,Wheat,127.62
2026-02-09,MANDI003,Cotton,183.34
2026-02-09,MANDI004,Sugarcane,219.49
2026-02-09,MANDI009,Sugarcane,268.76
2026-02-09,MANDI010,Cotton,322.85
2026-02-09,MANDI011,Sugarcane,719.3399999999999
2026-02-09,MANDI012,Mustard,218.53
2026-02-09,MANDI012,Wheat,237.66
2026-02-09,MANDI013,Mustard,363.65
2026-02-09,MANDI013,Wheat,58.81
2026-02-09,MANDI014,Maize,405.74
2026-02-09,MANDI014,Wheat,795.96
2026-02-09,MANDI015,Mustard,476.27
2026-02-09,MANDI015,Rice,216.74
2026-02-09,MANDI016,Mustard,264.27
2026-02-09,MANDI016,Wheat,153.07
2026-02-09,MANDI018,Mustard,443.8
2026-02-09,MANDI019,Maize,36.32
2026-02-09,MANDI020,Rice,603.23
2026-02-09,MANDI021,Maize,174.53
2026-02-09,MANDI023,Mustard,487.9
2026-02-09,MANDI024,Mustard,99.38
2026-02-09,MANDI024,Narma,128.94
2026-02-09,MANDI025,Cotton,351.28
2026-02-09,MANDI025,Maize,288.38
2026-02-09,MANDI025,Rice,18.35
2026-02-09,MANDI026,Rice,187.14
2026-02-09,MANDI028,Cotton,55.08
2026-02-09,MANDI029,Cotton,166.87
2026-02-09,MANDI029,Mustard,444.42
2026-02-09,MANDI030,Maize,394.91999999999996
2026-02-09,MANDI030,Sugarcane,402.46
2026-02-09,MANDI031,Cotton,19.47
2026-02-09,MANDI031,Mustard,383.23
2026-02-09,MANDI032,Mustard,149.81
2026-02-09,MANDI032,Rice,335.91
2026-02-09,MANDI033,Maize,359.72
2026-02-09,MANDI033,Mustard,471.0200000000001
2026-02-09,MANDI035,Rice,309.13
2026-02-09,MANDI036,Maize,368.0
2026-02-09,MANDI038,Wheat,210.94
2026-02-09,MANDI041,Maize,446.65
2026-02-09,MANDI041,Mustard,395.8
2026-02-09,MANDI042,Mustard,329.5
2026-02-09,MANDI042,Rice,246.45
2026-02-09,MANDI043,Sugarcane,450.4
2026-02-09,MANDI044,Maize,275.12
2026-02-09,MANDI045,Maize,456.58
2026-02-09,MANDI045,Rice,52.71
2026-02-09,MANDI045,Wheat,430.34
2026-02-09,MANDI046,Wheat,128.05
2026-02-09,MANDI047,Wheat,175.31
2026-02-09,MANDI049,Cotton,158.77
2026-02-09,MANDI049,Wheat,396.38
2026-02-09,MANDI050,Maize,447.36
2026-02-09,MANDI051,Maize,34.09
2026-02-09,MANDI051,Narma,192.47
2026-02-09,MANDI051,Wheat,228.03
2026-02-09,MANDI052,Maize,661.0699999999999
2026-02-09,MANDI054,Wheat,366.36
2026-02-09,MANDI055,Mustard,458.89
2026-02-09,MANDI055,Narma,476.39
2026-02-09,MANDI055,Rice,155.72
2026-02-09,MANDI055,Sugarcane,90.06
2026-02-09,MANDI055,Wheat,400.14
2026-02-09,MANDI057,Narma,380.61
2026-02-10,MANDI002,Basmati,237.03
2026-02-10,MANDI003,Rice,323.69
2026-02-10,MANDI007,Mustard,62.15
2026-02-10,MANDI008,Maize,176.25
2026-02-10,MANDI009,Maize,346.96
2026-02-10,MANDI009,Rice,492.8
2026-02-10,MANDI013,Wheat,349.78
2026-02-10,MANDI017,Cotton,133.19
2026-02-10,MANDI017,Maize,139.92000000000002
2026-02-10,MANDI018,Maize,76.27
2026-02-10,MANDI019,Mustard,284.56
2026-02-10,MANDI021,Cotton,362.3
2026-02-10,MANDI021,Maize,102.43
2026-02-10,MANDI026,Maize,138.0
2026-02-10,MANDI027,Maize,646.65
2026-02-10,MANDI027,Wheat,116.45
2026-02-10,MANDI028,Mustard,138.61
2026-02-10,MANDI029,Cotton,224.89
2026-02-10,MANDI030,Wheat,63.43
2026-02-10,MANDI032,Maize,141.29
2026-02-10,MANDI033,Sugarcane,431.41
2026-02-10,MANDI033,Wheat,97.21
2026-02-10,MANDI034,Cotton,243.57
2026-02-10,MANDI035,Rice,145.68
2026-02-10,MANDI035,Wheat,145.48
2026-02-10,MANDI040,Sugarcane,333.52
2026-02-10,MANDI042,Maize,300.37
2026-02-10,MANDI043,Maize,25.910000000000004
2026-02-10,MANDI045,Narma,492.67
2026-02-10,MANDI046,Maize,357.76000000000005
2026-02-10,MANDI047,Basmati,160.9
2026-02-10,MANDI047,Mustard,163.14
2026-02-10,MANDI049,Rice,111.74
2026-02-10,MANDI052,Maize,422.74
2026-02-10,MANDI054,Sugarcane,385.78
2026-02-10,MANDI056,Maize,317.73
2026-02-10,MANDI057,Wheat,237.24
2026-02-11,MANDI004,Mustard,333.78
2026-02-11,MANDI005,Wheat,265.74
2026-02-11,MANDI008,Cotton,409.16
2026-02-11,MANDI009,Maize,133.53
2026-02-11,MANDI009,Mustard,215.52
2026-02-11,MANDI010,Cotton,35.07
2026-02-11,MANDI010,Mustard,74.5
2026-02-11,MANDI010,Rice,299.89
2026-02-11,MANDI015,Rice,90.8
2026-02-11,MANDI015,Wheat,164.86
2026-02-11,MANDI018,Narma,30.270000000000003
2026-02-11,MANDI019,Wheat,319.93
2026-02-11,MANDI020,Wheat,80.86
2026-02-11,MANDI021,Rice,341.87
2026-02-11,MANDI022,Sugarcane,172.75
2026-02-11,MANDI026,Cotton,54.14
2026-02-11,MANDI026,Maize,402.91
2026-02-11,MANDI026,Mustard,98.4
2026-02-11,MANDI026,Rice,437.2
2026-02-11,MANDI026,Sugarcane,333.11
2026-02-11,MANDI029,Cotton,234.26
2026-02-11,MANDI031,Wheat,396.04
2026-02-11,MANDI034,Cotton,26.45
2026-02-11,MANDI035,Sugarcane,450.6
2026-02-11,MANDI037,Mustard,337.29
2026-02-11,MANDI038,Cotton,32.21
2026-02-11,MANDI042,Wheat,737.28
2026-02-11,MANDI044,Sugarcane,341.73
2026-02-11,MANDI046,Mustard,43.05
2026-02-11,MANDI046,Rice,354.58
2026-02-11,MANDI046,Sugarcane,99.05
2026-02-11,MANDI047,Maize,305.08
2026-02-11,MANDI047,Rice,304.8
2026-02-11,MANDI048,Rice,86.1
2026-02-11,MANDI051,Maize,253.06
2026-02-11,MANDI052,Cotton,171.65
2026-02-11,MANDI053,Sugarcane,153.27
2026-02-11,MANDI057,Wheat,168.58
2026-02-12,MANDI002,Rice,234.72
2026-02-12,MANDI005,Maize,342.1
2026-02-12,MANDI005,Wheat,378.03
2026-02-12,MANDI007,Sugarcane,586.45
2026-02-12,MANDI012,Rice,370.35
2026-02-12,MANDI012,Sugarcane,407.97
2026-02-12,MANDI013,Mustard,478.69
2026-02-12,MANDI013,Sugarcane,264.71
2026-02-12,MANDI017,Wheat,385.32
2026-02-12,MANDI019,Maize,480.33
2026-02-12,MANDI019,Sugarcane,47.12
2026-02-12,MANDI022,Cotton,161.86
2026-02-12,MANDI022,Sugarcane,390.58
2026-02-12,MANDI026,Maize,373.52
2026-02-12,MANDI026,Sugarcane,329.98
2026-02-12,MANDI027,Mustard,425.13
2026-02-12,MANDI030,Maize,267.6
2026-02-12,MANDI031,Rice,344.9
2026-02-12,MANDI032,Cotton,581.95
2026-02-12,MANDI033,Cotton,411.33
2026-02-12,MANDI036,Maize,156.39
2026-02-12,MANDI038,Maize,176.23
2026-02-12,MANDI039,Wheat,406.65
2026-02-12,MANDI040,Maize,236.47
2026-02-12,MANDI040,Narma,254.78000000000003
2026-02-12,MANDI040,Rice,241.02
2026-02-12,MANDI040,Wheat,193.26
2026-02-12,MANDI041,Mustard,191.71
2026-02-12,MANDI042,Mustard,333.28000000000003
2026-02-12,MANDI043,Narma,317.31
2026-02-12,MANDI043,Wheat,425.96
2026-02-12,MANDI045,Sugarcane,73.48
2026-02-12,MANDI046,Sugarcane,374.03
2026-02-12,MANDI047,Maize,281.89
2026-02-12,MANDI048,Narma,399.53
2026-02-12,MANDI051,Basmati,132.4
2026-02-12,MANDI051,Maize,319.86
2026-02-12,MANDI052,Wheat,20.02
2026-02-12,MANDI053,Mustard,168.33
2026-02-12,MANDI053,Wheat,112.64
2026-02-12,MANDI056,Wheat,180.07
2026-02-13,MANDI001,Wheat,381.89
2026-02-13,MANDI002,Cotton,225.89
2026-02-13,MANDI003,Maize,275.13
2026-02-13,MANDI005,Rice,361.6
2026-02-13,MANDI006,Maize,218.08
2026-02-13,MANDI007,Cotton,89.51
2026-02-13,MANDI007,Rice,323.02
2026-02-13,MANDI009,Mustard,110.91
2026-02-13,MANDI010,Sugarcane,88.14
2026-02-13,MANDI011,Rice,220.41
2026-02-13,MANDI013,Maize,239.01
2026-02-13,MANDI013,Rice,105.58
2026-02-13,MANDI014,Cotton,305.99
2026-02-13,MANDI015,Cotton,272.45
2026-02-13,MANDI015,Maize,346.2
2026-02-13,MANDI015,Wheat,398.65
2026-02-13,MANDI019,Sugarcane,451.67
2026-02-13,MANDI022,Cotton,331.07
2026-02-13,MANDI022,Sugarcane,108.52
2026-02-13,MANDI023,Cotton,14.49
2026-02-13,MANDI023,Wheat,356.43
2026-02-13,MANDI024,Mustard,172.87
2026-02-13,MANDI025,Rice,91.49
2026-02-13,MANDI025,Sugarcane,188.77
2026-02-13,MANDI026,Rice,261.2
2026-02-13,MANDI026,Wheat,50.61
2026-02-13,MANDI027,Cotton,1192.6799999999998
2026-02-13,MANDI028,Rice,401.79
2026-02-13,MANDI029,Wheat,284.20000000000005
2026-02-13,MANDI030,Narma,812.97
2026-02-13,MANDI030,Wheat,696.0799999999999
2026-02-13,MANDI032,Maize,425.93000000000006
2026-02-13,MANDI032,Narma,92.8
2026-02-13,MANDI032,Sugarcane,180.37
2026-02-13,MANDI032,Wheat,346.15
2026-02-13,MANDI034,Rice,368.62
2026-02-13,MANDI034,Sugarcane,433.15
2026-02-13,MANDI036,Mustard,447.66
2026-02-13,MANDI039,Cotton,42.99
2026-02-13,MANDI039,Maize,215.6
2026-02-13,MANDI041,Cotton,510.06
2026-02-13,MANDI041,Mustard,224.38
2026-02-13,MANDI041,Wheat,201.0
2026-02-13,MANDI042,Cotton,203.36
2026-02-13,MANDI042,Sugarcane,191.51
2026-02-13,MANDI043,Maize,126.55
2026-02-13,MANDI045,Mustard,207.61
2026-02-13,MANDI046,Wheat,1008.3900000000001
2026-02-13,MANDI047,Cotton,221.49
2026-02-13,MANDI047,Maize,246.84
2026-02-13,MANDI048,Wheat,407.73
2026-02-13,MANDI049,Cotton,414.06
2026-02-13,MANDI050,Mustard,389.8
2026-02-13,MANDI051,Rice,246.6
2026-02-13,MANDI052,Cotton,229.92
2026-02-13,MANDI053,Cotton,488.79
2026-02-13,MANDI054,Sugarcane,371.68
2026-02-13,MANDI055,Mustard,94.17
2026-02-13,MANDI055,Sugarcane,19.25
2026-02-13,MANDI056,Sugarcane,277.78
2026-02-13,MANDI057,Mustard,188.53
2026-02-13,MANDI057,Rice,135.38
2026-02-14,MANDI001,Maize,466.85
2026-02-14,MANDI003,Rice,268.7
2026-02-14,MANDI003,Sugarcane,109.88
2026-02-14,MANDI004,Rice,203.77
2026-02-14,MANDI005,Maize,357.65
2026-02-14,MANDI005,Mustard,302.95
2026-02-14,MANDI005,Wheat,310.98
2026-02-14,MANDI007,Mustard,306.0
2026-02-14,MANDI008,Rice,433.51
2026-02-14,MANDI009,Maize,490.19000000000005
2026-02-14,MANDI011,Wheat,119.22
2026-02-14,MANDI012,Cotton,437.31
2026-02-14,MANDI012,Maize,292.5
2026-02-14,MANDI014,Rice,256.56
2026-02-14,MANDI015,Wheat,103.09
2026-02-14,MANDI016,Mustard,364.94
2026-02-14,MANDI016,Rice,403.21
2026-02-14,MANDI017,Basmati,475.48
2026-02-14,MANDI019,Rice,219.66
2026-02-14,MANDI022,Maize,313.51
2026-02-14,MANDI022,Mustard,36.87
2026-02-14,MANDI023,Mustard,31.42
2026-02-14,MANDI024,Cotton,320.7
2026-02-14,MANDI025,Mustard,274.93
2026-02-14,MANDI025,Narma,362.99
2026-02-14,MANDI026,Maize,158.49
2026-02-14,MANDI027,Wheat,51.27
2026-02-14,MANDI028,Wheat,140.1
2026-02-14,MANDI029,Maize,136.16
2026-02-14,MANDI030,Sugarcane,236.83
2026-02-14,MANDI030,Wheat,299.89
2026-02-14,MANDI033,Rice,275.99
2026-02-14,MANDI034,Narma,798.69
2026-02-14,MANDI034,Sugarcane,92.4
2026-02-14,MANDI034,Wheat,269.47
2026-02-14,MANDI035,Cotton,162.21
2026-02-14,MANDI036,Maize,203.03
2026-02-14,MANDI036,Wheat,25.86
2026-02-14,MANDI037,Mustard,171.51
2026-02-14,MANDI037,Sugarcane,156.32
2026-02-14,MANDI038,Maize,91.29
2026-02-14,MANDI039,Mustard,152.06
2026-02-14,MANDI042,Maize,156.08
2026-02-14,MANDI042,Mustard,98.98
2026-02-14,MANDI042,Wheat,35.59
2026-02-14,MANDI043,Cotton,198.69
2026-02-14,MANDI043,Rice,128.35000000000002
2026-02-14,MANDI044,Mustard,458.41
2026-02-14,MANDI044,Wheat,309.38
2026-02-14,MANDI045,Cotton,253.86
2026-02-14,MANDI047,Mustard,343.82
2026-02-14,MANDI047,Rice,306.2
2026-02-14,MANDI048,Maize,839.8399999999999
2026-02-14,MANDI048,Sugarcane,367.49
2026-02-14,MANDI049,Maize,222.78
2026-02-14,MANDI051,Wheat,27.85
2026-02-14,MANDI052,Maize,192.31
2026-02-14,MANDI052,Mustard,476.19
2026-02-14,MANDI053,Sugarcane,475.33
2026-02-14,MANDI053,Wheat,487.95
2026-02-14,MANDI055,Maize,321.25
2026-02-14,MANDI056,Mustard,74.23
2026-02-14,MANDI056,Sugarcane,486.86
2026-02-15,MANDI001,Cotton,232.71
2026-02-15,MANDI001,Sugarcane,451.76
2026-02-15,MANDI002,Mustard,214.0
2026-02-15,MANDI002,Sugarcane,464.53
2026-02-15,MANDI003,Rice,413.44
2026-02-15,MANDI004,Maize,267.64
2026-02-15,MANDI004,Wheat,198.87
2026-02-15,MANDI005,Maize,162.72
2026-02-15,MANDI005,Rice,82.32
2026-02-15,MANDI006,Rice,181.27
2026-02-15,MANDI007,Mustard,439.99
2026-02-15,MANDI007,Wheat,443.81
2026-02-15,MANDI008,Sugarcane,323.95
2026-02-15,MANDI009,Mustard,10.8
2026-02-15,MANDI009,Sugarcane,157.83
2026-02-15,MANDI011,Rice,235.29
2026-02-15,MANDI011,Sugarcane,126.76
2026-02-15,MANDI012,Mustard,240.6
2026-02-15,MANDI013,Cotton,382.9
2026-02-15,MANDI013,Mustard,455.77
2026-02-15,MANDI013,Rice,262.01
2026-02-15,MANDI013,Wheat,473.67
2026-02-15,MANDI015,Narma,104.82
2026-02-15,MANDI015,Sugarcane,98.33
2026-02-15,MANDI015,Wheat,131.53
2026-02-15,MANDI016,Sugarcane,372.73
2026-02-15,MANDI017,Wheat,465.18
2026-02-15,MANDI018,Cotton,170.0
2026-02-15,MANDI018,Mustard,274.54
2026-02-15,MANDI019,Rice,112.84
2026-02-15,MANDI019,Sugarcane,348.15
2026-02-15,MANDI020,Basmati,416.27
2026-02-15,MANDI020,Rice,49.02
2026-02-15,MANDI020,Sugarcane,462.85
2026-02-15,MANDI020,Wheat,24.76
2026-02-15,MANDI023,Mustard,428.09000000000003
2026-02-15,MANDI023,Wheat,353.37
2026-02-15,MANDI024,Mustard,138.63
2026-02-15,MANDI025,Sugarcane,343.01
2026-02-15,MANDI025,Wheat,269.46
2026-02-15,MANDI027,Wheat,77.81
2026-02-15,MANDI029,Wheat,350.68
2026-02-15,MANDI030,Maize,123.42
2026-02-15,MANDI031,Sugarcane,446.53
2026-02-15,MANDI032,Maize,245.65
2026-02-15,MANDI032,Mustard,164.11
2026-02-15,MANDI032,Sugarcane,226.45
2026-02-15,MANDI033,Cotton,381.14
2026-02-15,MANDI033,Maize,366.47
2026-02-15,MANDI034,Mustard,494.44
2026-02-15,MANDI035,Maize,724.7
2026-02-15,MANDI036,Cotton,123.08
2026-02-15,MANDI036,Maize,23.090000000000003
2026-02-15,MANDI036,Mustard,112.9
2026-02-15,MANDI036,Wheat,425.38
2026-02-15,MANDI037,Narma,77.18
2026-02-15,MANDI038,Sugarcane,68.96
2026-02-15,MANDI040,Cotton,166.18
2026-02-15,MANDI040,Wheat,292.22
2026-02-15,MANDI041,Sugarcane,230.5
2026-02-15,MANDI043,Sugarcane,62.77
2026-02-15,MANDI045,Sugarcane,308.18
2026-02-15,MANDI046,Wheat,317.44
2026-02-15,MANDI047,Narma,16.14
2026-02-15,MANDI048,Mustard,262.23
2026-02-15,MANDI048,Rice,169.24
2026-02-15,MANDI049,Mustard,70.49
2026-02-15,MANDI050,Maize,67.48
2026-02-15,MANDI051,Maize,353.84
2026-02-15,MANDI052,Wheat,345.39
2026-02-15,MANDI053,Cotton,81.81
2026-02-15,MANDI053,Mustard,396.03
2026-02-15,MANDI053,Wheat,398.74
2026-02-15,MANDI054,Rice,281.23
2026-02-15,MANDI054,Wheat,138.21
2026-02-15,MANDI055,Basmati,388.53
2026-02-15,MANDI055,Maize,484.64
2026-02-15,MANDI056,Sugarcane,234.21
2026-02-15,MANDI056,Wheat,51.36
2026-02-15,MANDI057,Mustard,261.62
2026-02-15,MANDI057,Wheat,126.41
2026-02-16,MANDI001,Rice,43.21
2026-02-16,MANDI001,Sugarcane,128.33
2026-02-16,MANDI005,Rice,172.48
2026-02-16,MANDI006,Basmati,360.43
2026-02-16,MANDI006,Cotton,158.41
2026-02-16,MANDI007,Cotton,809.3
2026-02-16,MANDI007,Mustard,173.01999999999998
2026-02-16,MANDI008,Cotton,309.19
2026-02-16,MANDI008,Sugarcane,393.96
2026-02-16,MANDI010,Sugarcane,417.78
2026-02-16,MANDI012,Rice,485.74
2026-02-16,MANDI013,Rice,168.06
2026-02-16,MANDI015,Sugarcane,45.43
2026-02-16,MANDI017,Sugarcane,581.93
2026-02-16,MANDI018,Basmati,429.84
2026-02-16,MANDI019,Cotton,313.7
2026-02-16,MANDI019,Maize,462.5
2026-02-16,MANDI019,Sugarcane,246.55
2026-02-16,MANDI020,Wheat,68.98
2026-02-16,MANDI022,Maize,63.11
2026-02-16,MANDI022,Mustard,442.61
2026-02-16,MANDI022,Narma,253.81
2026-02-16,MANDI024,Sugarcane,301.67
2026-02-16,MANDI024,Wheat,187.56
2026-02-16,MANDI025,Mustard,475.98
2026-02-16,MANDI025,Wheat,218.94
2026-02-16,MANDI027,Cotton,659.2
2026-02-16,MANDI027,Maize,39.89
2026-02-16,MANDI027,Narma,436.96
2026-02-16,MANDI028,Basmati,287.45
2026-02-16,MANDI028,Rice,346.58
2026-02-16,MANDI029,Maize,874.16
2026-02-16,MANDI029,Mustard,169.91
2026-02-16,MANDI030,Cotton,418.24
2026-02-16,MANDI031,Wheat,454.72
2026-02-16,MANDI034,Basmati,281.06
2026-02-16,MANDI034,Sugarcane,424.74
2026-02-16,MANDI036,Sugarcane,148.95
2026-02-16,MANDI037,Cotton,265.89
2026-02-16,MANDI038,Maize,37.5
2026-02-16,MANDI039,Maize,338.47
2026-02-16,MANDI039,Sugarcane,118.59
2026-02-16,MANDI042,Cotton,411.26
2026-02-16,MANDI042,Rice,81.05
2026-02-16,MANDI043,Maize,301.66
2026-02-16,MANDI043,Rice,62.97
2026-02-16,MANDI043,Sugarcane,172.77999999999997
2026-02-16,MANDI044,Cotton,56.59
2026-02-16,MANDI044,Sugarcane,358.04
2026-02-16,MANDI045,Rice,40.53
2026-02-16,MANDI046,Maize,279.51
2026-02-16,MANDI046,Sugarcane,431.74
2026-02-16,MANDI047,Maize,291.59
2026-02-16,MANDI047,Mustard,377.42
2026-02-16,MANDI047,Wheat,361.62
2026-02-16,MANDI048,Mustard,383.5
2026-02-16,MANDI049,Maize,341.36
2026-02-16,MANDI051,Rice,387.67
2026-02-16,MANDI052,Sugarcane,815.79
2026-02-16,MANDI052,Wheat,562.86
2026-02-16,MANDI054,Wheat,204.82
2026-02-16,MANDI056,Mustard,284.54
2026-02-16,MANDI056,Sugarcane,10.81
2026-02-16,MANDI057,Wheat,264.27
2026-02-17,MANDI001,Wheat,142.75
2026-02-17,MANDI005,Maize,66.09
2026-02-17,MANDI006,Mustard,490.52
2026-02-17,MANDI007,Cotton,165.38
2026-02-17,MANDI007,Rice,310.8
2026-02-17,MANDI008,Rice,146.75
2026-02-17,MANDI011,Rice,146.98
2026-02-17,MANDI012,Cotton,357.31
2026-02-17,MANDI012,Wheat,495.0
2026-02-17,MANDI013,Cotton,454.52
2026-02-17,MANDI013,Narma,408.1
2026-02-17,MANDI014,Sugarcane,450.27
2026-02-17,MANDI016,Rice,189.32
2026-02-17,MANDI017,Wheat,492.43
2026-02-17,MANDI019,Wheat,426.52
2026-02-17,MANDI021,Sugarcane,185.73
2026-02-17,MANDI024,Mustard,99.09
2026-02-17,MANDI024,Sugarcane,448.98
2026-02-17,MANDI025,Maize,339.43
2026-02-17,MANDI025,Sugarcane,1006.2
2026-02-17,MANDI026,Cotton,475.36
2026-02-17,MANDI026,Maize,488.8
2026-02-17,MANDI027,Rice,62.58
2026-02-17,MANDI028,Sugarcane,373.19
2026-02-17,MANDI029,Wheat,136.76
2026-02-17,MANDI031,Cotton,81.47
2026-02-17,MANDI031,Sugarcane,418.96
2026-02-17,MANDI032,Basmati,120.36
2026-02-17,MANDI032,Cotton,470.59
2026-02-17,MANDI032,Sugarcane,289.71
2026-02-17,MANDI033,Cotton,72.02
2026-02-17,MANDI035,Rice,226.06
2026-02-17,MANDI036,Mustard,246.15
2026-02-17,MANDI039,Cotton,124.84
2026-02-17,MANDI044,Maize,454.16
2026-02-17,MANDI044,Mustard,483.42
2026-02-17,MANDI045,Mustard,272.61
2026-02-17,MANDI046,Cotton,680.8299999999999
2026-02-17,MANDI046,Maize,433.47
2026-02-17,MANDI046,Mustard,478.81
2026-02-17,MANDI046,Rice,53.22
2026-02-17,MANDI046,Sugarcane,338.53
2026-02-17,MANDI048,Cotton,267.36
2026-02-17,MANDI048,Maize,160.15
2026-02-17,MANDI050,Rice,355.49
2026-02-17,MANDI050,Sugarcane,258.39
2026-02-17,MANDI056,Maize,361.68
2026-02-17,MANDI056,Rice,475.77
2026-02-17,MANDI057,Cotton,226.59
2026-02-18,MANDI001,Sugarcane,30.08
2026-02-18,MANDI002,Maize,133.85
2026-02-18,MANDI003,Maize,440.49
2026-02-18,MANDI004,Rice,21.34
2026-02-18,MANDI004,Sugarcane,400.73
2026-02-18,MANDI004,Wheat,69.34
2026-02-18,MANDI005,Maize,38.02000000000001
2026-02-18,MANDI005,Narma,425.24
2026-02-18,MANDI006,Wheat,596.4300000000001
2026-02-18,MANDI008,Rice,497.59
2026-02-18,MANDI008,Sugarcane,290.45
2026-02-18,MANDI010,Mustard,128.15
2026-02-18,MANDI011,Mustard,222.2
2026-02-18,MANDI011,Sugarcane,272.68
2026-02-18,MANDI011,Wheat,418.48
2026-02-18,MANDI012,Rice,423.31
2026-02-18,MANDI012,Sugarcane,492.36
2026-02-18,MANDI013,Cotton,190.38
2026-02-18,MANDI015,Cotton,362.08
2026-02-18,MANDI016,Narma,59.75
2026-02-18,MANDI017,Maize,468.76
2026-02-18,MANDI017,Rice,478.03
2026-02-18,MANDI018,Wheat,18.23
2026-02-18,MANDI020,Maize,168.43
2026-02-18,MANDI020,Mustard,293.38
2026-02-18,MANDI021,Cotton,383.3
2026-02-18,MANDI022,Cotton,398.03
2026-02-18,MANDI022,Maize,383.16
2026-02-18,MANDI023,Sugarcane,370.66
2026-02-18,MANDI023,Wheat,119.32
2026-02-18,MANDI024,Rice,171.39
2026-02-18,MANDI025,Cotton,447.42
2026-02-18,MANDI026,Cotton,207.4
2026-02-18,MANDI026,Wheat,109.83
2026-02-18,MANDI027,Wheat,310.98
2026-02-18,MANDI028,Rice,327.71
2026-02-18,MANDI029,Mustard,579.5600000000001
2026-02-18,MANDI030,Basmati,17.44
2026-02-18,MANDI032,Mustard,78.53
2026-02-18,MANDI032,Rice,123.4
2026-02-18,MANDI033,Rice,326.41
2026-02-18,MANDI033,Wheat,366.01
2026-02-18,MANDI034,Cotton,415.25
2026-02-18,MANDI034,Mustard,428.0
2026-02-18,MANDI034,Rice,433.88
2026-02-18,MANDI034,Wheat,351.33000000000004
2026-02-18,MANDI035,Mustard,408.46000000000004
2026-02-18,MANDI036,Wheat,329.3
2026-02-18,MANDI037,Narma,143.24
2026-02-18,MANDI037,Rice,14.98
2026-02-18,MANDI038,Mustard,294.45
2026-02-18,MANDI039,Sugarcane,458.47
2026-02-18,MANDI040,Cotton,469.67
2026-02-18,MANDI042,Maize,371.34
2026-02-18,MANDI043,Rice,488.85
2026-02-18,MANDI043,Wheat,376.78
2026-02-18,MANDI044,Cotton,496.31
2026-02-18,MANDI044,Rice,301.02
2026-02-18,MANDI045,Mustard,401.59
2026-02-18,MANDI045,Wheat,172.57
2026-02-18,MANDI046,Wheat,240.94
2026-02-18,MANDI047,Wheat,87.68
2026-02-18,MANDI048,Cotton,387.38
2026-02-18,MANDI049,Maize,455.98
2026-02-18,MANDI049,Wheat,358.0
2026-02-18,MANDI051,Sugarcane,283.54
2026-02-18,MANDI052,Maize,87.19
2026-02-18,MANDI054,Cotton,386.61
2026-02-18,MANDI054,Wheat,101.88
2026-02-18,MANDI055,Sugarcane,298.52
2026-02-18,MANDI057,Cotton,216.32
2026-02-18,MANDI057,Mustard,23.81
2026-02-18,MANDI057,Narma,128.44
2026-02-18,MANDI057,Wheat,42.2
2026-02-19,MANDI002,Rice,447.03
2026-02-19,MANDI003,Maize,291.29
2026-02-19,MANDI003,Rice,262.75
2026-02-19,MANDI003,Wheat,242.76
2026-02-19,MANDI004,Mustard,85.31
2026-02-19,MANDI005,Basmati,414.22
2026-02-19,MANDI006,Maize,182.32
2026-02-19,MANDI007,Mustard,65.33
2026-02-19,MANDI008,Maize,436.32
2026-02-19,MANDI009,Cotton,338.64
2026-02-19,MANDI009,Mustard,363.5
2026-02-19,MANDI011,Mustard,199.86
2026-02-19,MANDI013,Mustard,92.29
2026-02-19,MANDI013,Narma,156.79
2026-02-19,MANDI013,Sugarcane,118.3
2026-02-19,MANDI014,Cotton,119.09
2026-02-19,MANDI015,Narma,197.28
2026-02-19,MANDI015,Rice,149.28
2026-02-19,MANDI015,Wheat,364.64
2026-02-19,MANDI016,Rice,400.31
2026-02-19,MANDI017,Sugarcane,427.65
2026-02-19,MANDI018,Cotton,28.84
2026-02-19,MANDI018,Mustard,347.89
2026-02-19,MANDI018,Wheat,200.59
2026-02-19,MANDI019,Mustard,207.31
2026-02-19,MANDI020,Cotton,188.69
2026-02-19,MANDI021,Wheat,37.25
2026-02-19,MANDI023,Cotton,369.55
2026-02-19,MANDI025,Wheat,162.97
2026-02-19,MANDI026,Wheat,285.25
2026-02-19,MANDI027,Cotton,480.16
2026-02-19,MANDI027,Wheat,461.9
2026-02-19,MANDI028,Mustard,485.63
2026-02-19,MANDI028,Rice,121.32999999999998
2026-02-19,MANDI029,Maize,477.49
2026-02-19,MANDI030,Mustard,431.12
2026-02-19,MANDI033,Cotton,14.87
2026-02-19,MANDI033,Mustard,304.79
2026-02-19,MANDI033,Rice,453.13
2026-02-19,MANDI034,Narma,201.85
2026-02-19,MANDI035,Sugarcane,332.33
2026-02-19,MANDI036,Mustard,354.2
2026-02-19,MANDI038,Cotton,355.5
2026-02-19,MANDI038,Rice,561.54
2026-02-19,MANDI039,Maize,405.25
2026-02-19,MANDI040,Maize,309.96
2026-02-19,MANDI040,Rice,448.22
2026-02-19,MANDI041,Narma,439.3
2026-02-19,MANDI041,Wheat,487.4
2026-02-19,MANDI042,Rice,19.26
2026-02-19,MANDI044,Sugarcane,95.32
2026-02-19,MANDI050,Cotton,308.77
2026-02-19,MANDI052,Wheat,212.48
2026-02-19,MANDI053,Basmati,94.75
2026-02-19,MANDI056,Sugarcane,454.48
2026-02-19,MANDI057,Maize,42.25
2026-02-19,MANDI057,Rice,193.52
2026-02-19,MANDI057,Sugarcane,488.75
2026-02-20,MANDI001,Cotton,359.78
2026-02-20,MANDI001,Wheat,465.31
2026-02-20,MANDI002,Sugarcane,253.23
2026-02-20,MANDI003,Maize,80.56
2026-02-20,MANDI003,Wheat,50.22
2026-02-20,MANDI004,Cotton,192.4
2026-02-20,MANDI005,Mustard,143.56
2026-02-20,MANDI005,Rice,327.84
2026-02-20,MANDI006,Cotton,180.62
2026-02-20,MANDI006,Maize,276.61
2026-02-20,MANDI006,Rice,410.32
2026-02-20,MANDI007,Wheat,199.78
2026-02-20,MANDI009,Sugarcane,585.97
2026-02-20,MANDI010,Wheat,130.23
2026-02-20,MANDI011,Wheat,113.03
2026-02-20,MANDI012,Maize,272.61
2026-02-20,MANDI012,Mustard,386.54
2026-02-20,MANDI012,Narma,126.08
2026-02-20,MANDI012,Rice,18.8
2026-02-20,MANDI012,Sugarcane,24.7
2026-02-20,MANDI013,Wheat,410.14
2026-02-20,MANDI014,Wheat,498.98
2026-02-20,MANDI015,Wheat,267.43
2026-02-20,MANDI017,Cotton,175.21
2026-02-20,MANDI017,Mustard,111.06
2026-02-20,MANDI017,Wheat,445.28
2026-02-20,MANDI018,Rice,352.2
2026-02-20,MANDI019,Sugarcane,470.68
2026-02-20,MANDI020,Maize,83.53
2026-02-20,MANDI020,Mustard,107.44
2026-02-20,MANDI020,Rice,131.54999999999998
2026-02-20,MANDI021,Cotton,304.5
2026-02-20,MANDI021,Narma,231.08
2026-02-20,MANDI022,Mustard,330.19
2026-02-20,MANDI022,Wheat,463.36
2026-02-20,MANDI024,Wheat,193.33
2026-02-20,MANDI025,Wheat,348.49
2026-02-20,MANDI026,Sugarcane,464.84000000000003
2026-02-20,MANDI027,Cotton,395.03
2026-02-20,MANDI032,Maize,489.24
2026-02-20,MANDI032,Rice,14.5
2026-02-20,MANDI033,Maize,177.14
2026-02-20,MANDI033,Mustard,115.4
2026-02-20,MANDI033,Rice,24.0
2026-02-20,MANDI034,Cotton,304.11
2026-02-20,MANDI034,Mustard,351.99
2026-02-20,MANDI034,Rice,302.3
2026-02-20,MANDI035,Sugarcane,70.92
2026-02-20,MANDI036,Sugarcane,287.39
2026-02-20,MANDI037,Cotton,121.71
2026-02-20,MANDI037,Wheat,652.72
2026-02-20,MANDI038,Maize,285.33
2026-02-20,MANDI038,Mustard,455.85
2026-02-20,MANDI038,Rice,329.79
2026-02-20,MANDI038,Wheat,340.18
2026-02-20,MANDI039,Maize,364.27
2026-02-20,MANDI039,Wheat,61.54
2026-02-20,MANDI041,Wheat,928.75
2026-02-20,MANDI042,Maize,344.24
2026-02-20,MANDI042,Rice,141.57
2026-02-20,MANDI043,Maize,419.11
2026-02-20,MANDI043,Sugarcane,178.78
2026-02-20,MANDI046,Maize,265.12
2026-02-20,MANDI046,Sugarcane,32.35
2026-02-20,MANDI047,Rice,299.61
2026-02-20,MANDI047,Wheat,221.42
2026-02-20,MANDI048,Cotton,55.21
2026-02-20,MANDI050,Cotton,376.44
2026-02-20,MANDI051,Maize,254.02
2026-02-20,MANDI052,Cotton,46.97
2026-02-20,MANDI052,Mustard,410.87
2026-02-20,MANDI053,Maize,171.0
2026-02-20,MANDI053,Rice,350.67
2026-02-20,MANDI054,Cotton,503.09000000000003
2026-02-20,MANDI054,Maize,401.27
2026-02-20,MANDI054,Sugarcane,202.77
2026-02-20,MANDI056,Mustard,181.94
2026-02-20,MANDI056,Sugarcane,256.67
2026-02-20,MANDI057,Mustard,264.1
2026-02-21,MANDI001,Cotton,238.42
2026-02-21,MANDI001,Mustard,378.13
2026-02-21,MANDI001,Sugarcane,49.39
2026-02-21,MANDI001,Wheat,397.18
2026-02-21,MANDI003,Sugarcane,344.16
2026-02-21,MANDI005,Mustard,428.5
2026-02-21,MANDI006,Narma,438.3
2026-02-21,MANDI006,Sugarcane,90.05
2026-02-21,MANDI007,Maize,466.24
2026-02-21,MANDI007,Narma,478.83
2026-02-21,MANDI008,Maize,59.21
2026-02-21,MANDI008,Wheat,282.99
2026-02-21,MANDI010,Sugarcane,367.56
2026-02-21,MANDI011,Cotton,333.66
2026-02-21,MANDI011,Mustard,324.29
2026-02-21,MANDI012,Mustard,300.25
2026-02-21,MANDI013,Sugarcane,52.48
2026-02-21,MANDI014,Mustard,112.69
2026-02-21,MANDI014,Narma,268.63
2026-02-21,MANDI016,Sugarcane,98.05
2026-02-21,MANDI017,Maize,238.98
2026-02-21,MANDI018,Maize,274.51
2026-02-21,MANDI018,Mustard,241.28
2026-02-21,MANDI020,Cotton,193.64
2026-02-21,MANDI021,Mustard,335.21
2026-02-21,MANDI021,Rice,110.31
2026-02-21,MANDI023,Cotton,13.3
2026-02-21,MANDI023,Mustard,577.9
2026-02-21,MANDI024,Mustard,112.9
2026-02-21,MANDI025,Cotton,21.53
2026-02-21,MANDI026,Mustard,626.24
2026-02-21,MANDI028,Basmati,334.28
2026-02-21,MANDI028,Maize,423.2
2026-02-21,MANDI029,Mustard,370.06
2026-02-21,MANDI029,Sugarcane,350.28
2026-02-21,MANDI029,Wheat,285.1
2026-02-21,MANDI030,Cotton,487.65
2026-02-21,MANDI030,Wheat,468.16
2026-02-21,MANDI033,Basmati,129.0
2026-02-21,MANDI033,Maize,133.87
2026-02-21,MANDI033,Wheat,21.99
2026-02-21,MANDI034,Cotton,489.61
2026-02-21,MANDI034,Sugarcane,179.84
2026-02-21,MANDI035,Wheat,248.57
2026-02-21,MANDI037,Rice,499.96
2026-02-21,MANDI037,Sugarcane,753.54
2026-02-21,MANDI040,Wheat,100.44
2026-02-21,MANDI041,Mustard,478.12
2026-02-21,MANDI042,Mustard,233.37
2026-02-21,MANDI043,Sugarcane,350.92
2026-02-21,MANDI045,Maize,13.38
2026-02-21,MANDI046,Maize,680.29
2026-02-21,MANDI046,Mustard,75.23
2026-02-21,MANDI047,Sugarcane,292.49
2026-02-21,MANDI047,Wheat,223.2
2026-02-21,MANDI048,Cotton,459.98
2026-02-21,MANDI048,Mustard,80.13999999999999
2026-02-21,MANDI048,Sugarcane,835.36
2026-02-21,MANDI048,Wheat,393.79
2026-02-21,MANDI049,Wheat,398.43
2026-02-21,MANDI050,Maize,238.33
2026-02-21,MANDI050,Sugarcane,110.9
2026-02-21,MANDI051,Rice,119.6
2026-02-21,MANDI053,Sugarcane,499.16
2026-02-21,MANDI054,Mustard,357.32
2026-02-21,MANDI055,Maize,170.09
2026-02-21,MANDI055,Mustard,41.51
2026-02-21,MANDI055,Sugarcane,124.36
2026-02-21,MANDI056,Wheat,464.2
2026-02-21,MANDI057,Maize,402.35
2026-02-21,MANDI057,Wheat,328.05
2026-02-22,MANDI001,Rice,64.84
2026-02-22,MANDI001,Wheat,327.71
2026-02-22,MANDI003,Wheat,398.9
2026-02-22,MANDI004,Cotton,398.35
2026-02-22,MANDI004,Sugarcane,267.39
2026-02-22,MANDI004,Wheat,173.59
2026-02-22,MANDI005,Cotton,280.57
2026-02-22,MANDI005,Maize,266.62
2026-02-22,MANDI007,Mustard,465.95
2026-02-22,MANDI007,Sugarcane,292.35
2026-02-22,MANDI008,Cotton,228.04
2026-02-22,MANDI008,Wheat,221.92
2026-02-22,MANDI010,Cotton,217.1
2026-02-22,MANDI010,Mustard,226.14
2026-02-22,MANDI011,Sugarcane,105.42
2026-02-22,MANDI013,Mustard,642.5
2026-02-22,MANDI013,Rice,315.62
2026-02-22,MANDI014,Sugarcane,186.59
2026-02-22,MANDI014,Wheat,184.15
2026-02-22,MANDI015,Maize,174.95
2026-02-22,MANDI015,Wheat,230.46
2026-02-22,MANDI016,Rice,474.68000000000006
2026-02-22,MANDI017,Maize,435.85
2026-02-22,MANDI017,Mustard,292.06
2026-02-22,MANDI017,Wheat,247.65
2026-02-22,MANDI018,Maize,341.11
2026-02-22,MANDI019,Mustard,489.38
2026-02-22,MANDI020,Mustard,122.67
2026-02-22,MANDI020,Wheat,126.9
2026-02-22,MANDI021,Rice,75.48
2026-02-22,MANDI023,Wheat,544.29
2026-02-22,MANDI024,Maize,324.9
2026-02-22,MANDI028,Mustard,425.91
2026-02-22,MANDI028,Rice,18.81
2026-02-22,MANDI028,Sugarcane,72.56
2026-02-22,MANDI030,Maize,184.22
2026-02-22,MANDI030,Mustard,419.18
2026-02-22,MANDI030,Sugarcane,109.62
2026-02-22,MANDI031,Maize,37.39
2026-02-22,MANDI032,Maize,168.75
2026-02-22,MANDI032,Rice,114.91
2026-02-22,MANDI033,Mustard,83.93
2026-02-22,MANDI034,Narma,31.58
2026-02-22,MANDI036,Cotton,374.31
2026-02-22,MANDI036,Maize,149.35
2026-02-22,MANDI036,Wheat,56.6
2026-02-22,MANDI038,Mustard,306.89
2026-02-22,MANDI040,Basmati,133.68
2026-02-22,MANDI040,Cotton,408.55
2026-02-22,MANDI042,Mustard,54.65
2026-02-22,MANDI042,Wheat,227.07
2026-02-22,MANDI043,Maize,163.29
2026-02-22,MANDI043,Mustard,484.2000000000001
2026-02-22,MANDI044,Sugarcane,460.92
2026-02-22,MANDI045,Sugarcane,115.86
2026-02-22,MANDI046,Cotton,128.77
2026-02-22,MANDI046,Wheat,407.56
2026-02-22,MANDI048,Maize,31.19
2026-02-22,MANDI048,Rice,38.99
2026-02-22,MANDI048,Wheat,232.2
2026-02-22,MANDI049,Cotton,331.86
2026-02-22,MANDI049,Sugarcane,182.1
2026-02-22,MANDI050,Cotton,242.45
2026-02-22,MANDI050,Maize,197.29
2026-02-22,MANDI050,Mustard,428.68
2026-02-22,MANDI051,Maize,317.82
2026-02-22,MANDI051,Sugarcane,770.76
2026-02-22,MANDI051,Wheat,347.47
2026-02-22,MANDI052,Sugarcane,219.96
2026-02-22,MANDI053,Cotton,335.76
2026-02-22,MANDI053,Narma,228.27
2026-02-22,MANDI053,Sugarcane,354.33
2026-02-22,MANDI053,Wheat,102.94
2026-02-22,MANDI054,Rice,13.78
2026-02-22,MANDI055,Maize,727.21
2026-02-22,MANDI056,Mustard,26.02
2026-02-22,MANDI057,Narma,131.1
2026-02-22,MANDI057,Wheat,443.44
2026-02-23,MANDI001,Mustard,87.72999999999999
2026-02-23,MANDI002,Maize,385.22
2026-02-23,MANDI002,Sugarcane,258.45
2026-02-23,MANDI002,Wheat,345.27
2026-02-23,MANDI004,Maize,154.37
2026-02-23,MANDI004,Mustard,492.01
2026-02-23,MANDI004,Sugarcane,486.36
2026-02-23,MANDI004,Wheat,850.0699999999999
2026-02-23,MANDI005,Mustard,349.22
2026-02-23,MANDI006,Maize,288.94
2026-02-23,MANDI007,Rice,406.25
2026-02-23,MANDI008,Cotton,340.73
2026-02-23,MANDI009,Cotton,28.41
2026-02-23,MANDI009,Sugarcane,183.11
2026-02-23,MANDI009,Wheat,223.04
2026-02-23,MANDI010,Rice,76.95
2026-02-23,MANDI010,Sugarcane,464.16
2026-02-23,MANDI011,Narma,46.1
2026-02-23,MANDI012,Mustard,235.86
2026-02-23,MANDI012,Rice,479.82
2026-02-23,MANDI015,Maize,236.26
2026-02-23,MANDI015,Sugarcane,21.28
2026-02-23,MANDI016,Basmati,131.06
2026-02-23,MANDI017,Rice,64.65
2026-02-23,MANDI017,Sugarcane,460.6
2026-02-23,MANDI018,Mustard,59.65
2026-02-23,MANDI018,Rice,186.88
2026-02-23,MANDI019,Rice,481.82
2026-02-23,MANDI021,Cotton,511.83000000000004
2026-02-23,MANDI022,Narma,364.16
2026-02-23,MANDI023,Cotton,26.17
2026-02-23,MANDI026,Cotton,216.3
2026-02-23,MANDI026,Maize,99.59
2026-02-23,MANDI027,Maize,260.42
2026-02-23,MANDI027,Sugarcane,405.8
2026-02-23,MANDI030,Maize,373.97
2026-02-23,MANDI031,Wheat,374.93
2026-02-23,MANDI032,Wheat,121.01
2026-02-23,MANDI033,Narma,281.82
2026-02-23,MANDI034,Rice,141.24
2026-02-23,MANDI035,Sugarcane,496.48
2026-02-23,MANDI035,Wheat,104.19
2026-02-23,MANDI038,Maize,374.75
2026-02-23,MANDI038,Mustard,250.45
2026-02-23,MANDI038,Sugarcane,338.29
2026-02-23,MANDI039,Sugarcane,170.54
2026-02-23,MANDI040,Maize,33.24
2026-02-23,MANDI040,Sugarcane,412.38
2026-02-23,MANDI040,Wheat,452.99
2026-02-23,MANDI041,Mustard,343.61
2026-02-23,MANDI041,Sugarcane,381.46
2026-02-23,MANDI041,Wheat,103.62
2026-02-23,MANDI042,Maize,377.04
2026-02-23,MANDI044,Sugarcane,507.69
2026-02-23,MANDI044,Wheat,339.88
2026-02-23,MANDI045,Maize,342.35
2026-02-23,MANDI045,Mustard,166.53
2026-02-23,MANDI045,Rice,499.8
2026-02-23,MANDI047,Maize,74.78
2026-02-23,MANDI048,Maize,166.65
2026-02-23,MANDI049,Cotton,344.47
2026-02-23,MANDI050,Maize,121.3
2026-02-23,MANDI052,Maize,178.59
2026-02-23,MANDI055,Rice,199.28
2026-02-23,MANDI056,Narma,375.1
2026-02-23,MANDI057,Mustard,14.97
2026-02-23,MANDI057,Sugarcane,393.05
2026-02-24,MANDI001,Sugarcane,168.42
2026-02-24,MANDI002,Mustard,612.6
2026-02-24,MANDI003,Sugarcane,97.05
2026-02-24,MANDI006,Maize,79.6
2026-02-24,MANDI007,Wheat,398.62
2026-02-24,MANDI008,Mustard,398.61
2026-02-24,MANDI008,Wheat,116.04
2026-02-24,MANDI010,Cotton,388.07
2026-02-24,MANDI010,Sugarcane,304.26
2026-02-24,MANDI011,Mustard,373.41
2026-02-24,MANDI012,Maize,415.44
2026-02-24,MANDI012,Mustard,455.96
2026-02-24,MANDI013,Narma,418.6
2026-02-24,MANDI013,Rice,141.24
2026-02-24,MANDI013,Wheat,247.12
2026-02-24,MANDI014,Mustard,258.86
2026-02-24,MANDI016,Wheat,419.58
2026-02-24,MANDI017,Mustard,283.82
2026-02-24,MANDI018,Cotton,436.27
2026-02-24,MANDI019,Cotton,330.25
2026-02-24,MANDI020,Mustard,257.87
2026-02-24,MANDI022,Wheat,402.07
2026-02-24,MANDI023,Mustard,18.57
2026-02-24,MANDI024,Wheat,196.95
2026-02-24,MANDI025,Sugarcane,94.7
2026-02-24,MANDI026,Sugarcane,109.28
2026-02-24,MANDI028,Rice,254.7
2026-02-24,MANDI029,Maize,133.22
2026-02-24,MANDI029,Sugarcane,218.91
2026-02-24,MANDI031,Cotton,42.91
2026-02-24,MANDI032,Cotton,282.6
2026-02-24,MANDI033,Sugarcane,488.61
2026-02-24,MANDI037,Basmati,126.77
2026-02-24,MANDI037,Cotton,338.52
2026-02-24,MANDI037,Mustard,499.64
2026-02-24,MANDI037,Wheat,324.05
2026-02-24,MANDI038,Narma,293.35
2026-02-24,MANDI039,Sugarcane,637.95
2026-02-24,MANDI040,Sugarcane,199.83
2026-02-24,MANDI040,Wheat,905.12
2026-02-24,MANDI041,Cotton,162.68
2026-02-24,MANDI041,Wheat,22.49
2026-02-24,MANDI042,Mustard,172.69
2026-02-24,MANDI043,Rice,130.19
2026-02-24,MANDI045,Mustard,439.39
2026-02-24,MANDI047,Maize,402.28
2026-02-24,MANDI047,Sugarcane,220.72
2026-02-24,MANDI048,Maize,437.64
2026-02-24,MANDI048,Rice,443.93
2026-02-24,MANDI049,Mustard,380.13
2026-02-24,MANDI049,Wheat,43.64
2026-02-24,MANDI053,Cotton,156.83
2026-02-24,MANDI053,Sugarcane,249.67
2026-02-24,MANDI054,Basmati,463.36
2026-02-24,MANDI054,Mustard,178.87
2026-02-24,MANDI055,Basmati,10.59
2026-02-24,MANDI055,Maize,70.43
2026-02-24,MANDI057,Sugarcane,198.57
2026-02-25,MANDI001,Rice,263.9
2026-02-25,MANDI001,Wheat,240.71
2026-02-25,MANDI004,Rice,225.81
2026-02-25,MANDI004,Wheat,386.47
2026-02-25,MANDI005,Cotton,10.77
2026-02-25,MANDI006,Maize,267.77
2026-02-25,MANDI006,Wheat,491.72
2026-02-25,MANDI007,Wheat,325.99
2026-02-25,MANDI008,Basmati,465.07
2026-02-25,MANDI008,Maize,239.81
2026-02-25,MANDI008,Rice,165.79000000000002
2026-02-25,MANDI009,Cotton,220.68
2026-02-25,MANDI010,Mustard,293.51
2026-02-25,MANDI011,Cotton,28.03
2026-02-25,MANDI011,Rice,78.62999999999998
2026-02-25,MANDI014,Rice,220.35
2026-02-25,MANDI015,Cotton,159.17
2026-02-25,MANDI015,Sugarcane,943.46
2026-02-25,MANDI016,Maize,437.25
2026-02-25,MANDI016,Mustard,302.84
2026-02-25,MANDI017,Cotton,404.33
2026-02-25,MANDI017,Mustard,132.48
2026-02-25,MANDI017,Wheat,933.6800000000001
2026-02-25,MANDI019,Maize,267.9
2026-02-25,MANDI019,Mustard,464.22
2026-02-25,MANDI019,Narma,60.47
2026-02-25,MANDI022,Narma,53.040000000000006
2026-02-25,MANDI023,Rice,210.48
2026-02-25,MANDI024,Narma,206.93
2026-02-25,MANDI024,Sugarcane,454.06
2026-02-25,MANDI025,Maize,273.74
2026-02-25,MANDI025,Wheat,431.24
2026-02-25,MANDI026,Mustard,243.44
2026-02-25,MANDI026,Wheat,153.35000000000002
2026-02-25,MANDI027,Sugarcane,386.87
2026-02-25,MANDI027,Wheat,419.21000000000004
2026-02-25,MANDI028,Cotton,292.65
2026-02-25,MANDI028,Mustard,185.45
2026-02-25,MANDI029,Maize,606.26
2026-02-25,MANDI029,Rice,368.35
2026-02-25,MANDI029,Sugarcane,164.22
2026-02-25,MANDI030,Mustard,118.84
2026-02-25,MANDI031,Sugarcane,116.29
2026-02-25,MANDI033,Rice,173.43
2026-02-25,MANDI033,Wheat,82.98
2026-02-25,MANDI034,Sugarcane,206.61
2026-02-25,MANDI036,Sugarcane,308.9
2026-02-25,MANDI037,Sugarcane,226.4
2026-02-25,MANDI038,Maize,413.59
2026-02-25,MANDI039,Sugarcane,111.18
2026-02-25,MANDI041,Sugarcane,207.99
2026-02-25,MANDI042,Wheat,555.17
2026-02-25,MANDI043,Mustard,36.58
2026-02-25,MANDI044,Mustard,426.55
2026-02-25,MANDI044,Sugarcane,432.46
2026-02-25,MANDI045,Mustard,40.37
2026-02-25,MANDI045,Wheat,411.36
2026-02-25,MANDI047,Rice,55.66
2026-02-25,MANDI049,Maize,650.96
2026-02-25,MANDI050,Mustard,194.54
2026-02-25,MANDI051,Maize,290.85
2026-02-25,MANDI051,Rice,486.57
2026-02-25,MANDI051,Wheat,217.38
2026-02-25,MANDI053,Wheat,244.34
2026-02-25,MANDI054,Maize,116.08
2026-02-25,MANDI055,Cotton,19.08
2026-02-25,MANDI055,Sugarcane,36.91
2026-02-25,MANDI057,Rice,461.41
2026-02-25,MANDI057,Sugarcane,463.66999999999996
2026-02-26,MANDI001,Maize,129.4
2026-02-26,MANDI002,Maize,224.05
2026-02-26,MANDI003,Sugarcane,189.3
2026-02-26,MANDI004,Rice,94.83
2026-02-26,MANDI005,Mustard,416.34
2026-02-26,MANDI005,Wheat,145.3
2026-02-26,MANDI006,Sugarcane,306.92
2026-02-26,MANDI007,Wheat,311.98
2026-02-26,MANDI008,Cotton,117.03
2026-02-26,MANDI008,Mustard,196.15
2026-02-26,MANDI008,Wheat,122.51
2026-02-26,MANDI010,Wheat,420.42
2026-02-26,MANDI011,Narma,470.61
2026-02-26,MANDI011,Wheat,277.29
2026-02-26,MANDI012,Cotton,408.51
2026-02-26,MANDI012,Maize,37.48
2026-02-26,MANDI013,Mustard,21.71
2026-02-26,MANDI013,Sugarcane,147.57
2026-02-26,MANDI014,Sugarcane,186.0
2026-02-26,MANDI014,Wheat,314.74
2026-02-26,MANDI015,Mustard,202.23
2026-02-26,MANDI016,Cotton,52.05
2026-02-26,MANDI016,Sugarcane,173.66
2026-02-26,MANDI017,Maize,130.15
2026-02-26,MANDI017,Sugarcane,154.71
2026-02-26,MANDI017,Wheat,34.09
2026-02-26,MANDI018,Maize,443.16
2026-02-26,MANDI019,Mustard,494.04
2026-02-26,MANDI019,Rice,405.54
2026-02-26,MANDI021,Cotton,445.92
2026-02-26,MANDI023,Mustard,431.18
2026-02-26,MANDI023,Sugarcane,428.53
2026-02-26,MANDI024,Cotton,425.05
2026-02-26,MANDI025,Rice,342.85
2026-02-26,MANDI025,Wheat,258.25
2026-02-26,MANDI027,Wheat,272.86
2026-02-26,MANDI028,Cotton,50.2
2026-02-26,MANDI029,Cotton,39.54
2026-02-26,MANDI029,Maize,55.35
2026-02-26,MANDI029,Mustard,170.93
2026-02-26,MANDI031,Mustard,46.29
2026-02-26,MANDI033,Mustard,271.31
2026-02-26,MANDI034,Basmati,413.71
2026-02-26,MANDI034,Rice,293.4
2026-02-26,MANDI036,Maize,45.33
2026-02-26,MANDI036,Wheat,283.61
2026-02-26,MANDI037,Maize,420.0
2026-02-26,MANDI037,Sugarcane,282.38
2026-02-26,MANDI038,Rice,377.53
2026-02-26,MANDI039,Cotton,450.71
2026-02-26,MANDI039,Maize,270.23
2026-02-26,MANDI039,Wheat,435.09
2026-02-26,MANDI040,Maize,302.0
2026-02-26,MANDI040,Mustard,66.41
2026-02-26,MANDI040,Narma,468.29
2026-02-26,MANDI042,Cotton,183.6
2026-02-26,MANDI042,Rice,394.86
2026-02-26,MANDI042,Sugarcane,158.15
2026-02-26,MANDI043,Cotton,75.83
2026-02-26,MANDI043,Mustard,110.93
2026-02-26,MANDI044,Rice,11.34
2026-02-26,MANDI045,Maize,81.56
2026-02-26,MANDI045,Mustard,109.73
2026-02-26,MANDI046,Rice,433.8
2026-02-26,MANDI047,Sugarcane,458.48
2026-02-26,MANDI048,Cotton,336.08
2026-02-26,MANDI048,Wheat,399.29
2026-02-26,MANDI049,Rice,310.14
2026-02-26,MANDI049,Sugarcane,16.38
2026-02-26,MANDI050,Cotton,353.13
2026-02-26,MANDI050,Wheat,420.06000000000006
2026-02-26,MANDI051,Cotton,268.21
2026-02-26,MANDI051,Maize,502.02
2026-02-26,MANDI051,Rice,168.26
2026-02-26,MANDI052,Wheat,188.89
2026-02-26,MANDI053,Sugarcane,232.95
2026-02-26,MANDI053,Wheat,362.6600000000001
2026-02-26,MANDI055,Rice,286.56
2026-02-26,MANDI055,Wheat,897.8600000000001
2026-02-27,MANDI001,Rice,227.42
2026-02-27,MANDI001,Wheat,125.16
2026-02-27,MANDI002,Cotton,334.38
2026-02-27,MANDI002,Mustard,449.84
2026-02-27,MANDI005,Rice,484.99
2026-02-27,MANDI005,Sugarcane,364.97
2026-02-27,MANDI005,Wheat,255.27
2026-02-27,MANDI006,Sugarcane,471.02
2026-02-27,MANDI007,Wheat,60.97
2026-02-27,MANDI009,Cotton,132.06
2026-02-27,MANDI009,Maize,363.07
2026-02-27,MANDI009,Narma,334.51
2026-02-27,MANDI009,Sugarcane,400.18
2026-02-27,MANDI010,Rice,186.46
2026-02-27,MANDI011,Mustard,365.68
2026-02-27,MANDI012,Mustard,433.0700000000001
2026-02-27,MANDI013,Maize,50.45
2026-02-27,MANDI013,Mustard,417.71
2026-02-27,MANDI015,Cotton,324.88
2026-02-27,MANDI015,Maize,73.58
2026-02-27,MANDI015,Sugarcane,81.95
2026-02-27,MANDI016,Cotton,522.47
2026-02-27,MANDI018,Cotton,443.12
2026-02-27,MANDI019,Wheat,181.36
2026-02-27,MANDI020,Maize,178.91
2026-02-27,MANDI020,Narma,414.82
2026-02-27,MANDI020,Sugarcane,99.89
2026-02-27,MANDI021,Maize,241.01
2026-02-27,MANDI021,Mustard,707.56
2026-02-27,MANDI021,Rice,211.29
2026-02-27,MANDI023,Rice,357.13
2026-02-27,MANDI024,Cotton,157.37
2026-02-27,MANDI024,Mustard,119.68
2026-02-27,MANDI024,Wheat,106.89
2026-02-27,MANDI025,Rice,298.17
2026-02-27,MANDI026,Maize,471.61
2026-02-27,MANDI026,Mustard,269.98
2026-02-27,MANDI026,Sugarcane,26.14
2026-02-27,MANDI027,Sugarcane,152.84
2026-02-27,MANDI027,Wheat,459.71
2026-02-27,MANDI029,Narma,204.61
2026-02-27,MANDI029,Sugarcane,414.88
2026-02-27,MANDI030,Maize,493.12
2026-02-27,MANDI030,Rice,40.58
2026-02-27,MANDI031,Sugarcane,291.85
2026-02-27,MANDI031,Wheat,474.8
2026-02-27,MANDI032,Basmati,121.26
2026-02-27,MANDI032,Rice,340.86
2026-02-27,MANDI032,Wheat,41.07
2026-02-27,MANDI035,Wheat,215.55
2026-02-27,MANDI036,Rice,226.39
2026-02-27,MANDI039,Maize,464.35
2026-02-27,MANDI039,Mustard,269.47
2026-02-27,MANDI039,Sugarcane,157.75
2026-02-27,MANDI039,Wheat,585.98
2026-02-27,MANDI040,Rice,280.81
2026-02-27,MANDI041,Basmati,243.91
2026-02-27,MANDI041,Wheat,151.42
2026-02-27,MANDI042,Cotton,13.05
2026-02-27,MANDI043,Mustard,128.68
2026-02-27,MANDI043,Sugarcane,487.94
2026-02-27,MANDI044,Cotton,335.96
2026-02-27,MANDI044,Maize,43.49
2026-02-27,MANDI045,Maize,81.47999999999999
2026-02-27,MANDI045,Sugarcane,117.58
2026-02-27,MANDI046,Basmati,224.36
2026-02-27,MANDI046,Maize,297.49
2026-02-27,MANDI046,Sugarcane,353.89
2026-02-27,MANDI048,Mustard,120.73
2026-02-27,MANDI050,Mustard,416.6
2026-02-27,MANDI052,Sugarcane,424.88
2026-02-27,MANDI053,Mustard,321.62
2026-02-27,MANDI055,Wheat,136.13
2026-02-27,MANDI056,Wheat,398.77
2026-02-27,MANDI057,Rice,48.71
2026-02-28,MANDI001,Maize,474.62
2026-02-28,MANDI002,Wheat,208.32
2026-02-28,MANDI003,Sugarcane,176.64
2026-02-28,MANDI004,Maize,250.73
2026-02-28,MANDI006,Mustard,436.32
2026-02-28,MANDI006,Wheat,440.21
2026-02-28,MANDI007,Mustard,478.02
2026-02-28,MANDI007,Wheat,427.98
2026-02-28,MANDI008,Mustard,366.5
2026-02-28,MANDI008,Narma,434.12
2026-02-28,MANDI008,Wheat,118.88
2026-02-28,MANDI009,Wheat,259.34
2026-02-28,MANDI010,Maize,285.82
2026-02-28,MANDI011,Mustard,110.26
2026-02-28,MANDI012,Sugarcane,405.22
2026-02-28,MANDI013,Mustard,361.74
2026-02-28,MANDI014,Mustard,146.12
2026-02-28,MANDI014,Rice,24.57
2026-02-28,MANDI014,Wheat,47.53
2026-02-28,MANDI016,Rice,315.98
2026-02-28,MANDI018,Rice,292.41
2026-02-28,MANDI018,Wheat,449.19
2026-02-28,MANDI020,Cotton,528.13
2026-02-28,MANDI020,Mustard,253.39
2026-02-28,MANDI020,Sugarcane,351.91
2026-02-28,MANDI023,Rice,707.09
2026-02-28,MANDI025,Wheat,118.61
2026-02-28,MANDI026,Sugarcane,70.15
2026-02-28,MANDI026,Wheat,246.56
2026-02-28,MANDI027,Rice,319.72
2026-02-28,MANDI028,Wheat,411.37
2026-02-28,MANDI029,Maize,107.63
2026-02-28,MANDI029,Mustard,438.11
2026-02-28,MANDI029,Rice,169.47
2026-02-28,MANDI029,Sugarcane,467.06
2026-02-28,MANDI030,Maize,291.3
2026-02-28,MANDI030,Mustard,455.25
2026-02-28,MANDI030,Sugarcane,449.92
2026-02-28,MANDI030,Wheat,282.39
2026-02-28,MANDI032,Maize,179.9
2026-02-28,MANDI032,Wheat,216.06
2026-02-28,MANDI033,Rice,304.31
2026-02-28,MANDI034,Maize,24.92
2026-02-28,MANDI034,Mustard,530.26
2026-02-28,MANDI035,Rice,409.01
2026-02-28,MANDI036,Basmati,400.82
2026-02-28,MANDI036,Maize,453.26
2026-02-28,MANDI038,Rice,437.35
2026-02-28,MANDI039,Maize,391.75
2026-02-28,MANDI039,Mustard,125.65
2026-02-28,MANDI041,Wheat,429.76
2026-02-28,MANDI042,Cotton,16.42
2026-02-28,MANDI042,Wheat,130.19
2026-02-28,MANDI043,Cotton,343.74
2026-02-28,MANDI043,Maize,360.35
2026-02-28,MANDI044,Cotton,384.79
2026-02-28,MANDI045,Sugarcane,213.99
2026-02-28,MANDI046,Mustard,122.44
2026-02-28,MANDI046,Sugarcane,150.32
2026-02-28,MANDI046,Wheat,243.19
2026-02-28,MANDI047,Mustard,410.73
2026-02-28,MANDI047,Sugarcane,263.9
2026-02-28,MANDI047,Wheat,158.14
2026-02-28,MANDI049,Mustard,106.59
2026-02-28,MANDI049,Rice,102.06
2026-02-28,MANDI049,Sugarcane,398.1
2026-02-28,MANDI050,Mustard,327.47
2026-02-28,MANDI052,Maize,19.2
2026-02-28,MANDI052,Rice,237.23
2026-02-28,MANDI052,Wheat,498.18
2026-02-28,MANDI053,Cotton,358.29
2026-02-28,MANDI054,Mustard,126.06
2026-02-28,MANDI054,Rice,343.72
2026-02-28,MANDI055,Maize,225.72
2026-03-01,MANDI001,Sugarcane,113.12
2026-03-01,MANDI001,Wheat,126.31
2026-03-01,MANDI002,Maize,168.07
2026-03-01,MANDI002,Mustard,431.76
2026-03-01,MANDI002,Rice,14.57
2026-03-01,MANDI002,Wheat,626.3399999999999
2026-03-01,MANDI003,Cotton,385.28
2026-03-01,MANDI003,Sugarcane,93.08
2026-03-01,MANDI004,Maize,488.75
2026-03-01,MANDI004,Narma,403.95
2026-03-01,MANDI007,Maize,117.26
2026-03-01,MANDI007,Mustard,32.480000000000004
2026-03-01,MANDI007,Sugarcane,649.01
2026-03-01,MANDI008,Cotton,381.02
2026-03-01,MANDI009,Mustard,121.68
2026-03-01,MANDI009,Narma,343.22
2026-03-01,MANDI009,Wheat,279.61
2026-03-01,MANDI010,Mustard,494.14
2026-03-01,MANDI010,Rice,337.26
2026-03-01,MANDI011,Cotton,283.8
2026-03-01,MANDI012,Narma,229.93
2026-03-01,MANDI013,Wheat,150.18
2026-03-01,MANDI014,Wheat,487.51
2026-03-01,MANDI015,Maize,212.4
2026-03-01,MANDI016,Maize,163.39
2026-03-01,MANDI016,Wheat,326.92
2026-03-01,MANDI017,Cotton,145.14
2026-03-01,MANDI018,Maize,148.86
2026-03-01,MANDI019,Rice,62.32
2026-03-01,MANDI020,Sugarcane,354.17
2026-03-01,MANDI022,Cotton,387.89
2026-03-01,MANDI022,Maize,474.35
2026-03-01,MANDI022,Sugarcane,360.0
2026-03-01,MANDI023,Cotton,242.02
2026-03-01,MANDI024,Mustard,388.29
2026-03-01,MANDI025,Cotton,476.47
2026-03-01,MANDI025,Maize,499.6
2026-03-01,MANDI025,Mustard,189.98
2026-03-01,MANDI025,Rice,142.01
2026-03-01,MANDI025,Sugarcane,467.76
2026-03-01,MANDI026,Mustard,107.25
2026-03-01,MANDI027,Cotton,390.22
2026-03-01,MANDI029,Rice,346.36
2026-03-01,MANDI030,Sugarcane,398.47
2026-03-01,MANDI031,Cotton,188.73
2026-03-01,MANDI031,Sugarcane,132.32
2026-03-01,MANDI032,Maize,78.1
2026-03-01,MANDI032,Rice,468.0700000000001
2026-03-01,MANDI033,Wheat,443.26
2026-03-01,MANDI034,Maize,448.54
2026-03-01,MANDI034,Mustard,138.44
2026-03-01,MANDI034,Sugarcane,165.95
2026-03-01,MANDI036,Mustard,331.92
2026-03-01,MANDI038,Rice,78.19
2026-03-01,MANDI039,Maize,293.25
2026-03-01,MANDI039,Mustard,70.78
2026-03-01,MANDI041,Cotton,153.53
2026-03-01,MANDI042,Rice,379.43
2026-03-01,MANDI045,Maize,104.36
2026-03-01,MANDI046,Sugarcane,376.62
2026-03-01,MANDI047,Mustard,313.16
2026-03-01,MANDI048,Maize,537.4300000000001
2026-03-01,MANDI048,Rice,282.01
2026-03-01,MANDI048,Sugarcane,222.78
2026-03-01,MANDI049,Mustard,315.44
2026-03-01,MANDI049,Wheat,134.43
2026-03-01,MANDI053,Cotton,203.11
2026-03-01,MANDI053,Mustard,294.84
2026-03-01,MANDI054,Cotton,247.88
2026-03-01,MANDI054,Maize,183.92
2026-03-01,MANDI055,Sugarcane,219.77
2026-03-01,MANDI056,Maize,257.35
2026-03-01,MANDI057,Mustard,101.16
2026-03-01,MANDI057,Rice,270.73
2026-03-02,MANDI001,Cotton,75.27
2026-03-02,MANDI002,Cotton,293.8
2026-03-02,MANDI002,Sugarcane,450.23
2026-03-02,MANDI003,Maize,488.44
2026-03-02,MANDI004,Mustard,31.45
2026-03-02,MANDI005,Cotton,448.56
2026-03-02,MANDI005,Maize,55.57
2026-03-02,MANDI005,Rice,354.38
2026-03-02,MANDI007,Maize,491.27
2026-03-02,MANDI008,Wheat,891.3299999999999
2026-03-02,MANDI009,Rice,280.48
2026-03-02,MANDI010,Rice,121.68
2026-03-02,MANDI011,Maize,441.3
2026-03-02,MANDI012,Rice,27.97
2026-03-02,MANDI013,Sugarcane,195.89
2026-03-02,MANDI013,Wheat,108.33
2026-03-02,MANDI014,Maize,532.1899999999999
2026-03-02,MANDI014,Mustard,249.51
2026-03-02,MANDI014,Rice,470.18
2026-03-02,MANDI016,Wheat,78.83
2026-03-02,MANDI017,Sugarcane,250.43
2026-03-02,MANDI018,Sugarcane,148.2
2026-03-02,MANDI019,Rice,442.06000000000006
2026-03-02,MANDI019,Wheat,351.95
2026-03-02,MANDI020,Sugarcane,11.69
2026-03-02,MANDI022,Mustard,414.51
2026-03-02,MANDI022,Sugarcane,439.79
2026-03-02,MANDI023,Mustard,412.4
2026-03-02,MANDI023,Sugarcane,346.18
2026-03-02,MANDI026,Mustard,41.54
2026-03-02,MANDI026,Wheat,363.64
2026-03-02,MANDI028,Cotton,61.16
2026-03-02,MANDI028,Mustard,437.99
2026-03-02,MANDI029,Wheat,152.42
2026-03-02,MANDI030,Wheat,602.4100000000001
2026-03-02,MANDI031,Maize,272.68
2026-03-02,MANDI032,Maize,14.51
2026-03-02,MANDI032,Mustard,42.65
2026-03-02,MANDI032,Wheat,18.09
2026-03-02,MANDI033,Rice,45.93
2026-03-02,MANDI034,Sugarcane,481.7000000000001
2026-03-02,MANDI035,Mustard,125.25
2026-03-02,MANDI035,Narma,401.89
2026-03-02,MANDI039,Cotton,511.25
2026-03-02,MANDI040,Cotton,459.4
2026-03-02,MANDI040,Mustard,456.26
2026-03-02,MANDI041,Basmati,394.17
2026-03-02,MANDI041,Maize,365.02
2026-03-02,MANDI041,Sugarcane,290.63
2026-03-02,MANDI042,Mustard,185.09
2026-03-02,MANDI042,Rice,624.59
2026-03-02,MANDI043,Wheat,355.95
2026-03-02,MANDI048,Rice,78.62
2026-03-02,MANDI048,Wheat,220.36
2026-03-02,MANDI050,Wheat,413.94
2026-03-02,MANDI051,Cotton,121.85
2026-03-02,MANDI051,Sugarcane,173.85
2026-03-02,MANDI052,Basmati,302.59000000000003
2026-03-02,MANDI052,Mustard,272.39
2026-03-02,MANDI052,Narma,76.63
2026-03-02,MANDI052,Rice,252.07
2026-03-02,MANDI054,Sugarcane,445.62
2026-03-02,MANDI056,Rice,27.38
2026-03-02,MANDI056,Wheat,14.32
2026-03-02,MANDI057,Sugarcane,348.01
2026-03-03,MANDI001,Wheat,490.08
2026-03-03,MANDI002,Mustard,140.04
2026-03-03,MANDI002,Rice,404.51
2026-03-03,MANDI002,Sugarcane,113.58
2026-03-03,MANDI002,Wheat,66.65
2026-03-03,MANDI003,Sugarcane,381.09
2026-03-03,MANDI004,Sugarcane,399.35
2026-03-03,MANDI004,Wheat,60.64
2026-03-03,MANDI005,Rice,418.19
2026-03-03,MANDI006,Cotton,382.86
2026-03-03,MANDI006,Maize,361.31
2026-03-03,MANDI006,Narma,153.25
2026-03-03,MANDI007,Basmati,95.72
2026-03-03,MANDI008,Mustard,87.33
2026-03-03,MANDI008,Rice,55.1
2026-03-03,MANDI009,Mustard,426.33
2026-03-03,MANDI009,Wheat,284.57
2026-03-03,MANDI010,Cotton,258.27000000000004
2026-03-03,MANDI012,Mustard,327.4200000000001
2026-03-03,MANDI014,Maize,97.47
2026-03-03,MANDI014,Rice,135.25
2026-03-03,MANDI014,Sugarcane,548.96
2026-03-03,MANDI015,Cotton,140.36
2026-03-03,MANDI016,Mustard,397.94
2026-03-03,MANDI017,Mustard,320.40999999999997
2026-03-03,MANDI017,Rice,163.65000000000003
2026-03-03,MANDI017,Sugarcane,807.5899999999999
2026-03-03,MANDI019,Maize,53.47
2026-03-03,MANDI019,Mustard,313.28
2026-03-03,MANDI023,Wheat,21.37
2026-03-03,MANDI024,Maize,34.2
2026-03-03,MANDI026,Wheat,238.81
2026-03-03,MANDI027,Basmati,277.18
2026-03-03,MANDI027,Cotton,415.18
2026-03-03,MANDI027,Mustard,337.28
2026-03-03,MANDI028,Basmati,114.39
2026-03-03,MANDI028,Rice,340.61
2026-03-03,MANDI028,Sugarcane,34.52
2026-03-03,MANDI030,Basmati,342.64
2026-03-03,MANDI030,Cotton,266.79
2026-03-03,MANDI030,Mustard,478.34
2026-03-03,MANDI031,Mustard,448.37
2026-03-03,MANDI031,Sugarcane,226.51999999999998
2026-03-03,MANDI032,Maize,652.5
2026-03-03,MANDI032,Rice,467.5
2026-03-03,MANDI032,Wheat,362.37
2026-03-03,MANDI034,Maize,229.14
2026-03-03,MANDI036,Wheat,407.6
2026-03-03,MANDI037,Sugarcane,108.76
2026-03-03,MANDI038,Cotton,237.85
2026-03-03,MANDI038,Mustard,270.95
2026-03-03,MANDI039,Wheat,90.15
2026-03-03,MANDI040,Mustard,315.22
2026-03-03,MANDI041,Wheat,439.85
2026-03-03,MANDI042,Sugarcane,318.05
2026-03-03,MANDI043,Basmati,155.96
2026-03-03,MANDI043,Rice,344.81
2026-03-03,MANDI046,Cotton,371.33
2026-03-03,MANDI046,Maize,446.33
2026-03-03,MANDI047,Maize,69.24
2026-03-03,MANDI047,Mustard,323.15
2026-03-03,MANDI047,Sugarcane,34.06
2026-03-03,MANDI048,Maize,478.44
2026-03-03,MANDI049,Maize,285.96
2026-03-03,MANDI049,Sugarcane,411.06
2026-03-03,MANDI050,Rice,371.75
2026-03-03,MANDI051,Maize,17.8
2026-03-03,MANDI051,Rice,170.38
2026-03-03,MANDI052,Basmati,43.45
2026-03-03,MANDI052,Cotton,424.08
2026-03-03,MANDI054,Sugarcane,234.01
2026-03-03,MANDI056,Sugarcane,247.9
2026-03-03,MANDI056,Wheat,962.1500000000001
2026-03-03,MANDI057,Sugarcane,157.52
2026-03-04,MANDI001,Sugarcane,275.91
2026-03-04,MANDI001,Wheat,494.35
2026-03-04,MANDI002,Mustard,641.78
2026-03-04,MANDI002,Rice,68.24
2026-03-04,MANDI004,Sugarcane,47.8
2026-03-04,MANDI007,Maize,398.08
2026-03-04,MANDI008,Maize,345.51
2026-03-04,MANDI008,Mustard,170.76
2026-03-04,MANDI009,Wheat,475.87
2026-03-04,MANDI010,Maize,25.57
2026-03-04,MANDI011,Rice,373.35
2026-03-04,MANDI012,Mustard,438.85
2026-03-04,MANDI013,Maize,308.35
2026-03-04,MANDI013,Rice,654.3
2026-03-04,MANDI013,Wheat,491.76
2026-03-04,MANDI014,Cotton,468.02
2026-03-04,MANDI014,Maize,95.83
2026-03-04,MANDI014,Wheat,473.97
2026-03-04,MANDI015,Maize,236.55
2026-03-04,MANDI016,Mustard,334.56
2026-03-04,MANDI018,Mustard,396.16
2026-03-04,MANDI018,Rice,37.13000000000001
2026-03-04,MANDI018,Wheat,425.65
2026-03-04,MANDI021,Mustard,872.19
2026-03-04,MANDI021,Rice,448.07
2026-03-04,MANDI022,Rice,478.43000000000006
2026-03-04,MANDI024,Maize,17.81
2026-03-04,MANDI024,Mustard,242.46
2026-03-04,MANDI025,Maize,463.47
2026-03-04,MANDI025,Wheat,159.65
2026-03-04,MANDI026,Mustard,296.91
2026-03-04,MANDI027,Sugarcane,92.49
2026-03-04,MANDI028,Sugarcane,242.93
2026-03-04,MANDI029,Basmati,262.26
2026-03-04,MANDI030,Cotton,346.15
2026-03-04,MANDI030,Wheat,266.3
2026-03-04,MANDI031,Maize,432.24
2026-03-04,MANDI031,Narma,116.86
2026-03-04,MANDI033,Mustard,272.06
2026-03-04,MANDI034,Rice,50.54
2026-03-04,MANDI035,Narma,133.94
2026-03-04,MANDI036,Cotton,183.8
2026-03-04,MANDI037,Sugarcane,309.69
2026-03-04,MANDI038,Mustard,326.74
2026-03-04,MANDI039,Sugarcane,240.83
2026-03-04,MANDI042,Mustard,490.92
2026-03-04,MANDI042,Wheat,65.45
2026-03-04,MANDI043,Mustard,481.76
2026-03-04,MANDI044,Maize,878.25
2026-03-04,MANDI045,Basmati,79.5
2026-03-04,MANDI046,Cotton,305.92
2026-03-04,MANDI046,Rice,410.98
2026-03-04,MANDI048,Maize,207.59
2026-03-04,MANDI051,Mustard,380.55
2026-03-04,MANDI052,Mustard,449.07
2026-03-04,MANDI053,Cotton,188.99
2026-03-04,MANDI054,Sugarcane,496.3
2026-03-04,MANDI054,Wheat,173.75
2026-03-04,MANDI055,Maize,431.52
2026-03-04,MANDI055,Wheat,157.69
2026-03-04,MANDI056,Cotton,92.59
2026-03-04,MANDI057,Maize,482.07
2026-03-04,MANDI057,Mustard,345.98
2026-03-05,MANDI001,Maize,455.93000000000006
2026-03-05,MANDI003,Wheat,269.44
2026-03-05,MANDI004,Maize,471.53
2026-03-05,MANDI004,Mustard,104.07
2026-03-05,MANDI006,Cotton,110.0
2026-03-05,MANDI009,Cotton,388.74
2026-03-05,MANDI009,Maize,194.8
2026-03-05,MANDI009,Wheat,373.81
2026-03-05,MANDI010,Maize,428.99
2026-03-05,MANDI010,Rice,280.09000000000003
2026-03-05,MANDI011,Basmati,262.84
2026-03-05,MANDI011,Sugarcane,296.36
2026-03-05,MANDI012,Rice,341.74
2026-03-05,MANDI013,Rice,343.01
2026-03-05,MANDI013,Sugarcane,267.86
2026-03-05,MANDI015,Sugarcane,143.53
2026-03-05,MANDI017,Cotton,408.74
2026-03-05,MANDI018,Rice,165.61
2026-03-05,MANDI019,Maize,393.09
2026-03-05,MANDI020,Wheat,486.31
2026-03-05,MANDI021,Maize,366.25
2026-03-05,MANDI021,Mustard,77.78999999999999
2026-03-05,MANDI023,Mustard,314.29
2026-03-05,MANDI024,Sugarcane,231.74
2026-03-05,MANDI024,Wheat,141.1
2026-03-05,MANDI025,Wheat,557.97
2026-03-05,MANDI026,Rice,426.27
2026-03-05,MANDI026,Wheat,305.56
2026-03-05,MANDI027,Cotton,388.26000000000005
2026-03-05,MANDI028,Maize,191.45
2026-03-05,MANDI029,Maize,133.22
2026-03-05,MANDI033,Sugarcane,291.21
2026-03-05,MANDI035,Maize,315.68
2026-03-05,MANDI038,Cotton,56.86
2026-03-05,MANDI038,Maize,58.66
2026-03-05,MANDI038,Rice,226.04
2026-03-05,MANDI038,Sugarcane,431.78
2026-03-05,MANDI039,Narma,302.47
2026-03-05,MANDI040,Cotton,155.6
2026-03-05,MANDI040,Wheat,313.83
2026-03-05,MANDI041,Sugarcane,444.41
2026-03-05,MANDI041,Wheat,153.85
2026-03-05,MANDI042,Cotton,145.86
2026-03-05,MANDI044,Cotton,434.51
2026-03-05,MANDI044,Maize,376.45
2026-03-05,MANDI046,Maize,85.22
2026-03-05,MANDI046,Rice,127.27
2026-03-05,MANDI047,Wheat,467.93
2026-03-05,MANDI048,Sugarcane,355.22
2026-03-05,MANDI049,Rice,244.39
2026-03-05,MANDI049,Sugarcane,223.94
2026-03-05,MANDI049,Wheat,258.96
2026-03-05,MANDI051,Basmati,62.16
2026-03-05,MANDI052,Mustard,305.99
2026-03-05,MANDI054,Maize,69.53
2026-03-05,MANDI054,Mustard,400.24
2026-03-05,MANDI054,Sugarcane,461.04
2026-03-05,MANDI055,Maize,330.82
2026-03-05,MANDI057,Maize,373.54
2026-03-05,MANDI057,Mustard,477.5
2026-03-05,MANDI057,Rice,352.91
2026-03-06,MANDI001,Mustard,364.42
2026-03-06,MANDI001,Sugarcane,244.45
2026-03-06,MANDI002,Maize,193.94
2026-03-06,MANDI002,Mustard,290.25
2026-03-06,MANDI002,Rice,841.53
2026-03-06,MANDI002,Sugarcane,55.07
2026-03-06,MANDI002,Wheat,266.59
2026-03-06,MANDI003,Cotton,465.6
2026-03-06,MANDI003,Rice,444.18
2026-03-06,MANDI004,Mustard,635.8
2026-03-06,MANDI004,Sugarcane,224.07
2026-03-06,MANDI006,Mustard,310.91
2026-03-06,MANDI006,Sugarcane,627.79
2026-03-06,MANDI007,Sugarcane,17.06
2026-03-06,MANDI009,Mustard,447.49
2026-03-06,MANDI009,Rice,51.18
2026-03-06,MANDI010,Rice,338.35
2026-03-06,MANDI010,Sugarcane,31.24
2026-03-06,MANDI012,Cotton,71.86
2026-03-06,MANDI012,Sugarcane,251.81
2026-03-06,MANDI013,Rice,145.51
2026-03-06,MANDI013,Wheat,11.56
2026-03-06,MANDI016,Sugarcane,20.39
2026-03-06,MANDI017,Maize,237.56
2026-03-06,MANDI018,Maize,305.3
2026-03-06,MANDI019,Cotton,420.54
2026-03-06,MANDI020,Wheat,378.52
2026-03-06,MANDI021,Maize,171.15
2026-03-06,MANDI021,Sugarcane,269.3
2026-03-06,MANDI022,Maize,182.04
2026-03-06,MANDI022,Mustard,430.88
2026-03-06,MANDI022,Sugarcane,13.59
2026-03-06,MANDI023,Mustard,195.29
2026-03-06,MANDI023,Narma,136.09
2026-03-06,MANDI023,Sugarcane,450.57
2026-03-06,MANDI024,Rice,74.36
2026-03-06,MANDI025,Maize,467.89
2026-03-06,MANDI025,Mustard,301.54
2026-03-06,MANDI025,Rice,426.6
2026-03-06,MANDI026,Cotton,458.94
2026-03-06,MANDI027,Rice,340.08
2026-03-06,MANDI027,Sugarcane,430.93
2026-03-06,MANDI028,Mustard,99.87
2026-03-06,MANDI029,Sugarcane,44.91
2026-03-06,MANDI031,Maize,341.15
2026-03-06,MANDI032,Mustard,178.19
2026-03-06,MANDI033,Mustard,119.99
2026-03-06,MANDI034,Wheat,171.0
2026-03-06,MANDI035,Mustard,418.44
2026-03-06,MANDI038,Basmati,384.72
2026-03-06,MANDI038,Mustard,190.88
2026-03-06,MANDI038,Wheat,82.05
2026-03-06,MANDI039,Sugarcane,422.18
2026-03-06,MANDI040,Mustard,68.7
2026-03-06,MANDI042,Maize,413.85
2026-03-06,MANDI042,Mustard,161.44
2026-03-06,MANDI043,Maize,413.04
2026-03-06,MANDI046,Sugarcane,291.51
2026-03-06,MANDI048,Maize,471.48
2026-03-06,MANDI048,Wheat,118.51
2026-03-06,MANDI049,Sugarcane,260.32
2026-03-06,MANDI050,Sugarcane,311.84
2026-03-06,MANDI052,Mustard,265.88
2026-03-06,MANDI053,Cotton,447.67
2026-03-06,MANDI054,Mustard,76.8
2026-03-06,MANDI055,Basmati,269.12
2026-03-06,MANDI055,Sugarcane,166.87
2026-03-06,MANDI056,Narma,49.37
2026-03-06,MANDI056,Wheat,209.29
2026-03-06,MANDI057,Cotton,313.52
2026-03-06,MANDI057,Sugarcane,465.28
2026-03-07,MANDI003,Mustard,418.79999999999995
2026-03-07,MANDI003,Wheat,284.20000000000005
2026-03-07,MANDI004,Rice,314.22
2026-03-07,MANDI005,Sugarcane,85.01
2026-03-07,MANDI006,Cotton,260.13
2026-03-07,MANDI006,Mustard,98.29
2026-03-07,MANDI006,Rice,232.0
2026-03-07,MANDI007,Wheat,336.74
2026-03-07,MANDI008,Mustard,155.34
2026-03-07,MANDI008,Rice,196.95
2026-03-07,MANDI008,Sugarcane,452.08
2026-03-07,MANDI009,Mustard,38.25
2026-03-07,MANDI009,Sugarcane,243.11
2026-03-07,MANDI011,Maize,126.13
2026-03-07,MANDI012,Sugarcane,126.93
2026-03-07,MANDI013,Maize,157.55
2026-03-07,MANDI014,Mustard,19.76
2026-03-07,MANDI014,Wheat,136.35
2026-03-07,MANDI017,Wheat,334.57
2026-03-07,MANDI019,Cotton,190.19
2026-03-07,MANDI019,Maize,238.4
2026-03-07,MANDI019,Mustard,417.55
2026-03-07,MANDI020,Mustard,12.07
2026-03-07,MANDI021,Maize,417.69
2026-03-07,MANDI021,Sugarcane,41.99
2026-03-07,MANDI023,Cotton,52.43
2026-03-07,MANDI023,Maize,1035.72
2026-03-07,MANDI024,Maize,431.13
2026-03-07,MANDI024,Rice,452.9
2026-03-07,MANDI024,Sugarcane,197.43
2026-03-07,MANDI026,Mustard,75.0
2026-03-07,MANDI026,Sugarcane,23.49
2026-03-07,MANDI027,Cotton,177.68
2026-03-07,MANDI027,Rice,420.69000000000005
2026-03-07,MANDI028,Mustard,499.21000000000004
2026-03-07,MANDI029,Basmati,71.73
2026-03-07,MANDI029,Narma,308.65
2026-03-07,MANDI031,Cotton,15.8
2026-03-07,MANDI031,Rice,441.28
2026-03-07,MANDI031,Wheat,371.05
2026-03-07,MANDI032,Rice,436.76
2026-03-07,MANDI032,Wheat,390.53
2026-03-07,MANDI035,Cotton,107.6
2026-03-07,MANDI035,Mustard,428.9
2026-03-07,MANDI035,Wheat,234.69
2026-03-07,MANDI036,Wheat,246.87
2026-03-07,MANDI038,Wheat,263.48
2026-03-07,MANDI040,Mustard,17.79
2026-03-07,MANDI041,Cotton,80.47
2026-03-07,MANDI041,Mustard,464.88
2026-03-07,MANDI042,Mustard,167.96
2026-03-07,MANDI042,Wheat,65.6
2026-03-07,MANDI043,Rice,421.58
2026-03-07,MANDI044,Sugarcane,348.81
2026-03-07,MANDI046,Rice,223.33
2026-03-07,MANDI046,Sugarcane,170.41
2026-03-07,MANDI047,Maize,175.28
2026-03-07,MANDI047,Wheat,31.94
2026-03-07,MANDI049,Maize,182.46
2026-03-07,MANDI049,Rice,428.27
2026-03-07,MANDI050,Sugarcane,382.24
2026-03-07,MANDI051,Mustard,221.47
2026-03-07,MANDI051,Sugarcane,167.28
2026-03-07,MANDI053,Mustard,59.56
2026-03-07,MANDI054,Maize,346.84
2026-03-08,MANDI001,Maize,246.62
2026-03-08,MANDI002,Wheat,200.49
2026-03-08,MANDI003,Cotton,244.91
2026-03-08,MANDI004,Mustard,469.62
2026-03-08,MANDI007,Maize,168.78999999999996
2026-03-08,MANDI007,Rice,540.52
2026-03-08,MANDI008,Mustard,362.05
2026-03-08,MANDI009,Rice,241.52
2026-03-08,MANDI009,Wheat,303.27000000000004
2026-03-08,MANDI010,Maize,443.4
2026-03-08,MANDI010,Mustard,292.24
2026-03-08,MANDI010,Rice,210.94
2026-03-08,MANDI011,Rice,389.89
2026-03-08,MANDI011,Sugarcane,71.78
2026-03-08,MANDI011,Wheat,184.67
2026-03-08,MANDI014,Rice,400.25
2026-03-08,MANDI015,Mustard,450.41
2026-03-08,MANDI015,Rice,521.4
2026-03-08,MANDI016,Maize,371.86
2026-03-08,MANDI018,Sugarcane,240.8
2026-03-08,MANDI019,Rice,102.49
2026-03-08,MANDI020,Narma,227.69
2026-03-08,MANDI021,Rice,249.33
2026-03-08,MANDI022,Rice,444.07
2026-03-08,MANDI024,Mustard,127.9
2026-03-08,MANDI024,Wheat,32.26
2026-03-08,MANDI026,Cotton,629.47
2026-03-08,MANDI028,Cotton,371.63
2026-03-08,MANDI028,Sugarcane,305.42
2026-03-08,MANDI031,Wheat,429.63
2026-03-08,MANDI033,Maize,246.89
2026-03-08,MANDI033,Wheat,227.04
2026-03-08,MANDI035,Wheat,432.48
2026-03-08,MANDI036,Wheat,394.96000000000004
2026-03-08,MANDI037,Mustard,362.47
2026-03-08,MANDI037,Sugarcane,366.84
2026-03-08,MANDI037,Wheat,181.35
2026-03-08,MANDI038,Sugarcane,137.98
2026-03-08,MANDI039,Maize,282.5
2026-03-08,MANDI040,Wheat,387.0
2026-03-08,MANDI041,Mustard,168.74
2026-03-08,MANDI043,Maize,494.36
2026-03-08,MANDI043,Rice,148.48
2026-03-08,MANDI043,Sugarcane,364.13
2026-03-08,MANDI045,Rice,194.44
2026-03-08,MANDI046,Maize,108.34
2026-03-08,MANDI046,Mustard,21.29
2026-03-08,MANDI049,Cotton,326.93
2026-03-08,MANDI049,Maize,495.67
2026-03-08,MANDI049,Wheat,357.28999999999996
2026-03-08,MANDI052,Cotton,292.3
2026-03-08,MANDI052,Maize,344.77
2026-03-08,MANDI052,Sugarcane,101.62
2026-03-08,MANDI053,Mustard,436.83
2026-03-08,MANDI053,Narma,79.21
2026-03-08,MANDI053,Wheat,315.59
2026-03-08,MANDI054,Rice,321.24
2026-03-08,MANDI055,Maize,485.23
2026-03-08,MANDI056,Rice,458.93000000000006
2026-03-08,MANDI057,Mustard,112.77
2026-03-08,MANDI057,Sugarcane,128.18
2026-03-09,MANDI001,Maize,346.16
2026-03-09,MANDI001,Sugarcane,426.28
2026-03-09,MANDI002,Basmati,23.04
2026-03-09,MANDI002,Mustard,184.03
2026-03-09,MANDI002,Rice,290.55
2026-03-09,MANDI002,Sugarcane,405.46
2026-03-09,MANDI003,Cotton,293.71
2026-03-09,MANDI003,Mustard,307.48
2026-03-09,MANDI004,Maize,50.18
2026-03-09,MANDI004,Wheat,120.46
2026-03-09,MANDI005,Mustard,196.02
2026-03-09,MANDI006,Maize,435.65
2026-03-09,MANDI007,Cotton,421.3
2026-03-09,MANDI007,Maize,352.79
2026-03-09,MANDI007,Wheat,455.38
2026-03-09,MANDI008,Wheat,119.74
2026-03-09,MANDI011,Basmati,79.01
2026-03-09,MANDI011,Rice,254.91
2026-03-09,MANDI012,Rice,52.01
2026-03-09,MANDI014,Maize,387.57
2026-03-09,MANDI014,Rice,55.56
2026-03-09,MANDI015,Mustard,53.05
2026-03-09,MANDI015,Rice,252.56
2026-03-09,MANDI016,Cotton,320.86
2026-03-09,MANDI016,Wheat,25.75
2026-03-09,MANDI017,Maize,181.36
2026-03-09,MANDI017,Rice,358.06
2026-03-09,MANDI017,Wheat,196.74
2026-03-09,MANDI018,Rice,174.73
2026-03-09,MANDI018,Sugarcane,47.25
2026-03-09,MANDI019,Maize,279.95
2026-03-09,MANDI019,Sugarcane,316.05
2026-03-09,MANDI021,Cotton,44.39
2026-03-09,MANDI022,Maize,465.82
2026-03-09,MANDI023,Maize,224.08
2026-03-09,MANDI026,Basmati,275.22
2026-03-09,MANDI026,Maize,239.47
2026-03-09,MANDI028,Sugarcane,433.63
2026-03-09,MANDI029,Cotton,808.01
2026-03-09,MANDI029,Maize,276.99
2026-03-09,MANDI029,Mustard,417.34
2026-03-09,MANDI030,Cotton,417.91
2026-03-09,MANDI030,Mustard,326.53
2026-03-09,MANDI031,Cotton,237.76
2026-03-09,MANDI033,Mustard,414.27
2026-03-09,MANDI034,Sugarcane,284.01
2026-03-09,MANDI035,Sugarcane,96.21
2026-03-09,MANDI036,Wheat,148.83
2026-03-09,MANDI037,Cotton,354.45
2026-03-09,MANDI037,Maize,406.71
2026-03-09,MANDI037,Wheat,465.99
2026-03-09,MANDI038,Cotton,446.66
2026-03-09,MANDI038,Wheat,728.06
2026-03-09,MANDI039,Cotton,403.95
2026-03-09,MANDI040,Maize,578.96
2026-03-09,MANDI040,Rice,251.36
2026-03-09,MANDI041,Maize,157.3
2026-03-09,MANDI045,Mustard,325.05
2026-03-09,MANDI045,Rice,272.51
2026-03-09,MANDI045,Sugarcane,472.15
2026-03-09,MANDI046,Maize,198.27
2026-03-09,MANDI046,Wheat,171.33
2026-03-09,MANDI047,Mustard,312.3
2026-03-09,MANDI047,Sugarcane,439.93
2026-03-09,MANDI050,Rice,501.65999999999997
2026-03-09,MANDI050,Sugarcane,376.39
2026-03-09,MANDI051,Maize,179.43
2026-03-09,MANDI051,Wheat,464.31
2026-03-09,MANDI053,Mustard,75.49
2026-03-09,MANDI053,Wheat,333.85
2026-03-09,MANDI056,Maize,291.57
2026-03-09,MANDI056,Wheat,236.55
2026-03-09,MANDI057,Basmati,65.86
2026-03-10,MANDI002,Maize,35.69
2026-03-10,MANDI002,Sugarcane,390.56
2026-03-10,MANDI003,Wheat,162.87
2026-03-10,MANDI006,Rice,126.3
2026-03-10,MANDI006,Wheat,489.57
2026-03-10,MANDI008,Sugarcane,102.94
2026-03-10,MANDI009,Cotton,441.01
2026-03-10,MANDI010,Mustard,339.65
2026-03-10,MANDI014,Maize,270.72
2026-03-10,MANDI017,Cotton,187.52
2026-03-10,MANDI018,Mustard,483.47
2026-03-10,MANDI019,Sugarcane,318.52
2026-03-10,MANDI020,Cotton,177.48
2026-03-10,MANDI020,Sugarcane,363.82
2026-03-10,MANDI026,Cotton,108.32
2026-03-10,MANDI026,Mustard,420.88
2026-03-10,MANDI027,Wheat,205.76
2026-03-10,MANDI029,Sugarcane,442.3
2026-03-10,MANDI029,Wheat,32.92
2026-03-10,MANDI030,Sugarcane,233.71
2026-03-10,MANDI032,Sugarcane,239.86
2026-03-10,MANDI033,Maize,371.35
2026-03-10,MANDI033,Sugarcane,303.61
2026-03-10,MANDI034,Sugarcane,333.40000000000003
2026-03-10,MANDI035,Wheat,60.69
2026-03-10,MANDI037,Mustard,305.65
2026-03-10,MANDI037,Wheat,458.96
2026-03-10,MANDI039,Maize,315.23
2026-03-10,MANDI039,Wheat,209.81
2026-03-10,MANDI040,Basmati,93.96
2026-03-10,MANDI040,Mustard,192.7
2026-03-10,MANDI040,Sugarcane,133.58
2026-03-10,MANDI041,Mustard,216.77
2026-03-10,MANDI043,Mustard,309.15
2026-03-10,MANDI044,Maize,128.85
2026-03-10,MANDI045,Maize,311.7
2026-03-10,MANDI045,Narma,444.01
2026-03-10,MANDI052,Mustard,366.04
2026-03-10,MANDI053,Mustard,88.29
2026-03-10,MANDI056,Cotton,236.0
2026-03-10,MANDI057,Sugarcane,490.64
2026-03-11,MANDI008,Maize,220.4
2026-03-11,MANDI008,Narma,424.61
2026-03-11,MANDI010,Cotton,257.82
2026-03-11,MANDI010,Narma,156.61
2026-03-11,MANDI011,Cotton,121.02
2026-03-11,MANDI015,Basmati,117.6
2026-03-11,MANDI015,Rice,92.19
2026-03-11,MANDI018,Rice,212.33
2026-03-11,MANDI022,Narma,223.74
2026-03-11,MANDI024,Wheat,235.93
2026-03-11,MANDI027,Mustard,497.73
2026-03-11,MANDI030,Maize,28.75
2026-03-11,MANDI030,Sugarcane,542.26
2026-03-11,MANDI031,Narma,428.93
2026-03-11,MANDI032,Sugarcane,115.51
2026-03-11,MANDI036,Sugarcane,408.02
2026-03-11,MANDI040,Rice,330.53
2026-03-11,MANDI042,Maize,392.1
2026-03-11,MANDI044,Wheat,109.69
2026-03-11,MANDI045,Rice,251.17
2026-03-11,MANDI047,Maize,277.13
2026-03-11,MANDI047,Mustard,458.48
2026-03-11,MANDI047,Narma,441.87
2026-03-11,MANDI047,Sugarcane,461.39
2026-03-11,MANDI050,Mustard,220.08
2026-03-11,MANDI050,Rice,129.76999999999998
2026-03-11,MANDI050,Wheat,492.26
2026-03-11,MANDI053,Sugarcane,359.81
2026-03-11,MANDI053,Wheat,344.35
2026-03-11,MANDI054,Wheat,88.43
2026-03-11,MANDI055,Rice,333.41
2026-03-11,MANDI057,Mustard,125.41
2026-03-12,MANDI001,Maize,410.51
2026-03-12,MANDI004,Rice,105.35
2026-03-12,MANDI005,Wheat,240.68
2026-03-12,MANDI006,Mustard,430.91
2026-03-12,MANDI006,Wheat,317.32
2026-03-12,MANDI007,Sugarcane,132.95
2026-03-12,MANDI009,Rice,370.32
2026-03-12,MANDI009,Wheat,210.61
2026-03-12,MANDI011,Mustard,465.83
2026-03-12,MANDI012,Maize,267.93
2026-03-12,MANDI012,Sugarcane,318.15
2026-03-12,MANDI013,Sugarcane,362.89
2026-03-12,MANDI017,Mustard,456.56
2026-03-12,MANDI019,Basmati,272.66
2026-03-12,MANDI020,Rice,281.87
2026-03-12,MANDI023,Maize,408.71
2026-03-12,MANDI025,Rice,137.98
2026-03-12,MANDI027,Rice,373.54
2026-03-12,MANDI027,Sugarcane,54.93
2026-03-12,MANDI028,Wheat,156.18
2026-03-12,MANDI032,Maize,459.66
2026-03-12,MANDI034,Sugarcane,156.14
2026-03-12,MANDI037,Maize,127.71
2026-03-12,MANDI037,Wheat,312.58
2026-03-12,MANDI039,Mustard,111.14
2026-03-12,MANDI040,Cotton,40.46
2026-03-12,MANDI041,Maize,494.39
2026-03-12,MANDI041,Mustard,434.72
2026-03-12,MANDI041,Sugarcane,339.49
2026-03-12,MANDI042,Rice,270.24
2026-03-12,MANDI043,Mustard,51.43
2026-03-12,MANDI045,Sugarcane,498.99
2026-03-12,MANDI046,Maize,195.76
2026-03-12,MANDI046,Rice,437.63
2026-03-12,MANDI048,Sugarcane,345.51
2026-03-12,MANDI049,Basmati,211.8
2026-03-12,MANDI049,Cotton,430.86
2026-03-12,MANDI051,Wheat,176.46
2026-03-12,MANDI052,Maize,294.14
2026-03-12,MANDI052,Mustard,71.51
2026-03-12,MANDI053,Mustard,210.17
2026-03-12,MANDI055,Basmati,261.49
2026-03-12,MANDI055,Rice,319.67
2026-03-12,MANDI056,Maize,200.2
2026-03-12,MANDI057,Sugarcane,300.43
2026-03-13,MANDI001,Basmati,223.44
2026-03-13,MANDI001,Mustard,418.39
2026-03-13,MANDI001,Rice,570.5500000000001
2026-03-13,MANDI001,Wheat,364.03
2026-03-13,MANDI002,Sugarcane,197.45
2026-03-13,MANDI002,Wheat,387.42
2026-03-13,MANDI004,Wheat,100.66
2026-03-13,MANDI005,Maize,39.9
2026-03-13,MANDI005,Rice,337.59
2026-03-13,MANDI005,Sugarcane,285.17
2026-03-13,MANDI006,Cotton,312.02
2026-03-13,MANDI006,Mustard,174.92
2026-03-13,MANDI006,Wheat,473.52
2026-03-13,MANDI007,Cotton,395.63
2026-03-13,MANDI008,Cotton,369.7
2026-03-13,MANDI008,Mustard,178.53000000000003
2026-03-13,MANDI009,Wheat,182.2
2026-03-13,MANDI010,Cotton,445.05
2026-03-13,MANDI011,Cotton,226.18
2026-03-13,MANDI011,Wheat,76.5
2026-03-13,MANDI012,Cotton,434.16
2026-03-13,MANDI013,Cotton,251.66
2026-03-13,MANDI015,Mustard,314.65
2026-03-13,MANDI015,Sugarcane,423.54
2026-03-13,MANDI016,Cotton,386.63
2026-03-13,MANDI017,Rice,697.8199999999999
2026-03-13,MANDI018,Maize,217.68
2026-03-13,MANDI018,Narma,626.05
2026-03-13,MANDI019,Mustard,192.57
2026-03-13,MANDI020,Rice,390.36
2026-03-13,MANDI020,Wheat,422.82
2026-03-13,MANDI021,Maize,260.17
2026-03-13,MANDI024,Mustard,396.1
2026-03-13,MANDI024,Rice,274.54999999999995
2026-03-13,MANDI025,Maize,323.48
2026-03-13,MANDI027,Maize,401.25
2026-03-13,MANDI028,Maize,646.9100000000001
2026-03-13,MANDI029,Wheat,86.03
2026-03-13,MANDI030,Mustard,134.36
2026-03-13,MANDI031,Maize,395.89
2026-03-13,MANDI031,Wheat,201.96
2026-03-13,MANDI032,Sugarcane,333.21
2026-03-13,MANDI032,Wheat,382.69
2026-03-13,MANDI034,Mustard,578.74
2026-03-13,MANDI034,Wheat,123.14
2026-03-13,MANDI035,Sugarcane,94.92000000000002
2026-03-13,MANDI037,Narma,151.81
2026-03-13,MANDI038,Basmati,158.58
2026-03-13,MANDI038,Cotton,472.46
2026-03-13,MANDI038,Rice,361.95
2026-03-13,MANDI038,Sugarcane,159.93
2026-03-13,MANDI039,Rice,786.3
2026-03-13,MANDI041,Cotton,287.81
2026-03-13,MANDI042,Wheat,162.71
2026-03-13,MANDI044,Rice,135.02
2026-03-13,MANDI045,Maize,42.61
2026-03-13,MANDI045,Sugarcane,207.32
2026-03-13,MANDI046,Mustard,305.07
2026-03-13,MANDI046,Wheat,543.2299999999999
2026-03-13,MANDI047,Rice,174.36
2026-03-13,MANDI053,Wheat,95.7
2026-03-13,MANDI054,Rice,289.39
2026-03-13,MANDI054,Wheat,450.15
2026-03-13,MANDI055,Mustard,866.92
2026-03-13,MANDI055,Wheat,93.78
2026-03-13,MANDI056,Cotton,471.97
2026-03-13,MANDI057,Rice,55.49
2026-03-13,MANDI057,Wheat,173.93
2026-03-14,MANDI001,Mustard,358.33
2026-03-14,MANDI002,Cotton,275.63
2026-03-14,MANDI003,Cotton,121.68
2026-03-14,MANDI003,Wheat,448.14
2026-03-14,MANDI004,Maize,312.06
2026-03-14,MANDI005,Mustard,205.55
2026-03-14,MANDI005,Sugarcane,326.31
2026-03-14,MANDI006,Rice,71.63
2026-03-14,MANDI009,Rice,396.35
2026-03-14,MANDI009,Wheat,68.05
2026-03-14,MANDI010,Sugarcane,102.42
2026-03-14,MANDI011,Sugarcane,87.94
2026-03-14,MANDI012,Sugarcane,11.25
2026-03-14,MANDI013,Mustard,291.0
2026-03-14,MANDI013,Wheat,50.04
2026-03-14,MANDI014,Mustard,157.51
2026-03-14,MANDI014,Wheat,261.1
2026-03-14,MANDI016,Sugarcane,140.66
2026-03-14,MANDI018,Mustard,462.31
2026-03-14,MANDI018,Sugarcane,83.55000000000001
2026-03-14,MANDI019,Sugarcane,550.4200000000001
2026-03-14,MANDI020,Mustard,338.76
2026-03-14,MANDI020,Rice,188.36
2026-03-14,MANDI021,Cotton,422.61
2026-03-14,MANDI021,Mustard,488.53000000000003
2026-03-14,MANDI023,Narma,421.89
2026-03-14,MANDI023,Rice,54.18
2026-03-14,MANDI024,Cotton,249.39
2026-03-14,MANDI024,Maize,118.67000000000002
2026-03-14,MANDI025,Cotton,161.09
2026-03-14,MANDI025,Maize,305.12
2026-03-14,MANDI025,Mustard,201.87
2026-03-14,MANDI026,Rice,406.34000000000003
2026-03-14,MANDI026,Sugarcane,231.02
2026-03-14,MANDI027,Rice,206.26
2026-03-14,MANDI028,Mustard,195.74
2026-03-14,MANDI029,Mustard,289.11
2026-03-14,MANDI029,Wheat,600.45
2026-03-14,MANDI030,Narma,141.92
2026-03-14,MANDI031,Mustard,167.85
2026-03-14,MANDI031,Sugarcane,116.73
2026-03-14,MANDI032,Mustard,261.78
2026-03-14,MANDI032,Rice,366.58
2026-03-14,MANDI034,Wheat,217.43
2026-03-14,MANDI035,Sugarcane,423.44
2026-03-14,MANDI036,Sugarcane,413.18
2026-03-14,MANDI037,Maize,259.17
2026-03-14,MANDI037,Sugarcane,239.33
2026-03-14,MANDI038,Mustard,234.47
2026-03-14,MANDI038,Rice,276.18
2026-03-14,MANDI038,Sugarcane,244.79
2026-03-14,MANDI040,Narma,198.98
2026-03-14,MANDI041,Sugarcane,339.01000000000005
2026-03-14,MANDI042,Mustard,453.64
2026-03-14,MANDI042,Rice,322.81
2026-03-14,MANDI043,Wheat,200.27
2026-03-14,MANDI044,Cotton,82.0
2026-03-14,MANDI044,Mustard,180.74
2026-03-14,MANDI045,Mustard,370.12
2026-03-14,MANDI046,Maize,157.08
2026-03-14,MANDI046,Mustard,164.99
2026-03-14,MANDI048,Cotton,148.3
2026-03-14,MANDI049,Wheat,404.09
2026-03-14,MANDI051,Wheat,305.7
2026-03-14,MANDI053,Mustard,135.22
2026-03-14,MANDI054,Maize,454.32
2026-03-14,MANDI055,Mustard,436.54
2026-03-14,MANDI056,Mustard,36.56
2026-03-15,MANDI001,Cotton,66.71
2026-03-15,MANDI001,Sugarcane,428.4
2026-03-15,MANDI003,Sugarcane,69.53
2026-03-15,MANDI004,Sugarcane,97.56
2026-03-15,MANDI007,Cotton,468.55
2026-03-15,MANDI007,Maize,424.41
2026-03-15,MANDI007,Wheat,381.65
2026-03-15,MANDI008,Sugarcane,389.78
2026-03-15,MANDI009,Cotton,461.06
2026-03-15,MANDI010,Maize,22.85
2026-03-15,MANDI011,Rice,560.9
2026-03-15,MANDI013,Rice,11.74
2026-03-15,MANDI014,Mustard,69.89
2026-03-15,MANDI015,Cotton,275.64
2026-03-15,MANDI015,Mustard,246.75
2026-03-15,MANDI017,Cotton,523.28
2026-03-15,MANDI017,Mustard,441.53
2026-03-15,MANDI017,Rice,306.93
2026-03-15,MANDI018,Sugarcane,384.28999999999996
2026-03-15,MANDI019,Wheat,314.18
2026-03-15,MANDI020,Wheat,402.79
2026-03-15,MANDI021,Wheat,454.5
2026-03-15,MANDI023,Maize,142.04
2026-03-15,MANDI024,Maize,296.49
2026-03-15,MANDI025,Mustard,473.16
2026-03-15,MANDI025,Wheat,57.34
2026-03-15,MANDI027,Maize,344.87
2026-03-15,MANDI027,Mustard,296.87
2026-03-15,MANDI029,Cotton,301.73
2026-03-15,MANDI029,Sugarcane,840.0
2026-03-15,MANDI029,Wheat,210.29
2026-03-15,MANDI030,Maize,480.75
2026-03-15,MANDI031,Maize,346.18
2026-03-15,MANDI031,Wheat,254.39
2026-03-15,MANDI035,Maize,351.7
2026-03-15,MANDI036,Wheat,211.25
2026-03-15,MANDI037,Mustard,484.42
2026-03-15,MANDI038,Rice,32.59
2026-03-15,MANDI039,Maize,561.22
2026-03-15,MANDI039,Narma,300.96
2026-03-15,MANDI040,Maize,844.89
2026-03-15,MANDI040,Mustard,489.75
2026-03-15,MANDI040,Rice,349.44
2026-03-15,MANDI042,Mustard,388.55
2026-03-15,MANDI043,Maize,276.34
2026-03-15,MANDI043,Mustard,271.49
2026-03-15,MANDI043,Sugarcane,108.34
2026-03-15,MANDI043,Wheat,316.66
2026-03-15,MANDI045,Wheat,165.58
2026-03-15,MANDI047,Narma,138.96
2026-03-15,MANDI050,Sugarcane,359.78
2026-03-15,MANDI050,Wheat,674.4
2026-03-15,MANDI051,Mustard,17.19
2026-03-15,MANDI052,Sugarcane,273.03
2026-03-15,MANDI053,Maize,178.85
2026-03-15,MANDI053,Sugarcane,273.21
2026-03-15,MANDI054,Cotton,38.78
2026-03-16,MANDI002,Mustard,202.73
2026-03-16,MANDI002,Sugarcane,362.36
2026-03-16,MANDI004,Wheat,35.51
2026-03-16,MANDI005,Wheat,483.48
2026-03-16,MANDI006,Cotton,344.87
2026-03-16,MANDI006,Narma,464.04
2026-03-16,MANDI006,Wheat,298.11
2026-03-16,MANDI007,Cotton,39.95
2026-03-16,MANDI007,Wheat,330.04
2026-03-16,MANDI008,Sugarcane,255.51
2026-03-16,MANDI009,Cotton,487.7000000000001
2026-03-16,MANDI010,Rice,404.67
2026-03-16,MANDI011,Sugarcane,549.33
2026-03-16,MANDI011,Wheat,496.75
2026-03-16,MANDI013,Cotton,267.95000000000005
2026-03-16,MANDI013,Mustard,132.38
2026-03-16,MANDI013,Wheat,487.23
2026-03-16,MANDI014,Sugarcane,413.52
2026-03-16,MANDI017,Mustard,145.93
2026-03-16,MANDI018,Mustard,191.83
2026-03-16,MANDI020,Wheat,287.82
2026-03-16,MANDI021,Mustard,26.81
2026-03-16,MANDI021,Sugarcane,670.5
2026-03-16,MANDI022,Mustard,298.89
2026-03-16,MANDI022,Sugarcane,432.55
2026-03-16,MANDI023,Maize,289.14
2026-03-16,MANDI024,Wheat,150.51
2026-03-16,MANDI026,Rice,464.49
2026-03-16,MANDI026,Sugarcane,454.8
2026-03-16,MANDI027,Maize,441.55
2026-03-16,MANDI028,Mustard,241.22
2026-03-16,MANDI030,Cotton,481.97
2026-03-16,MANDI030,Sugarcane,88.47
2026-03-16,MANDI031,Cotton,389.05
2026-03-16,MANDI031,Sugarcane,524.78
2026-03-16,MANDI033,Rice,82.52
2026-03-16,MANDI035,Sugarcane,330.43
2026-03-16,MANDI036,Maize,27.59
2026-03-16,MANDI036,Mustard,453.23
2026-03-16,MANDI036,Rice,444.98
2026-03-16,MANDI036,Sugarcane,409.27
2026-03-16,MANDI037,Mustard,313.96
2026-03-16,MANDI037,Rice,40.63000000000001
2026-03-16,MANDI037,Wheat,439.41
2026-03-16,MANDI038,Maize,877.55
2026-03-16,MANDI038,Wheat,480.31
2026-03-16,MANDI039,Rice,373.6
2026-03-16,MANDI040,Narma,252.68
2026-03-16,MANDI040,Rice,174.75
2026-03-16,MANDI040,Sugarcane,656.12
2026-03-16,MANDI041,Sugarcane,437.15
2026-03-16,MANDI041,Wheat,188.7
2026-03-16,MANDI042,Narma,63.1
2026-03-16,MANDI043,Rice,216.41
2026-03-16,MANDI043,Wheat,462.48
2026-03-16,MANDI044,Maize,82.75
2026-03-16,MANDI045,Cotton,114.32
2026-03-16,MANDI045,Rice,310.43
2026-03-16,MANDI047,Sugarcane,234.13
2026-03-16,MANDI047,Wheat,462.0
2026-03-16,MANDI048,Mustard,496.23
2026-03-16,MANDI048,Rice,202.62
2026-03-16,MANDI048,Wheat,17.42
2026-03-16,MANDI049,Cotton,123.52
2026-03-16,MANDI049,Wheat,141.18
2026-03-16,MANDI052,Cotton,384.2000000000001
2026-03-16,MANDI052,Maize,325.54
2026-03-16,MANDI052,Mustard,379.98
2026-03-16,MANDI052,Wheat,264.93
2026-03-16,MANDI053,Cotton,428.58
2026-03-16,MANDI053,Rice,466.82
2026-03-16,MANDI053,Wheat,488.25
2026-03-16,MANDI054,Narma,337.21
2026-03-16,MANDI054,Sugarcane,131.72
2026-03-16,MANDI055,Maize,387.16
2026-03-16,MANDI055,Sugarcane,173.81
2026-03-16,MANDI056,Mustard,272.72
2026-03-16,MANDI056,Rice,197.95
2026-03-17,MANDI001,Wheat,348.55
2026-03-17,MANDI003,Mustard,409.58
2026-03-17,MANDI003,Sugarcane,212.47
2026-03-17,MANDI004,Maize,363.75
2026-03-17,MANDI004,Mustard,195.59
2026-03-17,MANDI006,Mustard,301.53
2026-03-17,MANDI007,Cotton,526.1099999999999
2026-03-17,MANDI007,Wheat,412.75
2026-03-17,MANDI008,Cotton,199.13
2026-03-17,MANDI008,Rice,69.39
2026-03-17,MANDI013,Cotton,261.86
2026-03-17,MANDI013,Maize,392.98
2026-03-17,MANDI013,Wheat,256.69
2026-03-17,MANDI014,Mustard,167.78
2026-03-17,MANDI014,Narma,65.35
2026-03-17,MANDI015,Rice,462.17
2026-03-17,MANDI015,Wheat,79.16
2026-03-17,MANDI018,Rice,464.06
2026-03-17,MANDI019,Mustard,233.02
2026-03-17,MANDI019,Wheat,383.8
2026-03-17,MANDI020,Cotton,230.82
2026-03-17,MANDI020,Rice,357.32
2026-03-17,MANDI021,Sugarcane,432.03
2026-03-17,MANDI022,Rice,404.54
2026-03-17,MANDI022,Sugarcane,331.53
2026-03-17,MANDI023,Maize,389.92
2026-03-17,MANDI024,Mustard,78.07
2026-03-17,MANDI024,Sugarcane,336.98
2026-03-17,MANDI026,Maize,184.14
2026-03-17,MANDI027,Maize,272.4
2026-03-17,MANDI027,Wheat,57.56
2026-03-17,MANDI028,Cotton,88.75
2026-03-17,MANDI028,Mustard,359.63
2026-03-17,MANDI028,Wheat,194.16
2026-03-17,MANDI030,Wheat,318.72
2026-03-17,MANDI031,Wheat,259.7
2026-03-17,MANDI032,Mustard,128.78
2026-03-17,MANDI032,Sugarcane,83.99
2026-03-17,MANDI033,Cotton,141.01000000000002
2026-03-17,MANDI033,Mustard,383.53
2026-03-17,MANDI033,Rice,342.45
2026-03-17,MANDI034,Basmati,371.37
2026-03-17,MANDI035,Maize,241.68
2026-03-17,MANDI035,Mustard,180.74
2026-03-17,MANDI036,Cotton,487.83
2026-03-17,MANDI037,Maize,463.98
2026-03-17,MANDI037,Sugarcane,240.71
2026-03-17,MANDI037,Wheat,398.36
2026-03-17,MANDI038,Maize,160.31
2026-03-17,MANDI039,Rice,211.67
2026-03-17,MANDI040,Rice,295.89
2026-03-17,MANDI041,Rice,375.2600000000001
2026-03-17,MANDI041,Wheat,61.16
2026-03-17,MANDI043,Cotton,24.09
2026-03-17,MANDI043,Maize,313.52
2026-03-17,MANDI044,Rice,309.31
2026-03-17,MANDI045,Cotton,296.94
2026-03-17,MANDI046,Maize,490.55
2026-03-17,MANDI046,Rice,434.47
2026-03-17,MANDI047,Cotton,420.05
2026-03-17,MANDI048,Cotton,227.34
2026-03-17,MANDI048,Rice,209.82
2026-03-17,MANDI048,Wheat,404.07
2026-03-17,MANDI049,Rice,338.78
2026-03-17,MANDI049,Sugarcane,108.7
2026-03-17,MANDI050,Maize,371.68
2026-03-17,MANDI050,Rice,402.84
2026-03-17,MANDI050,Sugarcane,717.47
2026-03-17,MANDI051,Narma,72.3
2026-03-17,MANDI051,Sugarcane,150.27
2026-03-17,MANDI052,Cotton,332.71
2026-03-17,MANDI052,Maize,436.34
2026-03-17,MANDI053,Rice,214.69
2026-03-17,MANDI053,Wheat,236.59
2026-03-17,MANDI054,Rice,215.05
2026-03-17,MANDI056,Wheat,35.06
2026-03-17,MANDI057,Maize,180.82
2026-03-18,MANDI002,Mustard,391.77
2026-03-18,MANDI003,Basmati,212.1
2026-03-18,MANDI003,Cotton,239.94
2026-03-18,MANDI004,Maize,321.68
2026-03-18,MANDI004,Rice,126.2
2026-03-18,MANDI005,Cotton,257.74
2026-03-18,MANDI006,Sugarcane,32.24
2026-03-18,MANDI007,Cotton,239.54
2026-03-18,MANDI007,Maize,142.02
2026-03-18,MANDI007,Mustard,299.07
2026-03-18,MANDI007,Sugarcane,79.32
2026-03-18,MANDI009,Rice,387.39
2026-03-18,MANDI009,Wheat,172.85
2026-03-18,MANDI010,Rice,293.14
2026-03-18,MANDI011,Basmati,301.86
2026-03-18,MANDI011,Sugarcane,349.41
2026-03-18,MANDI012,Rice,392.61
2026-03-18,MANDI012,Wheat,300.62
2026-03-18,MANDI013,Mustard,136.03
2026-03-18,MANDI013,Sugarcane,401.44
2026-03-18,MANDI014,Rice,204.46
2026-03-18,MANDI016,Sugarcane,224.46
2026-03-18,MANDI017,Maize,405.37
2026-03-18,MANDI017,Mustard,770.72
2026-03-18,MANDI018,Mustard,342.39
2026-03-18,MANDI018,Rice,488.21
2026-03-18,MANDI019,Mustard,93.32
2026-03-18,MANDI020,Rice,126.95
2026-03-18,MANDI021,Basmati,463.78
2026-03-18,MANDI021,Maize,970.29
2026-03-18,MANDI022,Sugarcane,25.590000000000003
2026-03-18,MANDI026,Mustard,480.51
2026-03-18,MANDI026,Sugarcane,765.2
2026-03-18,MANDI026,Wheat,254.08
2026-03-18,MANDI027,Maize,533.12
2026-03-18,MANDI027,Mustard,46.11
2026-03-18,MANDI031,Rice,559.33
2026-03-18,MANDI032,Wheat,326.01
2026-03-18,MANDI035,Sugarcane,229.28
2026-03-18,MANDI037,Mustard,323.45
2026-03-18,MANDI040,Cotton,267.32
2026-03-18,MANDI041,Sugarcane,203.8
2026-03-18,MANDI042,Wheat,177.74
2026-03-18,MANDI045,Basmati,52.99
2026-03-18,MANDI045,Rice,14.62
2026-03-18,MANDI045,Wheat,55.49
2026-03-18,MANDI046,Cotton,337.92
2026-03-18,MANDI047,Cotton,482.28
2026-03-18,MANDI047,Wheat,141.64999999999998
2026-03-18,MANDI048,Sugarcane,315.74
2026-03-18,MANDI049,Cotton,88.57
2026-03-18,MANDI049,Maize,211.73
2026-03-18,MANDI053,Mustard,192.0
2026-03-18,MANDI053,Wheat,135.04
2026-03-18,MANDI054,Sugarcane,67.6
2026-03-18,MANDI055,Sugarcane,218.18
2026-03-18,MANDI056,Mustard,21.58
2026-03-18,MANDI057,Sugarcane,276.25
2026-03-19,MANDI001,Wheat,530.1
2026-03-19,MANDI002,Cotton,97.44
2026-03-19,MANDI002,Rice,280.42
2026-03-19,MANDI002,Sugarcane,485.18
2026-03-19,MANDI003,Maize,468.16
2026-03-19,MANDI003,Narma,235.88
2026-03-19,MANDI003,Wheat,61.32
2026-03-19,MANDI004,Cotton,188.73
2026-03-19,MANDI008,Cotton,275.75
2026-03-19,MANDI009,Mustard,161.98
2026-03-19,MANDI011,Cotton,474.65
2026-03-19,MANDI012,Sugarcane,366.65
2026-03-19,MANDI013,Cotton,38.59
2026-03-19,MANDI014,Rice,132.29
2026-03-19,MANDI018,Maize,247.43
2026-03-19,MANDI020,Cotton,166.57
2026-03-19,MANDI020,Mustard,125.89
2026-03-19,MANDI021,Maize,468.88
2026-03-19,MANDI022,Sugarcane,109.94
2026-03-19,MANDI023,Sugarcane,370.49
2026-03-19,MANDI025,Rice,375.11
2026-03-19,MANDI026,Cotton,22.47
2026-03-19,MANDI027,Maize,451.63
2026-03-19,MANDI029,Sugarcane,168.1
2026-03-19,MANDI029,Wheat,399.65
2026-03-19,MANDI031,Wheat,73.29
2026-03-19,MANDI034,Mustard,455.05
2026-03-19,MANDI034,Narma,465.22
2026-03-19,MANDI035,Cotton,14.5
2026-03-19,MANDI035,Maize,167.68
2026-03-19,MANDI035,Rice,81.57
2026-03-19,MANDI035,Wheat,238.11
2026-03-19,MANDI036,Mustard,294.12
2026-03-19,MANDI038,Rice,73.65
2026-03-19,MANDI039,Rice,149.32
2026-03-19,MANDI039,Wheat,164.64
2026-03-19,MANDI040,Cotton,306.69
2026-03-19,MANDI043,Rice,227.46
2026-03-19,MANDI045,Sugarcane,318.5
2026-03-19,MANDI045,Wheat,738.41
2026-03-19,MANDI046,Sugarcane,480.76
2026-03-19,MANDI056,Mustard,463.77
2026-03-19,MANDI056,Wheat,101.58
2026-03-20,MANDI001,Basmati,396.46
2026-03-20,MANDI001,Sugarcane,893.86
2026-03-20,MANDI002,Wheat,898.23
2026-03-20,MANDI003,Cotton,154.66
2026-03-20,MANDI003,Narma,330.95
2026-03-20,MANDI004,Mustard,114.74
2026-03-20,MANDI005,Basmati,234.63
2026-03-20,MANDI006,Maize,489.22
2026-03-20,MANDI006,Mustard,339.19
2026-03-20,MANDI006,Wheat,19.02
2026-03-20,MANDI008,Maize,21.96
2026-03-20,MANDI008,Sugarcane,358.9
2026-03-20,MANDI008,Wheat,275.08
2026-03-20,MANDI009,Maize,243.04
2026-03-20,MANDI009,Wheat,427.45
2026-03-20,MANDI010,Cotton,10.62
2026-03-20,MANDI010,Sugarcane,287.56
2026-03-20,MANDI012,Wheat,144.88
2026-03-20,MANDI015,Rice,305.21
2026-03-20,MANDI016,Mustard,168.89
2026-03-20,MANDI016,Sugarcane,368.31000000000006
2026-03-20,MANDI018,Sugarcane,156.04
2026-03-20,MANDI019,Mustard,111.52
2026-03-20,MANDI020,Cotton,32.67
2026-03-20,MANDI021,Maize,265.38
2026-03-20,MANDI021,Sugarcane,257.86
2026-03-20,MANDI022,Sugarcane,194.6
2026-03-20,MANDI024,Maize,339.99
2026-03-20,MANDI024,Sugarcane,309.7
2026-03-20,MANDI026,Cotton,391.76
2026-03-20,MANDI026,Mustard,814.75
2026-03-20,MANDI027,Basmati,135.3
2026-03-20,MANDI027,Mustard,99.63
2026-03-20,MANDI027,Sugarcane,877.87
2026-03-20,MANDI028,Cotton,372.07
2026-03-20,MANDI028,Mustard,193.77
2026-03-20,MANDI029,Cotton,116.96
2026-03-20,MANDI029,Mustard,435.63
2026-03-20,MANDI030,Cotton,85.6
2026-03-20,MANDI033,Cotton,248.94
2026-03-20,MANDI033,Maize,101.41
2026-03-20,MANDI033,Mustard,388.28
2026-03-20,MANDI034,Rice,488.63
2026-03-20,MANDI035,Maize,279.84
2026-03-20,MANDI035,Rice,76.26
2026-03-20,MANDI036,Rice,442.25
2026-03-20,MANDI037,Mustard,328.82
2026-03-20,MANDI037,Rice,461.41
2026-03-20,MANDI038,Basmati,378.43
2026-03-20,MANDI038,Maize,93.75
2026-03-20,MANDI038,Mustard,162.49
2026-03-20,MANDI038,Sugarcane,83.43
2026-03-20,MANDI039,Mustard,399.73
2026-03-20,MANDI039,Rice,405.24
2026-03-20,MANDI040,Cotton,309.44
2026-03-20,MANDI040,Maize,347.53
2026-03-20,MANDI041,Basmati,473.85
2026-03-20,MANDI041,Maize,513.0
2026-03-20,MANDI042,Rice,70.92
2026-03-20,MANDI044,Rice,96.73
2026-03-20,MANDI046,Rice,406.18
2026-03-20,MANDI047,Cotton,58.67
2026-03-20,MANDI047,Rice,135.18
2026-03-20,MANDI049,Maize,482.89
2026-03-20,MANDI050,Cotton,173.11
2026-03-20,MANDI050,Mustard,445.35
2026-03-20,MANDI052,Mustard,31.36
2026-03-20,MANDI052,Rice,177.25
2026-03-20,MANDI052,Wheat,33.89
2026-03-20,MANDI053,Sugarcane,317.02
2026-03-20,MANDI054,Cotton,498.95
2026-03-20,MANDI054,Mustard,127.25
2026-03-20,MANDI055,Cotton,270.42
2026-03-20,MANDI056,Cotton,424.38
2026-03-20,MANDI057,Cotton,341.2900000000001
2026-03-20,MANDI057,Maize,461.24
2026-03-20,MANDI057,Rice,242.22
2026-03-21,MANDI001,Maize,169.26
2026-03-21,MANDI001,Mustard,300.02
2026-03-21,MANDI001,Wheat,355.28
2026-03-21,MANDI002,Cotton,199.41
2026-03-21,MANDI003,Cotton,420.52
2026-03-21,MANDI003,Maize,538.32
2026-03-21,MANDI006,Sugarcane,64.7
2026-03-21,MANDI007,Cotton,239.66
2026-03-21,MANDI007,Maize,398.15
2026-03-21,MANDI009,Maize,394.03
2026-03-21,MANDI009,Sugarcane,48.3
2026-03-21,MANDI010,Mustard,300.67
2026-03-21,MANDI014,Sugarcane,249.42
2026-03-21,MANDI014,Wheat,50.2
2026-03-21,MANDI015,Sugarcane,327.86
2026-03-21,MANDI015,Wheat,309.33
2026-03-21,MANDI017,Sugarcane,247.29
2026-03-21,MANDI018,Narma,330.55
2026-03-21,MANDI018,Wheat,349.07
2026-03-21,MANDI020,Rice,329.39
2026-03-21,MANDI022,Rice,130.07999999999998
2026-03-21,MANDI022,Wheat,398.59
2026-03-21,MANDI023,Mustard,52.35
2026-03-21,MANDI023,Sugarcane,113.04
2026-03-21,MANDI024,Sugarcane,196.8
2026-03-21,MANDI025,Mustard,344.86
2026-03-21,MANDI026,Mustard,495.99
2026-03-21,MANDI027,Maize,303.63
2026-03-21,MANDI028,Maize,206.19
2026-03-21,MANDI029,Rice,132.29
2026-03-21,MANDI030,Cotton,91.23
2026-03-21,MANDI030,Maize,168.1
2026-03-21,MANDI030,Sugarcane,798.1699999999998
2026-03-21,MANDI030,Wheat,28.78
2026-03-21,MANDI031,Maize,799.4200000000001
2026-03-21,MANDI031,Rice,426.84
2026-03-21,MANDI031,Sugarcane,20.51
2026-03-21,MANDI032,Rice,522.19
2026-03-21,MANDI032,Sugarcane,16.15
2026-03-21,MANDI033,Rice,98.72
2026-03-21,MANDI034,Wheat,52.7
2026-03-21,MANDI037,Maize,241.81
2026-03-21,MANDI037,Wheat,451.28
2026-03-21,MANDI038,Cotton,179.18
2026-03-21,MANDI038,Sugarcane,447.61
2026-03-21,MANDI038,Wheat,357.39
2026-03-21,MANDI039,Mustard,370.95
2026-03-21,MANDI039,Wheat,477.25
2026-03-21,MANDI040,Cotton,47.33
2026-03-21,MANDI040,Mustard,304.35
2026-03-21,MANDI041,Cotton,295.61
2026-03-21,MANDI041,Mustard,471.89
2026-03-21,MANDI041,Sugarcane,74.2
2026-03-21,MANDI041,Wheat,499.17
2026-03-21,MANDI045,Mustard,91.66
2026-03-21,MANDI045,Sugarcane,783.71
2026-03-21,MANDI046,Mustard,308.56
2026-03-21,MANDI046,Sugarcane,411.14
2026-03-21,MANDI047,Rice,199.89
2026-03-21,MANDI047,Sugarcane,389.84
2026-03-21,MANDI048,Narma,466.94
2026-03-21,MANDI048,Rice,157.24
2026-03-21,MANDI049,Basmati,311.25
2026-03-21,MANDI050,Maize,296.90000000000003
2026-03-21,MANDI051,Cotton,479.34
2026-03-21,MANDI052,Cotton,111.8
2026-03-21,MANDI052,Mustard,391.42
2026-03-21,MANDI053,Maize,610.5799999999999
2026-03-21,MANDI053,Sugarcane,381.92
2026-03-21,MANDI054,Narma,38.79
2026-03-21,MANDI055,Maize,476.14
2026-03-21,MANDI055,Mustard,276.65
2026-03-21,MANDI055,Sugarcane,273.8
2026-03-21,MANDI055,Wheat,22.56
2026-03-21,MANDI057,Basmati,287.74
2026-03-21,MANDI057,Maize,317.26
2026-03-22,MANDI001,Sugarcane,288.13
2026-03-22,MANDI002,Rice,342.42
2026-03-22,MANDI003,Mustard,472.43
2026-03-22,MANDI003,Rice,24.29
2026-03-22,MANDI004,Wheat,472.87
2026-03-22,MANDI006,Cotton,496.3
2026-03-22,MANDI007,Maize,49.29
2026-03-22,MANDI009,Mustard,153.8
2026-03-22,MANDI010,Cotton,152.69
2026-03-22,MANDI010,Sugarcane,46.21
2026-03-22,MANDI011,Sugarcane,877.95
2026-03-22,MANDI012,Mustard,67.4
2026-03-22,MANDI013,Cotton,368.45
2026-03-22,MANDI013,Sugarcane,307.17
2026-03-22,MANDI013,Wheat,11.46
2026-03-22,MANDI014,Mustard,819.52
2026-03-22,MANDI014,Wheat,297.35
2026-03-22,MANDI016,Maize,319.67
2026-03-22,MANDI016,Mustard,170.55
2026-03-22,MANDI017,Maize,420.48
2026-03-22,MANDI017,Wheat,131.22
2026-03-22,MANDI020,Rice,17.11
2026-03-22,MANDI020,Wheat,399.87
2026-03-22,MANDI022,Wheat,353.32
2026-03-22,MANDI024,Maize,413.98
2026-03-22,MANDI025,Cotton,343.91
2026-03-22,MANDI025,Maize,392.56
2026-03-22,MANDI025,Rice,143.13
2026-03-22,MANDI027,Cotton,267.87
2026-03-22,MANDI027,Maize,327.41
2026-03-22,MANDI027,Mustard,426.32
2026-03-22,MANDI027,Rice,82.02
2026-03-22,MANDI028,Cotton,256.17
2026-03-22,MANDI028,Sugarcane,39.11
2026-03-22,MANDI029,Wheat,134.58
2026-03-22,MANDI030,Cotton,301.81
2026-03-22,MANDI030,Narma,112.69
2026-03-22,MANDI030,Wheat,131.79
2026-03-22,MANDI031,Wheat,295.79
2026-03-22,MANDI033,Narma,275.95
2026-03-22,MANDI034,Cotton,171.47
2026-03-22,MANDI034,Maize,324.35
2026-03-22,MANDI034,Sugarcane,271.96
2026-03-22,MANDI036,Cotton,402.67
2026-03-22,MANDI036,Maize,28.99
2026-03-22,MANDI036,Mustard,56.77
2026-03-22,MANDI038,Mustard,310.38
2026-03-22,MANDI039,Rice,606.03
2026-03-22,MANDI040,Mustard,62.55
2026-03-22,MANDI040,Narma,312.18
2026-03-22,MANDI041,Mustard,210.66
2026-03-22,MANDI044,Rice,239.65
2026-03-22,MANDI044,Sugarcane,113.35
2026-03-22,MANDI045,Mustard,124.05
2026-03-22,MANDI045,Sugarcane,228.34
2026-03-22,MANDI046,Rice,24.31
2026-03-22,MANDI047,Rice,463.22
2026-03-22,MANDI048,Cotton,312.42
2026-03-22,MANDI048,Maize,68.36
2026-03-22,MANDI048,Wheat,470.19
2026-03-22,MANDI050,Cotton,449.42
2026-03-22,MANDI050,Sugarcane,189.1
2026-03-22,MANDI052,Cotton,411.14
2026-03-22,MANDI052,Wheat,86.03
2026-03-22,MANDI053,Mustard,143.36
2026-03-22,MANDI054,Maize,325.34
2026-03-22,MANDI056,Mustard,184.33
2026-03-22,MANDI057,Maize,532.84
2026-03-22,MANDI057,Mustard,163.14
2026-03-22,MANDI057,Rice,234.85
2026-03-22,MANDI057,Wheat,156.76
2026-03-23,MANDI001,Mustard,246.76
2026-03-23,MANDI001,Rice,136.64
2026-03-23,MANDI002,Maize,58.93
2026-03-23,MANDI002,Sugarcane,386.05
2026-03-23,MANDI004,Rice,235.24
2026-03-23,MANDI005,Mustard,417.74
2026-03-23,MANDI006,Cotton,407.08
2026-03-23,MANDI007,Cotton,171.93
2026-03-23,MANDI007,Wheat,295.35
2026-03-23,MANDI008,Rice,415.37
2026-03-23,MANDI008,Sugarcane,436.18
2026-03-23,MANDI008,Wheat,11.36
2026-03-23,MANDI010,Wheat,195.25
2026-03-23,MANDI011,Maize,203.63
2026-03-23,MANDI011,Rice,459.8
2026-03-23,MANDI012,Wheat,215.7
2026-03-23,MANDI013,Maize,295.02
2026-03-23,MANDI015,Sugarcane,356.1
2026-03-23,MANDI016,Cotton,391.56
2026-03-23,MANDI017,Maize,388.54
2026-03-23,MANDI017,Sugarcane,180.64
2026-03-23,MANDI017,Wheat,455.28
2026-03-23,MANDI018,Basmati,402.63
2026-03-23,MANDI019,Wheat,24.78
2026-03-23,MANDI020,Mustard,400.58
2026-03-23,MANDI021,Cotton,496.78
2026-03-23,MANDI023,Maize,185.0
2026-03-23,MANDI023,Sugarcane,52.0
2026-03-23,MANDI023,Wheat,104.4
2026-03-23,MANDI024,Cotton,347.63
2026-03-23,MANDI024,Mustard,314.31
2026-03-23,MANDI024,Wheat,253.68
2026-03-23,MANDI025,Mustard,26.58
2026-03-23,MANDI025,Sugarcane,193.84
2026-03-23,MANDI027,Basmati,62.58
2026-03-23,MANDI027,Cotton,111.52
2026-03-23,MANDI027,Maize,466.24
2026-03-23,MANDI029,Maize,443.15
2026-03-23,MANDI029,Sugarcane,477.5
2026-03-23,MANDI030,Mustard,479.69
2026-03-23,MANDI030,Narma,324.93
2026-03-23,MANDI031,Wheat,285.64
2026-03-23,MANDI033,Cotton,216.88
2026-03-23,MANDI033,Rice,30.21
2026-03-23,MANDI033,Wheat,101.05
2026-03-23,MANDI034,Sugarcane,560.43
2026-03-23,MANDI035,Wheat,451.57
2026-03-23,MANDI038,Mustard,788.64
2026-03-23,MANDI038,Wheat,481.25
2026-03-23,MANDI039,Sugarcane,384.36
2026-03-23,MANDI040,Cotton,193.87
2026-03-23,MANDI041,Rice,86.95
2026-03-23,MANDI043,Wheat,420.88
2026-03-23,MANDI044,Rice,437.06
2026-03-23,MANDI044,Wheat,444.92
2026-03-23,MANDI046,Mustard,232.44
2026-03-23,MANDI047,Rice,661.09
2026-03-23,MANDI048,Mustard,214.28
2026-03-23,MANDI048,Rice,481.7
2026-03-23,MANDI049,Cotton,22.79
2026-03-23,MANDI049,Wheat,490.82
2026-03-23,MANDI050,Rice,59.18
2026-03-23,MANDI051,Wheat,260.67
2026-03-23,MANDI052,Cotton,402.74
2026-03-23,MANDI052,Rice,187.76
2026-03-23,MANDI053,Maize,334.31
2026-03-23,MANDI054,Cotton,153.9
2026-03-23,MANDI054,Maize,282.9
2026-03-23,MANDI055,Sugarcane,218.08
2026-03-23,MANDI056,Basmati,34.28
2026-03-23,MANDI056,Narma,490.94000000000005
2026-03-23,MANDI057,Mustard,103.21
2026-03-23,MANDI057,Rice,502.63
2026-03-24,MANDI001,Mustard,269.68
2026-03-24,MANDI001,Rice,275.52
2026-03-24,MANDI002,Cotton,395.17
2026-03-24,MANDI003,Wheat,372.39
2026-03-24,MANDI004,Wheat,372.78
2026-03-24,MANDI006,Cotton,246.69
2026-03-24,MANDI006,Maize,403.28999999999996
2026-03-24,MANDI006,Sugarcane,434.95000000000005
2026-03-24,MANDI007,Sugarcane,365.19
2026-03-24,MANDI008,Maize,416.77
2026-03-24,MANDI010,Mustard,398.1
2026-03-24,MANDI010,Wheat,37.96
2026-03-24,MANDI011,Sugarcane,273.45
2026-03-24,MANDI012,Cotton,188.99
2026-03-24,MANDI012,Maize,162.11
2026-03-24,MANDI013,Cotton,259.56
2026-03-24,MANDI014,Cotton,425.62
2026-03-24,MANDI014,Rice,373.33
2026-03-24,MANDI014,Wheat,100.51
2026-03-24,MANDI016,Sugarcane,236.75
2026-03-24,MANDI017,Maize,472.98
2026-03-24,MANDI018,Maize,79.4
2026-03-24,MANDI018,Narma,280.28
2026-03-24,MANDI023,Maize,476.08
2026-03-24,MANDI023,Mustard,86.54
2026-03-24,MANDI024,Maize,302.08
2026-03-24,MANDI024,Wheat,231.87
2026-03-24,MANDI025,Sugarcane,216.26
2026-03-24,MANDI027,Sugarcane,74.73
2026-03-24,MANDI028,Rice,401.86
2026-03-24,MANDI028,Sugarcane,326.27
2026-03-24,MANDI029,Mustard,363.47
2026-03-24,MANDI030,Rice,471.18
2026-03-24,MANDI031,Rice,322.78
2026-03-24,MANDI032,Mustard,38.18
2026-03-24,MANDI033,Rice,219.73
2026-03-24,MANDI033,Sugarcane,482.84
2026-03-24,MANDI036,Maize,96.99
2026-03-24,MANDI037,Maize,300.37
2026-03-24,MANDI037,Mustard,126.09
2026-03-24,MANDI038,Maize,388.58
2026-03-24,MANDI038,Mustard,20.72
2026-03-24,MANDI039,Basmati,111.24
2026-03-24,MANDI039,Rice,228.48
2026-03-24,MANDI040,Cotton,379.94
2026-03-24,MANDI040,Maize,344.65000000000003
2026-03-24,MANDI040,Sugarcane,32.55
2026-03-24,MANDI041,Mustard,293.41
2026-03-24,MANDI042,Cotton,333.43
2026-03-24,MANDI042,Mustard,95.48
2026-03-24,MANDI044,Maize,466.32
2026-03-24,MANDI044,Narma,156.43
2026-03-24,MANDI046,Rice,321.76
2026-03-24,MANDI048,Cotton,26.15
2026-03-24,MANDI049,Cotton,423.22
2026-03-24,MANDI050,Sugarcane,334.94
2026-03-24,MANDI051,Rice,647.98
2026-03-24,MANDI051,Wheat,46.71
2026-03-24,MANDI054,Sugarcane,97.05
2026-03-24,MANDI055,Maize,418.81
2026-03-24,MANDI055,Rice,195.87
2026-03-24,MANDI056,Maize,423.36
2026-03-24,MANDI056,Sugarcane,178.77
2026-03-25,MANDI001,Wheat,190.73
2026-03-25,MANDI003,Sugarcane,421.4100000000001
2026-03-25,MANDI004,Mustard,162.37
2026-03-25,MANDI005,Cotton,356.09
2026-03-25,MANDI005,Rice,19.74
2026-03-25,MANDI005,Sugarcane,412.96
2026-03-25,MANDI005,Wheat,104.14
2026-03-25,MANDI006,Cotton,292.35
2026-03-25,MANDI006,Rice,365.23
2026-03-25,MANDI007,Maize,172.51
2026-03-25,MANDI007,Mustard,280.26
2026-03-25,MANDI007,Wheat,392.89
2026-03-25,MANDI008,Cotton,475.35
2026-03-25,MANDI008,Wheat,206.03
2026-03-25,MANDI009,Cotton,396.88
2026-03-25,MANDI009,Sugarcane,175.82
2026-03-25,MANDI012,Mustard,242.61
2026-03-25,MANDI013,Cotton,181.37
2026-03-25,MANDI013,Maize,318.56
2026-03-25,MANDI013,Rice,428.25
2026-03-25,MANDI014,Mustard,261.13
2026-03-25,MANDI016,Sugarcane,35.34
2026-03-25,MANDI016,Wheat,453.5
2026-03-25,MANDI019,Wheat,346.05
2026-03-25,MANDI020,Sugarcane,287.94
2026-03-25,MANDI022,Maize,251.54
2026-03-25,MANDI022,Narma,22.05
2026-03-25,MANDI022,Sugarcane,278.58
2026-03-25,MANDI022,Wheat,352.84
2026-03-25,MANDI024,Basmati,409.21
2026-03-25,MANDI024,Rice,300.05
2026-03-25,MANDI025,Cotton,30.27
2026-03-25,MANDI025,Maize,178.24
2026-03-25,MANDI026,Wheat,449.96
2026-03-25,MANDI027,Basmati,472.36
2026-03-25,MANDI027,Cotton,111.01
2026-03-25,MANDI027,Maize,85.68
2026-03-25,MANDI027,Wheat,38.17
2026-03-25,MANDI029,Wheat,314.36
2026-03-25,MANDI031,Cotton,26.19
2026-03-25,MANDI031,Wheat,221.22
2026-03-25,MANDI032,Wheat,408.25
2026-03-25,MANDI034,Cotton,777.47
2026-03-25,MANDI034,Narma,103.03
2026-03-25,MANDI034,Sugarcane,360.51
2026-03-25,MANDI034,Wheat,164.4
2026-03-25,MANDI036,Sugarcane,488.64
2026-03-25,MANDI038,Maize,463.52
2026-03-25,MANDI040,Mustard,414.56
2026-03-25,MANDI040,Wheat,411.1
2026-03-25,MANDI041,Mustard,287.35
2026-03-25,MANDI042,Cotton,66.39
2026-03-25,MANDI042,Wheat,382.89
2026-03-25,MANDI045,Cotton,35.06
2026-03-25,MANDI047,Maize,796.75
2026-03-25,MANDI048,Maize,133.28
2026-03-25,MANDI048,Mustard,435.6300000000001
2026-03-25,MANDI049,Wheat,53.99
2026-03-25,MANDI050,Cotton,53.81
2026-03-25,MANDI051,Mustard,250.32
2026-03-25,MANDI051,Rice,476.81
2026-03-25,MANDI052,Maize,29.42
2026-03-25,MANDI053,Maize,74.2
2026-03-25,MANDI053,Mustard,430.17
2026-03-25,MANDI053,Narma,114.91
2026-03-25,MANDI054,Rice,427.06000000000006
2026-03-25,MANDI055,Sugarcane,280.38
2026-03-25,MANDI055,Wheat,243.89
2026-03-25,MANDI056,Sugarcane,454.48
2026-03-25,MANDI057,Maize,338.15
2026-03-25,MANDI057,Sugarcane,428.03
2026-03-26,MANDI001,Rice,226.79
2026-03-26,MANDI001,Wheat,465.26
2026-03-26,MANDI002,Sugarcane,333.17
2026-03-26,MANDI003,Mustard,386.8
2026-03-26,MANDI004,Cotton,81.24
2026-03-26,MANDI004,Maize,26.48
2026-03-26,MANDI005,Rice,277.03
2026-03-26,MANDI008,Cotton,346.5
2026-03-26,MANDI008,Mustard,105.87
2026-03-26,MANDI009,Rice,55.96
2026-03-26,MANDI010,Maize,290.76
2026-03-26,MANDI011,Cotton,18.84
2026-03-26,MANDI011,Mustard,166.41
2026-03-26,MANDI012,Cotton,377.42
2026-03-26,MANDI014,Maize,247.3
2026-03-26,MANDI015,Sugarcane,188.77
2026-03-26,MANDI016,Sugarcane,228.7
2026-03-26,MANDI016,Wheat,461.81
2026-03-26,MANDI017,Maize,206.06
2026-03-26,MANDI018,Cotton,92.89
2026-03-26,MANDI018,Wheat,460.3
2026-03-26,MANDI020,Maize,461.97
2026-03-26,MANDI022,Wheat,471.3
2026-03-26,MANDI023,Cotton,269.25
2026-03-26,MANDI023,Maize,274.72
2026-03-26,MANDI024,Cotton,464.95
2026-03-26,MANDI025,Wheat,347.66
2026-03-26,MANDI026,Wheat,458.59
2026-03-26,MANDI030,Rice,255.39
2026-03-26,MANDI030,Wheat,32.19
2026-03-26,MANDI031,Maize,413.99
2026-03-26,MANDI031,Sugarcane,68.54
2026-03-26,MANDI031,Wheat,370.63
2026-03-26,MANDI032,Sugarcane,130.89
2026-03-26,MANDI035,Mustard,323.75
2026-03-26,MANDI035,Sugarcane,446.06
2026-03-26,MANDI036,Rice,122.08
2026-03-26,MANDI036,Sugarcane,482.06
2026-03-26,MANDI037,Cotton,164.65
2026-03-26,MANDI037,Mustard,345.13
2026-03-26,MANDI037,Rice,66.45
2026-03-26,MANDI038,Cotton,129.07
2026-03-26,MANDI040,Rice,223.03
2026-03-26,MANDI040,Wheat,455.84
2026-03-26,MANDI041,Rice,138.84
2026-03-26,MANDI042,Maize,109.91
2026-03-26,MANDI042,Rice,115.32
2026-03-26,MANDI044,Rice,308.37
2026-03-26,MANDI045,Maize,67.96
2026-03-26,MANDI046,Maize,492.18
2026-03-26,MANDI047,Cotton,379.53
2026-03-26,MANDI047,Maize,381.01
2026-03-26,MANDI047,Rice,42.46
2026-03-26,MANDI048,Mustard,560.79
2026-03-26,MANDI048,Narma,208.03
2026-03-26,MANDI050,Cotton,218.27
2026-03-26,MANDI050,Narma,108.05
2026-03-26,MANDI053,Cotton,458.2
2026-03-26,MANDI053,Rice,370.91
2026-03-26,MANDI054,Maize,573.57
2026-03-26,MANDI056,Cotton,197.74
2026-03-26,MANDI056,Maize,361.5
2026-03-26,MANDI057,Wheat,27.94
2026-03-27,MANDI001,Cotton,435.88
2026-03-27,MANDI001,Maize,429.77
2026-03-27,MANDI001,Sugarcane,462.84
2026-03-27,MANDI002,Narma,454.3
2026-03-27,MANDI002,Rice,124.34
2026-03-27,MANDI002,Sugarcane,163.84999999999997
2026-03-27,MANDI002,Wheat,492.27
2026-03-27,MANDI003,Wheat,206.98
2026-03-27,MANDI004,Cotton,432.95
2026-03-27,MANDI006,Maize,240.72
2026-03-27,MANDI006,Mustard,421.55
2026-03-27,MANDI007,Maize,197.27
2026-03-27,MANDI010,Maize,278.64
2026-03-27,MANDI010,Rice,53.98
2026-03-27,MANDI011,Sugarcane,108.84
2026-03-27,MANDI012,Maize,379.19
2026-03-27,MANDI012,Rice,627.1600000000001
2026-03-27,MANDI014,Mustard,196.57
2026-03-27,MANDI015,Wheat,386.51
2026-03-27,MANDI017,Rice,463.16
2026-03-27,MANDI017,Wheat,298.54
2026-03-27,MANDI018,Cotton,483.98
2026-03-27,MANDI019,Sugarcane,560.66
2026-03-27,MANDI021,Maize,68.41
2026-03-27,MANDI021,Rice,311.97
2026-03-27,MANDI021,Sugarcane,259.8
2026-03-27,MANDI022,Mustard,19.85
2026-03-27,MANDI022,Rice,314.24
2026-03-27,MANDI022,Wheat,260.89
2026-03-27,MANDI023,Sugarcane,300.66
2026-03-27,MANDI023,Wheat,238.31
2026-03-27,MANDI024,Rice,323.37
2026-03-27,MANDI024,Sugarcane,183.47000000000003
2026-03-27,MANDI026,Sugarcane,167.59999999999997
2026-03-27,MANDI028,Wheat,408.13
2026-03-27,MANDI029,Sugarcane,150.63
2026-03-27,MANDI030,Rice,111.45
2026-03-27,MANDI032,Cotton,224.08
2026-03-27,MANDI032,Rice,476.43
2026-03-27,MANDI034,Mustard,64.17
2026-03-27,MANDI034,Sugarcane,307.04
2026-03-27,MANDI035,Maize,175.92
2026-03-27,MANDI036,Mustard,61.29
2026-03-27,MANDI037,Cotton,383.55
2026-03-27,MANDI038,Mustard,73.68
2026-03-27,MANDI040,Sugarcane,213.91
2026-03-27,MANDI041,Maize,135.72
2026-03-27,MANDI041,Sugarcane,212.29
2026-03-27,MANDI042,Cotton,257.56
2026-03-27,MANDI043,Maize,158.54
2026-03-27,MANDI044,Maize,121.77
2026-03-27,MANDI044,Rice,159.43
2026-03-27,MANDI047,Maize,202.82999999999998
2026-03-27,MANDI047,Wheat,64.49
2026-03-27,MANDI048,Basmati,141.78
2026-03-27,MANDI049,Cotton,196.19
2026-03-27,MANDI052,Mustard,58.45
2026-03-27,MANDI053,Mustard,20.31
2026-03-27,MANDI053,Rice,397.64
2026-03-27,MANDI053,Sugarcane,341.61
2026-03-27,MANDI054,Wheat,45.71
2026-03-27,MANDI055,Mustard,161.79
2026-03-27,MANDI055,Sugarcane,295.05
2026-03-27,MANDI056,Maize,340.65
2026-03-27,MANDI057,Cotton,334.59
2026-03-27,MANDI057,Sugarcane,406.36
2026-03-28,MANDI001,Sugarcane,172.94
2026-03-28,MANDI003,Maize,206.0
2026-03-28,MANDI003,Rice,358.36
2026-03-28,MANDI005,Mustard,231.14
2026-03-28,MANDI005,Wheat,52.39
2026-03-28,MANDI006,Maize,356.35
2026-03-28,MANDI006,Mustard,484.1
2026-03-28,MANDI008,Mustard,667.71
2026-03-28,MANDI011,Wheat,463.99
2026-03-28,MANDI012,Basmati,150.32
2026-03-28,MANDI012,Cotton,79.68
2026-03-28,MANDI012,Mustard,75.24
2026-03-28,MANDI012,Rice,57.36
2026-03-28,MANDI014,Cotton,452.9
2026-03-28,MANDI015,Rice,426.03
2026-03-28,MANDI015,Sugarcane,105.21
2026-03-28,MANDI017,Cotton,203.87
2026-03-28,MANDI017,Sugarcane,337.67
2026-03-28,MANDI019,Narma,415.97
2026-03-28,MANDI019,Rice,117.89
2026-03-28,MANDI019,Wheat,243.31
2026-03-28,MANDI020,Mustard,240.02
2026-03-28,MANDI020,Rice,311.39
2026-03-28,MANDI022,Sugarcane,489.26
2026-03-28,MANDI027,Sugarcane,97.5
2026-03-28,MANDI028,Mustard,225.47
2026-03-28,MANDI029,Wheat,302.16
2026-03-28,MANDI031,Mustard,451.22
2026-03-28,MANDI032,Maize,199.91
2026-03-28,MANDI033,Rice,407.1
2026-03-28,MANDI034,Basmati,21.91
2026-03-28,MANDI035,Maize,468.72
2026-03-28,MANDI035,Sugarcane,578.31
2026-03-28,MANDI036,Cotton,780.98
2026-03-28,MANDI036,Mustard,253.45
2026-03-28,MANDI037,Sugarcane,403.25
2026-03-28,MANDI038,Mustard,282.47
2026-03-28,MANDI039,Wheat,197.64
2026-03-28,MANDI040,Rice,283.99
2026-03-28,MANDI040,Wheat,178.43
2026-03-28,MANDI041,Maize,120.41
2026-03-28,MANDI041,Rice,314.03
2026-03-28,MANDI041,Wheat,422.58
2026-03-28,MANDI042,Basmati,32.22
2026-03-28,MANDI043,Mustard,836.52
2026-03-28,MANDI043,Narma,373.29
2026-03-28,MANDI045,Maize,131.57
2026-03-28,MANDI047,Sugarcane,136.45
2026-03-28,MANDI048,Cotton,247.79
2026-03-28,MANDI049,Maize,428.35
2026-03-28,MANDI050,Maize,373.4
2026-03-28,MANDI050,Mustard,419.17
2026-03-28,MANDI050,Wheat,165.25
2026-03-28,MANDI051,Mustard,41.23
2026-03-28,MANDI054,Wheat,427.28
2026-03-28,MANDI055,Maize,20.89
2026-03-28,MANDI055,Mustard,411.11
2026-03-28,MANDI056,Cotton,308.21
2026-03-28,MANDI057,Maize,171.7
2026-03-29,MANDI001,Sugarcane,533.35
2026-03-29,MANDI002,Basmati,25.43
2026-03-29,MANDI003,Mustard,483.16
2026-03-29,MANDI005,Sugarcane,495.08
2026-03-29,MANDI006,Rice,89.07
2026-03-29,MANDI006,Sugarcane,784.51
2026-03-29,MANDI007,Rice,260.42
2026-03-29,MANDI008,Basmati,382.47
2026-03-29,MANDI009,Mustard,213.97
2026-03-29,MANDI010,Rice,384.34
2026-03-29,MANDI012,Mustard,457.18
2026-03-29,MANDI012,Sugarcane,359.88
2026-03-29,MANDI013,Cotton,129.65
2026-03-29,MANDI014,Rice,689.8100000000001
2026-03-29,MANDI015,Maize,286.48
2026-03-29,MANDI015,Rice,480.34
2026-03-29,MANDI016,Rice,205.79
2026-03-29,MANDI017,Mustard,22.66
2026-03-29,MANDI020,Maize,449.99
2026-03-29,MANDI020,Rice,136.2
2026-03-29,MANDI021,Maize,383.28
2026-03-29,MANDI021,Sugarcane,225.2
2026-03-29,MANDI022,Maize,95.7
2026-03-29,MANDI022,Mustard,357.68
2026-03-29,MANDI022,Wheat,354.29
2026-03-29,MANDI024,Wheat,64.05
2026-03-29,MANDI025,Maize,339.02
2026-03-29,MANDI026,Cotton,201.83
2026-03-29,MANDI026,Narma,354.65
2026-03-29,MANDI026,Rice,204.04
2026-03-29,MANDI026,Sugarcane,39.56
2026-03-29,MANDI028,Maize,404.58
2026-03-29,MANDI028,Sugarcane,47.79
2026-03-29,MANDI029,Sugarcane,195.01
2026-03-29,MANDI030,Sugarcane,120.17
2026-03-29,MANDI031,Sugarcane,248.64
2026-03-29,MANDI032,Cotton,67.55
2026-03-29,MANDI034,Mustard,53.230000000000004
2026-03-29,MANDI035,Maize,34.64
2026-03-29,MANDI035,Mustard,29.22
2026-03-29,MANDI035,Rice,466.11
2026-03-29,MANDI036,Rice,300.52
2026-03-29,MANDI036,Wheat,257.8
2026-03-29,MANDI037,Rice,36.67
2026-03-29,MANDI038,Cotton,450.25
2026-03-29,MANDI041,Mustard,349.07
2026-03-29,MANDI041,Rice,488.97
2026-03-29,MANDI042,Sugarcane,322.06000000000006
2026-03-29,MANDI042,Wheat,16.11
2026-03-29,MANDI043,Wheat,222.6
2026-03-29,MANDI044,Maize,77.71
2026-03-29,MANDI045,Rice,273.89
2026-03-29,MANDI046,Cotton,474.28
2026-03-29,MANDI046,Mustard,94.28
2026-03-29,MANDI049,Maize,167.63
2026-03-29,MANDI050,Rice,495.33
2026-03-29,MANDI050,Sugarcane,298.14
2026-03-29,MANDI051,Cotton,432.0500000000001
2026-03-29,MANDI052,Sugarcane,169.53
2026-03-29,MANDI053,Wheat,247.19
2026-03-29,MANDI055,Mustard,49.62
2026-03-29,MANDI057,Wheat,416.48
2026-03-30,MANDI001,Rice,479.24
2026-03-30,MANDI004,Cotton,327.99
2026-03-30,MANDI005,Basmati,75.82
2026-03-30,MANDI005,Cotton,200.73
2026-03-30,MANDI005,Narma,194.53
2026-03-30,MANDI007,Wheat,175.96
2026-03-30,MANDI008,Maize,205.15
2026-03-30,MANDI009,Maize,72.78
2026-03-30,MANDI010,Maize,285.18
2026-03-30,MANDI010,Wheat,383.09
2026-03-30,MANDI011,Wheat,104.79
2026-03-30,MANDI012,Maize,168.41
2026-03-30,MANDI013,Mustard,320.87
2026-03-30,MANDI013,Sugarcane,364.81
2026-03-30,MANDI015,Cotton,193.12
2026-03-30,MANDI015,Wheat,123.09
2026-03-30,MANDI016,Mustard,281.08
2026-03-30,MANDI017,Maize,173.18
2026-03-30,MANDI018,Mustard,94.85
2026-03-30,MANDI019,Mustard,487.88
2026-03-30,MANDI019,Sugarcane,445.55
2026-03-30,MANDI021,Maize,427.61
2026-03-30,MANDI021,Sugarcane,276.23
2026-03-30,MANDI022,Mustard,371.57
2026-03-30,MANDI022,Rice,65.28
2026-03-30,MANDI023,Basmati,130.98
2026-03-30,MANDI024,Cotton,565.22
2026-03-30,MANDI024,Rice,216.42
2026-03-30,MANDI025,Mustard,401.01
2026-03-30,MANDI027,Narma,172.06
2026-03-30,MANDI029,Basmati,415.54
2026-03-30,MANDI029,Mustard,169.74
2026-03-30,MANDI029,Rice,454.11
2026-03-30,MANDI030,Sugarcane,128.67
2026-03-30,MANDI031,Basmati,33.03
2026-03-30,MANDI031,Narma,52.68
2026-03-30,MANDI031,Rice,388.24
2026-03-30,MANDI032,Rice,49.97
2026-03-30,MANDI032,Sugarcane,67.68
2026-03-30,MANDI034,Mustard,95.51
2026-03-30,MANDI034,Wheat,88.15
2026-03-30,MANDI035,Mustard,564.51
2026-03-30,MANDI036,Maize,27.52
2026-03-30,MANDI036,Mustard,366.46
2026-03-30,MANDI036,Sugarcane,349.4
2026-03-30,MANDI039,Mustard,46.93
2026-03-30,MANDI039,Sugarcane,319.17
2026-03-30,MANDI040,Mustard,327.55
2026-03-30,MANDI041,Cotton,771.97
2026-03-30,MANDI041,Mustard,129.84
2026-03-30,MANDI041,Rice,125.72
2026-03-30,MANDI042,Basmati,132.08
2026-03-30,MANDI042,Maize,306.29
2026-03-30,MANDI045,Rice,283.21
2026-03-30,MANDI045,Sugarcane,136.01
2026-03-30,MANDI045,Wheat,197.56
2026-03-30,MANDI049,Rice,54.64
2026-03-30,MANDI049,Wheat,384.84
2026-03-30,MANDI050,Sugarcane,475.97
2026-03-30,MANDI052,Cotton,386.07
2026-03-30,MANDI052,Maize,228.37
2026-03-30,MANDI053,Cotton,111.95
2026-03-30,MANDI054,Sugarcane,284.09
2026-03-30,MANDI054,Wheat,412.88
2026-03-30,MANDI056,Sugarcane,29.48
2026-03-30,MANDI057,Wheat,223.43
2026-03-31,MANDI001,Maize,384.93
2026-03-31,MANDI001,Sugarcane,320.11
2026-03-31,MANDI003,Cotton,232.51
2026-03-31,MANDI003,Mustard,278.43
2026-03-31,MANDI003,Sugarcane,495.38
2026-03-31,MANDI004,Mustard,416.16
2026-03-31,MANDI005,Maize,43.97
2026-03-31,MANDI006,Mustard,245.41
2026-03-31,MANDI006,Wheat,145.56
2026-03-31,MANDI007,Narma,397.15
2026-03-31,MANDI008,Cotton,470.44
2026-03-31,MANDI008,Wheat,328.04
2026-03-31,MANDI010,Wheat,110.43
2026-03-31,MANDI012,Sugarcane,110.66
2026-03-31,MANDI014,Mustard,41.81
2026-03-31,MANDI014,Sugarcane,482.98
2026-03-31,MANDI015,Wheat,106.67
2026-03-31,MANDI016,Cotton,74.78
2026-03-31,MANDI016,Maize,305.14
2026-03-31,MANDI018,Maize,75.55
2026-03-31,MANDI019,Mustard,324.55
2026-03-31,MANDI019,Wheat,169.8
2026-03-31,MANDI022,Mustard,247.94
2026-03-31,MANDI022,Sugarcane,244.96
2026-03-31,MANDI023,Mustard,436.15
2026-03-31,MANDI024,Maize,260.21000000000004
2026-03-31,MANDI027,Cotton,273.13
2026-03-31,MANDI027,Rice,466.17
2026-03-31,MANDI027,Wheat,55.77
2026-03-31,MANDI028,Mustard,10.84
2026-03-31,MANDI028,Narma,226.28
2026-03-31,MANDI029,Cotton,474.09
2026-03-31,MANDI029,Mustard,631.26
2026-03-31,MANDI030,Maize,437.3
2026-03-31,MANDI031,Maize,496.87
2026-03-31,MANDI033,Wheat,192.99
2026-03-31,MANDI034,Cotton,157.75
2026-03-31,MANDI035,Cotton,112.97
2026-03-31,MANDI035,Maize,30.3
2026-03-31,MANDI036,Maize,417.71
2026-03-31,MANDI037,Rice,476.48
2026-03-31,MANDI038,Cotton,372.88
2026-03-31,MANDI038,Maize,483.54
2026-03-31,MANDI038,Rice,463.6
2026-03-31,MANDI039,Mustard,139.17
2026-03-31,MANDI039,Narma,198.7
2026-03-31,MANDI040,Maize,361.84
2026-03-31,MANDI040,Mustard,364.32
2026-03-31,MANDI041,Maize,458.42
2026-03-31,MANDI041,Mustard,247.74
2026-03-31,MANDI042,Cotton,144.23
2026-03-31,MANDI042,Maize,40.81
2026-03-31,MANDI042,Mustard,166.95
2026-03-31,MANDI042,Wheat,257.84
2026-03-31,MANDI043,Maize,164.57
2026-03-31,MANDI043,Mustard,356.69
2026-03-31,MANDI043,Sugarcane,447.1
2026-03-31,MANDI044,Rice,488.97
2026-03-31,MANDI046,Maize,477.88
2026-03-31,MANDI046,Sugarcane,409.45
2026-03-31,MANDI047,Wheat,68.46
2026-03-31,MANDI048,Sugarcane,384.1
2026-03-31,MANDI049,Sugarcane,119.93
2026-03-31,MANDI050,Basmati,160.39
2026-03-31,MANDI050,Wheat,169.54
2026-03-31,MANDI051,Maize,306.92
2026-03-31,MANDI052,Narma,457.74
2026-03-31,MANDI053,Mustard,269.49
2026-03-31,MANDI054,Cotton,102.84
2026-03-31,MANDI054,Maize,126.6
2026-03-31,MANDI055,Sugarcane,96.92
2026-03-31,MANDI056,Maize,340.7
2026-04-01,MANDI004,Maize,135.17
2026-04-01,MANDI004,Rice,374.63
2026-04-01,MANDI008,Cotton,220.52
2026-04-01,MANDI008,Sugarcane,60.12
2026-04-01,MANDI008,Wheat,38.83
2026-04-01,MANDI010,Maize,141.64
2026-04-01,MANDI011,Maize,377.11
2026-04-01,MANDI011,Rice,132.19
2026-04-01,MANDI013,Maize,169.61
2026-04-01,MANDI013,Mustard,63.8
2026-04-01,MANDI015,Sugarcane,261.53
2026-04-01,MANDI016,Cotton,94.27
2026-04-01,MANDI016,Mustard,324.37
2026-04-01,MANDI020,Mustard,707.39
2026-04-01,MANDI020,Rice,344.09
2026-04-01,MANDI021,Mustard,345.12
2026-04-01,MANDI021,Wheat,256.18
2026-04-01,MANDI022,Sugarcane,207.82
2026-04-01,MANDI023,Maize,400.99
2026-04-01,MANDI023,Mustard,104.95
2026-04-01,MANDI023,Rice,279.31
2026-04-01,MANDI024,Wheat,565.5699999999999
2026-04-01,MANDI026,Cotton,359.37
2026-04-01,MANDI026,Maize,328.51
2026-04-01,MANDI026,Mustard,459.33
2026-04-01,MANDI026,Sugarcane,263.68
2026-04-01,MANDI028,Mustard,351.9
2026-04-01,MANDI028,Rice,209.77
2026-04-01,MANDI029,Maize,127.06
2026-04-01,MANDI029,Wheat,92.05
2026-04-01,MANDI030,Maize,493.3
2026-04-01,MANDI035,Rice,381.88
2026-04-01,MANDI035,Wheat,361.52
2026-04-01,MANDI036,Mustard,393.23
2026-04-01,MANDI037,Rice,123.46
2026-04-01,MANDI038,Mustard,170.05
2026-04-01,MANDI039,Cotton,194.8
2026-04-01,MANDI039,Mustard,294.97
2026-04-01,MANDI039,Rice,410.31
2026-04-01,MANDI039,Sugarcane,350.04
2026-04-01,MANDI040,Cotton,266.39
2026-04-01,MANDI040,Rice,231.54
2026-04-01,MANDI041,Sugarcane,440.11
2026-04-01,MANDI042,Mustard,430.66
2026-04-01,MANDI043,Maize,451.1
2026-04-01,MANDI043,Mustard,292.29
2026-04-01,MANDI043,Rice,493.57
2026-04-01,MANDI044,Cotton,177.15
2026-04-01,MANDI044,Rice,166.57
2026-04-01,MANDI045,Rice,104.52
2026-04-01,MANDI046,Sugarcane,62.43
2026-04-01,MANDI047,Sugarcane,178.73
2026-04-01,MANDI049,Maize,593.95
2026-04-01,MANDI049,Mustard,476.13
2026-04-01,MANDI050,Maize,207.68
2026-04-01,MANDI051,Maize,271.77
2026-04-01,MANDI052,Maize,930.3
2026-04-01,MANDI052,Sugarcane,23.93
2026-04-01,MANDI054,Maize,282.66
2026-04-01,MANDI054,Rice,152.24
2026-04-02,MANDI001,Narma,338.35
2026-04-02,MANDI002,Cotton,10.5
2026-04-02,MANDI002,Sugarcane,36.56
2026-04-02,MANDI002,Wheat,55.82
2026-04-02,MANDI003,Maize,299.44
2026-04-02,MANDI003,Rice,110.81
2026-04-02,MANDI003,Sugarcane,123.79
2026-04-02,MANDI004,Mustard,153.03
2026-04-02,MANDI004,Wheat,403.86
2026-04-02,MANDI005,Cotton,72.85
2026-04-02,MANDI005,Mustard,96.53
2026-04-02,MANDI005,Rice,82.19
2026-04-02,MANDI006,Mustard,156.85
2026-04-02,MANDI007,Maize,370.93
2026-04-02,MANDI009,Rice,147.03
2026-04-02,MANDI010,Basmati,304.03
2026-04-02,MANDI010,Mustard,101.62
2026-04-02,MANDI011,Mustard,179.77
2026-04-02,MANDI011,Wheat,434.11
2026-04-02,MANDI012,Wheat,458.89
2026-04-02,MANDI013,Sugarcane,12.77
2026-04-02,MANDI013,Wheat,330.88
2026-04-02,MANDI015,Sugarcane,245.73
2026-04-02,MANDI016,Maize,42.220000000000006
2026-04-02,MANDI017,Cotton,111.78
2026-04-02,MANDI017,Mustard,248.53
2026-04-02,MANDI018,Wheat,58.38
2026-04-02,MANDI019,Maize,130.12
2026-04-02,MANDI019,Wheat,318.36
2026-04-02,MANDI020,Maize,109.47
2026-04-02,MANDI021,Mustard,860.96
2026-04-02,MANDI022,Mustard,225.41
2026-04-02,MANDI023,Sugarcane,165.23
2026-04-02,MANDI024,Rice,326.11
2026-04-02,MANDI025,Cotton,196.2
2026-04-02,MANDI028,Maize,344.79
2026-04-02,MANDI029,Maize,55.49
2026-04-02,MANDI030,Maize,315.89
2026-04-02,MANDI031,Cotton,16.89
2026-04-02,MANDI031,Maize,180.63
2026-04-02,MANDI031,Sugarcane,308.39
2026-04-02,MANDI033,Maize,350.88
2026-04-02,MANDI034,Maize,256.4
2026-04-02,MANDI034,Rice,135.42
2026-04-02,MANDI035,Maize,131.76999999999998
2026-04-02,MANDI038,Wheat,149.67000000000002
2026-04-02,MANDI040,Sugarcane,451.05
2026-04-02,MANDI041,Cotton,325.02
2026-04-02,MANDI042,Narma,93.15
2026-04-02,MANDI042,Wheat,139.45
2026-04-02,MANDI043,Sugarcane,454.63
2026-04-02,MANDI043,Wheat,247.18
2026-04-02,MANDI044,Mustard,497.01
2026-04-02,MANDI045,Wheat,373.44
2026-04-02,MANDI046,Maize,366.56
2026-04-02,MANDI047,Cotton,39.32
2026-04-02,MANDI047,Sugarcane,67.42
2026-04-02,MANDI048,Maize,470.81000000000006
2026-04-02,MANDI050,Narma,376.49
2026-04-02,MANDI051,Cotton,180.19
2026-04-02,MANDI051,Maize,419.31
2026-04-02,MANDI051,Sugarcane,863.2
2026-04-02,MANDI052,Maize,471.36
2026-04-02,MANDI054,Mustard,103.06
2026-04-02,MANDI054,Wheat,428.34
2026-04-02,MANDI055,Mustard,296.63
2026-04-02,MANDI056,Cotton,104.15
2026-04-02,MANDI056,Wheat,308.1
2026-04-02,MANDI057,Cotton,378.92
2026-04-02,MANDI057,Mustard,521.87
2026-04-02,MANDI057,Wheat,328.27
2026-04-03,MANDI001,Cotton,223.81
2026-04-03,MANDI001,Mustard,425.38
2026-04-03,MANDI002,Mustard,417.32
2026-04-03,MANDI003,Sugarcane,230.35
2026-04-03,MANDI008,Sugarcane,25.83
2026-04-03,MANDI009,Wheat,405.27
2026-04-03,MANDI011,Cotton,71.03
2026-04-03,MANDI012,Maize,702.17
2026-04-03,MANDI012,Rice,270.13
2026-04-03,MANDI012,Wheat,26.9
2026-04-03,MANDI014,Mustard,127.06
2026-04-03,MANDI014,Rice,94.33
2026-04-03,MANDI014,Sugarcane,85.96
2026-04-03,MANDI015,Rice,225.08000000000004
2026-04-03,MANDI016,Sugarcane,197.8
2026-04-03,MANDI017,Rice,210.81
2026-04-03,MANDI018,Wheat,455.27
2026-04-03,MANDI022,Cotton,213.21
2026-04-03,MANDI022,Sugarcane,496.52
2026-04-03,MANDI023,Mustard,486.7
2026-04-03,MANDI023,Sugarcane,138.46
2026-04-03,MANDI026,Maize,415.3
2026-04-03,MANDI026,Mustard,94.16
2026-04-03,MANDI026,Sugarcane,35.39
2026-04-03,MANDI029,Rice,68.02
2026-04-03,MANDI030,Narma,195.31
2026-04-03,MANDI030,Sugarcane,881.48
2026-04-03,MANDI030,Wheat,68.49
2026-04-03,MANDI033,Mustard,291.71
2026-04-03,MANDI033,Rice,113.4
2026-04-03,MANDI033,Sugarcane,463.14
2026-04-03,MANDI034,Mustard,375.2
2026-04-03,MANDI035,Mustard,153.87
2026-04-03,MANDI036,Cotton,487.07
2026-04-03,MANDI037,Rice,107.97
2026-04-03,MANDI037,Wheat,404.51
2026-04-03,MANDI038,Cotton,119.12
2026-04-03,MANDI039,Cotton,249.39
2026-04-03,MANDI039,Maize,436.43
2026-04-03,MANDI040,Maize,363.14
2026-04-03,MANDI040,Wheat,411.65
2026-04-03,MANDI041,Rice,190.77
2026-04-03,MANDI042,Rice,450.29
2026-04-03,MANDI042,Sugarcane,218.52
2026-04-03,MANDI043,Maize,283.14
2026-04-03,MANDI043,Rice,258.04
2026-04-03,MANDI044,Maize,53.67
2026-04-03,MANDI045,Mustard,144.53
2026-04-03,MANDI047,Cotton,197.86
2026-04-03,MANDI048,Sugarcane,34.5
2026-04-03,MANDI049,Wheat,491.86
2026-04-03,MANDI050,Cotton,313.79
2026-04-03,MANDI050,Sugarcane,427.23
2026-04-03,MANDI051,Cotton,221.87
2026-04-03,MANDI051,Rice,239.78000000000003
2026-04-03,MANDI052,Cotton,529.53
2026-04-03,MANDI052,Rice,57.73
2026-04-03,MANDI053,Mustard,850.3500000000001
2026-04-03,MANDI053,Sugarcane,839.71
2026-04-03,MANDI054,Rice,286.07
2026-04-03,MANDI056,Cotton,351.23
2026-04-04,MANDI001,Sugarcane,164.77
2026-04-04,MANDI002,Narma,154.13
2026-04-04,MANDI003,Mustard,143.04
2026-04-04,MANDI004,Mustard,71.61
2026-04-04,MANDI008,Rice,457.53
2026-04-04,MANDI008,Sugarcane,15.74
2026-04-04,MANDI010,Cotton,371.25
2026-04-04,MANDI011,Cotton,173.05
2026-04-04,MANDI011,Maize,484.39
2026-04-04,MANDI013,Rice,257.37
2026-04-04,MANDI014,Sugarcane,289.96
2026-04-04,MANDI015,Cotton,386.86
2026-04-04,MANDI015,Sugarcane,325.19
2026-04-04,MANDI016,Wheat,329.13
2026-04-04,MANDI017,Cotton,91.13
2026-04-04,MANDI017,Maize,336.41
2026-04-04,MANDI017,Narma,452.25
2026-04-04,MANDI017,Rice,261.73
2026-04-04,MANDI018,Rice,416.19
2026-04-04,MANDI018,Wheat,43.7
2026-04-04,MANDI020,Wheat,85.22999999999999
2026-04-04,MANDI022,Basmati,498.54
2026-04-04,MANDI023,Cotton,390.63
2026-04-04,MANDI024,Cotton,16.74
2026-04-04,MANDI024,Sugarcane,221.23
2026-04-04,MANDI025,Sugarcane,171.13
2026-04-04,MANDI026,Maize,113.01
2026-04-04,MANDI026,Mustard,232.87
2026-04-04,MANDI026,Rice,228.59
2026-04-04,MANDI026,Wheat,125.42
2026-04-04,MANDI027,Mustard,620.59
2026-04-04,MANDI027,Wheat,72.09
2026-04-04,MANDI028,Maize,360.86
2026-04-04,MANDI028,Mustard,446.91
2026-04-04,MANDI028,Rice,129.59
2026-04-04,MANDI029,Mustard,14.55
2026-04-04,MANDI030,Sugarcane,242.78
2026-04-04,MANDI031,Mustard,420.77
2026-04-04,MANDI033,Maize,356.15
2026-04-04,MANDI036,Cotton,33.86
2026-04-04,MANDI036,Wheat,231.18
2026-04-04,MANDI039,Maize,307.73
2026-04-04,MANDI042,Rice,257.86
2026-04-04,MANDI045,Cotton,26.83
2026-04-04,MANDI045,Maize,456.5
2026-04-04,MANDI045,Mustard,304.77
2026-04-04,MANDI047,Maize,47.83
2026-04-04,MANDI048,Wheat,701.63
2026-04-04,MANDI050,Sugarcane,239.63
2026-04-04,MANDI050,Wheat,202.32
2026-04-04,MANDI051,Mustard,190.04
2026-04-04,MANDI051,Rice,259.51
2026-04-04,MANDI053,Cotton,287.5
2026-04-04,MANDI053,Rice,271.33
2026-04-04,MANDI053,Wheat,45.6
2026-04-04,MANDI054,Basmati,295.86
2026-04-04,MANDI055,Maize,288.02
2026-04-04,MANDI055,Mustard,419.89
2026-04-04,MANDI055,Narma,159.16
2026-04-04,MANDI056,Cotton,215.74
2026-04-04,MANDI056,Mustard,21.19
2026-04-04,MANDI057,Cotton,133.77
2026-04-04,MANDI057,Maize,777.4300000000001
2026-04-05,MANDI001,Mustard,384.51
2026-04-05,MANDI001,Sugarcane,329.53000000000003
2026-04-05,MANDI003,Cotton,75.61
2026-04-05,MANDI003,Rice,212.24
2026-04-05,MANDI003,Wheat,275.95
2026-04-05,MANDI004,Cotton,427.13
2026-04-05,MANDI004,Rice,725.42
2026-04-05,MANDI005,Mustard,385.06
2026-04-05,MANDI007,Cotton,442.8
2026-04-05,MANDI009,Mustard,174.81
2026-04-05,MANDI009,Wheat,76.46
2026-04-05,MANDI011,Cotton,73.73
2026-04-05,MANDI012,Cotton,166.71
2026-04-05,MANDI012,Maize,312.57
2026-04-05,MANDI013,Maize,55.95
2026-04-05,MANDI015,Mustard,348.14
2026-04-05,MANDI016,Sugarcane,143.6
2026-04-05,MANDI018,Wheat,331.76
2026-04-05,MANDI020,Mustard,371.07
2026-04-05,MANDI021,Mustard,186.59
2026-04-05,MANDI022,Narma,182.27
2026-04-05,MANDI023,Cotton,79.66
2026-04-05,MANDI023,Mustard,392.45
2026-04-05,MANDI024,Sugarcane,20.31
2026-04-05,MANDI025,Cotton,336.38
2026-04-05,MANDI025,Maize,142.67
2026-04-05,MANDI026,Mustard,387.72
2026-04-05,MANDI029,Mustard,208.27
2026-04-05,MANDI030,Maize,352.06000000000006
2026-04-05,MANDI032,Mustard,415.87
2026-04-05,MANDI032,Rice,159.84
2026-04-05,MANDI033,Rice,1037.7
2026-04-05,MANDI033,Wheat,165.44
2026-04-05,MANDI034,Maize,358.47
2026-04-05,MANDI035,Basmati,353.55
2026-04-05,MANDI035,Maize,182.71
2026-04-05,MANDI035,Rice,248.11
2026-04-05,MANDI036,Cotton,383.64000000000004
2026-04-05,MANDI036,Mustard,45.84
2026-04-05,MANDI036,Sugarcane,10.47
2026-04-05,MANDI036,Wheat,351.75
2026-04-05,MANDI037,Sugarcane,484.67
2026-04-05,MANDI039,Cotton,68.83
2026-04-05,MANDI039,Wheat,425.56
2026-04-05,MANDI040,Maize,133.64
2026-04-05,MANDI040,Mustard,265.77
2026-04-05,MANDI041,Rice,419.64
2026-04-05,MANDI045,Cotton,264.03
2026-04-05,MANDI047,Rice,430.78
2026-04-05,MANDI047,Wheat,451.45
2026-04-05,MANDI048,Maize,401.22
2026-04-05,MANDI049,Mustard,123.41
2026-04-05,MANDI051,Maize,236.99
2026-04-05,MANDI051,Narma,136.21
2026-04-05,MANDI051,Sugarcane,356.16
2026-04-05,MANDI052,Sugarcane,448.95
2026-04-05,MANDI053,Wheat,247.91
2026-04-05,MANDI054,Rice,291.3
2026-04-05,MANDI054,Sugarcane,209.71
2026-04-05,MANDI055,Maize,290.43
2026-04-05,MANDI055,Mustard,232.41
2026-04-05,MANDI056,Wheat,414.69
2026-04-05,MANDI057,Mustard,421.27
2026-04-05,MANDI057,Rice,319.07
2026-04-06,MANDI001,Cotton,156.02
2026-04-06,MANDI001,Mustard,475.95
2026-04-06,MANDI001,Rice,194.37
2026-04-06,MANDI002,Cotton,22.480000000000004
2026-04-06,MANDI002,Mustard,602.5
2026-04-06,MANDI004,Rice,319.56
2026-04-06,MANDI006,Mustard,23.26
2026-04-06,MANDI006,Rice,317.32
2026-04-06,MANDI007,Maize,185.35
2026-04-06,MANDI007,Mustard,71.97
2026-04-06,MANDI007,Rice,410.17
2026-04-06,MANDI007,Sugarcane,400.89
2026-04-06,MANDI009,Cotton,158.04
2026-04-06,MANDI009,Rice,94.87
2026-04-06,MANDI010,Mustard,287.96
2026-04-06,MANDI011,Narma,304.11
2026-04-06,MANDI012,Basmati,364.98
2026-04-06,MANDI013,Cotton,242.71
2026-04-06,MANDI013,Sugarcane,96.12
2026-04-06,MANDI014,Mustard,554.83
2026-04-06,MANDI014,Sugarcane,146.57
2026-04-06,MANDI014,Wheat,253.51999999999998
2026-04-06,MANDI015,Cotton,437.44
2026-04-06,MANDI015,Mustard,84.84
2026-04-06,MANDI016,Mustard,417.62
2026-04-06,MANDI016,Narma,205.42
2026-04-06,MANDI016,Rice,176.54
2026-04-06,MANDI016,Sugarcane,38.05
2026-04-06,MANDI018,Maize,211.71
2026-04-06,MANDI018,Mustard,350.96
2026-04-06,MANDI019,Maize,456.62
2026-04-06,MANDI019,Narma,453.01
2026-04-06,MANDI021,Mustard,234.68
2026-04-06,MANDI023,Cotton,250.24
2026-04-06,MANDI023,Mustard,472.2
2026-04-06,MANDI025,Cotton,479.28
2026-04-06,MANDI026,Mustard,383.18
2026-04-06,MANDI026,Sugarcane,320.22
2026-04-06,MANDI026,Wheat,849.83
2026-04-06,MANDI027,Rice,242.12
2026-04-06,MANDI028,Cotton,467.88
2026-04-06,MANDI028,Mustard,40.63
2026-04-06,MANDI030,Rice,372.01
2026-04-06,MANDI031,Wheat,89.65
2026-04-06,MANDI032,Cotton,14.39
2026-04-06,MANDI032,Mustard,794.86
2026-04-06,MANDI032,Wheat,17.41
2026-04-06,MANDI034,Rice,235.48
2026-04-06,MANDI035,Maize,331.02
2026-04-06,MANDI036,Cotton,480.61
2026-04-06,MANDI036,Mustard,287.8
2026-04-06,MANDI036,Rice,455.48
2026-04-06,MANDI037,Cotton,244.89
2026-04-06,MANDI037,Wheat,128.02
2026-04-06,MANDI039,Basmati,76.54
2026-04-06,MANDI039,Maize,134.05
2026-04-06,MANDI039,Rice,411.45
2026-04-06,MANDI039,Sugarcane,351.28
2026-04-06,MANDI039,Wheat,340.4
2026-04-06,MANDI040,Narma,380.12
2026-04-06,MANDI040,Sugarcane,114.66
2026-04-06,MANDI040,Wheat,459.21
2026-04-06,MANDI042,Wheat,338.56
2026-04-06,MANDI043,Cotton,334.33
2026-04-06,MANDI045,Wheat,51.64
2026-04-06,MANDI046,Rice,351.22
2026-04-06,MANDI048,Mustard,137.97
2026-04-06,MANDI049,Narma,483.54
2026-04-06,MANDI049,Wheat,39.81
2026-04-06,MANDI051,Sugarcane,218.72
2026-04-06,MANDI052,Cotton,478.33000000000004
2026-04-06,MANDI052,Mustard,35.57
2026-04-06,MANDI052,Sugarcane,370.72
2026-04-06,MANDI055,Wheat,427.65
2026-04-06,MANDI057,Mustard,385.54
2026-04-07,MANDI002,Narma,449.9
2026-04-07,MANDI002,Rice,117.13000000000001
2026-04-07,MANDI004,Basmati,340.3
2026-04-07,MANDI004,Maize,367.78999999999996
2026-04-07,MANDI004,Sugarcane,29.2
2026-04-07,MANDI005,Maize,312.71
2026-04-07,MANDI005,Rice,301.85
2026-04-07,MANDI006,Rice,373.76
2026-04-07,MANDI007,Rice,269.92
2026-04-07,MANDI007,Sugarcane,172.64
2026-04-07,MANDI010,Rice,93.5
2026-04-07,MANDI011,Wheat,393.01
2026-04-07,MANDI012,Maize,348.88
2026-04-07,MANDI012,Rice,411.82
2026-04-07,MANDI012,Wheat,461.99
2026-04-07,MANDI013,Rice,341.43
2026-04-07,MANDI014,Mustard,504.35999999999996
2026-04-07,MANDI016,Sugarcane,425.76
2026-04-07,MANDI017,Rice,30.92
2026-04-07,MANDI018,Cotton,154.74
2026-04-07,MANDI018,Maize,388.25
2026-04-07,MANDI018,Mustard,287.58
2026-04-07,MANDI018,Narma,218.88
2026-04-07,MANDI019,Maize,468.75
2026-04-07,MANDI020,Cotton,268.45
2026-04-07,MANDI021,Cotton,11.2
2026-04-07,MANDI021,Mustard,329.75
2026-04-07,MANDI023,Maize,94.71
2026-04-07,MANDI024,Rice,1031.3700000000001
2026-04-07,MANDI025,Sugarcane,399.0
2026-04-07,MANDI025,Wheat,34.48
2026-04-07,MANDI026,Narma,351.21
2026-04-07,MANDI027,Narma,452.97
2026-04-07,MANDI027,Rice,196.6
2026-04-07,MANDI028,Mustard,629.9200000000001
2026-04-07,MANDI029,Sugarcane,71.57
2026-04-07,MANDI030,Cotton,884.61
2026-04-07,MANDI030,Maize,90.7
2026-04-07,MANDI031,Sugarcane,303.14
2026-04-07,MANDI032,Cotton,36.21
2026-04-07,MANDI033,Cotton,398.54
2026-04-07,MANDI033,Mustard,82.39
2026-04-07,MANDI035,Narma,326.0
2026-04-07,MANDI035,Rice,306.84
2026-04-07,MANDI035,Sugarcane,329.61
2026-04-07,MANDI036,Maize,488.1
2026-04-07,MANDI036,Rice,302.27
2026-04-07,MANDI036,Sugarcane,237.03
2026-04-07,MANDI036,Wheat,305.39
2026-04-07,MANDI037,Maize,420.77
2026-04-07,MANDI040,Sugarcane,437.84
2026-04-07,MANDI040,Wheat,230.94
2026-04-07,MANDI041,Mustard,338.29
2026-04-07,MANDI042,Cotton,131.89
2026-04-07,MANDI042,Maize,368.34
2026-04-07,MANDI043,Maize,117.17
2026-04-07,MANDI044,Cotton,231.3
2026-04-07,MANDI044,Rice,435.42
2026-04-07,MANDI045,Basmati,419.51
2026-04-07,MANDI045,Wheat,399.97
2026-04-07,MANDI046,Maize,409.09
2026-04-07,MANDI046,Mustard,182.67
2026-04-07,MANDI046,Rice,194.73
2026-04-07,MANDI046,Sugarcane,253.53
2026-04-07,MANDI046,Wheat,130.41
2026-04-07,MANDI049,Rice,407.21
2026-04-07,MANDI049,Wheat,226.26
2026-04-07,MANDI050,Sugarcane,421.41
2026-04-07,MANDI051,Mustard,502.78
2026-04-07,MANDI053,Mustard,329.64
2026-04-07,MANDI053,Wheat,401.93000000000006
2026-04-07,MANDI054,Wheat,63.36
2026-04-07,MANDI055,Rice,145.72
2026-04-07,MANDI057,Mustard,356.85
2026-04-08,MANDI001,Mustard,12.09
2026-04-08,MANDI001,Sugarcane,474.55
2026-04-08,MANDI003,Wheat,441.99
2026-04-08,MANDI006,Cotton,165.4
2026-04-08,MANDI006,Sugarcane,386.8200000000001
2026-04-08,MANDI007,Maize,321.08
2026-04-08,MANDI008,Cotton,61.26
2026-04-08,MANDI008,Mustard,53.25
2026-04-08,MANDI008,Wheat,312.88
2026-04-08,MANDI009,Maize,23.67
2026-04-08,MANDI009,Mustard,210.51
2026-04-08,MANDI011,Rice,344.18
2026-04-08,MANDI012,Sugarcane,116.53
2026-04-08,MANDI014,Basmati,22.91
2026-04-08,MANDI014,Mustard,239.0
2026-04-08,MANDI015,Wheat,301.01
2026-04-08,MANDI017,Basmati,44.86
2026-04-08,MANDI018,Cotton,325.61
2026-04-08,MANDI019,Mustard,559.39
2026-04-08,MANDI019,Rice,184.87
2026-04-08,MANDI019,Wheat,499.0
2026-04-08,MANDI020,Maize,574.15
2026-04-08,MANDI021,Cotton,315.26
2026-04-08,MANDI021,Rice,359.74
2026-04-08,MANDI021,Sugarcane,26.260000000000005
2026-04-08,MANDI022,Sugarcane,249.27
2026-04-08,MANDI025,Maize,107.51
2026-04-08,MANDI025,Mustard,151.91
2026-04-08,MANDI025,Narma,389.7
2026-04-08,MANDI030,Maize,158.95
2026-04-08,MANDI032,Wheat,253.2
2026-04-08,MANDI034,Cotton,476.26
2026-04-08,MANDI035,Cotton,300.03
2026-04-08,MANDI035,Maize,135.39999999999998
2026-04-08,MANDI035,Sugarcane,96.4
2026-04-08,MANDI036,Wheat,284.64
2026-04-08,MANDI038,Maize,254.77
2026-04-08,MANDI040,Maize,256.68
2026-04-08,MANDI040,Wheat,189.91000000000003
2026-04-08,MANDI041,Rice,421.51
2026-04-08,MANDI042,Wheat,283.5
2026-04-08,MANDI043,Wheat,233.73
2026-04-08,MANDI044,Cotton,320.89
2026-04-08,MANDI044,Sugarcane,256.66
2026-04-08,MANDI045,Mustard,366.07
2026-04-08,MANDI045,Wheat,159.1
2026-04-08,MANDI049,Rice,132.63
2026-04-08,MANDI049,Sugarcane,126.82
2026-04-08,MANDI051,Maize,208.45
2026-04-08,MANDI051,Wheat,221.02
2026-04-08,MANDI052,Rice,129.88
2026-04-08,MANDI053,Cotton,16.0
2026-04-08,MANDI053,Maize,495.59
2026-04-08,MANDI053,Sugarcane,21.67
2026-04-08,MANDI055,Wheat,254.2
2026-04-08,MANDI057,Sugarcane,658.7
2026-04-09,MANDI001,Wheat,325.44
2026-04-09,MANDI002,Sugarcane,271.32
2026-04-09,MANDI003,Cotton,407.33
2026-04-09,MANDI003,Rice,74.83
2026-04-09,MANDI004,Maize,931.92
2026-04-09,MANDI004,Wheat,391.75
2026-04-09,MANDI006,Maize,124.24
2026-04-09,MANDI006,Sugarcane,477.64
2026-04-09,MANDI007,Mustard,378.14
2026-04-09,MANDI008,Maize,396.96
2026-04-09,MANDI008,Mustard,322.97
2026-04-09,MANDI009,Maize,15.59
2026-04-09,MANDI011,Sugarcane,92.16
2026-04-09,MANDI012,Cotton,280.27
2026-04-09,MANDI012,Mustard,446.2
2026-04-09,MANDI014,Sugarcane,85.76
2026-04-09,MANDI015,Rice,268.54
2026-04-09,MANDI016,Cotton,305.31
2026-04-09,MANDI017,Narma,299.95
2026-04-09,MANDI017,Rice,149.63
2026-04-09,MANDI017,Sugarcane,495.05
2026-04-09,MANDI019,Maize,430.22
2026-04-09,MANDI021,Sugarcane,112.51
2026-04-09,MANDI021,Wheat,423.53
2026-04-09,MANDI022,Sugarcane,35.32
2026-04-09,MANDI024,Maize,525.41
2026-04-09,MANDI024,Sugarcane,456.24
2026-04-09,MANDI025,Wheat,148.03
2026-04-09,MANDI026,Sugarcane,419.57
2026-04-09,MANDI028,Rice,348.21
2026-04-09,MANDI029,Cotton,272.15
2026-04-09,MANDI029,Maize,399.21
2026-04-09,MANDI032,Cotton,189.52
2026-04-09,MANDI034,Maize,265.66
2026-04-09,MANDI034,Mustard,81.66
2026-04-09,MANDI034,Sugarcane,466.5
2026-04-09,MANDI035,Sugarcane,431.95
2026-04-09,MANDI036,Cotton,291.0
2026-04-09,MANDI037,Mustard,286.77
2026-04-09,MANDI037,Rice,438.93
2026-04-09,MANDI037,Sugarcane,762.37
2026-04-09,MANDI038,Cotton,356.48
2026-04-09,MANDI039,Wheat,512.19
2026-04-09,MANDI040,Maize,119.06
2026-04-09,MANDI041,Rice,102.7
2026-04-09,MANDI041,Wheat,261.31
2026-04-09,MANDI042,Mustard,303.36
2026-04-09,MANDI044,Cotton,193.3
2026-04-09,MANDI044,Mustard,122.27
2026-04-09,MANDI044,Rice,395.4
2026-04-09,MANDI044,Sugarcane,303.82
2026-04-09,MANDI045,Rice,496.24
2026-04-09,MANDI045,Wheat,333.23
2026-04-09,MANDI047,Maize,682.98
2026-04-09,MANDI047,Mustard,166.25
2026-04-09,MANDI048,Mustard,397.88
2026-04-09,MANDI048,Sugarcane,255.59
2026-04-09,MANDI049,Sugarcane,304.19
2026-04-09,MANDI049,Wheat,100.4
2026-04-09,MANDI051,Cotton,309.27
2026-04-09,MANDI052,Rice,192.44
2026-04-09,MANDI053,Maize,342.57
2026-04-09,MANDI053,Sugarcane,187.35
2026-04-09,MANDI054,Maize,302.32
2026-04-09,MANDI054,Sugarcane,234.13
2026-04-09,MANDI055,Maize,213.58
2026-04-09,MANDI057,Cotton,229.27
2026-04-09,MANDI057,Maize,447.34
2026-04-09,MANDI057,Sugarcane,49.47
2026-04-09,MANDI057,Wheat,452.86
2026-04-10,MANDI003,Sugarcane,104.68
2026-04-10,MANDI005,Maize,68.79
2026-04-10,MANDI005,Mustard,419.02
2026-04-10,MANDI006,Rice,87.32
2026-04-10,MANDI007,Mustard,318.57
2026-04-10,MANDI008,Maize,82.61
2026-04-10,MANDI008,Wheat,214.0
2026-04-10,MANDI010,Wheat,206.23
2026-04-10,MANDI011,Sugarcane,438.78
2026-04-10,MANDI015,Maize,447.61
2026-04-10,MANDI018,Mustard,149.12
2026-04-10,MANDI019,Maize,233.67
2026-04-10,MANDI021,Maize,117.74
2026-04-10,MANDI022,Cotton,106.04
2026-04-10,MANDI023,Cotton,468.29
2026-04-10,MANDI027,Cotton,267.8
2026-04-10,MANDI029,Maize,26.18
2026-04-10,MANDI032,Sugarcane,410.33
2026-04-10,MANDI034,Maize,491.26
2026-04-10,MANDI035,Rice,364.65
2026-04-10,MANDI036,Mustard,351.13
2026-04-10,MANDI037,Mustard,293.74
2026-04-10,MANDI037,Narma,320.71
2026-04-10,MANDI037,Sugarcane,421.98
2026-04-10,MANDI038,Mustard,55.46
2026-04-10,MANDI040,Maize,401.99
2026-04-10,MANDI043,Narma,134.57
2026-04-10,MANDI044,Mustard,340.9
2026-04-10,MANDI050,Cotton,580.77
2026-04-10,MANDI050,Wheat,285.82
2026-04-10,MANDI052,Mustard,320.81000000000006
2026-04-11,MANDI005,Cotton,140.29
2026-04-11,MANDI006,Cotton,138.02
2026-04-11,MANDI007,Cotton,114.73
2026-04-11,MANDI007,Rice,328.34
2026-04-11,MANDI007,Sugarcane,121.39
2026-04-11,MANDI008,Sugarcane,305.49
2026-04-11,MANDI009,Sugarcane,182.64
2026-04-11,MANDI010,Mustard,361.18
2026-04-11,MANDI012,Cotton,442.61
2026-04-11,MANDI012,Wheat,43.45
2026-04-11,MANDI016,Maize,99.55
2026-04-11,MANDI016,Mustard,402.02
2026-04-11,MANDI017,Cotton,116.59
2026-04-11,MANDI019,Wheat,262.29
2026-04-11,MANDI021,Rice,427.69
2026-04-11,MANDI022,Cotton,194.22
2026-04-11,MANDI022,Rice,209.91
2026-04-11,MANDI022,Sugarcane,194.66
2026-04-11,MANDI031,Maize,354.25
2026-04-11,MANDI032,Cotton,329.32000000000005
2026-04-11,MANDI032,Narma,207.28
2026-04-11,MANDI033,Wheat,158.51000000000002
2026-04-11,MANDI034,Rice,364.43
2026-04-11,MANDI037,Maize,240.09
2026-04-11,MANDI041,Basmati,281.63
2026-04-11,MANDI041,Rice,81.26
2026-04-11,MANDI043,Maize,298.72
2026-04-11,MANDI043,Sugarcane,279.19
2026-04-11,MANDI044,Maize,482.93
2026-04-11,MANDI044,Wheat,179.31
2026-04-11,MANDI049,Rice,660.1999999999999
2026-04-11,MANDI054,Sugarcane,152.11
2026-04-11,MANDI055,Maize,152.19
2026-04-11,MANDI056,Maize,189.78
2026-04-11,MANDI056,Mustard,406.02
2026-04-12,MANDI002,Wheat,201.51
2026-04-12,MANDI005,Mustard,130.06
2026-04-12,MANDI006,Sugarcane,522.39
2026-04-12,MANDI007,Cotton,36.21
2026-04-12,MANDI007,Rice,23.84
2026-04-12,MANDI008,Rice,362.87
2026-04-12,MANDI009,Mustard,477.3
2026-04-12,MANDI010,Cotton,158.09
2026-04-12,MANDI011,Maize,491.05
2026-04-12,MANDI011,Sugarcane,86.54
2026-04-12,MANDI012,Maize,427.71
2026-04-12,MANDI013,Rice,638.98
2026-04-12,MANDI014,Maize,36.46
2026-04-12,MANDI018,Wheat,456.16
2026-04-12,MANDI019,Wheat,191.29
2026-04-12,MANDI020,Sugarcane,388.47
2026-04-12,MANDI022,Maize,241.95
2026-04-12,MANDI024,Maize,165.63
2026-04-12,MANDI025,Mustard,249.12
2026-04-12,MANDI026,Wheat,176.09
2026-04-12,MANDI027,Basmati,387.58
2026-04-12,MANDI027,Maize,238.5
2026-04-12,MANDI028,Sugarcane,20.45
2026-04-12,MANDI029,Mustard,276.59
2026-04-12,MANDI029,Sugarcane,217.55
2026-04-12,MANDI030,Maize,350.13
2026-04-12,MANDI031,Sugarcane,309.19
2026-04-12,MANDI033,Wheat,66.38
2026-04-12,MANDI034,Wheat,417.41
2026-04-12,MANDI036,Sugarcane,234.41
2026-04-12,MANDI041,Narma,421.65
2026-04-12,MANDI044,Sugarcane,485.15
2026-04-12,MANDI045,Mustard,73.06
2026-04-12,MANDI046,Basmati,161.48
2026-04-12,MANDI048,Rice,115.48
2026-04-12,MANDI051,Mustard,238.9
2026-04-12,MANDI052,Cotton,304.81
2026-04-12,MANDI053,Sugarcane,219.55
2026-04-12,MANDI055,Wheat,113.52
2026-04-13,MANDI002,Mustard,317.03
2026-04-13,MANDI002,Sugarcane,253.45
2026-04-13,MANDI003,Cotton,481.78
2026-04-13,MANDI003,Maize,52.08
2026-04-13,MANDI003,Mustard,403.57
2026-04-13,MANDI003,Rice,214.12
2026-04-13,MANDI004,Mustard,477.85
2026-04-13,MANDI005,Rice,477.05
2026-04-13,MANDI006,Cotton,736.12
2026-04-13,MANDI008,Sugarcane,290.12
2026-04-13,MANDI009,Maize,55.57000000000001
2026-04-13,MANDI010,Rice,374.4
2026-04-13,MANDI011,Cotton,162.08
2026-04-13,MANDI011,Sugarcane,362.72
2026-04-13,MANDI013,Mustard,58.11999999999999
2026-04-13,MANDI015,Rice,71.26
2026-04-13,MANDI015,Sugarcane,1087.97
2026-04-13,MANDI016,Mustard,386.74
2026-04-13,MANDI017,Sugarcane,161.26
2026-04-13,MANDI017,Wheat,437.9500000000001
2026-04-13,MANDI019,Basmati,33.87
2026-04-13,MANDI019,Maize,193.04
2026-04-13,MANDI021,Cotton,259.95
2026-04-13,MANDI021,Mustard,372.49
2026-04-13,MANDI022,Maize,262.27
2026-04-13,MANDI022,Rice,155.95
2026-04-13,MANDI023,Mustard,170.57
2026-04-13,MANDI024,Cotton,572.26
2026-04-13,MANDI024,Mustard,323.27
2026-04-13,MANDI024,Rice,352.77
2026-04-13,MANDI024,Wheat,484.09
2026-04-13,MANDI025,Rice,442.35
2026-04-13,MANDI026,Maize,340.79
2026-04-13,MANDI026,Sugarcane,214.88
2026-04-13,MANDI027,Cotton,175.38
2026-04-13,MANDI027,Mustard,422.37
2026-04-13,MANDI028,Mustard,60.38
2026-04-13,MANDI030,Rice,136.08
2026-04-13,MANDI031,Maize,425.08
2026-04-13,MANDI032,Sugarcane,34.79
2026-04-13,MANDI033,Mustard,11.8
2026-04-13,MANDI035,Cotton,405.73
2026-04-13,MANDI035,Mustard,973.3
2026-04-13,MANDI036,Mustard,277.69
2026-04-13,MANDI037,Rice,43.4
2026-04-13,MANDI039,Maize,38.95
2026-04-13,MANDI039,Rice,31.09
2026-04-13,MANDI040,Cotton,27.33
2026-04-13,MANDI040,Rice,846.56
2026-04-13,MANDI042,Basmati,207.04
2026-04-13,MANDI042,Wheat,253.26
2026-04-13,MANDI044,Cotton,210.9
2026-04-13,MANDI045,Mustard,316.78000000000003
2026-04-13,MANDI046,Cotton,373.99
2026-04-13,MANDI046,Maize,43.75
2026-04-13,MANDI046,Mustard,51.9
2026-04-13,MANDI047,Cotton,323.77
2026-04-13,MANDI047,Maize,249.84
2026-04-13,MANDI048,Cotton,429.54
2026-04-13,MANDI048,Sugarcane,372.25
2026-04-13,MANDI050,Cotton,364.75
2026-04-13,MANDI050,Rice,21.44
2026-04-13,MANDI050,Wheat,223.82
2026-04-13,MANDI051,Cotton,30.41
2026-04-13,MANDI051,Sugarcane,182.35
2026-04-13,MANDI052,Maize,66.99
2026-04-13,MANDI053,Maize,394.18
2026-04-13,MANDI053,Wheat,371.63
2026-04-13,MANDI055,Cotton,107.64
2026-04-13,MANDI055,Maize,422.87
2026-04-13,MANDI055,Rice,45.96
2026-04-14,MANDI001,Maize,400.76
2026-04-14,MANDI001,Mustard,24.75
2026-04-14,MANDI001,Rice,424.21
2026-04-14,MANDI002,Mustard,258.02
2026-04-14,MANDI003,Maize,534.63
2026-04-14,MANDI005,Mustard,283.51
2026-04-14,MANDI005,Wheat,387.94
2026-04-14,MANDI006,Wheat,338.88
2026-04-14,MANDI007,Sugarcane,358.48
2026-04-14,MANDI009,Basmati,166.63
2026-04-14,MANDI009,Wheat,307.16
2026-04-14,MANDI010,Mustard,301.15
2026-04-14,MANDI010,Wheat,249.66000000000005
2026-04-14,MANDI011,Cotton,320.17
2026-04-14,MANDI011,Maize,181.15
2026-04-14,MANDI012,Mustard,44.52
2026-04-14,MANDI012,Wheat,422.44
2026-04-14,MANDI013,Rice,224.87
2026-04-14,MANDI013,Sugarcane,400.62
2026-04-14,MANDI015,Rice,33.73
2026-04-14,MANDI016,Mustard,11.0
2026-04-14,MANDI017,Maize,12.64
2026-04-14,MANDI017,Mustard,325.17
2026-04-14,MANDI019,Maize,48.11
2026-04-14,MANDI020,Wheat,188.72
2026-04-14,MANDI021,Narma,225.92
2026-04-14,MANDI022,Maize,417.26
2026-04-14,MANDI022,Rice,68.27
2026-04-14,MANDI024,Wheat,28.3
2026-04-14,MANDI025,Cotton,53.39
2026-04-14,MANDI025,Sugarcane,192.79
2026-04-14,MANDI026,Cotton,834.95
2026-04-14,MANDI027,Mustard,85.13
2026-04-14,MANDI029,Maize,443.66
2026-04-14,MANDI030,Mustard,161.66
2026-04-14,MANDI030,Wheat,379.61
2026-04-14,MANDI032,Cotton,179.81
2026-04-14,MANDI032,Sugarcane,74.0
2026-04-14,MANDI033,Mustard,595.16
2026-04-14,MANDI033,Rice,92.79
2026-04-14,MANDI035,Mustard,378.66
2026-04-14,MANDI036,Mustard,345.46
2026-04-14,MANDI036,Narma,433.25
2026-04-14,MANDI037,Maize,482.03
2026-04-14,MANDI038,Mustard,444.21
2026-04-14,MANDI039,Rice,149.2
2026-04-14,MANDI040,Narma,105.62
2026-04-14,MANDI041,Narma,107.63
2026-04-14,MANDI042,Sugarcane,89.11
2026-04-14,MANDI042,Wheat,126.75
2026-04-14,MANDI043,Maize,326.56
2026-04-14,MANDI043,Rice,87.57
2026-04-14,MANDI044,Rice,189.62
2026-04-14,MANDI044,Sugarcane,424.62
2026-04-14,MANDI045,Rice,392.2
2026-04-14,MANDI046,Mustard,457.9
2026-04-14,MANDI046,Narma,67.3
2026-04-14,MANDI046,Rice,373.44
2026-04-14,MANDI046,Sugarcane,260.27
2026-04-14,MANDI048,Maize,155.73
2026-04-14,MANDI049,Cotton,249.64
2026-04-14,MANDI049,Maize,265.97
2026-04-14,MANDI049,Rice,69.38
2026-04-14,MANDI049,Sugarcane,179.96
2026-04-14,MANDI050,Mustard,370.79999999999995
2026-04-14,MANDI050,Sugarcane,30.68
2026-04-14,MANDI051,Cotton,243.49
2026-04-14,MANDI051,Mustard,289.11
2026-04-14,MANDI051,Wheat,322.66
2026-04-14,MANDI053,Cotton,265.58
2026-04-14,MANDI054,Narma,308.64
2026-04-14,MANDI054,Rice,375.81
2026-04-14,MANDI055,Sugarcane,197.39
2026-04-14,MANDI056,Narma,468.4
2026-04-14,MANDI057,Basmati,325.94
2026-04-14,MANDI057,Sugarcane,492.25
2026-04-15,MANDI001,Mustard,462.15
2026-04-15,MANDI001,Rice,340.5
2026-04-15,MANDI002,Maize,140.98
2026-04-15,MANDI002,Sugarcane,120.85
2026-04-15,MANDI003,Wheat,166.1
2026-04-15,MANDI005,Rice,350.27
2026-04-15,MANDI006,Rice,85.28
2026-04-15,MANDI007,Maize,130.85000000000002
2026-04-15,MANDI008,Maize,203.53
2026-04-15,MANDI009,Sugarcane,429.51
2026-04-15,MANDI011,Maize,322.37
2026-04-15,MANDI012,Mustard,309.83
2026-04-15,MANDI012,Rice,834.74
2026-04-15,MANDI012,Sugarcane,270.77
2026-04-15,MANDI012,Wheat,384.9
2026-04-15,MANDI013,Maize,438.12
2026-04-15,MANDI013,Rice,270.32
2026-04-15,MANDI013,Sugarcane,15.01
2026-04-15,MANDI014,Maize,427.1
2026-04-15,MANDI014,Mustard,414.49
2026-04-15,MANDI014,Wheat,51.57
2026-04-15,MANDI016,Mustard,333.31000000000006
2026-04-15,MANDI017,Maize,54.31
2026-04-15,MANDI018,Cotton,164.84
2026-04-15,MANDI018,Rice,263.65
2026-04-15,MANDI018,Sugarcane,335.2
2026-04-15,MANDI019,Wheat,22.61
2026-04-15,MANDI020,Cotton,287.82
2026-04-15,MANDI020,Maize,214.56
2026-04-15,MANDI020,Rice,347.25
2026-04-15,MANDI021,Cotton,324.32
2026-04-15,MANDI021,Maize,183.35
2026-04-15,MANDI021,Sugarcane,104.5
2026-04-15,MANDI022,Sugarcane,138.64
2026-04-15,MANDI023,Basmati,266.6
2026-04-15,MANDI023,Maize,42.48
2026-04-15,MANDI024,Sugarcane,234.18
2026-04-15,MANDI026,Sugarcane,248.54
2026-04-15,MANDI027,Sugarcane,76.24
2026-04-15,MANDI027,Wheat,64.55
2026-04-15,MANDI029,Wheat,242.32
2026-04-15,MANDI031,Maize,319.45
2026-04-15,MANDI031,Rice,14.78
2026-04-15,MANDI031,Sugarcane,367.17
2026-04-15,MANDI031,Wheat,417.68
2026-04-15,MANDI032,Narma,461.43
2026-04-15,MANDI032,Rice,455.1
2026-04-15,MANDI032,Sugarcane,402.65
2026-04-15,MANDI033,Maize,475.62
2026-04-15,MANDI033,Sugarcane,45.41
2026-04-15,MANDI033,Wheat,57.99
2026-04-15,MANDI034,Cotton,141.08
2026-04-15,MANDI034,Rice,270.81
2026-04-15,MANDI034,Wheat,430.99
2026-04-15,MANDI036,Basmati,463.18
2026-04-15,MANDI036,Sugarcane,141.81
2026-04-15,MANDI037,Mustard,268.31
2026-04-15,MANDI038,Wheat,550.99
2026-04-15,MANDI040,Cotton,476.05
2026-04-15,MANDI040,Maize,329.87
2026-04-15,MANDI040,Mustard,478.72
2026-04-15,MANDI040,Rice,25.64
2026-04-15,MANDI041,Rice,427.31
2026-04-15,MANDI042,Sugarcane,340.8
2026-04-15,MANDI045,Cotton,176.7
2026-04-15,MANDI045,Maize,343.61
2026-04-15,MANDI045,Rice,496.43
2026-04-15,MANDI047,Mustard,287.89
2026-04-15,MANDI049,Mustard,489.96
2026-04-15,MANDI050,Sugarcane,98.46
2026-04-15,MANDI051,Rice,252.89
2026-04-15,MANDI051,Sugarcane,324.13
2026-04-15,MANDI052,Mustard,149.15
2026-04-15,MANDI054,Rice,169.57
2026-04-15,MANDI055,Sugarcane,388.97
2026-04-15,MANDI056,Cotton,14.98
2026-04-15,MANDI056,Maize,130.77
2026-04-15,MANDI057,Wheat,213.07
2026-04-16,MANDI001,Maize,450.46
2026-04-16,MANDI001,Mustard,127.29
2026-04-16,MANDI002,Maize,447.07
2026-04-16,MANDI002,Mustard,222.88
2026-04-16,MANDI002,Rice,186.93
2026-04-16,MANDI005,Maize,286.92
2026-04-16,MANDI006,Cotton,448.5
2026-04-16,MANDI006,Maize,294.6
2026-04-16,MANDI007,Rice,194.21
2026-04-16,MANDI007,Sugarcane,79.43
2026-04-16,MANDI009,Maize,275.82
2026-04-16,MANDI009,Rice,70.85
2026-04-16,MANDI010,Sugarcane,425.42
2026-04-16,MANDI010,Wheat,270.05
2026-04-16,MANDI012,Rice,556.02
2026-04-16,MANDI013,Wheat,206.17
2026-04-16,MANDI015,Maize,257.85
2026-04-16,MANDI016,Mustard,46.38
2026-04-16,MANDI016,Narma,432.93
2026-04-16,MANDI017,Rice,192.61
2026-04-16,MANDI017,Wheat,200.72
2026-04-16,MANDI019,Rice,227.52
2026-04-16,MANDI019,Sugarcane,473.03
2026-04-16,MANDI020,Sugarcane,427.58
2026-04-16,MANDI021,Mustard,16.94
2026-04-16,MANDI021,Rice,74.42
2026-04-16,MANDI021,Wheat,358.55
2026-04-16,MANDI023,Mustard,56.68
2026-04-16,MANDI023,Narma,222.81
2026-04-16,MANDI024,Cotton,402.96
2026-04-16,MANDI024,Sugarcane,311.64
2026-04-16,MANDI025,Wheat,247.16
2026-04-16,MANDI026,Cotton,300.89
2026-04-16,MANDI026,Maize,495.47
2026-04-16,MANDI026,Wheat,268.9
2026-04-16,MANDI027,Maize,458.94
2026-04-16,MANDI029,Cotton,849.64
2026-04-16,MANDI029,Maize,197.89
2026-04-16,MANDI030,Mustard,237.1
2026-04-16,MANDI030,Sugarcane,293.28
2026-04-16,MANDI031,Sugarcane,473.47
2026-04-16,MANDI031,Wheat,227.9
2026-04-16,MANDI032,Rice,193.33
2026-04-16,MANDI033,Rice,393.36
2026-04-16,MANDI035,Rice,251.24
2026-04-16,MANDI036,Rice,16.03
2026-04-16,MANDI036,Wheat,276.27
2026-04-16,MANDI037,Mustard,14.4
2026-04-16,MANDI038,Cotton,324.27
2026-04-16,MANDI039,Cotton,71.79
2026-04-16,MANDI040,Maize,497.0
2026-04-16,MANDI040,Mustard,360.65999999999997
2026-04-16,MANDI041,Sugarcane,326.93
2026-04-16,MANDI042,Mustard,366.69
2026-04-16,MANDI044,Maize,122.96
2026-04-16,MANDI045,Mustard,386.77
2026-04-16,MANDI045,Wheat,352.77
2026-04-16,MANDI046,Sugarcane,65.71
2026-04-16,MANDI048,Narma,436.62
2026-04-16,MANDI048,Rice,287.12
2026-04-16,MANDI048,Sugarcane,252.75
2026-04-16,MANDI048,Wheat,389.52
2026-04-16,MANDI051,Sugarcane,479.49
2026-04-16,MANDI053,Cotton,459.64
2026-04-16,MANDI053,Maize,635.71
2026-04-16,MANDI054,Basmati,333.7
2026-04-16,MANDI054,Mustard,214.98
2026-04-16,MANDI054,Narma,119.94
2026-04-16,MANDI056,Wheat,452.47
2026-04-17,MANDI001,Maize,38.07
2026-04-17,MANDI001,Sugarcane,450.86
2026-04-17,MANDI001,Wheat,50.98
2026-04-17,MANDI003,Cotton,326.54
2026-04-17,MANDI004,Rice,412.93
2026-04-17,MANDI004,Wheat,495.63
2026-04-17,MANDI005,Cotton,691.51
2026-04-17,MANDI005,Wheat,291.0
2026-04-17,MANDI007,Maize,11.57
2026-04-17,MANDI009,Mustard,491.68
2026-04-17,MANDI009,Wheat,12.61
2026-04-17,MANDI010,Mustard,249.21
2026-04-17,MANDI010,Wheat,182.74
2026-04-17,MANDI012,Maize,462.27
2026-04-17,MANDI015,Wheat,121.99
2026-04-17,MANDI016,Basmati,439.99
2026-04-17,MANDI016,Cotton,221.4
2026-04-17,MANDI017,Mustard,386.94
2026-04-17,MANDI019,Mustard,320.88
2026-04-17,MANDI019,Sugarcane,634.82
2026-04-17,MANDI021,Basmati,180.29
2026-04-17,MANDI021,Mustard,432.17
2026-04-17,MANDI021,Sugarcane,343.6700000000001
2026-04-17,MANDI022,Maize,348.68
2026-04-17,MANDI022,Wheat,390.57
2026-04-17,MANDI023,Rice,139.2
2026-04-17,MANDI024,Cotton,321.34
2026-04-17,MANDI024,Narma,462.81
2026-04-17,MANDI025,Sugarcane,399.06
2026-04-17,MANDI026,Mustard,400.29
2026-04-17,MANDI027,Cotton,91.89
2026-04-17,MANDI027,Rice,440.3
2026-04-17,MANDI028,Mustard,141.58
2026-04-17,MANDI028,Rice,291.63
2026-04-17,MANDI028,Sugarcane,444.08
2026-04-17,MANDI029,Rice,422.07
2026-04-17,MANDI031,Mustard,368.1
2026-04-17,MANDI032,Rice,139.32
2026-04-17,MANDI033,Mustard,656.24
2026-04-17,MANDI033,Sugarcane,461.95
2026-04-17,MANDI035,Maize,461.85
2026-04-17,MANDI036,Wheat,36.2
2026-04-17,MANDI038,Rice,289.32
2026-04-17,MANDI040,Rice,392.68
2026-04-17,MANDI041,Cotton,416.85
2026-04-17,MANDI042,Maize,472.75
2026-04-17,MANDI044,Maize,87.69
2026-04-17,MANDI044,Sugarcane,350.76
2026-04-17,MANDI046,Cotton,124.81
2026-04-17,MANDI046,Mustard,435.89
2026-04-17,MANDI046,Narma,466.06
2026-04-17,MANDI046,Sugarcane,114.39
2026-04-17,MANDI047,Sugarcane,91.63
2026-04-17,MANDI047,Wheat,367.1
2026-04-17,MANDI049,Cotton,771.6200000000001
2026-04-17,MANDI051,Maize,206.01
2026-04-17,MANDI052,Maize,286.22
2026-04-17,MANDI054,Maize,129.26
2026-04-17,MANDI054,Mustard,220.05
2026-04-17,MANDI055,Rice,705.4
2026-04-17,MANDI056,Wheat,254.28
2026-04-18,MANDI002,Mustard,198.71
2026-04-18,MANDI002,Wheat,290.66
2026-04-18,MANDI004,Cotton,178.39
2026-04-18,MANDI004,Maize,74.94
2026-04-18,MANDI004,Mustard,98.45
2026-04-18,MANDI008,Maize,330.79
2026-04-18,MANDI008,Mustard,302.48
2026-04-18,MANDI008,Rice,670.3699999999999
2026-04-18,MANDI009,Maize,268.0
2026-04-18,MANDI009,Narma,323.7
2026-04-18,MANDI010,Wheat,154.07
2026-04-18,MANDI011,Mustard,490.44
2026-04-18,MANDI011,Sugarcane,726.81
2026-04-18,MANDI012,Maize,453.53999999999996
2026-04-18,MANDI012,Mustard,44.58
2026-04-18,MANDI013,Sugarcane,394.67
2026-04-18,MANDI015,Maize,102.9
2026-04-18,MANDI015,Mustard,192.91
2026-04-18,MANDI016,Cotton,25.42
2026-04-18,MANDI017,Rice,330.68
2026-04-18,MANDI017,Sugarcane,178.6
2026-04-18,MANDI018,Maize,495.53
2026-04-18,MANDI018,Wheat,68.11
2026-04-18,MANDI019,Basmati,447.03
2026-04-18,MANDI019,Cotton,183.03
2026-04-18,MANDI020,Sugarcane,363.75
2026-04-18,MANDI021,Cotton,32.07
2026-04-18,MANDI021,Sugarcane,432.12
2026-04-18,MANDI022,Maize,432.13
2026-04-18,MANDI022,Mustard,511.04
2026-04-18,MANDI023,Wheat,109.25
2026-04-18,MANDI024,Maize,290.1
2026-04-18,MANDI025,Maize,46.06
2026-04-18,MANDI026,Maize,142.12
2026-04-18,MANDI026,Sugarcane,153.76
2026-04-18,MANDI027,Sugarcane,446.46
2026-04-18,MANDI028,Narma,47.49000000000001
2026-04-18,MANDI028,Wheat,222.96
2026-04-18,MANDI029,Mustard,402.36
2026-04-18,MANDI030,Wheat,203.95
2026-04-18,MANDI032,Sugarcane,176.39
2026-04-18,MANDI035,Sugarcane,157.65
2026-04-18,MANDI035,Wheat,311.63
2026-04-18,MANDI036,Cotton,412.35
2026-04-18,MANDI036,Rice,492.2
2026-04-18,MANDI037,Maize,366.92
2026-04-18,MANDI037,Rice,149.34
2026-04-18,MANDI037,Sugarcane,42.18
2026-04-18,MANDI038,Sugarcane,252.07
2026-04-18,MANDI039,Sugarcane,11.94
2026-04-18,MANDI041,Rice,318.2
2026-04-18,MANDI042,Maize,385.15
2026-04-18,MANDI042,Wheat,92.9
2026-04-18,MANDI043,Rice,317.34000000000003
2026-04-18,MANDI044,Maize,503.59
2026-04-18,MANDI045,Cotton,418.88
2026-04-18,MANDI045,Narma,379.18
2026-04-18,MANDI045,Wheat,149.05
2026-04-18,MANDI046,Mustard,215.3
2026-04-18,MANDI047,Basmati,81.54
2026-04-18,MANDI047,Cotton,113.73
2026-04-18,MANDI047,Rice,471.17
2026-04-18,MANDI048,Mustard,412.62
2026-04-18,MANDI048,Rice,407.74
2026-04-18,MANDI048,Sugarcane,279.57
2026-04-18,MANDI049,Rice,492.72
2026-04-18,MANDI050,Maize,343.78
2026-04-18,MANDI050,Rice,508.82
2026-04-18,MANDI050,Sugarcane,488.54
2026-04-18,MANDI051,Rice,267.73
2026-04-18,MANDI052,Cotton,160.27999999999997
2026-04-18,MANDI052,Maize,138.04
2026-04-18,MANDI053,Maize,140.69
2026-04-18,MANDI053,Mustard,348.13
2026-04-18,MANDI054,Wheat,450.69
2026-04-18,MANDI055,Mustard,414.41999999999996
2026-04-18,MANDI056,Cotton,414.59
2026-04-18,MANDI057,Wheat,341.28
2026-04-19,MANDI001,Maize,304.64
2026-04-19,MANDI001,Mustard,363.83
2026-04-19,MANDI001,Sugarcane,227.31
2026-04-19,MANDI001,Wheat,53.59
2026-04-19,MANDI002,Cotton,32.39
2026-04-19,MANDI002,Narma,458.78
2026-04-19,MANDI003,Mustard,430.74
2026-04-19,MANDI003,Rice,436.93
2026-04-19,MANDI004,Basmati,293.99
2026-04-19,MANDI004,Sugarcane,203.4
2026-04-19,MANDI006,Rice,241.4
2026-04-19,MANDI006,Wheat,267.87
2026-04-19,MANDI007,Maize,189.01
2026-04-19,MANDI007,Sugarcane,958.3
2026-04-19,MANDI008,Mustard,169.84
2026-04-19,MANDI008,Sugarcane,256.34
2026-04-19,MANDI008,Wheat,147.44
2026-04-19,MANDI009,Wheat,265.82
2026-04-19,MANDI010,Maize,188.46
2026-04-19,MANDI010,Rice,471.55
2026-04-19,MANDI011,Cotton,206.96
2026-04-19,MANDI011,Maize,146.17
2026-04-19,MANDI012,Sugarcane,161.19
2026-04-19,MANDI013,Sugarcane,164.8
2026-04-19,MANDI014,Cotton,262.36
2026-04-19,MANDI014,Sugarcane,220.3
2026-04-19,MANDI015,Cotton,460.65
2026-04-19,MANDI015,Wheat,33.07
2026-04-19,MANDI016,Cotton,220.32
2026-04-19,MANDI016,Mustard,309.07
2026-04-19,MANDI016,Wheat,230.39
2026-04-19,MANDI017,Wheat,130.05
2026-04-19,MANDI018,Maize,319.9
2026-04-19,MANDI018,Rice,177.48
2026-04-19,MANDI019,Sugarcane,828.87
2026-04-19,MANDI020,Mustard,263.4
2026-04-19,MANDI021,Rice,84.82
2026-04-19,MANDI022,Sugarcane,280.12
2026-04-19,MANDI022,Wheat,319.68
2026-04-19,MANDI023,Maize,826.7199999999999
2026-04-19,MANDI023,Wheat,538.47
2026-04-19,MANDI024,Maize,306.14
2026-04-19,MANDI025,Cotton,362.06000000000006
2026-04-19,MANDI025,Rice,261.32
2026-04-19,MANDI026,Maize,366.97
2026-04-19,MANDI028,Sugarcane,476.63
2026-04-19,MANDI028,Wheat,256.35
2026-04-19,MANDI030,Rice,420.64
2026-04-19,MANDI031,Mustard,292.99
2026-04-19,MANDI032,Cotton,29.39
2026-04-19,MANDI032,Rice,308.67
2026-04-19,MANDI033,Rice,138.34
2026-04-19,MANDI034,Rice,396.02
2026-04-19,MANDI035,Sugarcane,111.54
2026-04-19,MANDI036,Sugarcane,176.46999999999997
2026-04-19,MANDI038,Mustard,418.63
2026-04-19,MANDI038,Wheat,402.69
2026-04-19,MANDI039,Maize,207.99
2026-04-19,MANDI039,Narma,217.01
2026-04-19,MANDI040,Wheat,497.25
2026-04-19,MANDI041,Rice,169.77
2026-04-19,MANDI042,Maize,129.25
2026-04-19,MANDI044,Maize,453.49
2026-04-19,MANDI044,Sugarcane,154.83
2026-04-19,MANDI045,Sugarcane,284.69
2026-04-19,MANDI047,Mustard,892.48
2026-04-19,MANDI047,Wheat,286.82
2026-04-19,MANDI050,Cotton,369.21
2026-04-19,MANDI050,Mustard,136.61
2026-04-19,MANDI051,Mustard,163.68
2026-04-19,MANDI052,Cotton,320.44
2026-04-19,MANDI052,Maize,42.64
2026-04-19,MANDI052,Sugarcane,359.6
2026-04-19,MANDI053,Rice,48.27
2026-04-19,MANDI054,Maize,427.39
2026-04-19,MANDI056,Cotton,646.8499999999999
2026-04-19,MANDI056,Sugarcane,20.11
2026-04-19,MANDI057,Rice,146.84
2026-04-20,MANDI001,Mustard,369.57
2026-04-20,MANDI002,Wheat,376.92
2026-04-20,MANDI005,Cotton,715.95
2026-04-20,MANDI005,Rice,414.1
2026-04-20,MANDI005,Sugarcane,409.91
2026-04-20,MANDI006,Maize,347.7
2026-04-20,MANDI007,Wheat,712.31
2026-04-20,MANDI009,Cotton,379.09
2026-04-20,MANDI010,Basmati,483.5
2026-04-20,MANDI011,Maize,901.79
2026-04-20,MANDI012,Rice,73.44
2026-04-20,MANDI013,Rice,161.87
2026-04-20,MANDI013,Wheat,257.32
2026-04-20,MANDI014,Sugarcane,421.12
2026-04-20,MANDI016,Maize,369.41
2026-04-20,MANDI016,Sugarcane,306.95
2026-04-20,MANDI017,Wheat,107.56
2026-04-20,MANDI018,Rice,406.72
2026-04-20,MANDI018,Sugarcane,151.57999999999998
2026-04-20,MANDI019,Cotton,480.8
2026-04-20,MANDI019,Maize,434.75
2026-04-20,MANDI019,Rice,326.33000000000004
2026-04-20,MANDI020,Cotton,215.67
2026-04-20,MANDI020,Mustard,490.85
2026-04-20,MANDI023,Maize,96.61
2026-04-20,MANDI025,Sugarcane,394.57
2026-04-20,MANDI025,Wheat,28.69
2026-04-20,MANDI026,Mustard,468.72
2026-04-20,MANDI026,Wheat,311.69
2026-04-20,MANDI027,Cotton,312.79
2026-04-20,MANDI027,Maize,264.44
2026-04-20,MANDI027,Rice,234.8
2026-04-20,MANDI027,Sugarcane,532.6800000000001
2026-04-20,MANDI028,Rice,493.59
2026-04-20,MANDI029,Rice,213.13
2026-04-20,MANDI031,Sugarcane,380.78
2026-04-20,MANDI032,Cotton,160.65
2026-04-20,MANDI032,Sugarcane,232.93
2026-04-20,MANDI033,Maize,221.67
2026-04-20,MANDI033,Rice,455.63
2026-04-20,MANDI036,Mustard,286.97
2026-04-20,MANDI037,Cotton,45.48
2026-04-20,MANDI037,Maize,447.21
2026-04-20,MANDI037,Mustard,510.21999999999997
2026-04-20,MANDI037,Rice,70.72
2026-04-20,MANDI037,Wheat,435.27
2026-04-20,MANDI038,Mustard,299.61
2026-04-20,MANDI038,Rice,292.15
2026-04-20,MANDI040,Mustard,104.59
2026-04-20,MANDI040,Wheat,186.9
2026-04-20,MANDI041,Cotton,162.2
2026-04-20,MANDI042,Maize,219.09
2026-04-20,MANDI042,Rice,120.48
2026-04-20,MANDI043,Cotton,239.26
2026-04-20,MANDI043,Maize,469.34999999999997
2026-04-20,MANDI043,Sugarcane,347.41
2026-04-20,MANDI044,Cotton,399.09
2026-04-20,MANDI044,Sugarcane,392.96
2026-04-20,MANDI044,Wheat,52.48
2026-04-20,MANDI047,Cotton,415.91
2026-04-20,MANDI047,Wheat,15.43
2026-04-20,MANDI050,Mustard,102.79
2026-04-20,MANDI052,Mustard,274.57
2026-04-20,MANDI053,Narma,80.7
2026-04-20,MANDI054,Mustard,128.45000000000002
2026-04-20,MANDI055,Wheat,349.83
2026-04-20,MANDI056,Cotton,744.18
2026-04-20,MANDI056,Narma,70.28
2026-04-21,MANDI001,Mustard,354.09
2026-04-21,MANDI003,Cotton,175.88
2026-04-21,MANDI003,Mustard,270.65
2026-04-21,MANDI003,Wheat,19.19
2026-04-21,MANDI004,Wheat,70.82
2026-04-21,MANDI006,Mustard,164.43
2026-04-21,MANDI006,Rice,237.76
2026-04-21,MANDI006,Sugarcane,114.37
2026-04-21,MANDI007,Maize,302.14
2026-04-21,MANDI007,Mustard,660.6800000000001
2026-04-21,MANDI007,Rice,252.57
2026-04-21,MANDI008,Maize,324.86
2026-04-21,MANDI008,Rice,245.42
2026-04-21,MANDI008,Sugarcane,243.09
2026-04-21,MANDI009,Mustard,787.1700000000001
2026-04-21,MANDI009,Rice,267.09
2026-04-21,MANDI010,Sugarcane,371.34
2026-04-21,MANDI013,Mustard,267.14
2026-04-21,MANDI014,Cotton,340.89
2026-04-21,MANDI014,Mustard,406.37
2026-04-21,MANDI017,Mustard,318.75
2026-04-21,MANDI017,Sugarcane,171.5
2026-04-21,MANDI017,Wheat,434.89
2026-04-21,MANDI019,Sugarcane,414.69
2026-04-21,MANDI019,Wheat,393.39
2026-04-21,MANDI020,Basmati,391.0
2026-04-21,MANDI020,Cotton,442.35
2026-04-21,MANDI020,Maize,394.73
2026-04-21,MANDI020,Mustard,243.35
2026-04-21,MANDI020,Narma,376.5
2026-04-21,MANDI020,Rice,168.13
2026-04-21,MANDI020,Wheat,86.61
2026-04-21,MANDI022,Mustard,180.93
2026-04-21,MANDI023,Maize,428.09000000000003
2026-04-21,MANDI023,Sugarcane,86.8
2026-04-21,MANDI024,Rice,298.72
2026-04-21,MANDI024,Wheat,645.55
2026-04-21,MANDI026,Cotton,454.81
2026-04-21,MANDI026,Maize,500.82000000000005
2026-04-21,MANDI028,Maize,21.9
2026-04-21,MANDI028,Wheat,44.2
2026-04-21,MANDI029,Rice,211.97
2026-04-21,MANDI029,Sugarcane,323.43
2026-04-21,MANDI031,Rice,177.68
2026-04-21,MANDI036,Mustard,13.55
2026-04-21,MANDI037,Mustard,240.06
2026-04-21,MANDI038,Rice,235.63
2026-04-21,MANDI039,Sugarcane,297.05
2026-04-21,MANDI039,Wheat,47.31
2026-04-21,MANDI040,Wheat,215.02
2026-04-21,MANDI041,Mustard,276.2
2026-04-21,MANDI042,Mustard,499.97
2026-04-21,MANDI042,Rice,370.03
2026-04-21,MANDI043,Maize,294.67
2026-04-21,MANDI044,Cotton,437.38
2026-04-21,MANDI044,Mustard,197.16000000000005
2026-04-21,MANDI045,Rice,96.64
2026-04-21,MANDI047,Maize,561.31
2026-04-21,MANDI047,Sugarcane,185.41
2026-04-21,MANDI047,Wheat,457.42
2026-04-21,MANDI048,Maize,198.04
2026-04-21,MANDI048,Mustard,51.14
2026-04-21,MANDI049,Maize,391.49
2026-04-21,MANDI050,Sugarcane,44.65
2026-04-21,MANDI051,Maize,101.08
2026-04-21,MANDI051,Rice,362.71000000000004
2026-04-21,MANDI052,Mustard,88.59
2026-04-21,MANDI053,Maize,789.23
2026-04-21,MANDI053,Rice,53.24
2026-04-21,MANDI053,Wheat,485.94
2026-04-21,MANDI054,Wheat,851.5699999999999
2026-04-21,MANDI056,Cotton,239.19
2026-04-21,MANDI056,Maize,38.85
2026-04-21,MANDI056,Sugarcane,76.81
2026-04-21,MANDI056,Wheat,237.9
2026-04-21,MANDI057,Maize,14.73
2026-04-22,MANDI001,Mustard,428.26
2026-04-22,MANDI002,Rice,308.23
2026-04-22,MANDI003,Maize,401.88
2026-04-22,MANDI004,Rice,575.05
2026-04-22,MANDI004,Wheat,394.14
2026-04-22,MANDI008,Mustard,171.24
2026-04-22,MANDI009,Cotton,75.2
2026-04-22,MANDI010,Sugarcane,263.75
2026-04-22,MANDI011,Rice,334.49
2026-04-22,MANDI011,Sugarcane,439.71
2026-04-22,MANDI012,Narma,437.04
2026-04-22,MANDI013,Sugarcane,24.7
2026-04-22,MANDI015,Wheat,248.59
2026-04-22,MANDI017,Maize,452.65
2026-04-22,MANDI017,Sugarcane,244.07
2026-04-22,MANDI017,Wheat,248.52
2026-04-22,MANDI018,Cotton,85.4
2026-04-22,MANDI019,Rice,371.74
2026-04-22,MANDI019,Wheat,296.15
2026-04-22,MANDI021,Cotton,189.73
2026-04-22,MANDI021,Mustard,56.63
2026-04-22,MANDI024,Maize,324.99
2026-04-22,MANDI026,Rice,22.75
2026-04-22,MANDI027,Mustard,104.44
2026-04-22,MANDI029,Wheat,405.89
2026-04-22,MANDI030,Mustard,498.51
2026-04-22,MANDI031,Wheat,315.72
2026-04-22,MANDI032,Mustard,430.79
2026-04-22,MANDI034,Cotton,273.25
2026-04-22,MANDI035,Wheat,87.68
2026-04-22,MANDI037,Maize,197.3
2026-04-22,MANDI037,Sugarcane,166.45
2026-04-22,MANDI038,Maize,107.8
2026-04-22,MANDI040,Cotton,73.53
2026-04-22,MANDI040,Maize,282.34
2026-04-22,MANDI041,Mustard,62.17
2026-04-22,MANDI042,Narma,47.55
2026-04-22,MANDI042,Sugarcane,383.1
2026-04-22,MANDI043,Basmati,322.03
2026-04-22,MANDI043,Wheat,224.77
2026-04-22,MANDI044,Maize,331.58000000000004
2026-04-22,MANDI045,Maize,219.88
2026-04-22,MANDI046,Mustard,477.29
2026-04-22,MANDI046,Sugarcane,417.31
2026-04-22,MANDI046,Wheat,141.62
2026-04-22,MANDI048,Maize,775.9100000000001
2026-04-22,MANDI049,Basmati,394.26
2026-04-22,MANDI049,Sugarcane,471.9
2026-04-22,MANDI053,Wheat,732.25
2026-04-22,MANDI054,Cotton,247.35
2026-04-22,MANDI054,Wheat,283.63
2026-04-22,MANDI055,Maize,459.73
2026-04-22,MANDI056,Wheat,72.14
2026-04-22,MANDI057,Maize,104.05
2026-04-22,MANDI057,Rice,437.19
2026-04-22,MANDI057,Wheat,78.6
2026-04-23,MANDI001,Rice,405.41
2026-04-23,MANDI002,Mustard,33.849999999999994
2026-04-23,MANDI002,Sugarcane,196.35
2026-04-23,MANDI003,Cotton,256.0
2026-04-23,MANDI003,Maize,414.37
2026-04-23,MANDI003,Mustard,449.37
2026-04-23,MANDI003,Sugarcane,254.12
2026-04-23,MANDI006,Mustard,489.81
2026-04-23,MANDI009,Maize,46.32
2026-04-23,MANDI009,Rice,410.38
2026-04-23,MANDI010,Cotton,92.27
2026-04-23,MANDI010,Rice,141.14
2026-04-23,MANDI011,Mustard,468.57
2026-04-23,MANDI011,Sugarcane,607.76
2026-04-23,MANDI015,Mustard,474.45
2026-04-23,MANDI015,Sugarcane,437.46
2026-04-23,MANDI015,Wheat,116.78
2026-04-23,MANDI016,Rice,94.01
2026-04-23,MANDI019,Rice,414.73
2026-04-23,MANDI020,Mustard,328.11
2026-04-23,MANDI022,Rice,67.6
2026-04-23,MANDI023,Maize,191.16
2026-04-23,MANDI025,Maize,466.49
2026-04-23,MANDI026,Maize,419.98
2026-04-23,MANDI026,Rice,129.3
2026-04-23,MANDI026,Sugarcane,73.64
2026-04-23,MANDI027,Maize,479.36
2026-04-23,MANDI028,Mustard,165.94
2026-04-23,MANDI029,Maize,367.29
2026-04-23,MANDI031,Basmati,234.1
2026-04-23,MANDI031,Sugarcane,246.35
2026-04-23,MANDI036,Maize,473.96
2026-04-23,MANDI037,Rice,266.62
2026-04-23,MANDI037,Sugarcane,114.52
2026-04-23,MANDI038,Cotton,316.21
2026-04-23,MANDI038,Wheat,217.17000000000002
2026-04-23,MANDI040,Mustard,428.55
2026-04-23,MANDI042,Basmati,282.34000000000003
2026-04-23,MANDI042,Sugarcane,516.8
2026-04-23,MANDI043,Maize,311.79
2026-04-23,MANDI043,Mustard,459.76
2026-04-23,MANDI044,Rice,353.43
2026-04-23,MANDI045,Mustard,104.9
2026-04-23,MANDI046,Maize,355.93
2026-04-23,MANDI047,Mustard,488.68
2026-04-23,MANDI048,Cotton,481.09
2026-04-23,MANDI048,Wheat,884.5999999999999
2026-04-23,MANDI049,Maize,31.17
2026-04-23,MANDI050,Maize,178.27
2026-04-23,MANDI051,Rice,344.36
2026-04-23,MANDI053,Cotton,19.1
2026-04-23,MANDI053,Mustard,308.6
2026-04-23,MANDI054,Sugarcane,172.39
2026-04-23,MANDI055,Cotton,61.41
2026-04-23,MANDI057,Cotton,160.82
2026-04-23,MANDI057,Mustard,140.51
2026-04-23,MANDI057,Wheat,108.7
2026-04-24,MANDI001,Wheat,252.35
2026-04-24,MANDI002,Sugarcane,74.01
2026-04-24,MANDI003,Rice,244.42
2026-04-24,MANDI004,Rice,114.51
2026-04-24,MANDI004,Sugarcane,137.37
2026-04-24,MANDI004,Wheat,396.81
2026-04-24,MANDI005,Cotton,413.71
2026-04-24,MANDI005,Maize,174.32
2026-04-24,MANDI005,Wheat,189.0
2026-04-24,MANDI007,Sugarcane,60.43
2026-04-24,MANDI008,Rice,146.54
2026-04-24,MANDI008,Wheat,355.82
2026-04-24,MANDI012,Maize,86.53999999999999
2026-04-24,MANDI012,Wheat,308.39
2026-04-24,MANDI013,Maize,72.85
2026-04-24,MANDI013,Sugarcane,204.93
2026-04-24,MANDI013,Wheat,219.82
2026-04-24,MANDI014,Maize,55.81
2026-04-24,MANDI014,Wheat,451.27
2026-04-24,MANDI016,Cotton,40.68
2026-04-24,MANDI018,Wheat,378.38
2026-04-24,MANDI019,Maize,409.9
2026-04-24,MANDI019,Sugarcane,166.06
2026-04-24,MANDI019,Wheat,121.82
2026-04-24,MANDI020,Rice,221.18
2026-04-24,MANDI021,Cotton,212.7
2026-04-24,MANDI021,Wheat,445.61
2026-04-24,MANDI023,Sugarcane,97.11
2026-04-24,MANDI024,Sugarcane,811.26
2026-04-24,MANDI026,Sugarcane,374.1
2026-04-24,MANDI027,Wheat,479.89
2026-04-24,MANDI028,Mustard,841.53
2026-04-24,MANDI028,Rice,20.54
2026-04-24,MANDI029,Maize,15.31
2026-04-24,MANDI030,Sugarcane,128.5
2026-04-24,MANDI031,Mustard,344.5
2026-04-24,MANDI034,Rice,106.5
2026-04-24,MANDI035,Sugarcane,97.07
2026-04-24,MANDI037,Wheat,36.91
2026-04-24,MANDI039,Maize,451.62
2026-04-24,MANDI040,Rice,300.88
2026-04-24,MANDI042,Maize,332.36
2026-04-24,MANDI042,Sugarcane,483.3
2026-04-24,MANDI043,Sugarcane,293.99
2026-04-24,MANDI044,Mustard,386.52
2026-04-24,MANDI044,Sugarcane,416.18
2026-04-24,MANDI044,Wheat,361.62
2026-04-24,MANDI046,Rice,153.82
2026-04-24,MANDI047,Basmati,467.66
2026-04-24,MANDI047,Wheat,490.54
2026-04-24,MANDI048,Cotton,256.76
2026-04-24,MANDI048,Rice,218.0
2026-04-24,MANDI048,Wheat,352.04
2026-04-24,MANDI049,Mustard,343.98
2026-04-24,MANDI050,Mustard,497.09
2026-04-24,MANDI050,Wheat,117.61
2026-04-24,MANDI051,Cotton,325.63
2026-04-24,MANDI051,Sugarcane,226.41
2026-04-24,MANDI054,Wheat,165.29
2026-04-25,MANDI001,Sugarcane,461.04
2026-04-25,MANDI001,Wheat,146.06
2026-04-25,MANDI002,Maize,196.19
2026-04-25,MANDI002,Sugarcane,394.35
2026-04-25,MANDI003,Sugarcane,402.66
2026-04-25,MANDI003,Wheat,124.42
2026-04-25,MANDI004,Mustard,346.13
2026-04-25,MANDI006,Maize,137.95
2026-04-25,MANDI006,Mustard,203.94
2026-04-25,MANDI007,Sugarcane,313.34
2026-04-25,MANDI007,Wheat,74.17
2026-04-25,MANDI009,Rice,222.93
2026-04-25,MANDI010,Wheat,59.22
2026-04-25,MANDI011,Rice,463.39
2026-04-25,MANDI012,Mustard,344.9200000000001
2026-04-25,MANDI013,Maize,98.61
2026-04-25,MANDI014,Mustard,450.5
2026-04-25,MANDI015,Rice,371.62
2026-04-25,MANDI016,Narma,277.22
2026-04-25,MANDI016,Wheat,417.67
2026-04-25,MANDI017,Cotton,333.38
2026-04-25,MANDI017,Maize,119.93
2026-04-25,MANDI017,Rice,419.27
2026-04-25,MANDI017,Wheat,170.12
2026-04-25,MANDI018,Cotton,348.98
2026-04-25,MANDI018,Wheat,269.86
2026-04-25,MANDI021,Maize,223.21
2026-04-25,MANDI021,Mustard,176.0
2026-04-25,MANDI025,Mustard,375.07
2026-04-25,MANDI025,Rice,190.5
2026-04-25,MANDI027,Rice,77.71
2026-04-25,MANDI031,Wheat,390.79
2026-04-25,MANDI033,Maize,518.78
2026-04-25,MANDI033,Sugarcane,70.89
2026-04-25,MANDI034,Cotton,367.45
2026-04-25,MANDI034,Sugarcane,208.9
2026-04-25,MANDI035,Rice,41.57
2026-04-25,MANDI036,Basmati,410.47
2026-04-25,MANDI036,Cotton,403.68
2026-04-25,MANDI037,Rice,40.82
2026-04-25,MANDI037,Sugarcane,365.36
2026-04-25,MANDI038,Basmati,485.53
2026-04-25,MANDI038,Maize,29.27
2026-04-25,MANDI038,Mustard,381.07
2026-04-25,MANDI038,Sugarcane,232.12
2026-04-25,MANDI040,Mustard,484.68000000000006
2026-04-25,MANDI040,Rice,339.16
2026-04-25,MANDI041,Wheat,102.56
2026-04-25,MANDI042,Wheat,300.65000000000003
2026-04-25,MANDI043,Cotton,237.19
2026-04-25,MANDI043,Mustard,408.14
2026-04-25,MANDI043,Sugarcane,98.21
2026-04-25,MANDI044,Maize,180.58
2026-04-25,MANDI046,Wheat,287.21
2026-04-25,MANDI047,Narma,39.03
2026-04-25,MANDI048,Rice,500.21000000000004
2026-04-25,MANDI049,Sugarcane,373.31
2026-04-25,MANDI049,Wheat,361.27
2026-04-25,MANDI050,Maize,29.94
2026-04-25,MANDI053,Wheat,34.98
2026-04-25,MANDI054,Basmati,201.86
2026-04-25,MANDI054,Wheat,106.31
2026-04-25,MANDI056,Maize,486.44
2026-04-25,MANDI056,Sugarcane,310.19
2026-04-26,MANDI001,Mustard,208.33
2026-04-26,MANDI001,Narma,226.07
2026-04-26,MANDI003,Sugarcane,244.34
2026-04-26,MANDI003,Wheat,56.14
2026-04-26,MANDI004,Mustard,341.24
2026-04-26,MANDI004,Sugarcane,138.07
2026-04-26,MANDI005,Wheat,458.69
2026-04-26,MANDI006,Maize,57.39
2026-04-26,MANDI007,Mustard,358.14
2026-04-26,MANDI007,Rice,80.59
2026-04-26,MANDI008,Mustard,426.56
2026-04-26,MANDI009,Sugarcane,136.4
2026-04-26,MANDI009,Wheat,259.9
2026-04-26,MANDI010,Cotton,216.04
2026-04-26,MANDI012,Cotton,386.75
2026-04-26,MANDI012,Mustard,212.89
2026-04-26,MANDI012,Rice,72.43
2026-04-26,MANDI012,Sugarcane,102.36
2026-04-26,MANDI013,Cotton,136.56
2026-04-26,MANDI015,Rice,146.57
2026-04-26,MANDI017,Mustard,380.3
2026-04-26,MANDI018,Cotton,401.25
2026-04-26,MANDI018,Narma,86.36
2026-04-26,MANDI019,Mustard,306.89
2026-04-26,MANDI023,Sugarcane,267.62
2026-04-26,MANDI024,Mustard,284.36
2026-04-26,MANDI024,Sugarcane,79.08
2026-04-26,MANDI025,Sugarcane,38.67
2026-04-26,MANDI026,Wheat,348.99
2026-04-26,MANDI028,Maize,384.4
2026-04-26,MANDI030,Wheat,74.43
2026-04-26,MANDI031,Maize,386.05
2026-04-26,MANDI031,Rice,352.38
2026-04-26,MANDI033,Basmati,329.87
2026-04-26,MANDI033,Narma,252.16
2026-04-26,MANDI034,Maize,349.18999999999994
2026-04-26,MANDI037,Cotton,83.22
2026-04-26,MANDI038,Mustard,12.55
2026-04-26,MANDI038,Rice,58.73
2026-04-26,MANDI039,Sugarcane,175.48
2026-04-26,MANDI041,Narma,380.7
2026-04-26,MANDI043,Rice,306.90000000000003
2026-04-26,MANDI043,Wheat,397.85
2026-04-26,MANDI044,Mustard,85.56
2026-04-26,MANDI045,Wheat,26.94
2026-04-26,MANDI047,Sugarcane,430.09
2026-04-26,MANDI048,Cotton,165.46
2026-04-26,MANDI048,Maize,407.61
2026-04-26,MANDI049,Rice,277.36
2026-04-26,MANDI050,Mustard,433.28
2026-04-26,MANDI051,Cotton,466.96
2026-04-26,MANDI052,Maize,448.77
2026-04-26,MANDI052,Rice,404.58
2026-04-26,MANDI052,Sugarcane,495.12
2026-04-26,MANDI052,Wheat,179.43
2026-04-26,MANDI053,Maize,219.5
2026-04-26,MANDI054,Cotton,486.94
2026-04-26,MANDI054,Maize,68.67
2026-04-26,MANDI056,Mustard,270.26
2026-04-26,MANDI056,Sugarcane,143.15
2026-04-26,MANDI057,Cotton,383.21
2026-04-26,MANDI057,Narma,98.66
2026-04-26,MANDI057,Sugarcane,109.07
2026-04-27,MANDI003,Mustard,297.56
2026-04-27,MANDI004,Sugarcane,86.54
2026-04-27,MANDI004,Wheat,483.44
2026-04-27,MANDI005,Mustard,394.55
2026-04-27,MANDI005,Rice,73.01
2026-04-27,MANDI006,Mustard,243.24
2026-04-27,MANDI006,Narma,45.22
2026-04-27,MANDI006,Sugarcane,263.6
2026-04-27,MANDI007,Mustard,410.88
2026-04-27,MANDI007,Rice,825.35
2026-04-27,MANDI009,Sugarcane,67.0
2026-04-27,MANDI010,Sugarcane,357.86
2026-04-27,MANDI011,Rice,169.9
2026-04-27,MANDI011,Wheat,231.75
2026-04-27,MANDI012,Mustard,301.84000000000003
2026-04-27,MANDI013,Maize,301.09000000000003
2026-04-27,MANDI014,Rice,163.58
2026-04-27,MANDI014,Sugarcane,218.14
2026-04-27,MANDI015,Basmati,258.98
2026-04-27,MANDI015,Cotton,128.34
2026-04-27,MANDI015,Rice,438.77
2026-04-27,MANDI015,Sugarcane,62.97
2026-04-27,MANDI017,Rice,33.56
2026-04-27,MANDI020,Maize,368.81
2026-04-27,MANDI020,Sugarcane,89.66
2026-04-27,MANDI021,Cotton,62.33
2026-04-27,MANDI021,Sugarcane,488.38
2026-04-27,MANDI021,Wheat,173.48
2026-04-27,MANDI022,Wheat,717.45
2026-04-27,MANDI025,Maize,484.07
2026-04-27,MANDI026,Mustard,301.59
2026-04-27,MANDI026,Rice,602.31
2026-04-27,MANDI027,Sugarcane,381.38
2026-04-27,MANDI028,Maize,146.05
2026-04-27,MANDI028,Mustard,207.71
2026-04-27,MANDI029,Mustard,291.1
2026-04-27,MANDI029,Sugarcane,91.76
2026-04-27,MANDI029,Wheat,167.77
2026-04-27,MANDI030,Wheat,426.47
2026-04-27,MANDI031,Mustard,67.22
2026-04-27,MANDI032,Cotton,11.65
2026-04-27,MANDI032,Mustard,69.93
2026-04-27,MANDI032,Rice,221.07
2026-04-27,MANDI032,Sugarcane,180.68
2026-04-27,MANDI037,Wheat,421.18
2026-04-27,MANDI039,Cotton,495.2000000000001
2026-04-27,MANDI039,Mustard,83.9
2026-04-27,MANDI040,Maize,24.95
2026-04-27,MANDI041,Narma,46.38
2026-04-27,MANDI042,Sugarcane,276.4
2026-04-27,MANDI042,Wheat,267.45
2026-04-27,MANDI044,Cotton,830.78
2026-04-27,MANDI044,Mustard,271.53
2026-04-27,MANDI045,Mustard,32.75
2026-04-27,MANDI047,Wheat,210.31
2026-04-27,MANDI048,Narma,20.06
2026-04-27,MANDI048,Rice,299.27
2026-04-27,MANDI050,Cotton,375.2000000000001
2026-04-27,MANDI052,Wheat,282.99
2026-04-27,MANDI053,Mustard,235.91
2026-04-27,MANDI053,Sugarcane,422.54
2026-04-27,MANDI054,Mustard,806.95
2026-04-27,MANDI054,Rice,450.88
2026-04-27,MANDI054,Sugarcane,807.69
2026-04-27,MANDI055,Wheat,175.41
2026-04-27,MANDI056,Rice,211.16
2026-04-27,MANDI056,Sugarcane,90.33
2026-04-27,MANDI057,Cotton,447.17
2026-04-28,MANDI001,Mustard,239.52
2026-04-28,MANDI001,Sugarcane,60.67999999999999
2026-04-28,MANDI002,Maize,330.42
2026-04-28,MANDI002,Wheat,308.16
2026-04-28,MANDI003,Cotton,412.11
2026-04-28,MANDI004,Wheat,100.14
2026-04-28,MANDI005,Wheat,466.53
2026-04-28,MANDI007,Cotton,74.3
2026-04-28,MANDI007,Maize,387.85
2026-04-28,MANDI007,Rice,84.58
2026-04-28,MANDI010,Mustard,234.5
2026-04-28,MANDI011,Cotton,68.92
2026-04-28,MANDI011,Sugarcane,52.69
2026-04-28,MANDI012,Maize,355.78000000000003
2026-04-28,MANDI013,Cotton,250.49
2026-04-28,MANDI013,Sugarcane,323.74
2026-04-28,MANDI014,Rice,217.18
2026-04-28,MANDI016,Rice,760.8800000000001
2026-04-28,MANDI017,Maize,491.11
2026-04-28,MANDI017,Sugarcane,476.39
2026-04-28,MANDI020,Cotton,480.56
2026-04-28,MANDI020,Sugarcane,79.07
2026-04-28,MANDI024,Mustard,398.89
2026-04-28,MANDI025,Narma,44.1
2026-04-28,MANDI026,Rice,240.1
2026-04-28,MANDI027,Wheat,162.24
2026-04-28,MANDI029,Mustard,304.2
2026-04-28,MANDI029,Sugarcane,84.92
2026-04-28,MANDI029,Wheat,356.88
2026-04-28,MANDI030,Mustard,445.08
2026-04-28,MANDI030,Rice,437.11
2026-04-28,MANDI032,Maize,99.56
2026-04-28,MANDI032,Wheat,199.11
2026-04-28,MANDI033,Mustard,370.96
2026-04-28,MANDI034,Maize,77.28
2026-04-28,MANDI035,Narma,307.24
2026-04-28,MANDI036,Basmati,151.3
2026-04-28,MANDI036,Cotton,52.7
2026-04-28,MANDI037,Maize,391.2
2026-04-28,MANDI037,Narma,164.25
2026-04-28,MANDI037,Sugarcane,244.59
2026-04-28,MANDI039,Mustard,174.81
2026-04-28,MANDI041,Cotton,372.43
2026-04-28,MANDI041,Wheat,159.47
2026-04-28,MANDI042,Maize,17.3
2026-04-28,MANDI042,Sugarcane,284.1
2026-04-28,MANDI046,Mustard,148.63
2026-04-28,MANDI046,Sugarcane,194.4
2026-04-28,MANDI046,Wheat,322.35
2026-04-28,MANDI047,Maize,169.75
2026-04-28,MANDI047,Sugarcane,215.12
2026-04-28,MANDI048,Wheat,257.1
2026-04-28,MANDI049,Mustard,455.69
2026-04-28,MANDI050,Mustard,437.58
2026-04-28,MANDI051,Basmati,411.38
2026-04-28,MANDI052,Maize,323.66
2026-04-28,MANDI052,Rice,455.92
2026-04-28,MANDI053,Maize,193.94
2026-04-28,MANDI054,Maize,405.9
2026-04-28,MANDI054,Rice,112.77
2026-04-28,MANDI056,Mustard,138.24
2026-04-28,MANDI057,Sugarcane,39.24
2026-04-29,MANDI001,Maize,205.97
2026-04-29,MANDI001,Mustard,83.65
2026-04-29,MANDI002,Cotton,264.26
2026-04-29,MANDI002,Rice,35.79
2026-04-29,MANDI003,Sugarcane,82.07
2026-04-29,MANDI004,Maize,263.66
2026-04-29,MANDI004,Rice,245.71
2026-04-29,MANDI005,Cotton,582.61
2026-04-29,MANDI005,Rice,852.58
2026-04-29,MANDI005,Wheat,351.93
2026-04-29,MANDI007,Wheat,218.45
2026-04-29,MANDI008,Sugarcane,248.99
2026-04-29,MANDI009,Maize,401.84
2026-04-29,MANDI009,Mustard,333.13
2026-04-29,MANDI010,Maize,424.17
2026-04-29,MANDI011,Mustard,203.8
2026-04-29,MANDI012,Sugarcane,291.98
2026-04-29,MANDI013,Cotton,67.75
2026-04-29,MANDI013,Maize,16.82
2026-04-29,MANDI017,Cotton,458.04
2026-04-29,MANDI019,Mustard,418.98
2026-04-29,MANDI020,Cotton,184.44
2026-04-29,MANDI020,Wheat,186.98
2026-04-29,MANDI021,Maize,470.91
2026-04-29,MANDI021,Wheat,165.2
2026-04-29,MANDI023,Rice,349.19
2026-04-29,MANDI024,Cotton,390.89
2026-04-29,MANDI025,Mustard,24.14
2026-04-29,MANDI026,Maize,163.21
2026-04-29,MANDI028,Mustard,480.91
2026-04-29,MANDI029,Cotton,343.1
2026-04-29,MANDI029,Mustard,219.22
2026-04-29,MANDI031,Sugarcane,488.99
2026-04-29,MANDI031,Wheat,109.82
2026-04-29,MANDI032,Wheat,109.84
2026-04-29,MANDI033,Narma,375.37
2026-04-29,MANDI033,Rice,275.47
2026-04-29,MANDI034,Sugarcane,189.87
2026-04-29,MANDI035,Cotton,126.56
2026-04-29,MANDI036,Mustard,244.89
2026-04-29,MANDI037,Cotton,49.54
2026-04-29,MANDI037,Mustard,262.83
2026-04-29,MANDI038,Maize,498.03
2026-04-29,MANDI038,Rice,450.16
2026-04-29,MANDI039,Maize,499.32
2026-04-29,MANDI039,Wheat,234.29
2026-04-29,MANDI040,Cotton,323.97
2026-04-29,MANDI040,Maize,101.75
2026-04-29,MANDI040,Narma,205.33
2026-04-29,MANDI041,Maize,274.48
2026-04-29,MANDI041,Wheat,95.94
2026-04-29,MANDI042,Maize,231.5
2026-04-29,MANDI042,Wheat,289.35
2026-04-29,MANDI043,Sugarcane,115.99
2026-04-29,MANDI045,Cotton,166.06
2026-04-29,MANDI045,Mustard,47.62
2026-04-29,MANDI045,Wheat,300.32
2026-04-29,MANDI046,Rice,440.3
2026-04-29,MANDI047,Mustard,301.38
2026-04-29,MANDI048,Cotton,596.6600000000001
2026-04-29,MANDI049,Wheat,411.44
2026-04-29,MANDI050,Mustard,422.25
2026-04-29,MANDI050,Sugarcane,409.24
2026-04-29,MANDI051,Mustard,146.18
2026-04-29,MANDI053,Mustard,220.81
2026-04-29,MANDI054,Rice,189.55
2026-04-29,MANDI056,Maize,440.9
2026-04-29,MANDI057,Narma,175.08
2026-04-30,MANDI001,Narma,153.59
2026-04-30,MANDI002,Sugarcane,483.14
2026-04-30,MANDI003,Maize,268.02
2026-04-30,MANDI003,Rice,427.72
2026-04-30,MANDI003,Sugarcane,42.44
2026-04-30,MANDI005,Cotton,343.82
2026-04-30,MANDI005,Mustard,70.13
2026-04-30,MANDI006,Maize,377.61
2026-04-30,MANDI006,Sugarcane,102.05
2026-04-30,MANDI007,Cotton,256.49
2026-04-30,MANDI007,Maize,284.89
2026-04-30,MANDI009,Cotton,58.69
2026-04-30,MANDI010,Cotton,425.13
2026-04-30,MANDI010,Sugarcane,482.54
2026-04-30,MANDI011,Cotton,166.27
2026-04-30,MANDI011,Mustard,223.64
2026-04-30,MANDI012,Maize,426.6
2026-04-30,MANDI013,Basmati,15.1
2026-04-30,MANDI015,Cotton,259.38
2026-04-30,MANDI015,Rice,22.04
2026-04-30,MANDI017,Rice,268.56
2026-04-30,MANDI017,Sugarcane,15.22
2026-04-30,MANDI019,Rice,395.93
2026-04-30,MANDI019,Sugarcane,42.65
2026-04-30,MANDI019,Wheat,477.01
2026-04-30,MANDI022,Sugarcane,177.16
2026-04-30,MANDI023,Narma,77.75
2026-04-30,MANDI023,Sugarcane,342.05
2026-04-30,MANDI024,Mustard,70.49
2026-04-30,MANDI024,Rice,288.14
2026-04-30,MANDI025,Maize,364.79
2026-04-30,MANDI027,Maize,291.9
2026-04-30,MANDI027,Sugarcane,633.4100000000001
2026-04-30,MANDI028,Cotton,113.55
2026-04-30,MANDI028,Maize,278.31
2026-04-30,MANDI029,Maize,215.06
2026-04-30,MANDI029,Rice,517.3
2026-04-30,MANDI030,Cotton,95.07
2026-04-30,MANDI030,Maize,467.19
2026-04-30,MANDI031,Mustard,68.37
2026-04-30,MANDI032,Maize,341.03
2026-04-30,MANDI032,Wheat,43.94
2026-04-30,MANDI033,Rice,136.02
2026-04-30,MANDI034,Cotton,403.81
2026-04-30,MANDI036,Cotton,183.62
2026-04-30,MANDI036,Maize,680.18
2026-04-30,MANDI036,Mustard,22.41
2026-04-30,MANDI036,Narma,498.04
2026-04-30,MANDI038,Maize,383.9
2026-04-30,MANDI038,Wheat,380.46000000000004
2026-04-30,MANDI039,Wheat,406.61
2026-04-30,MANDI040,Maize,456.5
2026-04-30,MANDI041,Cotton,122.86
2026-04-30,MANDI041,Sugarcane,225.76
2026-04-30,MANDI043,Wheat,233.53
2026-04-30,MANDI044,Sugarcane,484.96
2026-04-30,MANDI045,Basmati,418.22
2026-04-30,MANDI046,Cotton,254.33
2026-04-30,MANDI047,Maize,83.02
2026-04-30,MANDI049,Basmati,418.25
2026-04-30,MANDI049,Sugarcane,141.67
2026-04-30,MANDI049,Wheat,109.51
2026-04-30,MANDI050,Wheat,143.23000000000002
2026-04-30,MANDI051,Rice,83.34
2026-04-30,MANDI052,Maize,459.63
2026-04-30,MANDI052,Rice,98.64
2026-04-30,MANDI052,Sugarcane,327.71
2026-04-30,MANDI052,Wheat,282.1
2026-04-30,MANDI053,Cotton,299.97
2026-04-30,MANDI054,Wheat,387.55
2026-04-30,MANDI055,Cotton,135.85000000000002
2026-04-30,MANDI056,Wheat,45.54
2026-05-01,MANDI001,Mustard,491.06
2026-05-01,MANDI001,Sugarcane,346.77
2026-05-01,MANDI001,Wheat,157.97
2026-05-01,MANDI002,Cotton,495.49
2026-05-01,MANDI002,Maize,274.88
2026-05-01,MANDI003,Rice,603.12
2026-05-01,MANDI003,Wheat,46.87
2026-05-01,MANDI004,Rice,98.72
2026-05-01,MANDI004,Sugarcane,396.47
2026-05-01,MANDI005,Cotton,183.36
2026-05-01,MANDI007,Mustard,28.51
2026-05-01,MANDI007,Narma,390.08
2026-05-01,MANDI007,Rice,179.81
2026-05-01,MANDI007,Sugarcane,493.29
2026-05-01,MANDI008,Rice,487.82
2026-05-01,MANDI009,Wheat,309.16
2026-05-01,MANDI010,Narma,450.31
2026-05-01,MANDI011,Maize,418.82
2026-05-01,MANDI013,Sugarcane,321.54
2026-05-01,MANDI016,Mustard,288.87
2026-05-01,MANDI016,Sugarcane,845.76
2026-05-01,MANDI016,Wheat,201.95
2026-05-01,MANDI018,Sugarcane,37.36
2026-05-01,MANDI019,Mustard,234.21
2026-05-01,MANDI019,Wheat,24.79
2026-05-01,MANDI020,Cotton,913.39
2026-05-01,MANDI020,Maize,55.24
2026-05-01,MANDI021,Mustard,699.46
2026-05-01,MANDI021,Rice,404.5
2026-05-01,MANDI021,Wheat,152.21
2026-05-01,MANDI022,Rice,348.11
2026-05-01,MANDI025,Cotton,450.78
2026-05-01,MANDI026,Maize,156.41
2026-05-01,MANDI026,Mustard,416.2
2026-05-01,MANDI026,Rice,396.75
2026-05-01,MANDI027,Cotton,327.04
2026-05-01,MANDI027,Maize,196.31
2026-05-01,MANDI027,Rice,123.54
2026-05-01,MANDI028,Wheat,488.74
2026-05-01,MANDI029,Narma,412.94
2026-05-01,MANDI029,Rice,172.56
2026-05-01,MANDI029,Sugarcane,483.92
2026-05-01,MANDI035,Maize,464.02
2026-05-01,MANDI035,Mustard,335.97
2026-05-01,MANDI036,Mustard,897.06
2026-05-01,MANDI036,Wheat,405.8
2026-05-01,MANDI037,Maize,48.57
2026-05-01,MANDI039,Mustard,256.85
2026-05-01,MANDI039,Wheat,762.22
2026-05-01,MANDI040,Narma,89.2
2026-05-01,MANDI040,Wheat,16.76
2026-05-01,MANDI041,Maize,116.22
2026-05-01,MANDI041,Mustard,35.8
2026-05-01,MANDI041,Rice,339.27
2026-05-01,MANDI041,Wheat,415.17
2026-05-01,MANDI042,Cotton,210.34
2026-05-01,MANDI043,Sugarcane,141.34
2026-05-01,MANDI043,Wheat,395.08000000000004
2026-05-01,MANDI045,Sugarcane,125.88
2026-05-01,MANDI047,Maize,495.42
2026-05-01,MANDI048,Wheat,457.94
2026-05-01,MANDI049,Cotton,357.0
2026-05-01,MANDI049,Maize,307.89
2026-05-01,MANDI049,Mustard,174.74
2026-05-01,MANDI051,Mustard,597.31
2026-05-01,MANDI051,Sugarcane,104.24
2026-05-01,MANDI052,Maize,310.79
2026-05-01,MANDI052,Rice,218.13
2026-05-01,MANDI054,Wheat,29.94
2026-05-01,MANDI055,Maize,397.8
2026-05-01,MANDI055,Mustard,178.54
2026-05-01,MANDI056,Wheat,446.19
2026-05-02,MANDI002,Maize,141.06
2026-05-02,MANDI002,Rice,345.67
2026-05-02,MANDI004,Wheat,294.62
2026-05-02,MANDI005,Mustard,441.69
2026-05-02,MANDI006,Mustard,180.03
2026-05-02,MANDI006,Sugarcane,342.84
2026-05-02,MANDI007,Sugarcane,668.06
2026-05-02,MANDI008,Maize,372.66999999999996
2026-05-02,MANDI008,Mustard,34.16
2026-05-02,MANDI008,Wheat,90.54
2026-05-02,MANDI010,Maize,99.19
2026-05-02,MANDI011,Mustard,468.64
2026-05-02,MANDI012,Mustard,86.06
2026-05-02,MANDI012,Rice,85.74
2026-05-02,MANDI012,Wheat,350.02
2026-05-02,MANDI013,Sugarcane,358.98
2026-05-02,MANDI015,Maize,403.36
2026-05-02,MANDI016,Maize,428.29
2026-05-02,MANDI017,Wheat,71.31
2026-05-02,MANDI018,Maize,481.86
2026-05-02,MANDI020,Maize,297.58
2026-05-02,MANDI020,Sugarcane,375.64
2026-05-02,MANDI020,Wheat,269.37
2026-05-02,MANDI022,Maize,496.37
2026-05-02,MANDI023,Narma,407.39
2026-05-02,MANDI024,Rice,493.52
2026-05-02,MANDI025,Mustard,388.23
2026-05-02,MANDI025,Rice,67.27
2026-05-02,MANDI026,Sugarcane,773.22
2026-05-02,MANDI027,Narma,451.02
2026-05-02,MANDI027,Sugarcane,304.03
2026-05-02,MANDI028,Sugarcane,44.89
2026-05-02,MANDI030,Maize,98.22
2026-05-02,MANDI030,Wheat,235.19
2026-05-02,MANDI031,Wheat,58.620000000000005
2026-05-02,MANDI032,Mustard,148.03
2026-05-02,MANDI033,Cotton,486.75
2026-05-02,MANDI034,Rice,47.38
2026-05-02,MANDI035,Mustard,1228.2
2026-05-02,MANDI036,Rice,758.3499999999999
2026-05-02,MANDI036,Wheat,153.43
2026-05-02,MANDI037,Maize,75.57
2026-05-02,MANDI037,Mustard,356.24
2026-05-02,MANDI037,Rice,489.22
2026-05-02,MANDI037,Sugarcane,22.82
2026-05-02,MANDI038,Rice,446.34
2026-05-02,MANDI039,Sugarcane,332.33
2026-05-02,MANDI040,Cotton,288.65
2026-05-02,MANDI041,Wheat,888.62
2026-05-02,MANDI043,Mustard,128.36
2026-05-02,MANDI044,Rice,199.23
2026-05-02,MANDI045,Sugarcane,172.18
2026-05-02,MANDI047,Maize,338.82
2026-05-02,MANDI047,Mustard,148.64
2026-05-02,MANDI047,Wheat,251.85
2026-05-02,MANDI048,Cotton,84.22
2026-05-02,MANDI049,Maize,414.58
2026-05-02,MANDI050,Maize,227.79
2026-05-02,MANDI051,Sugarcane,159.46
2026-05-02,MANDI052,Sugarcane,304.56
2026-05-02,MANDI053,Maize,22.19
2026-05-02,MANDI054,Maize,319.83
2026-05-02,MANDI055,Rice,323.97
2026-05-02,MANDI056,Cotton,260.6
2026-05-02,MANDI056,Mustard,365.76
2026-05-02,MANDI057,Mustard,137.51
2026-05-03,MANDI001,Cotton,583.19
2026-05-03,MANDI001,Mustard,435.48
2026-05-03,MANDI001,Rice,445.25
2026-05-03,MANDI003,Sugarcane,577.6800000000001
2026-05-03,MANDI004,Rice,279.19
2026-05-03,MANDI005,Maize,119.09
2026-05-03,MANDI005,Sugarcane,551.03
2026-05-03,MANDI006,Cotton,451.37
2026-05-03,MANDI006,Rice,377.16
2026-05-03,MANDI009,Cotton,488.17
2026-05-03,MANDI009,Maize,498.37
2026-05-03,MANDI010,Maize,496.76
2026-05-03,MANDI011,Mustard,370.03
2026-05-03,MANDI012,Cotton,197.09
2026-05-03,MANDI013,Cotton,58.36
2026-05-03,MANDI013,Rice,423.44
2026-05-03,MANDI014,Wheat,433.67
2026-05-03,MANDI015,Maize,431.98
2026-05-03,MANDI017,Mustard,132.52
2026-05-03,MANDI019,Cotton,122.18
2026-05-03,MANDI019,Sugarcane,273.96000000000004
2026-05-03,MANDI020,Sugarcane,214.73000000000002
2026-05-03,MANDI021,Cotton,423.15
2026-05-03,MANDI021,Sugarcane,326.94
2026-05-03,MANDI023,Sugarcane,474.08
2026-05-03,MANDI024,Maize,50.330000000000005
2026-05-03,MANDI024,Wheat,913.16
2026-05-03,MANDI025,Maize,299.49
2026-05-03,MANDI026,Mustard,476.84
2026-05-03,MANDI027,Maize,218.4
2026-05-03,MANDI027,Wheat,286.0
2026-05-03,MANDI029,Rice,298.95
2026-05-03,MANDI029,Wheat,319.91
2026-05-03,MANDI030,Sugarcane,126.78
2026-05-03,MANDI031,Maize,237.27
2026-05-03,MANDI032,Cotton,244.62
2026-05-03,MANDI034,Rice,462.25
2026-05-03,MANDI034,Sugarcane,251.24
2026-05-03,MANDI035,Rice,144.33
2026-05-03,MANDI038,Rice,161.59
2026-05-03,MANDI039,Basmati,410.5700000000001
2026-05-03,MANDI039,Rice,294.7
2026-05-03,MANDI039,Sugarcane,359.68
2026-05-03,MANDI039,Wheat,200.84
2026-05-03,MANDI040,Rice,48.96
2026-05-03,MANDI040,Sugarcane,231.29
2026-05-03,MANDI041,Cotton,345.69
2026-05-03,MANDI041,Mustard,481.75
2026-05-03,MANDI042,Cotton,320.56
2026-05-03,MANDI042,Maize,423.98
2026-05-03,MANDI042,Mustard,140.48
2026-05-03,MANDI042,Sugarcane,19.170000000000005
2026-05-03,MANDI043,Sugarcane,336.43
2026-05-03,MANDI044,Rice,410.21
2026-05-03,MANDI044,Wheat,137.55
2026-05-03,MANDI046,Wheat,26.17
2026-05-03,MANDI047,Sugarcane,10.72
2026-05-03,MANDI048,Mustard,311.0
2026-05-03,MANDI049,Sugarcane,35.78
2026-05-03,MANDI051,Cotton,436.23
2026-05-03,MANDI051,Maize,390.2
2026-05-03,MANDI054,Cotton,242.68
2026-05-03,MANDI057,Cotton,86.11
2026-05-04,MANDI002,Maize,108.74
2026-05-04,MANDI005,Mustard,350.53
2026-05-04,MANDI006,Rice,194.12
2026-05-04,MANDI010,Maize,85.43
2026-05-04,MANDI010,Wheat,370.57
2026-05-04,MANDI014,Mustard,59.16
2026-05-04,MANDI014,Sugarcane,372.84
2026-05-04,MANDI015,Wheat,156.61
2026-05-04,MANDI017,Maize,303.89
2026-05-04,MANDI018,Wheat,313.85
2026-05-04,MANDI019,Cotton,374.54
2026-05-04,MANDI020,Wheat,17.44
2026-05-04,MANDI021,Maize,243.66
2026-05-04,MANDI023,Cotton,446.66
2026-05-04,MANDI026,Cotton,164.36
2026-05-04,MANDI026,Rice,494.44
2026-05-04,MANDI026,Sugarcane,251.94
2026-05-04,MANDI027,Maize,309.57
2026-05-04,MANDI027,Narma,332.52
2026-05-04,MANDI028,Sugarcane,20.87
2026-05-04,MANDI029,Maize,208.94
2026-05-04,MANDI029,Rice,343.7
2026-05-04,MANDI029,Wheat,166.02
2026-05-04,MANDI032,Cotton,279.62
2026-05-04,MANDI032,Mustard,484.68000000000006
2026-05-04,MANDI032,Sugarcane,309.01
2026-05-04,MANDI033,Narma,373.3
2026-05-04,MANDI034,Maize,623.85
2026-05-04,MANDI034,Sugarcane,305.08
2026-05-04,MANDI035,Wheat,344.47
2026-05-04,MANDI036,Wheat,308.56
2026-05-04,MANDI038,Maize,405.87
2026-05-04,MANDI038,Rice,469.57
2026-05-04,MANDI038,Wheat,174.07
2026-05-04,MANDI039,Mustard,232.6
2026-05-04,MANDI039,Sugarcane,216.28
2026-05-04,MANDI041,Cotton,204.85000000000002
2026-05-04,MANDI042,Cotton,103.93
2026-05-04,MANDI043,Cotton,130.85
2026-05-04,MANDI043,Wheat,235.34
2026-05-04,MANDI045,Cotton,488.72
2026-05-04,MANDI045,Wheat,415.6
2026-05-04,MANDI048,Cotton,144.83
2026-05-04,MANDI048,Sugarcane,122.87
2026-05-04,MANDI049,Cotton,276.07
2026-05-04,MANDI049,Maize,375.13
2026-05-04,MANDI049,Mustard,286.46999999999997
2026-05-04,MANDI050,Cotton,306.5
2026-05-04,MANDI050,Rice,278.76
2026-05-04,MANDI051,Mustard,479.37
2026-05-04,MANDI053,Cotton,353.84
2026-05-04,MANDI053,Maize,388.58
2026-05-04,MANDI053,Rice,27.04
2026-05-04,MANDI055,Rice,655.46
2026-05-04,MANDI055,Sugarcane,333.11
2026-05-04,MANDI056,Mustard,433.61
2026-05-04,MANDI056,Sugarcane,385.37
2026-05-04,MANDI057,Rice,23.02
2026-05-04,MANDI057,Wheat,259.29
2026-05-05,MANDI002,Maize,59.66
2026-05-05,MANDI002,Rice,468.55
2026-05-05,MANDI004,Rice,34.33
2026-05-05,MANDI006,Rice,250.78
2026-05-05,MANDI006,Sugarcane,318.87
2026-05-05,MANDI006,Wheat,352.18
2026-05-05,MANDI007,Cotton,369.1
2026-05-05,MANDI007,Mustard,18.26
2026-05-05,MANDI007,Narma,375.62
2026-05-05,MANDI008,Sugarcane,139.65
2026-05-05,MANDI011,Maize,684.86
2026-05-05,MANDI011,Rice,71.81
2026-05-05,MANDI011,Sugarcane,171.99
2026-05-05,MANDI012,Cotton,98.71
2026-05-05,MANDI013,Cotton,72.43
2026-05-05,MANDI014,Mustard,325.93000000000006
2026-05-05,MANDI014,Narma,75.42
2026-05-05,MANDI015,Rice,333.72
2026-05-05,MANDI017,Sugarcane,298.96
2026-05-05,MANDI018,Maize,484.39
2026-05-05,MANDI018,Rice,188.24
2026-05-05,MANDI019,Cotton,338.8
2026-05-05,MANDI019,Maize,196.52
2026-05-05,MANDI019,Rice,285.42
2026-05-05,MANDI019,Wheat,378.11
2026-05-05,MANDI020,Mustard,443.12
2026-05-05,MANDI021,Basmati,498.64
2026-05-05,MANDI022,Mustard,343.33
2026-05-05,MANDI022,Wheat,133.72
2026-05-05,MANDI024,Maize,397.1
2026-05-05,MANDI025,Maize,66.29
2026-05-05,MANDI026,Maize,212.19
2026-05-05,MANDI026,Rice,129.81
2026-05-05,MANDI027,Sugarcane,232.06
2026-05-05,MANDI029,Mustard,161.51
2026-05-05,MANDI031,Sugarcane,234.59
2026-05-05,MANDI035,Maize,396.83
2026-05-05,MANDI035,Narma,152.98
2026-05-05,MANDI035,Sugarcane,486.86
2026-05-05,MANDI036,Maize,320.35
2026-05-05,MANDI037,Maize,423.23
2026-05-05,MANDI039,Maize,183.93
2026-05-05,MANDI039,Rice,27.34
2026-05-05,MANDI039,Wheat,426.63
2026-05-05,MANDI040,Rice,363.43000000000006
2026-05-05,MANDI040,Sugarcane,265.33
2026-05-05,MANDI041,Cotton,655.73
2026-05-05,MANDI041,Mustard,368.93
2026-05-05,MANDI041,Sugarcane,27.66
2026-05-05,MANDI041,Wheat,290.05
2026-05-05,MANDI042,Rice,88.44
2026-05-05,MANDI043,Cotton,134.95
2026-05-05,MANDI043,Maize,41.28
2026-05-05,MANDI043,Mustard,28.9
2026-05-05,MANDI043,Wheat,458.06
2026-05-05,MANDI045,Sugarcane,443.47
2026-05-05,MANDI045,Wheat,55.14
2026-05-05,MANDI046,Sugarcane,52.92
2026-05-05,MANDI047,Mustard,491.2
2026-05-05,MANDI047,Wheat,403.88
2026-05-05,MANDI052,Maize,170.62
2026-05-05,MANDI053,Maize,163.33
2026-05-05,MANDI053,Wheat,350.41
2026-05-05,MANDI054,Sugarcane,481.71
2026-05-05,MANDI054,Wheat,257.51
2026-05-05,MANDI055,Maize,459.73
2026-05-05,MANDI055,Sugarcane,443.81
2026-05-06,MANDI001,Cotton,257.48
2026-05-06,MANDI001,Rice,374.05
2026-05-06,MANDI001,Sugarcane,182.65
2026-05-06,MANDI002,Mustard,303.51
2026-05-06,MANDI002,Rice,26.39
2026-05-06,MANDI003,Cotton,395.15
2026-05-06,MANDI003,Mustard,390.99
2026-05-06,MANDI003,Rice,296.14
2026-05-06,MANDI004,Rice,92.32
2026-05-06,MANDI005,Rice,52.7
2026-05-06,MANDI006,Rice,282.13
2026-05-06,MANDI007,Sugarcane,220.41
2026-05-06,MANDI009,Wheat,137.78
2026-05-06,MANDI010,Rice,161.70999999999998
2026-05-06,MANDI011,Narma,175.61
2026-05-06,MANDI012,Cotton,350.59
2026-05-06,MANDI013,Maize,41.76
2026-05-06,MANDI014,Sugarcane,455.41
2026-05-06,MANDI016,Mustard,220.06
2026-05-06,MANDI016,Wheat,90.58
2026-05-06,MANDI017,Wheat,472.92
2026-05-06,MANDI018,Mustard,232.7
2026-05-06,MANDI018,Rice,282.75
2026-05-06,MANDI018,Wheat,28.92
2026-05-06,MANDI019,Maize,96.02
2026-05-06,MANDI019,Mustard,285.65000000000003
2026-05-06,MANDI019,Sugarcane,340.95
2026-05-06,MANDI020,Mustard,66.16
2026-05-06,MANDI021,Wheat,144.99
2026-05-06,MANDI022,Mustard,289.56
2026-05-06,MANDI022,Sugarcane,108.61
2026-05-06,MANDI023,Mustard,312.23
2026-05-06,MANDI024,Maize,276.74
2026-05-06,MANDI024,Wheat,454.06
2026-05-06,MANDI025,Rice,133.76
2026-05-06,MANDI026,Wheat,134.99
2026-05-06,MANDI027,Wheat,232.86
2026-05-06,MANDI028,Mustard,110.54
2026-05-06,MANDI028,Rice,90.95
2026-05-06,MANDI029,Mustard,498.25
2026-05-06,MANDI029,Rice,368.75
2026-05-06,MANDI029,Wheat,339.92
2026-05-06,MANDI031,Sugarcane,349.72
2026-05-06,MANDI033,Maize,138.41
2026-05-06,MANDI033,Mustard,334.55
2026-05-06,MANDI034,Mustard,302.62
2026-05-06,MANDI034,Wheat,252.03
2026-05-06,MANDI036,Rice,322.87
2026-05-06,MANDI036,Wheat,148.12
2026-05-06,MANDI037,Rice,211.54
2026-05-06,MANDI038,Mustard,48.23
2026-05-06,MANDI039,Mustard,197.87
2026-05-06,MANDI039,Sugarcane,645.54
2026-05-06,MANDI040,Cotton,227.76
2026-05-06,MANDI040,Maize,169.42
2026-05-06,MANDI040,Mustard,44.89
2026-05-06,MANDI040,Rice,191.63
2026-05-06,MANDI041,Mustard,478.55
2026-05-06,MANDI042,Mustard,311.13
2026-05-06,MANDI042,Sugarcane,200.9
2026-05-06,MANDI042,Wheat,328.77
2026-05-06,MANDI043,Maize,485.28
2026-05-06,MANDI043,Sugarcane,25.9
2026-05-06,MANDI044,Mustard,357.61
2026-05-06,MANDI045,Cotton,176.79
2026-05-06,MANDI046,Basmati,241.63
2026-05-06,MANDI047,Mustard,370.5
2026-05-06,MANDI047,Rice,303.77
2026-05-06,MANDI048,Mustard,373.99
2026-05-06,MANDI048,Wheat,259.27
2026-05-06,MANDI050,Basmati,21.55
2026-05-06,MANDI050,Cotton,40.64
2026-05-06,MANDI051,Sugarcane,204.44
2026-05-06,MANDI052,Maize,457.44
2026-05-06,MANDI052,Rice,366.98
2026-05-06,MANDI053,Sugarcane,217.01
2026-05-06,MANDI053,Wheat,102.48
2026-05-06,MANDI054,Maize,336.39
2026-05-06,MANDI054,Mustard,384.2
2026-05-06,MANDI055,Sugarcane,319.12
2026-05-07,MANDI001,Mustard,68.56
2026-05-07,MANDI001,Rice,186.01
2026-05-07,MANDI001,Sugarcane,370.42
2026-05-07,MANDI006,Cotton,11.69
2026-05-07,MANDI008,Mustard,157.79
2026-05-07,MANDI009,Cotton,349.34
2026-05-07,MANDI010,Rice,28.29
2026-05-07,MANDI010,Sugarcane,114.48
2026-05-07,MANDI011,Sugarcane,256.26
2026-05-07,MANDI012,Cotton,449.81
2026-05-07,MANDI012,Maize,485.62
2026-05-07,MANDI013,Cotton,265.56
2026-05-07,MANDI013,Sugarcane,169.34
2026-05-07,MANDI015,Sugarcane,110.39
2026-05-07,MANDI016,Maize,117.98
2026-05-07,MANDI016,Sugarcane,155.25
2026-05-07,MANDI017,Mustard,69.85
2026-05-07,MANDI017,Sugarcane,201.2
2026-05-07,MANDI019,Sugarcane,415.94
2026-05-07,MANDI020,Maize,402.01
2026-05-07,MANDI020,Rice,35.6
2026-05-07,MANDI021,Mustard,284.96999999999997
2026-05-07,MANDI022,Rice,200.45
2026-05-07,MANDI023,Sugarcane,301.92
2026-05-07,MANDI024,Narma,302.04
2026-05-07,MANDI024,Sugarcane,349.75
2026-05-07,MANDI025,Cotton,444.89
2026-05-07,MANDI025,Narma,529.0
2026-05-07,MANDI025,Rice,191.28
2026-05-07,MANDI027,Mustard,210.91000000000003
2026-05-07,MANDI028,Cotton,464.05
2026-05-07,MANDI028,Rice,462.9
2026-05-07,MANDI029,Mustard,251.95
2026-05-07,MANDI029,Wheat,254.05
2026-05-07,MANDI030,Sugarcane,211.04
2026-05-07,MANDI030,Wheat,253.96
2026-05-07,MANDI031,Cotton,163.44
2026-05-07,MANDI032,Sugarcane,26.79
2026-05-07,MANDI033,Cotton,319.62
2026-05-07,MANDI034,Rice,41.97
2026-05-07,MANDI034,Wheat,279.88
2026-05-07,MANDI036,Maize,228.13
2026-05-07,MANDI037,Maize,792.83
2026-05-07,MANDI037,Mustard,128.18
2026-05-07,MANDI037,Wheat,117.31
2026-05-07,MANDI038,Cotton,333.44
2026-05-07,MANDI039,Rice,305.65
2026-05-07,MANDI040,Wheat,365.09
2026-05-07,MANDI041,Maize,11.93
2026-05-07,MANDI042,Wheat,209.32
2026-05-07,MANDI043,Wheat,478.31000000000006
2026-05-07,MANDI044,Mustard,494.89
2026-05-07,MANDI045,Maize,497.85
2026-05-07,MANDI045,Mustard,325.43
2026-05-07,MANDI045,Wheat,457.32
2026-05-07,MANDI046,Rice,88.13
2026-05-07,MANDI047,Sugarcane,182.69
2026-05-07,MANDI047,Wheat,398.94
2026-05-07,MANDI048,Mustard,155.92
2026-05-07,MANDI050,Wheat,676.59
2026-05-07,MANDI051,Maize,170.15
2026-05-07,MANDI052,Cotton,395.76
2026-05-07,MANDI052,Mustard,444.84
2026-05-07,MANDI052,Sugarcane,24.94
2026-05-07,MANDI054,Cotton,125.79
2026-05-07,MANDI055,Cotton,117.75
2026-05-07,MANDI055,Maize,42.84
2026-05-08,MANDI001,Rice,344.23
2026-05-08,MANDI001,Sugarcane,556.98
2026-05-08,MANDI002,Maize,630.28
2026-05-08,MANDI002,Mustard,417.39
2026-05-08,MANDI002,Wheat,182.0
2026-05-08,MANDI003,Rice,490.79
2026-05-08,MANDI004,Maize,462.71
2026-05-08,MANDI004,Wheat,20.46
2026-05-08,MANDI005,Maize,35.65
2026-05-08,MANDI005,Wheat,407.33
2026-05-08,MANDI006,Mustard,346.36
2026-05-08,MANDI006,Sugarcane,462.72
2026-05-08,MANDI007,Cotton,439.31
2026-05-08,MANDI007,Mustard,150.73
2026-05-08,MANDI008,Wheat,56.57
2026-05-08,MANDI009,Mustard,357.69
2026-05-08,MANDI009,Rice,271.05
2026-05-08,MANDI012,Cotton,498.07
2026-05-08,MANDI013,Sugarcane,256.53
2026-05-08,MANDI016,Sugarcane,19.57
2026-05-08,MANDI016,Wheat,479.46
2026-05-08,MANDI018,Cotton,357.27
2026-05-08,MANDI018,Maize,417.07
2026-05-08,MANDI018,Mustard,212.59
2026-05-08,MANDI019,Cotton,199.77
2026-05-08,MANDI019,Wheat,471.4
2026-05-08,MANDI020,Cotton,141.0
2026-05-08,MANDI020,Sugarcane,95.66
2026-05-08,MANDI020,Wheat,436.04
2026-05-08,MANDI021,Maize,259.35
2026-05-08,MANDI022,Cotton,371.65
2026-05-08,MANDI022,Maize,406.65
2026-05-08,MANDI022,Wheat,312.32
2026-05-08,MANDI023,Mustard,284.44
2026-05-08,MANDI023,Narma,423.0
2026-05-08,MANDI023,Sugarcane,366.16
2026-05-08,MANDI026,Maize,178.99
2026-05-08,MANDI027,Wheat,54.32
2026-05-08,MANDI028,Cotton,461.27
2026-05-08,MANDI028,Sugarcane,169.8
2026-05-08,MANDI031,Maize,137.04
2026-05-08,MANDI031,Mustard,243.3
2026-05-08,MANDI031,Sugarcane,141.34
2026-05-08,MANDI032,Maize,658.6300000000001
2026-05-08,MANDI032,Rice,342.06000000000006
2026-05-08,MANDI033,Cotton,461.9
2026-05-08,MANDI034,Cotton,17.66
2026-05-08,MANDI034,Mustard,15.13
2026-05-08,MANDI035,Rice,416.66
2026-05-08,MANDI036,Cotton,265.91
2026-05-08,MANDI036,Sugarcane,61.13
2026-05-08,MANDI037,Mustard,565.03
2026-05-08,MANDI039,Mustard,276.83
2026-05-08,MANDI039,Narma,251.78
2026-05-08,MANDI039,Rice,394.41
2026-05-08,MANDI040,Mustard,287.64
2026-05-08,MANDI041,Maize,271.64
2026-05-08,MANDI041,Mustard,481.3
2026-05-08,MANDI041,Wheat,812.6700000000001
2026-05-08,MANDI042,Basmati,393.63
2026-05-08,MANDI042,Sugarcane,228.56
2026-05-08,MANDI043,Sugarcane,156.47
2026-05-08,MANDI043,Wheat,121.39
2026-05-08,MANDI044,Sugarcane,158.41
2026-05-08,MANDI047,Mustard,84.39
2026-05-08,MANDI049,Maize,82.87
2026-05-08,MANDI049,Rice,404.38
2026-05-08,MANDI049,Sugarcane,589.47
2026-05-08,MANDI050,Maize,428.85
2026-05-08,MANDI051,Cotton,159.26
2026-05-08,MANDI051,Wheat,293.91
2026-05-08,MANDI052,Wheat,300.66
2026-05-08,MANDI053,Sugarcane,331.55
2026-05-08,MANDI056,Mustard,333.48
2026-05-08,MANDI057,Narma,344.13
2026-05-08,MANDI057,Rice,238.56
2026-05-08,MANDI057,Sugarcane,635.25
2026-05-08,MANDI057,Wheat,410.94
2026-05-09,MANDI001,Mustard,376.35
2026-05-09,MANDI001,Sugarcane,377.17
2026-05-09,MANDI002,Cotton,434.9
2026-05-09,MANDI002,Maize,77.49
2026-05-09,MANDI002,Rice,334.79
2026-05-09,MANDI002,Wheat,297.59000000000003
2026-05-09,MANDI003,Rice,466.89
2026-05-09,MANDI004,Maize,52.95
2026-05-09,MANDI005,Mustard,168.08
2026-05-09,MANDI006,Sugarcane,282.14
2026-05-09,MANDI006,Wheat,274.06
2026-05-09,MANDI007,Cotton,388.89
2026-05-09,MANDI008,Rice,456.89
2026-05-09,MANDI009,Mustard,383.37
2026-05-09,MANDI009,Sugarcane,34.76
2026-05-09,MANDI010,Mustard,564.38
2026-05-09,MANDI010,Rice,140.43
2026-05-09,MANDI011,Wheat,489.79
2026-05-09,MANDI012,Cotton,194.59
2026-05-09,MANDI012,Maize,119.12
2026-05-09,MANDI012,Narma,262.39
2026-05-09,MANDI012,Wheat,57.77
2026-05-09,MANDI013,Rice,335.44
2026-05-09,MANDI014,Rice,484.78
2026-05-09,MANDI014,Sugarcane,343.46
2026-05-09,MANDI014,Wheat,135.07
2026-05-09,MANDI015,Narma,70.48
2026-05-09,MANDI016,Mustard,193.93
2026-05-09,MANDI017,Rice,182.85
2026-05-09,MANDI017,Wheat,504.7200000000001
2026-05-09,MANDI018,Basmati,239.06
2026-05-09,MANDI018,Rice,346.79
2026-05-09,MANDI019,Maize,162.39
2026-05-09,MANDI020,Rice,430.4
2026-05-09,MANDI021,Cotton,320.78
2026-05-09,MANDI022,Maize,342.77
2026-05-09,MANDI022,Mustard,1022.9000000000001
2026-05-09,MANDI025,Maize,789.72
2026-05-09,MANDI027,Cotton,207.59
2026-05-09,MANDI027,Maize,822.17
2026-05-09,MANDI028,Maize,330.58
2026-05-09,MANDI029,Rice,99.18
2026-05-09,MANDI029,Wheat,44.17
2026-05-09,MANDI030,Rice,440.68
2026-05-09,MANDI031,Maize,269.7
2026-05-09,MANDI034,Rice,83.79000000000002
2026-05-09,MANDI035,Basmati,110.85
2026-05-09,MANDI035,Wheat,230.39
2026-05-09,MANDI036,Maize,234.07999999999998
2026-05-09,MANDI037,Rice,194.54
2026-05-09,MANDI039,Sugarcane,680.8
2026-05-09,MANDI040,Rice,28.42
2026-05-09,MANDI042,Basmati,498.26
2026-05-09,MANDI042,Sugarcane,424.18
2026-05-09,MANDI042,Wheat,55.37
2026-05-09,MANDI045,Cotton,454.92
2026-05-09,MANDI045,Mustard,216.02
2026-05-09,MANDI046,Rice,89.14
2026-05-09,MANDI048,Maize,492.04
2026-05-09,MANDI048,Rice,366.68
2026-05-09,MANDI049,Cotton,214.85
2026-05-09,MANDI050,Mustard,71.87
2026-05-09,MANDI051,Maize,45.2
2026-05-09,MANDI051,Mustard,462.3
2026-05-09,MANDI053,Sugarcane,107.3
2026-05-09,MANDI055,Mustard,381.93
2026-05-09,MANDI056,Maize,360.81
2026-05-09,MANDI056,Rice,24.89
2026-05-09,MANDI056,Wheat,281.03000000000003
2026-05-09,MANDI057,Cotton,346.62
2026-05-09,MANDI057,Rice,151.2
2026-05-09,MANDI057,Sugarcane,333.73
2026-05-10,MANDI001,Maize,404.08
2026-05-10,MANDI002,Cotton,47.8
2026-05-10,MANDI002,Maize,197.23
2026-05-10,MANDI002,Rice,379.68
2026-05-10,MANDI006,Mustard,276.11
2026-05-10,MANDI008,Narma,264.47
2026-05-10,MANDI015,Mustard,784.76
2026-05-10,MANDI016,Mustard,84.56
2026-05-10,MANDI019,Mustard,64.5
2026-05-10,MANDI020,Mustard,198.14
2026-05-10,MANDI020,Rice,413.02
2026-05-10,MANDI020,Wheat,116.8
2026-05-10,MANDI024,Mustard,454.49
2026-05-10,MANDI026,Cotton,468.21
2026-05-10,MANDI029,Mustard,492.91
2026-05-10,MANDI034,Maize,255.26
2026-05-10,MANDI036,Maize,293.84000000000003
2026-05-10,MANDI036,Wheat,216.05
2026-05-10,MANDI038,Rice,466.38
2026-05-10,MANDI038,Sugarcane,128.46
2026-05-10,MANDI041,Maize,176.03000000000003
2026-05-10,MANDI046,Wheat,459.29
2026-05-10,MANDI047,Sugarcane,499.09
2026-05-10,MANDI051,Cotton,443.68
2026-05-10,MANDI052,Cotton,614.05
2026-05-10,MANDI056,Sugarcane,114.3
2026-05-10,MANDI057,Sugarcane,204.16
2026-05-11,MANDI001,Sugarcane,124.1
2026-05-11,MANDI003,Maize,306.01
2026-05-11,MANDI003,Sugarcane,278.99
2026-05-11,MANDI005,Mustard,260.99
2026-05-11,MANDI005,Rice,482.23
2026-05-11,MANDI006,Cotton,362.34
2026-05-11,MANDI008,Maize,306.2
2026-05-11,MANDI008,Narma,15.18
2026-05-11,MANDI009,Sugarcane,21.28
2026-05-11,MANDI012,Sugarcane,239.84
2026-05-11,MANDI013,Basmati,434.5
2026-05-11,MANDI016,Narma,79.81
2026-05-11,MANDI016,Rice,249.49
2026-05-11,MANDI019,Narma,238.93
2026-05-11,MANDI024,Sugarcane,77.25
2026-05-11,MANDI026,Cotton,381.87
2026-05-11,MANDI026,Sugarcane,55.74
2026-05-11,MANDI027,Basmati,308.87
2026-05-11,MANDI027,Sugarcane,417.75
2026-05-11,MANDI029,Sugarcane,247.98
2026-05-11,MANDI030,Mustard,85.69
2026-05-11,MANDI035,Mustard,443.28
2026-05-11,MANDI035,Narma,134.08
2026-05-11,MANDI035,Rice,65.84
2026-05-11,MANDI037,Sugarcane,61.61
2026-05-11,MANDI039,Wheat,204.2
2026-05-11,MANDI044,Mustard,528.67
2026-05-11,MANDI045,Basmati,120.06
2026-05-11,MANDI045,Maize,174.49
2026-05-11,MANDI047,Mustard,395.93
2026-05-11,MANDI049,Rice,341.89
2026-05-11,MANDI050,Maize,442.48
2026-05-11,MANDI050,Sugarcane,110.83
2026-05-11,MANDI050,Wheat,133.39
2026-05-11,MANDI051,Wheat,423.76
2026-05-11,MANDI052,Rice,321.27
2026-05-11,MANDI054,Cotton,84.57
2026-05-11,MANDI054,Sugarcane,134.18
2026-05-11,MANDI055,Cotton,396.78
2026-05-11,MANDI055,Maize,220.08
2026-05-11,MANDI055,Sugarcane,428.4
2026-05-11,MANDI056,Sugarcane,600.13
2026-05-12,MANDI001,Cotton,407.88
2026-05-12,MANDI001,Mustard,399.09
2026-05-12,MANDI002,Cotton,379.65
2026-05-12,MANDI002,Maize,257.11
2026-05-12,MANDI004,Rice,115.64
2026-05-12,MANDI005,Mustard,129.68
2026-05-12,MANDI008,Rice,444.81
2026-05-12,MANDI008,Sugarcane,28.84
2026-05-12,MANDI011,Rice,85.51
2026-05-12,MANDI012,Mustard,185.99
2026-05-12,MANDI016,Sugarcane,371.52
2026-05-12,MANDI017,Wheat,457.49
2026-05-12,MANDI019,Wheat,416.73
2026-05-12,MANDI020,Rice,580.9499999999999
2026-05-12,MANDI022,Mustard,157.97
2026-05-12,MANDI022,Sugarcane,233.6
2026-05-12,MANDI026,Maize,213.12
2026-05-12,MANDI026,Wheat,83.82
2026-05-12,MANDI034,Mustard,479.07
2026-05-12,MANDI036,Sugarcane,286.21
2026-05-12,MANDI040,Maize,136.07
2026-05-12,MANDI040,Rice,132.34
2026-05-12,MANDI043,Rice,523.26
2026-05-12,MANDI043,Wheat,28.04
2026-05-12,MANDI044,Mustard,549.24
2026-05-12,MANDI045,Rice,223.06
2026-05-12,MANDI046,Rice,65.7
2026-05-12,MANDI047,Maize,194.32
2026-05-12,MANDI056,Maize,270.75
2026-05-12,MANDI056,Wheat,384.28
2026-05-12,MANDI057,Wheat,139.24
2026-05-13,MANDI002,Narma,249.48
2026-05-13,MANDI002,Rice,484.75
2026-05-13,MANDI002,Sugarcane,145.99
2026-05-13,MANDI002,Wheat,297.12
2026-05-13,MANDI006,Maize,231.18
2026-05-13,MANDI009,Rice,326.15
2026-05-13,MANDI009,Wheat,310.35
2026-05-13,MANDI012,Mustard,431.63
2026-05-13,MANDI014,Maize,603.34
2026-05-13,MANDI014,Narma,56.7
2026-05-13,MANDI019,Maize,223.49
2026-05-13,MANDI019,Mustard,446.12
2026-05-13,MANDI020,Wheat,254.53
2026-05-13,MANDI022,Rice,50.87
2026-05-13,MANDI023,Maize,197.95
2026-05-13,MANDI027,Rice,161.69
2026-05-13,MANDI027,Wheat,288.11
2026-05-13,MANDI033,Maize,276.23
2026-05-13,MANDI033,Wheat,22.64
2026-05-13,MANDI034,Maize,454.7
2026-05-13,MANDI034,Sugarcane,154.59
2026-05-13,MANDI036,Sugarcane,106.3
2026-05-13,MANDI038,Maize,163.66
2026-05-13,MANDI038,Mustard,162.94
2026-05-13,MANDI038,Rice,47.27
2026-05-13,MANDI038,Sugarcane,284.18
2026-05-13,MANDI038,Wheat,144.44
2026-05-13,MANDI041,Mustard,320.59
2026-05-13,MANDI041,Rice,497.86
2026-05-13,MANDI042,Sugarcane,225.3
2026-05-13,MANDI043,Maize,340.61
2026-05-13,MANDI043,Sugarcane,322.23
2026-05-13,MANDI044,Wheat,232.72
2026-05-13,MANDI045,Cotton,292.24
2026-05-13,MANDI045,Maize,468.19
2026-05-13,MANDI045,Narma,114.19
2026-05-13,MANDI045,Rice,178.3
2026-05-13,MANDI046,Maize,369.28
2026-05-13,MANDI046,Mustard,73.53
2026-05-13,MANDI046,Sugarcane,297.9
2026-05-13,MANDI048,Basmati,363.94
2026-05-13,MANDI048,Sugarcane,194.95
2026-05-13,MANDI049,Mustard,262.57
2026-05-13,MANDI051,Rice,154.75
2026-05-13,MANDI051,Wheat,28.760000000000005
2026-05-13,MANDI052,Mustard,39.05
2026-05-13,MANDI053,Maize,324.75
2026-05-13,MANDI054,Mustard,101.61
2026-05-13,MANDI054,Sugarcane,139.58
2026-05-13,MANDI055,Mustard,215.0
2026-05-13,MANDI056,Wheat,21.79
2026-05-14,MANDI002,Sugarcane,300.72
2026-05-14,MANDI003,Rice,779.86
2026-05-14,MANDI004,Mustard,283.58
2026-05-14,MANDI004,Wheat,1061.4
2026-05-14,MANDI005,Maize,323.48
2026-05-14,MANDI005,Mustard,393.28
2026-05-14,MANDI005,Wheat,208.99
2026-05-14,MANDI006,Rice,390.5
2026-05-14,MANDI007,Wheat,237.71
2026-05-14,MANDI009,Cotton,464.53
2026-05-14,MANDI009,Wheat,232.0
2026-05-14,MANDI010,Cotton,459.99
2026-05-14,MANDI011,Narma,429.33
2026-05-14,MANDI013,Rice,145.9
2026-05-14,MANDI014,Maize,477.17
2026-05-14,MANDI014,Sugarcane,237.12
2026-05-14,MANDI015,Mustard,219.68
2026-05-14,MANDI015,Rice,335.21
2026-05-14,MANDI016,Cotton,47.58
2026-05-14,MANDI016,Mustard,234.92000000000002
2026-05-14,MANDI017,Sugarcane,311.15
2026-05-14,MANDI018,Cotton,253.49
2026-05-14,MANDI019,Mustard,674.15
2026-05-14,MANDI020,Maize,110.05
2026-05-14,MANDI020,Wheat,482.01
2026-05-14,MANDI022,Maize,478.23
2026-05-14,MANDI022,Narma,109.98
2026-05-14,MANDI023,Sugarcane,354.89
2026-05-14,MANDI024,Cotton,625.38
2026-05-14,MANDI024,Mustard,78.69
2026-05-14,MANDI024,Wheat,103.67
2026-05-14,MANDI026,Maize,456.14
2026-05-14,MANDI026,Wheat,345.24
2026-05-14,MANDI027,Wheat,111.65
2026-05-14,MANDI028,Rice,323.27
2026-05-14,MANDI028,Sugarcane,279.13
2026-05-14,MANDI030,Cotton,373.33
2026-05-14,MANDI030,Rice,490.6
2026-05-14,MANDI031,Rice,892.65
2026-05-14,MANDI031,Sugarcane,366.47
2026-05-14,MANDI032,Maize,235.91
2026-05-14,MANDI032,Wheat,412.75
2026-05-14,MANDI033,Sugarcane,216.9
2026-05-14,MANDI034,Cotton,135.99
2026-05-14,MANDI034,Maize,190.86
2026-05-14,MANDI034,Mustard,496.87
2026-05-14,MANDI036,Cotton,493.48
2026-05-14,MANDI036,Maize,289.73
2026-05-14,MANDI037,Maize,353.17
2026-05-14,MANDI040,Mustard,45.91
2026-05-14,MANDI040,Narma,174.56
2026-05-14,MANDI041,Cotton,467.68
2026-05-14,MANDI042,Cotton,269.16
2026-05-14,MANDI042,Rice,209.06
2026-05-14,MANDI043,Mustard,185.95
2026-05-14,MANDI043,Wheat,494.2
2026-05-14,MANDI044,Basmati,188.61
2026-05-14,MANDI046,Cotton,254.42
2026-05-14,MANDI047,Cotton,211.46
2026-05-14,MANDI048,Rice,405.58
2026-05-14,MANDI050,Mustard,118.96
2026-05-14,MANDI052,Rice,481.08
2026-05-14,MANDI053,Maize,113.15
2026-05-14,MANDI054,Sugarcane,205.25
2026-05-14,MANDI055,Mustard,330.29
2026-05-14,MANDI055,Rice,197.2
2026-05-14,MANDI056,Sugarcane,153.06
2026-05-14,MANDI056,Wheat,402.22
2026-05-15,MANDI001,Maize,286.32
2026-05-15,MANDI003,Rice,91.39
2026-05-15,MANDI004,Sugarcane,553.46
2026-05-15,MANDI005,Basmati,154.41
2026-05-15,MANDI007,Cotton,112.15
2026-05-15,MANDI008,Sugarcane,335.57
2026-05-15,MANDI009,Maize,20.14
2026-05-15,MANDI011,Cotton,374.79
2026-05-15,MANDI011,Maize,113.92
2026-05-15,MANDI011,Wheat,51.41
2026-05-15,MANDI012,Rice,36.55
2026-05-15,MANDI013,Mustard,577.45
2026-05-15,MANDI013,Wheat,493.93
2026-05-15,MANDI016,Mustard,146.35
2026-05-15,MANDI017,Cotton,454.32000000000005
2026-05-15,MANDI017,Maize,448.46
2026-05-15,MANDI017,Wheat,203.31
2026-05-15,MANDI021,Cotton,597.69
2026-05-15,MANDI021,Maize,322.33
2026-05-15,MANDI022,Mustard,24.91
2026-05-15,MANDI022,Narma,59.18
2026-05-15,MANDI022,Sugarcane,486.39
2026-05-15,MANDI025,Mustard,82.45999999999998
2026-05-15,MANDI027,Maize,44.63
2026-05-15,MANDI027,Mustard,135.66
2026-05-15,MANDI027,Rice,453.2
2026-05-15,MANDI029,Sugarcane,109.68
2026-05-15,MANDI031,Maize,300.71
2026-05-15,MANDI031,Wheat,650.15
2026-05-15,MANDI032,Rice,302.14
2026-05-15,MANDI033,Wheat,123.99
2026-05-15,MANDI034,Maize,262.93
2026-05-15,MANDI035,Sugarcane,429.39
2026-05-15,MANDI036,Mustard,324.36
2026-05-15,MANDI036,Rice,238.8
2026-05-15,MANDI038,Mustard,459.76
2026-05-15,MANDI039,Mustard,208.21
2026-05-15,MANDI040,Maize,184.14
2026-05-15,MANDI040,Rice,490.85
2026-05-15,MANDI041,Wheat,602.12
2026-05-15,MANDI042,Maize,327.95
2026-05-15,MANDI043,Cotton,153.75
2026-05-15,MANDI045,Cotton,442.03
2026-05-15,MANDI045,Wheat,49.6
2026-05-15,MANDI051,Maize,476.7
2026-05-15,MANDI052,Mustard,484.05
2026-05-15,MANDI053,Mustard,516.8
2026-05-15,MANDI054,Narma,334.23
2026-05-15,MANDI055,Maize,461.77
2026-05-15,MANDI056,Maize,418.96
2026-05-15,MANDI056,Mustard,372.81
2026-05-16,MANDI001,Maize,45.96
2026-05-16,MANDI001,Mustard,414.9
2026-05-16,MANDI002,Maize,74.18
2026-05-16,MANDI004,Cotton,169.04
2026-05-16,MANDI004,Wheat,166.15000000000003
2026-05-16,MANDI005,Cotton,350.04
2026-05-16,MANDI005,Rice,97.21
2026-05-16,MANDI007,Cotton,969.5400000000001
2026-05-16,MANDI007,Maize,276.14
2026-05-16,MANDI007,Rice,283.42
2026-05-16,MANDI007,Sugarcane,48.52
2026-05-16,MANDI009,Sugarcane,452.6
2026-05-16,MANDI010,Maize,387.13
2026-05-16,MANDI010,Rice,75.97
2026-05-16,MANDI011,Basmati,318.28
2026-05-16,MANDI012,Rice,340.06
2026-05-16,MANDI012,Wheat,143.68
2026-05-16,MANDI014,Rice,285.82
2026-05-16,MANDI014,Wheat,377.9
2026-05-16,MANDI015,Wheat,377.19
2026-05-16,MANDI016,Mustard,20.87
2026-05-16,MANDI016,Rice,380.84999999999997
2026-05-16,MANDI017,Wheat,472.25
2026-05-16,MANDI018,Wheat,215.74
2026-05-16,MANDI020,Maize,53.65
2026-05-16,MANDI020,Mustard,62.93
2026-05-16,MANDI021,Maize,83.16
2026-05-16,MANDI021,Sugarcane,432.6
2026-05-16,MANDI022,Cotton,882.49
2026-05-16,MANDI022,Maize,660.79
2026-05-16,MANDI022,Wheat,352.81
2026-05-16,MANDI023,Mustard,376.95
2026-05-16,MANDI024,Rice,259.47
2026-05-16,MANDI025,Maize,463.7
2026-05-16,MANDI026,Sugarcane,316.6
2026-05-16,MANDI027,Cotton,98.19
2026-05-16,MANDI027,Sugarcane,452.05
2026-05-16,MANDI028,Maize,236.75
2026-05-16,MANDI028,Sugarcane,490.62
2026-05-16,MANDI029,Cotton,199.13
2026-05-16,MANDI029,Sugarcane,510.91
2026-05-16,MANDI030,Maize,407.56
2026-05-16,MANDI031,Maize,48.3
2026-05-16,MANDI035,Maize,228.87
2026-05-16,MANDI036,Mustard,261.61
2026-05-16,MANDI036,Wheat,294.98
2026-05-16,MANDI037,Maize,86.72
2026-05-16,MANDI037,Mustard,22.450000000000003
2026-05-16,MANDI037,Sugarcane,355.62
2026-05-16,MANDI038,Mustard,29.9
2026-05-16,MANDI038,Wheat,359.88
2026-05-16,MANDI040,Mustard,430.19000000000005
2026-05-16,MANDI040,Wheat,53.21
2026-05-16,MANDI041,Narma,282.98
2026-05-16,MANDI041,Rice,465.59
2026-05-16,MANDI042,Wheat,708.82
2026-05-16,MANDI043,Mustard,377.38
2026-05-16,MANDI043,Wheat,254.98
2026-05-16,MANDI044,Maize,323.18
2026-05-16,MANDI044,Mustard,395.98
2026-05-16,MANDI044,Sugarcane,433.3
2026-05-16,MANDI045,Maize,486.12
2026-05-16,MANDI045,Sugarcane,415.4500000000001
2026-05-16,MANDI045,Wheat,476.33
2026-05-16,MANDI046,Mustard,435.38
2026-05-16,MANDI048,Maize,287.02
2026-05-16,MANDI048,Mustard,160.68
2026-05-16,MANDI050,Cotton,421.43
2026-05-16,MANDI050,Maize,380.32
2026-05-16,MANDI050,Sugarcane,178.45
2026-05-16,MANDI050,Wheat,294.54999999999995
2026-05-16,MANDI051,Cotton,492.66
2026-05-16,MANDI051,Maize,558.26
2026-05-16,MANDI051,Wheat,11.25
2026-05-16,MANDI052,Mustard,331.18
2026-05-16,MANDI053,Narma,100.0
2026-05-16,MANDI054,Basmati,301.57
2026-05-16,MANDI057,Cotton,19.74
2026-05-16,MANDI057,Maize,28.0
2026-05-16,MANDI057,Mustard,201.7
2026-05-16,MANDI057,Sugarcane,443.46
2026-05-17,MANDI001,Wheat,239.82
2026-05-17,MANDI002,Cotton,102.32
2026-05-17,MANDI003,Mustard,449.23
2026-05-17,MANDI003,Sugarcane,244.02
2026-05-17,MANDI004,Maize,223.9
2026-05-17,MANDI005,Mustard,280.09000000000003
2026-05-17,MANDI005,Wheat,234.6
2026-05-17,MANDI006,Rice,402.0
2026-05-17,MANDI006,Sugarcane,334.16
2026-05-17,MANDI008,Maize,173.13
2026-05-17,MANDI008,Mustard,230.13
2026-05-17,MANDI008,Sugarcane,343.3
2026-05-17,MANDI009,Wheat,365.5
2026-05-17,MANDI010,Sugarcane,647.49
2026-05-17,MANDI011,Maize,484.76
2026-05-17,MANDI011,Wheat,387.88
2026-05-17,MANDI012,Maize,337.08
2026-05-17,MANDI012,Sugarcane,97.0
2026-05-17,MANDI012,Wheat,401.64
2026-05-17,MANDI014,Cotton,375.79
2026-05-17,MANDI014,Rice,142.18
2026-05-17,MANDI015,Cotton,253.3
2026-05-17,MANDI016,Mustard,411.83
2026-05-17,MANDI016,Sugarcane,271.86
2026-05-17,MANDI017,Cotton,88.63
2026-05-17,MANDI019,Sugarcane,43.47
2026-05-17,MANDI020,Maize,788.6600000000001
2026-05-17,MANDI021,Narma,112.49
2026-05-17,MANDI023,Narma,128.58
2026-05-17,MANDI024,Mustard,492.8
2026-05-17,MANDI024,Rice,263.87
2026-05-17,MANDI025,Wheat,408.83
2026-05-17,MANDI026,Mustard,176.62
2026-05-17,MANDI027,Maize,146.9
2026-05-17,MANDI027,Rice,135.67
2026-05-17,MANDI029,Mustard,375.42
2026-05-17,MANDI030,Rice,63.14
2026-05-17,MANDI030,Sugarcane,371.78
2026-05-17,MANDI031,Rice,232.22
2026-05-17,MANDI032,Wheat,223.25
2026-05-17,MANDI033,Narma,478.77
2026-05-17,MANDI033,Sugarcane,365.31
2026-05-17,MANDI035,Rice,196.92
2026-05-17,MANDI036,Maize,132.53
2026-05-17,MANDI036,Sugarcane,38.96
2026-05-17,MANDI036,Wheat,31.41
2026-05-17,MANDI037,Wheat,253.03
2026-05-17,MANDI038,Rice,222.09
2026-05-17,MANDI039,Narma,135.64
2026-05-17,MANDI039,Wheat,323.82
2026-05-17,MANDI040,Rice,490.36
2026-05-17,MANDI040,Sugarcane,423.44
2026-05-17,MANDI041,Rice,436.66
2026-05-17,MANDI041,Wheat,101.31
2026-05-17,MANDI045,Mustard,316.63
2026-05-17,MANDI046,Basmati,854.62
2026-05-17,MANDI046,Rice,232.74
2026-05-17,MANDI047,Mustard,427.46
2026-05-17,MANDI047,Rice,359.03
2026-05-17,MANDI047,Sugarcane,210.24
2026-05-17,MANDI048,Maize,185.24
2026-05-17,MANDI051,Cotton,305.71
2026-05-17,MANDI051,Rice,292.12
2026-05-17,MANDI052,Cotton,181.95
2026-05-17,MANDI052,Rice,491.0
2026-05-17,MANDI052,Sugarcane,360.0
2026-05-17,MANDI054,Cotton,214.32
2026-05-17,MANDI055,Sugarcane,494.5
2026-05-18,MANDI001,Maize,348.24
2026-05-18,MANDI002,Sugarcane,877.49
2026-05-18,MANDI003,Cotton,234.52
2026-05-18,MANDI003,Maize,363.18
2026-05-18,MANDI003,Narma,330.95
2026-05-18,MANDI004,Cotton,248.54
2026-05-18,MANDI004,Mustard,293.5
2026-05-18,MANDI005,Cotton,156.05
2026-05-18,MANDI006,Maize,398.78
2026-05-18,MANDI007,Cotton,166.53
2026-05-18,MANDI007,Maize,348.2
2026-05-18,MANDI007,Narma,65.22
2026-05-18,MANDI007,Sugarcane,483.79
2026-05-18,MANDI009,Mustard,947.28
2026-05-18,MANDI010,Sugarcane,32.42
2026-05-18,MANDI010,Wheat,45.94
2026-05-18,MANDI011,Mustard,199.37
2026-05-18,MANDI012,Cotton,283.3
2026-05-18,MANDI013,Wheat,341.79
2026-05-18,MANDI014,Maize,502.1500000000001
2026-05-18,MANDI015,Mustard,406.48
2026-05-18,MANDI016,Sugarcane,399.15
2026-05-18,MANDI017,Maize,283.76
2026-05-18,MANDI017,Mustard,240.81
2026-05-18,MANDI018,Wheat,439.14
2026-05-18,MANDI019,Narma,142.6
2026-05-18,MANDI020,Mustard,248.34
2026-05-18,MANDI021,Cotton,132.32
2026-05-18,MANDI022,Mustard,198.31
2026-05-18,MANDI023,Maize,276.94
2026-05-18,MANDI024,Maize,245.16
2026-05-18,MANDI024,Mustard,299.04
2026-05-18,MANDI024,Rice,119.85
2026-05-18,MANDI026,Wheat,308.23
2026-05-18,MANDI027,Cotton,319.11
2026-05-18,MANDI027,Maize,384.66
2026-05-18,MANDI027,Mustard,27.88
2026-05-18,MANDI027,Narma,42.53
2026-05-18,MANDI027,Rice,336.22
2026-05-18,MANDI028,Maize,237.03
2026-05-18,MANDI029,Cotton,130.3
2026-05-18,MANDI029,Mustard,159.01
2026-05-18,MANDI029,Rice,253.89
2026-05-18,MANDI029,Wheat,68.58
2026-05-18,MANDI030,Narma,189.37
2026-05-18,MANDI031,Mustard,326.91
2026-05-18,MANDI032,Mustard,83.29
2026-05-18,MANDI033,Cotton,182.74
2026-05-18,MANDI033,Rice,159.55
2026-05-18,MANDI033,Sugarcane,220.09
2026-05-18,MANDI033,Wheat,148.42
2026-05-18,MANDI034,Maize,303.75
2026-05-18,MANDI036,Rice,97.1
2026-05-18,MANDI036,Wheat,253.16
2026-05-18,MANDI039,Cotton,160.01
2026-05-18,MANDI040,Maize,190.47
2026-05-18,MANDI040,Narma,273.82
2026-05-18,MANDI040,Wheat,405.79
2026-05-18,MANDI042,Rice,333.15
2026-05-18,MANDI043,Basmati,179.92
2026-05-18,MANDI043,Cotton,313.37
2026-05-18,MANDI043,Maize,327.19
2026-05-18,MANDI043,Mustard,150.77
2026-05-18,MANDI044,Rice,287.68
2026-05-18,MANDI044,Sugarcane,165.32
2026-05-18,MANDI045,Rice,467.18
2026-05-18,MANDI047,Wheat,493.53
2026-05-18,MANDI048,Wheat,200.53
2026-05-18,MANDI049,Mustard,413.95
2026-05-18,MANDI050,Mustard,493.39
2026-05-18,MANDI051,Mustard,165.09
2026-05-18,MANDI051,Rice,75.01
2026-05-18,MANDI052,Sugarcane,107.33
2026-05-18,MANDI052,Wheat,257.18
2026-05-18,MANDI053,Mustard,40.16
2026-05-18,MANDI053,Wheat,117.84
2026-05-18,MANDI054,Mustard,31.92
2026-05-18,MANDI055,Mustard,445.82
2026-05-18,MANDI055,Rice,197.81
2026-05-18,MANDI056,Mustard,451.74
2026-05-18,MANDI057,Cotton,255.8
2026-05-18,MANDI057,Sugarcane,488.86
2026-05-19,MANDI001,Cotton,164.83
2026-05-19,MANDI001,Wheat,195.9
2026-05-19,MANDI003,Mustard,178.71
2026-05-19,MANDI003,Sugarcane,277.35
2026-05-19,MANDI004,Mustard,155.02
2026-05-19,MANDI004,Rice,234.83
2026-05-19,MANDI004,Wheat,99.36
2026-05-19,MANDI006,Cotton,64.48
2026-05-19,MANDI006,Rice,289.15
2026-05-19,MANDI006,Wheat,705.84
2026-05-19,MANDI007,Cotton,74.09
2026-05-19,MANDI008,Sugarcane,251.22
2026-05-19,MANDI009,Rice,426.78
2026-05-19,MANDI009,Sugarcane,164.74
2026-05-19,MANDI010,Sugarcane,388.47
2026-05-19,MANDI011,Maize,475.59
2026-05-19,MANDI011,Rice,163.21
2026-05-19,MANDI012,Wheat,458.45
2026-05-19,MANDI013,Maize,45.66
2026-05-19,MANDI013,Mustard,55.87
2026-05-19,MANDI013,Wheat,1041.74
2026-05-19,MANDI014,Mustard,209.73
2026-05-19,MANDI015,Rice,909.26
2026-05-19,MANDI016,Cotton,157.84
2026-05-19,MANDI016,Maize,422.84999999999997
2026-05-19,MANDI016,Sugarcane,411.19
2026-05-19,MANDI017,Cotton,117.99
2026-05-19,MANDI018,Mustard,482.96
2026-05-19,MANDI021,Sugarcane,417.49
2026-05-19,MANDI023,Sugarcane,412.94
2026-05-19,MANDI024,Wheat,96.0
2026-05-19,MANDI025,Maize,480.02
2026-05-19,MANDI025,Mustard,555.55
2026-05-19,MANDI025,Sugarcane,434.31
2026-05-19,MANDI026,Basmati,172.61
2026-05-19,MANDI026,Wheat,695.22
2026-05-19,MANDI027,Maize,306.1
2026-05-19,MANDI027,Narma,485.81000000000006
2026-05-19,MANDI030,Mustard,359.28
2026-05-19,MANDI031,Maize,99.54
2026-05-19,MANDI031,Mustard,244.4
2026-05-19,MANDI031,Rice,119.09
2026-05-19,MANDI032,Mustard,66.36
2026-05-19,MANDI033,Maize,586.4399999999999
2026-05-19,MANDI033,Mustard,301.5
2026-05-19,MANDI034,Cotton,340.97
2026-05-19,MANDI034,Mustard,668.4300000000001
2026-05-19,MANDI034,Sugarcane,126.22
2026-05-19,MANDI036,Cotton,460.76
2026-05-19,MANDI036,Mustard,240.67
2026-05-19,MANDI036,Wheat,421.31
2026-05-19,MANDI037,Cotton,256.32
2026-05-19,MANDI037,Mustard,307.01
2026-05-19,MANDI037,Sugarcane,168.53
2026-05-19,MANDI038,Cotton,253.66
2026-05-19,MANDI038,Sugarcane,133.21
2026-05-19,MANDI041,Maize,127.63
2026-05-19,MANDI042,Basmati,468.98
2026-05-19,MANDI042,Mustard,310.37
2026-05-19,MANDI042,Sugarcane,445.32
2026-05-19,MANDI043,Sugarcane,650.94
2026-05-19,MANDI044,Wheat,391.39
2026-05-19,MANDI045,Maize,33.8
2026-05-19,MANDI045,Sugarcane,170.79
2026-05-19,MANDI046,Maize,85.9
2026-05-19,MANDI046,Wheat,275.98
2026-05-19,MANDI047,Maize,358.91
2026-05-19,MANDI047,Sugarcane,113.15
2026-05-19,MANDI048,Cotton,217.57
2026-05-19,MANDI048,Maize,375.62
2026-05-19,MANDI048,Sugarcane,323.65
2026-05-19,MANDI049,Mustard,343.75
2026-05-19,MANDI051,Maize,499.44
2026-05-19,MANDI051,Mustard,303.7
2026-05-19,MANDI053,Cotton,104.83
2026-05-19,MANDI053,Maize,81.42
2026-05-19,MANDI053,Mustard,132.27
2026-05-19,MANDI053,Sugarcane,454.52
2026-05-19,MANDI055,Maize,328.01
2026-05-19,MANDI056,Cotton,289.01
2026-05-19,MANDI056,Maize,106.05
2026-05-19,MANDI057,Mustard,159.97
2026-05-19,MANDI057,Sugarcane,292.89
2026-05-20,MANDI001,Maize,438.74
2026-05-20,MANDI001,Mustard,373.2
2026-05-20,MANDI001,Rice,415.0
2026-05-20,MANDI003,Mustard,101.57
2026-05-20,MANDI004,Maize,321.0
2026-05-20,MANDI007,Cotton,31.15
2026-05-20,MANDI007,Maize,119.55
2026-05-20,MANDI010,Mustard,207.38
2026-05-20,MANDI010,Rice,345.6
2026-05-20,MANDI012,Maize,205.36999999999998
2026-05-20,MANDI013,Rice,63.67
2026-05-20,MANDI016,Mustard,399.91
2026-05-20,MANDI017,Cotton,82.18
2026-05-20,MANDI017,Wheat,42.56999999999999
2026-05-20,MANDI018,Rice,399.25
2026-05-20,MANDI019,Maize,184.23
2026-05-20,MANDI019,Wheat,43.08
2026-05-20,MANDI020,Sugarcane,319.94
2026-05-20,MANDI022,Mustard,189.1
2026-05-20,MANDI022,Rice,217.77
2026-05-20,MANDI024,Cotton,785.2
2026-05-20,MANDI024,Maize,446.81
2026-05-20,MANDI024,Rice,725.48
2026-05-20,MANDI024,Wheat,226.33
2026-05-20,MANDI025,Maize,459.21
2026-05-20,MANDI025,Mustard,423.72
2026-05-20,MANDI025,Sugarcane,726.25
2026-05-20,MANDI026,Basmati,170.71
2026-05-20,MANDI027,Narma,294.02
2026-05-20,MANDI027,Rice,207.95
2026-05-20,MANDI027,Sugarcane,279.02
2026-05-20,MANDI028,Mustard,174.01
2026-05-20,MANDI028,Rice,255.56
2026-05-20,MANDI028,Wheat,348.29
2026-05-20,MANDI029,Sugarcane,374.14
2026-05-20,MANDI030,Sugarcane,385.36
2026-05-20,MANDI030,Wheat,373.47
2026-05-20,MANDI031,Maize,188.77
2026-05-20,MANDI031,Mustard,100.85
2026-05-20,MANDI033,Cotton,114.33
2026-05-20,MANDI033,Maize,13.25
2026-05-20,MANDI033,Mustard,162.05
2026-05-20,MANDI034,Cotton,25.88
2026-05-20,MANDI034,Wheat,464.47
2026-05-20,MANDI035,Rice,354.55
2026-05-20,MANDI035,Sugarcane,425.85
2026-05-20,MANDI035,Wheat,305.43
2026-05-20,MANDI036,Mustard,586.34
2026-05-20,MANDI036,Wheat,103.18
2026-05-20,MANDI037,Maize,449.41
2026-05-20,MANDI037,Mustard,183.59000000000003
2026-05-20,MANDI037,Rice,248.37
2026-05-20,MANDI038,Cotton,206.86
2026-05-20,MANDI039,Maize,155.12
2026-05-20,MANDI039,Mustard,767.4000000000001
2026-05-20,MANDI041,Mustard,391.29
2026-05-20,MANDI042,Sugarcane,317.3
2026-05-20,MANDI043,Rice,289.7
2026-05-20,MANDI044,Mustard,251.53
2026-05-20,MANDI044,Sugarcane,590.86
2026-05-20,MANDI045,Mustard,530.26
2026-05-20,MANDI046,Sugarcane,479.09
2026-05-20,MANDI047,Narma,215.09
2026-05-20,MANDI047,Sugarcane,172.35
2026-05-20,MANDI047,Wheat,18.01
2026-05-20,MANDI048,Maize,104.87
2026-05-20,MANDI049,Maize,401.71
2026-05-20,MANDI051,Rice,29.35
2026-05-20,MANDI052,Wheat,44.62
2026-05-20,MANDI054,Wheat,190.53
2026-05-20,MANDI056,Basmati,137.44
2026-05-20,MANDI056,Cotton,309.23999999999995
2026-05-20,MANDI056,Rice,362.59
2026-05-20,MANDI056,Wheat,311.21
2026-05-21,MANDI001,Rice,497.01
2026-05-21,MANDI002,Wheat,493.94
2026-05-21,MANDI003,Maize,134.04
2026-05-21,MANDI004,Basmati,286.12
2026-05-21,MANDI005,Mustard,374.16
2026-05-21,MANDI005,Sugarcane,145.94
2026-05-21,MANDI006,Rice,50.13
2026-05-21,MANDI006,Wheat,477.81
2026-05-21,MANDI008,Cotton,329.49
2026-05-21,MANDI009,Maize,155.04
2026-05-21,MANDI010,Mustard,662.86
2026-05-21,MANDI010,Sugarcane,299.68
2026-05-21,MANDI012,Cotton,410.83
2026-05-21,MANDI012,Sugarcane,323.7
2026-05-21,MANDI013,Sugarcane,557.87
2026-05-21,MANDI015,Mustard,383.37
2026-05-21,MANDI017,Maize,271.47
2026-05-21,MANDI018,Maize,225.84
2026-05-21,MANDI019,Wheat,12.14
2026-05-21,MANDI020,Sugarcane,457.45
2026-05-21,MANDI021,Maize,458.05
2026-05-21,MANDI022,Sugarcane,110.51
2026-05-21,MANDI024,Sugarcane,304.48
2026-05-21,MANDI024,Wheat,145.27
2026-05-21,MANDI025,Rice,387.36
2026-05-21,MANDI026,Sugarcane,232.58
2026-05-21,MANDI027,Cotton,193.2
2026-05-21,MANDI029,Mustard,442.11
2026-05-21,MANDI031,Mustard,329.93
2026-05-21,MANDI035,Mustard,202.39
2026-05-21,MANDI035,Rice,392.05
2026-05-21,MANDI036,Cotton,453.67
2026-05-21,MANDI037,Cotton,265.76
2026-05-21,MANDI037,Maize,52.29
2026-05-21,MANDI037,Sugarcane,404.27
2026-05-21,MANDI038,Cotton,339.27
2026-05-21,MANDI038,Wheat,425.46
2026-05-21,MANDI039,Wheat,34.93
2026-05-21,MANDI041,Cotton,368.3
2026-05-21,MANDI041,Narma,80.68
2026-05-21,MANDI042,Maize,195.8
2026-05-21,MANDI043,Maize,365.35
2026-05-21,MANDI043,Rice,244.85
2026-05-21,MANDI044,Sugarcane,283.19
2026-05-21,MANDI045,Mustard,410.31
2026-05-21,MANDI045,Wheat,399.49
2026-05-21,MANDI048,Mustard,210.95
2026-05-21,MANDI051,Cotton,462.85
2026-05-21,MANDI051,Rice,198.07
2026-05-21,MANDI052,Maize,414.04
2026-05-21,MANDI052,Mustard,164.46
2026-05-21,MANDI054,Narma,48.96
2026-05-21,MANDI055,Mustard,239.73
2026-05-21,MANDI056,Mustard,162.22
2026-05-21,MANDI057,Maize,131.62
2026-05-21,MANDI057,Wheat,158.57
2026-05-22,MANDI001,Cotton,79.4
2026-05-22,MANDI002,Sugarcane,241.95
2026-05-22,MANDI003,Wheat,62.400000000000006
2026-05-22,MANDI004,Cotton,498.97
2026-05-22,MANDI005,Cotton,363.13
2026-05-22,MANDI005,Rice,472.39
2026-05-22,MANDI005,Sugarcane,13.29
2026-05-22,MANDI005,Wheat,188.18
2026-05-22,MANDI006,Mustard,253.13
2026-05-22,MANDI008,Wheat,257.16
2026-05-22,MANDI009,Cotton,725.77
2026-05-22,MANDI009,Rice,293.47
2026-05-22,MANDI009,Wheat,478.96
2026-05-22,MANDI010,Mustard,202.71
2026-05-22,MANDI010,Narma,488.26
2026-05-22,MANDI010,Rice,413.4
2026-05-22,MANDI010,Wheat,462.59
2026-05-22,MANDI012,Mustard,186.07
2026-05-22,MANDI012,Sugarcane,249.88
2026-05-22,MANDI013,Mustard,388.26
2026-05-22,MANDI013,Wheat,385.46
2026-05-22,MANDI014,Cotton,23.99
2026-05-22,MANDI016,Cotton,331.31
2026-05-22,MANDI016,Mustard,545.15
2026-05-22,MANDI016,Wheat,238.98
2026-05-22,MANDI017,Mustard,106.82
2026-05-22,MANDI018,Cotton,72.34
2026-05-22,MANDI019,Wheat,131.99
2026-05-22,MANDI020,Rice,19.08
2026-05-22,MANDI021,Rice,482.12
2026-05-22,MANDI022,Maize,458.75
2026-05-22,MANDI022,Rice,301.86
2026-05-22,MANDI023,Cotton,324.24
2026-05-22,MANDI023,Wheat,314.24
2026-05-22,MANDI024,Cotton,259.65
2026-05-22,MANDI026,Sugarcane,122.5
2026-05-22,MANDI027,Maize,447.26
2026-05-22,MANDI027,Rice,421.13
2026-05-22,MANDI028,Mustard,141.87
2026-05-22,MANDI028,Rice,110.94
2026-05-22,MANDI029,Mustard,90.91
2026-05-22,MANDI031,Mustard,19.95
2026-05-22,MANDI031,Rice,89.51
2026-05-22,MANDI031,Wheat,205.49
2026-05-22,MANDI032,Mustard,254.9
2026-05-22,MANDI033,Cotton,305.24
2026-05-22,MANDI033,Mustard,485.48
2026-05-22,MANDI033,Sugarcane,395.99
2026-05-22,MANDI035,Maize,64.65
2026-05-22,MANDI035,Wheat,429.83
2026-05-22,MANDI036,Mustard,88.94
2026-05-22,MANDI037,Wheat,176.52
2026-05-22,MANDI040,Rice,259.95
2026-05-22,MANDI041,Maize,352.63
2026-05-22,MANDI042,Mustard,130.44
2026-05-22,MANDI043,Maize,250.1
2026-05-22,MANDI043,Wheat,679.52
2026-05-22,MANDI045,Cotton,29.7
2026-05-22,MANDI045,Wheat,397.14
2026-05-22,MANDI046,Cotton,477.76
2026-05-22,MANDI046,Maize,30.28
2026-05-22,MANDI046,Narma,199.02
2026-05-22,MANDI046,Sugarcane,134.24
2026-05-22,MANDI047,Maize,463.1
2026-05-22,MANDI047,Rice,216.44
2026-05-22,MANDI047,Sugarcane,184.27
2026-05-22,MANDI048,Wheat,876.4100000000001
2026-05-22,MANDI050,Wheat,169.91999999999996
2026-05-22,MANDI051,Mustard,359.2
2026-05-22,MANDI051,Rice,219.83999999999997
2026-05-22,MANDI053,Narma,364.25
2026-05-22,MANDI053,Rice,344.15
2026-05-22,MANDI053,Wheat,343.2
2026-05-22,MANDI054,Cotton,466.71
2026-05-22,MANDI056,Maize,168.43
2026-05-22,MANDI056,Rice,234.8
2026-05-22,MANDI057,Narma,141.89
2026-05-23,MANDI001,Wheat,330.32
2026-05-23,MANDI002,Rice,117.37
2026-05-23,MANDI005,Cotton,267.31
2026-05-23,MANDI006,Cotton,261.96000000000004
2026-05-23,MANDI007,Sugarcane,306.8
2026-05-23,MANDI008,Sugarcane,309.1
2026-05-23,MANDI009,Cotton,450.42
2026-05-23,MANDI010,Mustard,118.65
2026-05-23,MANDI014,Cotton,81.53
2026-05-23,MANDI014,Wheat,184.34
2026-05-23,MANDI015,Maize,11.99
2026-05-23,MANDI016,Rice,308.78
2026-05-23,MANDI017,Mustard,229.7
2026-05-23,MANDI019,Maize,47.41
2026-05-23,MANDI019,Mustard,415.85
2026-05-23,MANDI019,Rice,732.5
2026-05-23,MANDI019,Sugarcane,291.74
2026-05-23,MANDI021,Maize,369.84
2026-05-23,MANDI022,Mustard,32.08
2026-05-23,MANDI022,Sugarcane,359.1
2026-05-23,MANDI023,Maize,457.56
2026-05-23,MANDI023,Mustard,559.87
2026-05-23,MANDI026,Mustard,346.19
2026-05-23,MANDI026,Narma,197.75
2026-05-23,MANDI027,Cotton,145.82
2026-05-23,MANDI028,Mustard,424.77
2026-05-23,MANDI029,Cotton,387.66
2026-05-23,MANDI029,Maize,93.55
2026-05-23,MANDI029,Rice,51.17
2026-05-23,MANDI032,Cotton,217.73
2026-05-23,MANDI032,Sugarcane,341.89
2026-05-23,MANDI034,Wheat,280.96
2026-05-23,MANDI035,Sugarcane,425.4
2026-05-23,MANDI038,Basmati,139.73
2026-05-23,MANDI038,Cotton,35.59
2026-05-23,MANDI039,Cotton,282.8
2026-05-23,MANDI042,Mustard,499.02
2026-05-23,MANDI042,Rice,142.76
2026-05-23,MANDI044,Sugarcane,118.03
2026-05-23,MANDI045,Maize,318.32
2026-05-23,MANDI045,Sugarcane,482.55
2026-05-23,MANDI048,Maize,442.31
2026-05-23,MANDI048,Rice,28.25
2026-05-23,MANDI048,Sugarcane,86.56
2026-05-23,MANDI051,Cotton,398.2
2026-05-23,MANDI051,Mustard,274.14
2026-05-23,MANDI051,Wheat,244.97
2026-05-23,MANDI052,Cotton,463.56
2026-05-23,MANDI053,Maize,421.23
2026-05-23,MANDI053,Mustard,103.48
2026-05-23,MANDI055,Narma,21.19
2026-05-24,MANDI001,Rice,364.4
2026-05-24,MANDI001,Sugarcane,136.25
2026-05-24,MANDI003,Rice,393.93
2026-05-24,MANDI004,Mustard,884.55
2026-05-24,MANDI004,Wheat,306.71
2026-05-24,MANDI005,Rice,612.44
2026-05-24,MANDI008,Mustard,403.8
2026-05-24,MANDI009,Rice,255.42
2026-05-24,MANDI010,Sugarcane,398.51
2026-05-24,MANDI011,Wheat,182.65
2026-05-24,MANDI012,Sugarcane,62.03
2026-05-24,MANDI012,Wheat,494.08
2026-05-24,MANDI013,Cotton,78.25
2026-05-24,MANDI014,Cotton,484.92
2026-05-24,MANDI016,Cotton,449.11
2026-05-24,MANDI017,Cotton,170.37
2026-05-24,MANDI018,Maize,100.58
2026-05-24,MANDI019,Cotton,398.09
2026-05-24,MANDI019,Narma,268.61
2026-05-24,MANDI021,Maize,426.95
2026-05-24,MANDI021,Mustard,38.57
2026-05-24,MANDI022,Sugarcane,477.21
2026-05-24,MANDI023,Sugarcane,508.82000000000005
2026-05-24,MANDI024,Cotton,35.32
2026-05-24,MANDI025,Sugarcane,63.38
2026-05-24,MANDI027,Basmati,54.67
2026-05-24,MANDI027,Rice,119.29
2026-05-24,MANDI027,Wheat,206.17
2026-05-24,MANDI028,Maize,20.270000000000003
2026-05-24,MANDI028,Mustard,493.06
2026-05-24,MANDI029,Maize,373.15
2026-05-24,MANDI031,Sugarcane,460.65
2026-05-24,MANDI032,Sugarcane,481.55
2026-05-24,MANDI034,Wheat,493.55
2026-05-24,MANDI035,Wheat,960.7
2026-05-24,MANDI036,Maize,535.9200000000001
2026-05-24,MANDI037,Wheat,346.67
2026-05-24,MANDI038,Rice,437.07
2026-05-24,MANDI039,Cotton,452.92
2026-05-24,MANDI041,Basmati,323.4
2026-05-24,MANDI041,Maize,483.57
2026-05-24,MANDI042,Sugarcane,132.63
2026-05-24,MANDI042,Wheat,343.26
2026-05-24,MANDI043,Basmati,113.86
2026-05-24,MANDI045,Wheat,482.99
2026-05-24,MANDI047,Cotton,55.91
2026-05-24,MANDI048,Mustard,143.36
2026-05-24,MANDI050,Cotton,43.55
2026-05-24,MANDI050,Wheat,268.59000000000003
2026-05-24,MANDI051,Cotton,172.79
2026-05-24,MANDI052,Cotton,371.7
2026-05-24,MANDI057,Maize,322.92
2026-05-24,MANDI057,Mustard,195.16
2026-05-24,MANDI057,Rice,166.88
2026-05-24,MANDI057,Wheat,468.07
2026-05-25,MANDI001,Maize,270.74
2026-05-25,MANDI001,Mustard,191.81
2026-05-25,MANDI002,Cotton,413.39
2026-05-25,MANDI003,Cotton,320.56
2026-05-25,MANDI003,Mustard,733.44
2026-05-25,MANDI003,Rice,469.42
2026-05-25,MANDI003,Sugarcane,153.22
2026-05-25,MANDI004,Rice,433.34
2026-05-25,MANDI005,Rice,117.96
2026-05-25,MANDI007,Sugarcane,582.87
2026-05-25,MANDI008,Sugarcane,163.23
2026-05-25,MANDI010,Maize,197.11
2026-05-25,MANDI011,Sugarcane,117.93
2026-05-25,MANDI013,Cotton,126.95
2026-05-25,MANDI013,Sugarcane,410.93
2026-05-25,MANDI015,Maize,242.91
2026-05-25,MANDI016,Sugarcane,305.54
2026-05-25,MANDI018,Wheat,203.97
2026-05-25,MANDI021,Maize,283.34
2026-05-25,MANDI021,Narma,300.31
2026-05-25,MANDI025,Maize,242.3
2026-05-25,MANDI026,Cotton,423.38
2026-05-25,MANDI027,Maize,496.64
2026-05-25,MANDI028,Maize,61.16
2026-05-25,MANDI030,Cotton,407.96
2026-05-25,MANDI030,Maize,287.8
2026-05-25,MANDI030,Mustard,450.01
2026-05-25,MANDI034,Cotton,164.23
2026-05-25,MANDI035,Maize,234.97
2026-05-25,MANDI036,Rice,249.86
2026-05-25,MANDI037,Mustard,355.96000000000004
2026-05-25,MANDI038,Cotton,351.1
2026-05-25,MANDI039,Mustard,253.67
2026-05-25,MANDI042,Wheat,358.59
2026-05-25,MANDI043,Maize,120.14
2026-05-25,MANDI044,Maize,196.97
2026-05-25,MANDI046,Mustard,90.39
2026-05-25,MANDI046,Narma,187.36
2026-05-25,MANDI046,Sugarcane,384.06
2026-05-25,MANDI048,Wheat,303.11
2026-05-25,MANDI049,Cotton,121.86
2026-05-25,MANDI049,Maize,141.42
2026-05-25,MANDI049,Wheat,383.39
2026-05-25,MANDI050,Maize,396.04
2026-05-25,MANDI052,Basmati,37.68
2026-05-25,MANDI052,Maize,261.42
2026-05-25,MANDI055,Cotton,65.3
2026-05-25,MANDI055,Maize,425.66
2026-05-25,MANDI055,Sugarcane,201.98
2026-05-25,MANDI056,Cotton,406.52
2026-05-25,MANDI056,Mustard,405.39
2026-05-25,MANDI057,Cotton,379.88
2026-05-25,MANDI057,Maize,407.53
2026-05-26,MANDI001,Narma,88.07
2026-05-26,MANDI002,Sugarcane,339.99
2026-05-26,MANDI003,Maize,437.45
2026-05-26,MANDI003,Mustard,264.8
2026-05-26,MANDI003,Wheat,202.56
2026-05-26,MANDI004,Cotton,266.95
2026-05-26,MANDI004,Sugarcane,470.24
2026-05-26,MANDI004,Wheat,147.17
2026-05-26,MANDI005,Maize,349.79
2026-05-26,MANDI005,Rice,396.93
2026-05-26,MANDI007,Mustard,177.16
2026-05-26,MANDI008,Maize,280.26
2026-05-26,MANDI008,Sugarcane,410.98
2026-05-26,MANDI009,Maize,374.79
2026-05-26,MANDI009,Rice,287.27
2026-05-26,MANDI009,Sugarcane,155.62
2026-05-26,MANDI009,Wheat,140.17
2026-05-26,MANDI010,Maize,122.19
2026-05-26,MANDI010,Mustard,46.62
2026-05-26,MANDI012,Maize,272.42
2026-05-26,MANDI013,Cotton,173.79
2026-05-26,MANDI013,Mustard,282.82
2026-05-26,MANDI013,Rice,135.27
2026-05-26,MANDI013,Sugarcane,438.14
2026-05-26,MANDI013,Wheat,365.51
2026-05-26,MANDI014,Wheat,232.73
2026-05-26,MANDI015,Mustard,327.7
2026-05-26,MANDI017,Sugarcane,109.84
2026-05-26,MANDI019,Mustard,255.22
2026-05-26,MANDI020,Rice,89.74
2026-05-26,MANDI022,Sugarcane,422.78
2026-05-26,MANDI024,Mustard,586.87
2026-05-26,MANDI026,Mustard,455.12
2026-05-26,MANDI026,Wheat,309.35
2026-05-26,MANDI027,Rice,327.56
2026-05-26,MANDI029,Wheat,272.53
2026-05-26,MANDI030,Sugarcane,352.44
2026-05-26,MANDI030,Wheat,144.94
2026-05-26,MANDI032,Narma,311.63
2026-05-26,MANDI032,Wheat,212.53
2026-05-26,MANDI034,Sugarcane,297.0
2026-05-26,MANDI036,Cotton,411.49
2026-05-26,MANDI037,Maize,281.96
2026-05-26,MANDI037,Wheat,276.58
2026-05-26,MANDI038,Cotton,117.59
2026-05-26,MANDI038,Maize,127.76
2026-05-26,MANDI039,Mustard,135.34
2026-05-26,MANDI039,Sugarcane,245.24
2026-05-26,MANDI039,Wheat,432.11
2026-05-26,MANDI040,Maize,33.53
2026-05-26,MANDI040,Narma,30.81
2026-05-26,MANDI041,Maize,329.03
2026-05-26,MANDI041,Rice,126.15
2026-05-26,MANDI042,Cotton,324.53
2026-05-26,MANDI042,Maize,373.92
2026-05-26,MANDI044,Rice,58.52
2026-05-26,MANDI044,Sugarcane,330.34
2026-05-26,MANDI045,Cotton,466.46
2026-05-26,MANDI045,Sugarcane,436.49
2026-05-26,MANDI047,Mustard,462.26
2026-05-26,MANDI047,Sugarcane,257.42
2026-05-26,MANDI048,Cotton,26.71
2026-05-26,MANDI048,Maize,90.54
2026-05-26,MANDI049,Sugarcane,453.82
2026-05-26,MANDI050,Sugarcane,218.48
2026-05-26,MANDI050,Wheat,82.74
2026-05-26,MANDI051,Cotton,308.40000000000003
2026-05-26,MANDI051,Maize,19.27
2026-05-26,MANDI052,Maize,78.41
2026-05-26,MANDI052,Sugarcane,96.49
2026-05-26,MANDI053,Cotton,69.01
2026-05-26,MANDI054,Cotton,315.39
2026-05-26,MANDI054,Maize,397.48
2026-05-26,MANDI054,Rice,453.42
2026-05-26,MANDI055,Basmati,419.49
2026-05-26,MANDI056,Sugarcane,505.30000000000007
2026-05-26,MANDI057,Cotton,451.19
2026-05-26,MANDI057,Mustard,336.63
2026-05-26,MANDI057,Wheat,251.49
2026-05-27,MANDI003,Cotton,16.86
2026-05-27,MANDI003,Mustard,267.36
2026-05-27,MANDI004,Mustard,128.11
2026-05-27,MANDI006,Cotton,249.72000000000003
2026-05-27,MANDI006,Mustard,354.34
2026-05-27,MANDI007,Cotton,281.95
2026-05-27,MANDI008,Sugarcane,242.05
2026-05-27,MANDI009,Sugarcane,305.38
2026-05-27,MANDI010,Cotton,223.4
2026-05-27,MANDI010,Wheat,178.13
2026-05-27,MANDI011,Sugarcane,426.83
2026-05-27,MANDI012,Mustard,279.07
2026-05-27,MANDI012,Rice,234.1
2026-05-27,MANDI013,Maize,770.4300000000001
2026-05-27,MANDI013,Mustard,291.15
2026-05-27,MANDI014,Mustard,446.93
2026-05-27,MANDI014,Rice,345.16
2026-05-27,MANDI015,Maize,324.33
2026-05-27,MANDI017,Maize,381.37
2026-05-27,MANDI018,Narma,364.95
2026-05-27,MANDI020,Maize,377.82
2026-05-27,MANDI020,Mustard,216.9
2026-05-27,MANDI021,Cotton,57.06
2026-05-27,MANDI021,Wheat,330.45000000000005
2026-05-27,MANDI022,Maize,54.84
2026-05-27,MANDI022,Wheat,25.83
2026-05-27,MANDI023,Mustard,386.56
2026-05-27,MANDI025,Maize,206.99
2026-05-27,MANDI025,Rice,260.05
2026-05-27,MANDI025,Wheat,36.62
2026-05-27,MANDI029,Maize,32.29
2026-05-27,MANDI029,Mustard,366.34
2026-05-27,MANDI029,Sugarcane,196.26
2026-05-27,MANDI029,Wheat,179.77
2026-05-27,MANDI030,Cotton,68.55000000000001
2026-05-27,MANDI031,Basmati,452.29
2026-05-27,MANDI031,Maize,135.96
2026-05-27,MANDI032,Wheat,206.68
2026-05-27,MANDI033,Cotton,220.55
2026-05-27,MANDI033,Sugarcane,358.88
2026-05-27,MANDI034,Wheat,441.79
2026-05-27,MANDI035,Basmati,180.54
2026-05-27,MANDI035,Maize,59.08
2026-05-27,MANDI035,Mustard,488.38
2026-05-27,MANDI036,Mustard,445.67
2026-05-27,MANDI037,Mustard,221.94
2026-05-27,MANDI038,Mustard,312.73
2026-05-27,MANDI038,Rice,437.32
2026-05-27,MANDI038,Wheat,437.76000000000005
2026-05-27,MANDI039,Narma,45.010000000000005
2026-05-27,MANDI041,Maize,290.33000000000004
2026-05-27,MANDI041,Mustard,47.7
2026-05-27,MANDI042,Maize,239.8
2026-05-27,MANDI045,Cotton,331.69
2026-05-27,MANDI046,Cotton,459.31
2026-05-27,MANDI046,Mustard,476.49
2026-05-27,MANDI046,Rice,247.73
2026-05-27,MANDI046,Wheat,415.37
2026-05-27,MANDI047,Rice,422.43
2026-05-27,MANDI048,Cotton,388.61
2026-05-27,MANDI048,Maize,403.5
2026-05-27,MANDI048,Rice,109.99
2026-05-27,MANDI050,Cotton,324.19
2026-05-27,MANDI050,Mustard,472.18000000000006
2026-05-27,MANDI050,Wheat,375.38
2026-05-27,MANDI051,Mustard,283.48
2026-05-27,MANDI052,Wheat,622.45
2026-05-27,MANDI053,Cotton,148.51
2026-05-27,MANDI053,Maize,349.51
2026-05-27,MANDI055,Rice,185.6
2026-05-27,MANDI056,Cotton,526.22
2026-05-27,MANDI057,Cotton,311.57
2026-05-27,MANDI057,Rice,430.17
2026-05-28,MANDI001,Cotton,226.1
2026-05-28,MANDI001,Mustard,281.53
2026-05-28,MANDI001,Wheat,420.44
2026-05-28,MANDI002,Wheat,314.78000000000003
2026-05-28,MANDI003,Cotton,155.08
2026-05-28,MANDI004,Sugarcane,156.23
2026-05-28,MANDI005,Mustard,184.97
2026-05-28,MANDI005,Sugarcane,271.52
2026-05-28,MANDI006,Cotton,264.59
2026-05-28,MANDI006,Sugarcane,59.33
2026-05-28,MANDI007,Sugarcane,304.59
2026-05-28,MANDI008,Maize,147.61
2026-05-28,MANDI009,Cotton,359.14
2026-05-28,MANDI010,Sugarcane,404.07
2026-05-28,MANDI011,Sugarcane,162.66
2026-05-28,MANDI014,Sugarcane,495.76
2026-05-28,MANDI014,Wheat,212.89
2026-05-28,MANDI015,Wheat,410.84
2026-05-28,MANDI016,Sugarcane,331.35
2026-05-28,MANDI018,Sugarcane,377.87
2026-05-28,MANDI019,Mustard,389.77
2026-05-28,MANDI019,Sugarcane,444.93
2026-05-28,MANDI020,Mustard,254.55
2026-05-28,MANDI020,Sugarcane,133.56
2026-05-28,MANDI020,Wheat,276.26
2026-05-28,MANDI023,Maize,46.19
2026-05-28,MANDI024,Cotton,66.38
2026-05-28,MANDI025,Wheat,392.71
2026-05-28,MANDI026,Sugarcane,461.23
2026-05-28,MANDI027,Wheat,248.69
2026-05-28,MANDI029,Maize,33.050000000000004
2026-05-28,MANDI029,Rice,493.21
2026-05-28,MANDI029,Sugarcane,33.93
2026-05-28,MANDI030,Mustard,131.25
2026-05-28,MANDI031,Sugarcane,397.26
2026-05-28,MANDI032,Maize,404.12
2026-05-28,MANDI035,Wheat,229.01
2026-05-28,MANDI036,Mustard,367.61
2026-05-28,MANDI036,Wheat,435.61
2026-05-28,MANDI037,Maize,280.68
2026-05-28,MANDI037,Rice,83.2
2026-05-28,MANDI038,Maize,152.31
2026-05-28,MANDI039,Wheat,195.64
2026-05-28,MANDI040,Sugarcane,59.33
2026-05-28,MANDI041,Mustard,384.18
2026-05-28,MANDI042,Basmati,310.25
2026-05-28,MANDI042,Cotton,74.52
2026-05-28,MANDI044,Maize,49.95
2026-05-28,MANDI044,Sugarcane,99.43
2026-05-28,MANDI045,Rice,41.12
2026-05-28,MANDI047,Maize,175.8
2026-05-28,MANDI047,Rice,473.17
2026-05-28,MANDI048,Wheat,151.3
2026-05-28,MANDI049,Wheat,455.92
2026-05-28,MANDI050,Mustard,244.35
2026-05-28,MANDI051,Wheat,18.9
2026-05-28,MANDI052,Maize,119.15
2026-05-28,MANDI052,Narma,493.84
2026-05-28,MANDI052,Wheat,326.23
2026-05-28,MANDI054,Maize,82.73
2026-05-28,MANDI054,Sugarcane,493.07
2026-05-28,MANDI055,Cotton,272.5
2026-05-28,MANDI055,Narma,13.54
2026-05-28,MANDI056,Wheat,406.49
2026-05-28,MANDI057,Cotton,454.45
2026-05-29,MANDI001,Wheat,234.46
2026-05-29,MANDI003,Maize,151.01
2026-05-29,MANDI003,Mustard,262.92
2026-05-29,MANDI003,Sugarcane,304.46000000000004
2026-05-29,MANDI003,Wheat,61.97
2026-05-29,MANDI004,Mustard,245.7
2026-05-29,MANDI006,Maize,282.57
2026-05-29,MANDI007,Rice,481.61
2026-05-29,MANDI008,Rice,213.98
2026-05-29,MANDI009,Sugarcane,15.22
2026-05-29,MANDI011,Rice,398.03
2026-05-29,MANDI012,Wheat,453.67
2026-05-29,MANDI013,Maize,127.89
2026-05-29,MANDI015,Maize,65.29
2026-05-29,MANDI015,Sugarcane,243.96
2026-05-29,MANDI016,Mustard,227.94
2026-05-29,MANDI016,Rice,156.22
2026-05-29,MANDI017,Sugarcane,469.92
2026-05-29,MANDI018,Maize,803.38
2026-05-29,MANDI021,Maize,116.12
2026-05-29,MANDI022,Rice,188.51
2026-05-29,MANDI023,Sugarcane,40.38
2026-05-29,MANDI023,Wheat,252.7
2026-05-29,MANDI024,Wheat,296.83
2026-05-29,MANDI026,Rice,291.95
2026-05-29,MANDI027,Rice,20.25
2026-05-29,MANDI027,Wheat,388.14
2026-05-29,MANDI029,Rice,127.18
2026-05-29,MANDI031,Rice,102.85
2026-05-29,MANDI032,Maize,270.45
2026-05-29,MANDI032,Mustard,276.79
2026-05-29,MANDI034,Cotton,155.48
2026-05-29,MANDI034,Sugarcane,258.37
2026-05-29,MANDI035,Mustard,165.57999999999998
2026-05-29,MANDI035,Rice,364.92
2026-05-29,MANDI035,Sugarcane,293.0
2026-05-29,MANDI037,Cotton,461.95
2026-05-29,MANDI037,Rice,186.29
2026-05-29,MANDI038,Maize,52.72
2026-05-29,MANDI039,Maize,385.5
2026-05-29,MANDI041,Mustard,20.77
2026-05-29,MANDI041,Wheat,32.37
2026-05-29,MANDI042,Wheat,359.89
2026-05-29,MANDI043,Wheat,527.99
2026-05-29,MANDI044,Rice,496.54
2026-05-29,MANDI046,Maize,482.61
2026-05-29,MANDI047,Mustard,723.88
2026-05-29,MANDI049,Sugarcane,286.47
2026-05-29,MANDI049,Wheat,327.32
2026-05-29,MANDI052,Wheat,510.12
2026-05-29,MANDI053,Cotton,41.22
2026-05-29,MANDI053,Mustard,208.54
2026-05-29,MANDI053,Rice,205.33
2026-05-29,MANDI053,Sugarcane,63.76
2026-05-29,MANDI054,Sugarcane,462.11
2026-05-29,MANDI054,Wheat,50.96
2026-05-30,MANDI001,Rice,499.3
2026-05-30,MANDI004,Cotton,61.22
2026-05-30,MANDI005,Mustard,323.48
2026-05-30,MANDI005,Wheat,32.26
2026-05-30,MANDI007,Cotton,503.27000000000004
2026-05-30,MANDI007,Sugarcane,388.93
2026-05-30,MANDI008,Mustard,357.38
2026-05-30,MANDI008,Rice,86.66
2026-05-30,MANDI008,Sugarcane,907.36
2026-05-30,MANDI010,Sugarcane,469.22999999999996
2026-05-30,MANDI012,Cotton,72.91
2026-05-30,MANDI016,Rice,236.2
2026-05-30,MANDI018,Mustard,414.82
2026-05-30,MANDI019,Maize,312.08
2026-05-30,MANDI019,Mustard,438.16
2026-05-30,MANDI021,Maize,16.41
2026-05-30,MANDI021,Rice,171.11
2026-05-30,MANDI022,Maize,304.69
2026-05-30,MANDI022,Narma,490.17
2026-05-30,MANDI022,Rice,336.15
2026-05-30,MANDI023,Mustard,375.64
2026-05-30,MANDI024,Sugarcane,813.25
2026-05-30,MANDI027,Cotton,566.77
2026-05-30,MANDI027,Rice,366.14
2026-05-30,MANDI028,Maize,245.52
2026-05-30,MANDI028,Wheat,276.93
2026-05-30,MANDI030,Sugarcane,412.99
2026-05-30,MANDI031,Mustard,130.93
2026-05-30,MANDI031,Sugarcane,333.79
2026-05-30,MANDI032,Maize,417.76
2026-05-30,MANDI032,Sugarcane,455.24
2026-05-30,MANDI033,Rice,211.63
2026-05-30,MANDI035,Mustard,246.73
2026-05-30,MANDI035,Sugarcane,134.98
2026-05-30,MANDI037,Maize,49.3
2026-05-30,MANDI037,Wheat,50.87
2026-05-30,MANDI038,Rice,105.17
2026-05-30,MANDI039,Maize,367.65
2026-05-30,MANDI039,Sugarcane,34.78
2026-05-30,MANDI040,Maize,97.59
2026-05-30,MANDI040,Mustard,226.6
2026-05-30,MANDI041,Cotton,636.88
2026-05-30,MANDI041,Rice,201.1
2026-05-30,MANDI042,Cotton,206.42
2026-05-30,MANDI042,Sugarcane,179.66
2026-05-30,MANDI043,Wheat,654.13
2026-05-30,MANDI046,Cotton,418.07
2026-05-30,MANDI047,Cotton,236.14
2026-05-30,MANDI047,Rice,151.02
2026-05-30,MANDI049,Basmati,415.15
2026-05-30,MANDI050,Cotton,176.5
2026-05-30,MANDI050,Narma,436.66
2026-05-30,MANDI051,Maize,152.4
2026-05-30,MANDI051,Rice,86.97
2026-05-30,MANDI052,Rice,275.65
2026-05-30,MANDI056,Wheat,362.5400000000001
2026-05-31,MANDI001,Mustard,619.46
2026-05-31,MANDI001,Rice,53.89
2026-05-31,MANDI002,Cotton,42.64
2026-05-31,MANDI003,Rice,17.91
2026-05-31,MANDI006,Mustard,10.23
2026-05-31,MANDI006,Rice,32.480000000000004
2026-05-31,MANDI007,Sugarcane,351.39
2026-05-31,MANDI008,Wheat,406.7
2026-05-31,MANDI009,Cotton,310.89
2026-05-31,MANDI009,Sugarcane,195.33
2026-05-31,MANDI010,Maize,98.33
2026-05-31,MANDI010,Sugarcane,74.84
2026-05-31,MANDI011,Maize,484.26
2026-05-31,MANDI012,Cotton,603.38
2026-05-31,MANDI012,Sugarcane,162.38
2026-05-31,MANDI013,Maize,22.0
2026-05-31,MANDI013,Sugarcane,16.35
2026-05-31,MANDI013,Wheat,236.51
2026-05-31,MANDI014,Wheat,248.68
2026-05-31,MANDI015,Mustard,473.89
2026-05-31,MANDI016,Wheat,142.75
2026-05-31,MANDI018,Mustard,131.62
2026-05-31,MANDI018,Rice,300.62
2026-05-31,MANDI019,Sugarcane,32.88
2026-05-31,MANDI020,Mustard,401.96
2026-05-31,MANDI021,Basmati,32.31
2026-05-31,MANDI021,Wheat,122.52
2026-05-31,MANDI023,Maize,128.7
2026-05-31,MANDI024,Cotton,243.98
2026-05-31,MANDI025,Cotton,126.72
2026-05-31,MANDI025,Maize,43.08
2026-05-31,MANDI025,Narma,326.63
2026-05-31,MANDI026,Maize,318.2
2026-05-31,MANDI026,Sugarcane,415.98
2026-05-31,MANDI027,Maize,167.52
2026-05-31,MANDI029,Mustard,210.13
2026-05-31,MANDI029,Wheat,66.27
2026-05-31,MANDI030,Basmati,82.82
2026-05-31,MANDI030,Cotton,303.12
2026-05-31,MANDI031,Cotton,226.57
2026-05-31,MANDI033,Wheat,364.6
2026-05-31,MANDI035,Cotton,266.69
2026-05-31,MANDI039,Maize,63.55
2026-05-31,MANDI040,Maize,38.72
2026-05-31,MANDI040,Mustard,20.5
2026-05-31,MANDI040,Sugarcane,34.47
2026-05-31,MANDI040,Wheat,613.72
2026-05-31,MANDI041,Cotton,157.92
2026-05-31,MANDI042,Wheat,138.27
2026-05-31,MANDI043,Mustard,79.56
2026-05-31,MANDI044,Rice,113.89
2026-05-31,MANDI045,Maize,67.75
2026-05-31,MANDI046,Maize,436.46
2026-05-31,MANDI046,Wheat,440.3
2026-05-31,MANDI048,Rice,79.32
2026-05-31,MANDI049,Basmati,470.89
2026-05-31,MANDI049,Mustard,107.4
2026-05-31,MANDI050,Mustard,585.28
2026-05-31,MANDI051,Rice,240.69
2026-05-31,MANDI054,Maize,224.81
2026-05-31,MANDI055,Maize,709.9000000000001
2026-05-31,MANDI056,Narma,188.87
2026-05-31,MANDI057,Maize,328.05
2026-05-31,MANDI057,Sugarcane,193.82
2026-06-01,MANDI001,Maize,389.31
2026-06-01,MANDI002,Mustard,418.82
2026-06-01,MANDI002,Sugarcane,382.33
2026-06-01,MANDI003,Mustard,173.97
2026-06-01,MANDI004,Maize,306.17
2026-06-01,MANDI006,Wheat,406.69
2026-06-01,MANDI007,Sugarcane,251.1
2026-06-01,MANDI008,Maize,716.4100000000001
2026-06-01,MANDI009,Rice,276.27
2026-06-01,MANDI013,Maize,299.01
2026-06-01,MANDI014,Cotton,159.02
2026-06-01,MANDI015,Mustard,210.9
2026-06-01,MANDI015,Rice,434.48
2026-06-01,MANDI015,Wheat,322.09000000000003
2026-06-01,MANDI017,Wheat,402.12
2026-06-01,MANDI018,Maize,213.92000000000002
2026-06-01,MANDI020,Sugarcane,481.27
2026-06-01,MANDI021,Narma,472.57
2026-06-01,MANDI021,Rice,326.58
2026-06-01,MANDI021,Wheat,15.43
2026-06-01,MANDI022,Maize,162.8
2026-06-01,MANDI023,Mustard,304.12
2026-06-01,MANDI023,Sugarcane,75.52
2026-06-01,MANDI023,Wheat,299.64
2026-06-01,MANDI025,Rice,391.34
2026-06-01,MANDI025,Wheat,109.23
2026-06-01,MANDI026,Mustard,61.47
2026-06-01,MANDI027,Sugarcane,10.13
2026-06-01,MANDI027,Wheat,196.0
2026-06-01,MANDI028,Narma,107.29
2026-06-01,MANDI029,Wheat,443.88
2026-06-01,MANDI031,Mustard,190.45
2026-06-01,MANDI031,Rice,480.88
2026-06-01,MANDI032,Cotton,377.41
2026-06-01,MANDI032,Mustard,111.53
2026-06-01,MANDI033,Cotton,34.56
2026-06-01,MANDI034,Maize,315.68
2026-06-01,MANDI035,Cotton,209.94
2026-06-01,MANDI035,Mustard,485.84
2026-06-01,MANDI036,Cotton,69.05
2026-06-01,MANDI037,Rice,430.92
2026-06-01,MANDI037,Sugarcane,328.02
2026-06-01,MANDI039,Maize,29.76
2026-06-01,MANDI039,Narma,94.41
2026-06-01,MANDI042,Rice,400.71
2026-06-01,MANDI043,Maize,352.07
2026-06-01,MANDI043,Wheat,249.88
2026-06-01,MANDI045,Cotton,433.13
2026-06-01,MANDI045,Rice,204.95
2026-06-01,MANDI046,Cotton,196.92
2026-06-01,MANDI046,Sugarcane,377.2
2026-06-01,MANDI046,Wheat,105.13
2026-06-01,MANDI047,Rice,308.79
2026-06-01,MANDI047,Sugarcane,130.21
2026-06-01,MANDI047,Wheat,270.13
2026-06-01,MANDI048,Sugarcane,227.2
2026-06-01,MANDI048,Wheat,199.08
2026-06-01,MANDI049,Sugarcane,269.33
2026-06-01,MANDI050,Wheat,114.76
2026-06-01,MANDI051,Mustard,371.44
2026-06-01,MANDI051,Rice,327.26
2026-06-01,MANDI051,Sugarcane,127.64
2026-06-01,MANDI051,Wheat,359.34999999999997
2026-06-01,MANDI052,Mustard,132.46
2026-06-01,MANDI053,Cotton,443.18
2026-06-01,MANDI054,Maize,318.25
2026-06-01,MANDI054,Narma,394.59
2026-06-01,MANDI054,Wheat,398.2
2026-06-01,MANDI055,Cotton,208.56
2026-06-01,MANDI055,Rice,43.53
2026-06-01,MANDI057,Sugarcane,490.72
2026-06-02,MANDI001,Maize,176.58
2026-06-02,MANDI003,Sugarcane,183.79
2026-06-02,MANDI004,Sugarcane,104.14
2026-06-02,MANDI006,Rice,631.1800000000001
2026-06-02,MANDI007,Wheat,90.71
2026-06-02,MANDI008,Narma,214.42
2026-06-02,MANDI008,Rice,322.45
2026-06-02,MANDI009,Maize,316.74
2026-06-02,MANDI010,Rice,398.43
2026-06-02,MANDI012,Maize,399.12
2026-06-02,MANDI012,Rice,376.14
2026-06-02,MANDI012,Sugarcane,292.09
2026-06-02,MANDI012,Wheat,221.43
2026-06-02,MANDI013,Cotton,97.21
2026-06-02,MANDI013,Narma,119.35
2026-06-02,MANDI014,Mustard,262.47
2026-06-02,MANDI015,Cotton,369.95
2026-06-02,MANDI016,Mustard,354.98
2026-06-02,MANDI016,Rice,449.84
2026-06-02,MANDI016,Sugarcane,417.65
2026-06-02,MANDI016,Wheat,612.36
2026-06-02,MANDI017,Sugarcane,203.09
2026-06-02,MANDI017,Wheat,172.07
2026-06-02,MANDI018,Basmati,42.77
2026-06-02,MANDI018,Cotton,252.47
2026-06-02,MANDI018,Maize,79.32
2026-06-02,MANDI018,Rice,182.04
2026-06-02,MANDI018,Sugarcane,182.06
2026-06-02,MANDI019,Maize,466.08
2026-06-02,MANDI019,Mustard,178.61
2026-06-02,MANDI020,Sugarcane,295.19
2026-06-02,MANDI020,Wheat,132.7
2026-06-02,MANDI021,Wheat,198.41
2026-06-02,MANDI022,Mustard,499.82
2026-06-02,MANDI022,Sugarcane,293.21
2026-06-02,MANDI023,Rice,132.51
2026-06-02,MANDI024,Mustard,481.95
2026-06-02,MANDI027,Maize,214.87
2026-06-02,MANDI028,Mustard,217.14
2026-06-02,MANDI031,Mustard,235.33
2026-06-02,MANDI031,Rice,468.82
2026-06-02,MANDI032,Mustard,80.46
2026-06-02,MANDI033,Cotton,419.25
2026-06-02,MANDI033,Wheat,397.85
2026-06-02,MANDI034,Maize,262.82
2026-06-02,MANDI034,Sugarcane,616.94
2026-06-02,MANDI035,Cotton,823.64
2026-06-02,MANDI035,Mustard,87.87
2026-06-02,MANDI035,Wheat,83.84
2026-06-02,MANDI036,Cotton,45.82
2026-06-02,MANDI037,Maize,348.51
2026-06-02,MANDI037,Mustard,449.04
2026-06-02,MANDI039,Sugarcane,607.5799999999999
2026-06-02,MANDI041,Mustard,152.13
2026-06-02,MANDI041,Rice,206.88
2026-06-02,MANDI042,Mustard,112.1
2026-06-02,MANDI042,Sugarcane,489.26
2026-06-02,MANDI044,Cotton,171.56
2026-06-02,MANDI045,Mustard,19.36
2026-06-02,MANDI046,Mustard,109.85
2026-06-02,MANDI046,Rice,492.59
2026-06-02,MANDI047,Cotton,80.17
2026-06-02,MANDI048,Maize,388.02
2026-06-02,MANDI048,Mustard,246.0
2026-06-02,MANDI048,Sugarcane,462.33
2026-06-02,MANDI052,Cotton,183.94
2026-06-02,MANDI052,Sugarcane,309.36
2026-06-02,MANDI054,Cotton,172.21
2026-06-02,MANDI054,Maize,439.01
2026-06-02,MANDI054,Sugarcane,454.31
2026-06-02,MANDI055,Mustard,211.28
2026-06-02,MANDI057,Sugarcane,270.7
2026-06-03,MANDI001,Cotton,451.94
2026-06-03,MANDI001,Maize,156.94
2026-06-03,MANDI001,Wheat,81.50999999999999
2026-06-03,MANDI002,Mustard,133.81
2026-06-03,MANDI002,Rice,216.59
2026-06-03,MANDI002,Wheat,442.6
2026-06-03,MANDI003,Cotton,204.96
2026-06-03,MANDI003,Maize,77.83
2026-06-03,MANDI004,Mustard,251.17
2026-06-03,MANDI004,Rice,393.05
2026-06-03,MANDI005,Sugarcane,491.32
2026-06-03,MANDI005,Wheat,147.57
2026-06-03,MANDI006,Sugarcane,242.67
2026-06-03,MANDI007,Cotton,90.47
2026-06-03,MANDI008,Cotton,19.37
2026-06-03,MANDI008,Wheat,579.13
2026-06-03,MANDI009,Maize,382.48
2026-06-03,MANDI009,Narma,102.42
2026-06-03,MANDI009,Rice,322.94
2026-06-03,MANDI010,Cotton,177.92
2026-06-03,MANDI010,Maize,437.3
2026-06-03,MANDI011,Mustard,130.16
2026-06-03,MANDI011,Wheat,157.74
2026-06-03,MANDI012,Rice,734.81
2026-06-03,MANDI015,Basmati,178.88
2026-06-03,MANDI016,Mustard,28.86
2026-06-03,MANDI016,Rice,224.45
2026-06-03,MANDI020,Mustard,34.34
2026-06-03,MANDI021,Cotton,124.44
2026-06-03,MANDI021,Mustard,353.81
2026-06-03,MANDI023,Cotton,475.6
2026-06-03,MANDI024,Mustard,390.62
2026-06-03,MANDI024,Rice,227.13
2026-06-03,MANDI025,Maize,185.22
2026-06-03,MANDI028,Maize,315.59
2026-06-03,MANDI028,Mustard,324.73
2026-06-03,MANDI028,Narma,272.8
2026-06-03,MANDI028,Sugarcane,125.29
2026-06-03,MANDI028,Wheat,184.77
2026-06-03,MANDI029,Cotton,381.49
2026-06-03,MANDI029,Sugarcane,404.7
2026-06-03,MANDI030,Cotton,360.53
2026-06-03,MANDI030,Rice,456.61
2026-06-03,MANDI030,Sugarcane,285.07
2026-06-03,MANDI031,Cotton,52.28
2026-06-03,MANDI032,Basmati,220.47
2026-06-03,MANDI032,Maize,362.84
2026-06-03,MANDI033,Maize,341.17
2026-06-03,MANDI033,Rice,471.56
2026-06-03,MANDI034,Mustard,326.12
2026-06-03,MANDI035,Cotton,400.82
2026-06-03,MANDI035,Maize,236.81
2026-06-03,MANDI036,Wheat,257.59
2026-06-03,MANDI037,Sugarcane,374.81
2026-06-03,MANDI038,Cotton,398.45
2026-06-03,MANDI038,Wheat,105.09
2026-06-03,MANDI039,Cotton,348.65
2026-06-03,MANDI039,Maize,348.35
2026-06-03,MANDI040,Maize,362.47
2026-06-03,MANDI040,Wheat,136.79
2026-06-03,MANDI041,Maize,266.95
2026-06-03,MANDI041,Rice,395.98
2026-06-03,MANDI042,Maize,21.55
2026-06-03,MANDI042,Rice,40.45
2026-06-03,MANDI043,Cotton,381.44
2026-06-03,MANDI045,Rice,257.73
2026-06-03,MANDI046,Rice,412.85
2026-06-03,MANDI046,Wheat,483.28
2026-06-03,MANDI047,Rice,21.52
2026-06-03,MANDI049,Rice,286.85
2026-06-03,MANDI051,Cotton,419.06
2026-06-03,MANDI051,Rice,136.71
2026-06-03,MANDI052,Mustard,439.58
2026-06-03,MANDI053,Maize,216.73
2026-06-03,MANDI053,Narma,118.77
2026-06-03,MANDI053,Sugarcane,56.13
2026-06-03,MANDI054,Maize,498.87
2026-06-03,MANDI056,Mustard,283.98
2026-06-03,MANDI057,Mustard,628.92
2026-06-04,MANDI001,Sugarcane,431.05
2026-06-04,MANDI002,Cotton,237.27
2026-06-04,MANDI002,Maize,330.64
2026-06-04,MANDI002,Wheat,25.02
2026-06-04,MANDI003,Rice,318.3
2026-06-04,MANDI004,Rice,154.33
2026-06-04,MANDI005,Wheat,273.45
2026-06-04,MANDI006,Cotton,302.65
2026-06-04,MANDI006,Mustard,204.31
2026-06-04,MANDI008,Wheat,639.96
2026-06-04,MANDI009,Rice,262.99
2026-06-04,MANDI009,Wheat,458.15
2026-06-04,MANDI011,Cotton,296.97
2026-06-04,MANDI011,Maize,754.53
2026-06-04,MANDI011,Wheat,263.24
2026-06-04,MANDI013,Rice,51.03
2026-06-04,MANDI014,Cotton,66.71
2026-06-04,MANDI014,Maize,286.36
2026-06-04,MANDI014,Mustard,66.22
2026-06-04,MANDI014,Rice,159.99
2026-06-04,MANDI015,Cotton,628.02
2026-06-04,MANDI015,Mustard,422.95
2026-06-04,MANDI016,Maize,13.01
2026-06-04,MANDI017,Maize,474.8299999999999
2026-06-04,MANDI018,Rice,259.66
2026-06-04,MANDI020,Wheat,99.06
2026-06-04,MANDI021,Rice,856.63
2026-06-04,MANDI022,Wheat,282.0
2026-06-04,MANDI023,Cotton,398.83
2026-06-04,MANDI023,Maize,361.61
2026-06-04,MANDI023,Wheat,479.22
2026-06-04,MANDI024,Maize,51.17
2026-06-04,MANDI024,Rice,518.51
2026-06-04,MANDI025,Sugarcane,320.82
2026-06-04,MANDI026,Mustard,274.63
2026-06-04,MANDI027,Narma,477.07
2026-06-04,MANDI028,Rice,169.36
2026-06-04,MANDI029,Cotton,260.44
2026-06-04,MANDI029,Rice,202.60999999999999
2026-06-04,MANDI029,Sugarcane,116.81
2026-06-04,MANDI029,Wheat,276.63
2026-06-04,MANDI031,Maize,218.04
2026-06-04,MANDI032,Narma,313.83
2026-06-04,MANDI032,Rice,162.61
2026-06-04,MANDI033,Mustard,77.71
2026-06-04,MANDI033,Wheat,60.92
2026-06-04,MANDI034,Sugarcane,212.06
2026-06-04,MANDI034,Wheat,462.42
2026-06-04,MANDI035,Cotton,492.78
2026-06-04,MANDI035,Sugarcane,382.49
2026-06-04,MANDI036,Sugarcane,55.68
2026-06-04,MANDI038,Maize,249.28
2026-06-04,MANDI038,Rice,527.01
2026-06-04,MANDI039,Maize,410.31
2026-06-04,MANDI041,Wheat,145.98000000000002
2026-06-04,MANDI042,Cotton,405.89
2026-06-04,MANDI043,Mustard,217.91
2026-06-04,MANDI044,Cotton,299.85
2026-06-04,MANDI045,Wheat,356.93
2026-06-04,MANDI047,Rice,22.11
2026-06-04,MANDI047,Wheat,384.02
2026-06-04,MANDI048,Maize,231.48
2026-06-04,MANDI048,Wheat,341.9
2026-06-04,MANDI049,Mustard,463.62
2026-06-04,MANDI049,Rice,228.85
2026-06-04,MANDI051,Maize,331.39
2026-06-04,MANDI052,Rice,131.72
2026-06-04,MANDI052,Wheat,315.04
2026-06-04,MANDI053,Cotton,131.17000000000002
2026-06-04,MANDI053,Maize,199.92
2026-06-04,MANDI053,Mustard,302.68
2026-06-04,MANDI053,Sugarcane,23.27
2026-06-04,MANDI055,Cotton,391.08
2026-06-04,MANDI055,Sugarcane,71.87
2026-06-04,MANDI056,Cotton,415.86
2026-06-04,MANDI057,Cotton,322.14
2026-06-04,MANDI057,Mustard,256.45
2026-06-04,MANDI057,Rice,228.77
2026-06-05,MANDI002,Mustard,154.62
2026-06-05,MANDI003,Maize,160.95
2026-06-05,MANDI003,Rice,269.18
2026-06-05,MANDI005,Rice,226.0
2026-06-05,MANDI006,Sugarcane,203.72
2026-06-05,MANDI006,Wheat,401.7000000000001
2026-06-05,MANDI007,Maize,498.57
2026-06-05,MANDI007,Sugarcane,447.68
2026-06-05,MANDI009,Maize,706.11
2026-06-05,MANDI011,Cotton,132.96
2026-06-05,MANDI011,Mustard,463.99
2026-06-05,MANDI013,Cotton,241.82
2026-06-05,MANDI013,Maize,310.5
2026-06-05,MANDI014,Mustard,498.72
2026-06-05,MANDI016,Maize,269.86
2026-06-05,MANDI016,Rice,117.24
2026-06-05,MANDI020,Maize,445.35
2026-06-05,MANDI020,Sugarcane,324.7
2026-06-05,MANDI023,Sugarcane,434.27
2026-06-05,MANDI025,Wheat,329.73
2026-06-05,MANDI026,Rice,157.1
2026-06-05,MANDI026,Sugarcane,192.87
2026-06-05,MANDI027,Cotton,432.83
2026-06-05,MANDI027,Rice,160.94
2026-06-05,MANDI028,Mustard,259.0
2026-06-05,MANDI030,Cotton,307.99
2026-06-05,MANDI030,Rice,503.22
2026-06-05,MANDI030,Sugarcane,180.57
2026-06-05,MANDI031,Cotton,329.3
2026-06-05,MANDI034,Sugarcane,371.38
2026-06-05,MANDI037,Wheat,403.26
2026-06-05,MANDI038,Rice,68.61
2026-06-05,MANDI040,Sugarcane,53.9
2026-06-05,MANDI042,Sugarcane,452.39
2026-06-05,MANDI043,Maize,165.68
2026-06-05,MANDI043,Mustard,281.38
2026-06-05,MANDI048,Maize,490.94
2026-06-05,MANDI048,Narma,23.52
2026-06-05,MANDI049,Maize,84.89000000000001
2026-06-05,MANDI050,Cotton,304.23
2026-06-05,MANDI050,Sugarcane,343.14
2026-06-05,MANDI051,Maize,97.9
2026-06-05,MANDI051,Wheat,392.99
2026-06-05,MANDI053,Maize,485.8
2026-06-05,MANDI053,Rice,286.44
2026-06-05,MANDI055,Mustard,30.25
2026-06-05,MANDI056,Wheat,149.17
2026-06-05,MANDI057,Cotton,111.24
2026-06-06,MANDI001,Mustard,302.8
2026-06-06,MANDI001,Wheat,110.52
2026-06-06,MANDI002,Cotton,409.37
2026-06-06,MANDI002,Maize,377.18
2026-06-06,MANDI003,Sugarcane,346.89
2026-06-06,MANDI005,Maize,256.32
2026-06-06,MANDI005,Mustard,12.16
2026-06-06,MANDI005,Rice,152.32
2026-06-06,MANDI006,Maize,147.76
2026-06-06,MANDI006,Narma,314.77
2026-06-06,MANDI006,Rice,210.78
2026-06-06,MANDI006,Wheat,400.94
2026-06-06,MANDI007,Maize,480.62
2026-06-06,MANDI008,Basmati,291.55
2026-06-06,MANDI008,Narma,134.12
2026-06-06,MANDI009,Mustard,217.48000000000002
2026-06-06,MANDI009,Sugarcane,191.61
2026-06-06,MANDI010,Narma,366.43
2026-06-06,MANDI010,Wheat,379.69
2026-06-06,MANDI011,Sugarcane,224.18
2026-06-06,MANDI011,Wheat,228.47
2026-06-06,MANDI012,Sugarcane,520.34
2026-06-06,MANDI014,Cotton,834.54
2026-06-06,MANDI014,Maize,64.73
2026-06-06,MANDI014,Mustard,190.42
2026-06-06,MANDI014,Sugarcane,167.5
2026-06-06,MANDI015,Sugarcane,184.51
2026-06-06,MANDI017,Cotton,664.8399999999999
2026-06-06,MANDI018,Sugarcane,285.44
2026-06-06,MANDI018,Wheat,255.48
2026-06-06,MANDI019,Cotton,57.29
2026-06-06,MANDI019,Maize,37.28
2026-06-06,MANDI019,Wheat,352.89
2026-06-06,MANDI022,Rice,700.13
2026-06-06,MANDI023,Cotton,424.35
2026-06-06,MANDI023,Maize,77.01
2026-06-06,MANDI024,Cotton,72.75
2026-06-06,MANDI024,Maize,50.01
2026-06-06,MANDI025,Maize,207.67
2026-06-06,MANDI026,Mustard,437.63
2026-06-06,MANDI026,Sugarcane,323.47
2026-06-06,MANDI028,Rice,315.78
2026-06-06,MANDI028,Wheat,99.77
2026-06-06,MANDI029,Cotton,487.66
2026-06-06,MANDI029,Wheat,93.68
2026-06-06,MANDI030,Cotton,182.94
2026-06-06,MANDI030,Rice,435.05
2026-06-06,MANDI031,Narma,50.37
2026-06-06,MANDI032,Sugarcane,148.44
2026-06-06,MANDI034,Wheat,312.94
2026-06-06,MANDI035,Mustard,487.88
2026-06-06,MANDI035,Sugarcane,297.22
2026-06-06,MANDI036,Rice,478.44
2026-06-06,MANDI036,Sugarcane,361.16
2026-06-06,MANDI037,Mustard,402.2
2026-06-06,MANDI038,Cotton,191.18
2026-06-06,MANDI038,Maize,382.05
2026-06-06,MANDI038,Mustard,64.04
2026-06-06,MANDI038,Sugarcane,480.71
2026-06-06,MANDI039,Mustard,386.23
2026-06-06,MANDI040,Cotton,346.71
2026-06-06,MANDI040,Sugarcane,374.47
2026-06-06,MANDI041,Sugarcane,1241.28
2026-06-06,MANDI043,Sugarcane,133.86
2026-06-06,MANDI044,Cotton,27.35
2026-06-06,MANDI044,Wheat,252.05
2026-06-06,MANDI045,Cotton,204.63
2026-06-06,MANDI046,Cotton,40.82
2026-06-06,MANDI046,Mustard,366.97
2026-06-06,MANDI047,Wheat,356.51000000000005
2026-06-06,MANDI048,Rice,148.78
2026-06-06,MANDI049,Maize,153.95
2026-06-06,MANDI050,Wheat,973.22
2026-06-06,MANDI051,Rice,36.38000000000001
2026-06-06,MANDI052,Mustard,291.93
2026-06-06,MANDI053,Narma,193.5
2026-06-06,MANDI054,Basmati,440.88
2026-06-06,MANDI055,Mustard,432.7
2026-06-06,MANDI056,Sugarcane,97.38
2026-06-06,MANDI057,Wheat,136.98
2026-06-07,MANDI001,Cotton,207.43
2026-06-07,MANDI001,Maize,97.58
2026-06-07,MANDI004,Cotton,409.71
2026-06-07,MANDI005,Cotton,314.0
2026-06-07,MANDI005,Mustard,380.69
2026-06-07,MANDI006,Mustard,364.03
2026-06-07,MANDI007,Cotton,470.97
2026-06-07,MANDI007,Mustard,363.6
2026-06-07,MANDI010,Narma,207.02
2026-06-07,MANDI010,Sugarcane,460.38
2026-06-07,MANDI012,Sugarcane,204.65
2026-06-07,MANDI012,Wheat,159.56
2026-06-07,MANDI013,Maize,418.35
2026-06-07,MANDI013,Mustard,36.63
2026-06-07,MANDI013,Wheat,149.58
2026-06-07,MANDI014,Rice,319.62
2026-06-07,MANDI014,Wheat,157.09
2026-06-07,MANDI015,Narma,85.88
2026-06-07,MANDI015,Rice,588.14
2026-06-07,MANDI016,Rice,122.08
2026-06-07,MANDI017,Maize,178.4
2026-06-07,MANDI018,Mustard,149.36
2026-06-07,MANDI019,Cotton,259.6
2026-06-07,MANDI019,Maize,968.4100000000001
2026-06-07,MANDI020,Wheat,17.42
2026-06-07,MANDI021,Mustard,44.34
2026-06-07,MANDI022,Maize,56.45
2026-06-07,MANDI023,Sugarcane,170.18
2026-06-07,MANDI025,Basmati,213.49
2026-06-07,MANDI025,Narma,23.96
2026-06-07,MANDI025,Wheat,289.95
2026-06-07,MANDI026,Rice,66.92
2026-06-07,MANDI027,Sugarcane,421.49
2026-06-07,MANDI028,Rice,257.13
2026-06-07,MANDI030,Sugarcane,251.98
2026-06-07,MANDI031,Cotton,275.58000000000004
2026-06-07,MANDI031,Maize,379.07000000000005
2026-06-07,MANDI032,Mustard,47.42
2026-06-07,MANDI032,Sugarcane,260.66
2026-06-07,MANDI032,Wheat,427.97
2026-06-07,MANDI033,Cotton,214.91
2026-06-07,MANDI033,Narma,111.18
2026-06-07,MANDI034,Sugarcane,259.26
2026-06-07,MANDI035,Cotton,451.81
2026-06-07,MANDI035,Maize,13.37
2026-06-07,MANDI037,Rice,487.87
2026-06-07,MANDI038,Rice,476.92
2026-06-07,MANDI040,Mustard,265.25
2026-06-07,MANDI041,Maize,250.27
2026-06-07,MANDI041,Rice,118.43
2026-06-07,MANDI041,Sugarcane,175.76
2026-06-07,MANDI042,Maize,408.93
2026-06-07,MANDI042,Sugarcane,434.3200000000001
2026-06-07,MANDI044,Cotton,274.36
2026-06-07,MANDI044,Mustard,919.5
2026-06-07,MANDI044,Rice,373.97
2026-06-07,MANDI044,Wheat,333.01
2026-06-07,MANDI045,Rice,150.35
2026-06-07,MANDI047,Sugarcane,176.44
2026-06-07,MANDI049,Wheat,245.87
2026-06-07,MANDI050,Wheat,419.42
2026-06-07,MANDI051,Cotton,396.2
2026-06-07,MANDI051,Mustard,100.79
2026-06-07,MANDI052,Cotton,324.56
2026-06-07,MANDI053,Rice,302.95
2026-06-07,MANDI055,Mustard,229.08
2026-06-07,MANDI056,Sugarcane,211.69
2026-06-07,MANDI057,Maize,618.04
2026-06-07,MANDI057,Rice,504.1
2026-06-08,MANDI001,Sugarcane,214.31
2026-06-08,MANDI002,Cotton,490.5
2026-06-08,MANDI002,Mustard,457.59
2026-06-08,MANDI003,Cotton,456.31
2026-06-08,MANDI003,Mustard,131.5
2026-06-08,MANDI003,Wheat,325.52
2026-06-08,MANDI005,Maize,497.02
2026-06-08,MANDI006,Maize,214.06
2026-06-08,MANDI007,Maize,402.32
2026-06-08,MANDI008,Basmati,143.77
2026-06-08,MANDI008,Sugarcane,461.33
2026-06-08,MANDI009,Cotton,155.98
2026-06-08,MANDI010,Cotton,111.68
2026-06-08,MANDI010,Mustard,114.53
2026-06-08,MANDI010,Rice,298.35
2026-06-08,MANDI010,Sugarcane,491.79
2026-06-08,MANDI012,Maize,136.51
2026-06-08,MANDI013,Cotton,304.58000000000004
2026-06-08,MANDI014,Wheat,231.03
2026-06-08,MANDI016,Maize,291.51
2026-06-08,MANDI016,Rice,275.53
2026-06-08,MANDI017,Mustard,328.17
2026-06-08,MANDI017,Rice,230.4
2026-06-08,MANDI017,Wheat,101.33
2026-06-08,MANDI018,Maize,27.66
2026-06-08,MANDI019,Cotton,18.82
2026-06-08,MANDI021,Narma,388.85
2026-06-08,MANDI022,Rice,281.86
2026-06-08,MANDI023,Narma,49.72
2026-06-08,MANDI023,Rice,260.7
2026-06-08,MANDI024,Mustard,50.83
2026-06-08,MANDI024,Sugarcane,415.75
2026-06-08,MANDI025,Cotton,449.94
2026-06-08,MANDI025,Maize,211.02
2026-06-08,MANDI025,Mustard,107.66
2026-06-08,MANDI025,Narma,59.98
2026-06-08,MANDI025,Rice,162.47999999999996
2026-06-08,MANDI025,Sugarcane,479.72
2026-06-08,MANDI026,Mustard,449.75
2026-06-08,MANDI026,Sugarcane,331.94
2026-06-08,MANDI026,Wheat,654.8499999999999
2026-06-08,MANDI027,Cotton,46.68
2026-06-08,MANDI027,Maize,361.63
2026-06-08,MANDI029,Maize,143.56
2026-06-08,MANDI029,Mustard,161.64999999999998
2026-06-08,MANDI030,Basmati,472.89
2026-06-08,MANDI030,Rice,487.86
2026-06-08,MANDI030,Sugarcane,74.04
2026-06-08,MANDI031,Rice,293.44
2026-06-08,MANDI031,Wheat,198.67
2026-06-08,MANDI034,Wheat,101.88
2026-06-08,MANDI035,Rice,250.18
2026-06-08,MANDI036,Narma,398.06
2026-06-08,MANDI037,Cotton,339.06999999999994
2026-06-08,MANDI037,Maize,498.62
2026-06-08,MANDI037,Sugarcane,490.67
2026-06-08,MANDI038,Basmati,76.08
2026-06-08,MANDI038,Maize,197.87
2026-06-08,MANDI038,Wheat,147.63
2026-06-08,MANDI039,Wheat,353.33
2026-06-08,MANDI040,Cotton,406.18
2026-06-08,MANDI041,Cotton,324.42
2026-06-08,MANDI043,Maize,63.75
2026-06-08,MANDI044,Cotton,349.62
2026-06-08,MANDI045,Basmati,330.74
2026-06-08,MANDI045,Rice,29.95
2026-06-08,MANDI046,Rice,318.68
2026-06-08,MANDI047,Maize,330.83
2026-06-08,MANDI048,Basmati,23.19
2026-06-08,MANDI048,Rice,221.82
2026-06-08,MANDI048,Wheat,315.81
2026-06-08,MANDI049,Narma,69.99
2026-06-08,MANDI050,Wheat,138.76
2026-06-08,MANDI051,Cotton,443.76
2026-06-08,MANDI051,Wheat,419.73
2026-06-08,MANDI052,Mustard,163.37
2026-06-08,MANDI052,Wheat,134.79
2026-06-08,MANDI053,Wheat,295.9
2026-06-08,MANDI054,Cotton,496.98
2026-06-08,MANDI055,Maize,348.53
2026-06-08,MANDI055,Wheat,231.26
2026-06-08,MANDI056,Maize,174.9
2026-06-08,MANDI057,Maize,427.16
2026-06-08,MANDI057,Mustard,160.38
2026-06-09,MANDI001,Wheat,402.37
2026-06-09,MANDI002,Sugarcane,92.64
2026-06-09,MANDI003,Sugarcane,488.57
2026-06-09,MANDI003,Wheat,388.66
2026-06-09,MANDI004,Cotton,308.46
2026-06-09,MANDI004,Wheat,227.46
2026-06-09,MANDI005,Mustard,424.46
2026-06-09,MANDI005,Sugarcane,326.68
2026-06-09,MANDI005,Wheat,494.92
2026-06-09,MANDI006,Sugarcane,254.76
2026-06-09,MANDI006,Wheat,454.27
2026-06-09,MANDI007,Cotton,330.85
2026-06-09,MANDI007,Rice,438.97
2026-06-09,MANDI007,Sugarcane,255.57999999999998
2026-06-09,MANDI008,Maize,43.64
2026-06-09,MANDI009,Maize,423.14
2026-06-09,MANDI010,Basmati,380.84
2026-06-09,MANDI010,Mustard,446.93
2026-06-09,MANDI010,Rice,299.56
2026-06-09,MANDI013,Mustard,221.3
2026-06-09,MANDI015,Cotton,163.4
2026-06-09,MANDI017,Mustard,422.5
2026-06-09,MANDI017,Rice,282.23
2026-06-09,MANDI018,Wheat,320.95
2026-06-09,MANDI019,Maize,305.39
2026-06-09,MANDI021,Sugarcane,243.42
2026-06-09,MANDI023,Mustard,413.71
2026-06-09,MANDI027,Wheat,311.54
2026-06-09,MANDI029,Rice,412.78
2026-06-09,MANDI030,Maize,158.14
2026-06-09,MANDI030,Rice,552.79
2026-06-09,MANDI030,Wheat,33.47
2026-06-09,MANDI031,Mustard,443.55
2026-06-09,MANDI031,Wheat,307.25
2026-06-09,MANDI032,Mustard,19.9
2026-06-09,MANDI032,Wheat,293.01
2026-06-09,MANDI033,Mustard,328.56
2026-06-09,MANDI034,Mustard,194.97
2026-06-09,MANDI034,Wheat,143.5
2026-06-09,MANDI035,Sugarcane,477.86
2026-06-09,MANDI037,Mustard,46.5
2026-06-09,MANDI039,Wheat,547.52
2026-06-09,MANDI040,Rice,77.13
2026-06-09,MANDI041,Wheat,235.09
2026-06-09,MANDI042,Narma,498.59
2026-06-09,MANDI043,Basmati,487.27
2026-06-09,MANDI043,Maize,124.92
2026-06-09,MANDI043,Mustard,70.69
2026-06-09,MANDI044,Sugarcane,253.36
2026-06-09,MANDI045,Wheat,298.52000000000004
2026-06-09,MANDI046,Narma,56.42
2026-06-09,MANDI046,Rice,333.77
2026-06-09,MANDI046,Sugarcane,226.29
2026-06-09,MANDI047,Mustard,199.12
2026-06-09,MANDI048,Mustard,107.71
2026-06-09,MANDI050,Wheat,148.54
2026-06-09,MANDI052,Cotton,402.19
2026-06-09,MANDI053,Maize,330.94
2026-06-09,MANDI053,Mustard,188.98
2026-06-09,MANDI054,Cotton,222.88
2026-06-09,MANDI054,Rice,55.25
2026-06-09,MANDI054,Sugarcane,347.26
2026-06-09,MANDI055,Sugarcane,260.06
2026-06-09,MANDI056,Sugarcane,340.17
2026-06-10,MANDI004,Sugarcane,476.01
2026-06-10,MANDI005,Maize,293.83
2026-06-10,MANDI005,Mustard,123.5
2026-06-10,MANDI005,Wheat,16.81
2026-06-10,MANDI006,Cotton,43.38
2026-06-10,MANDI006,Rice,370.92
2026-06-10,MANDI007,Maize,225.0
2026-06-10,MANDI008,Mustard,404.44
2026-06-10,MANDI009,Mustard,177.94
2026-06-10,MANDI011,Mustard,685.38
2026-06-10,MANDI011,Wheat,414.04
2026-06-10,MANDI012,Maize,292.96
2026-06-10,MANDI012,Rice,473.14
2026-06-10,MANDI014,Mustard,88.94999999999999
2026-06-10,MANDI015,Maize,196.2
2026-06-10,MANDI018,Rice,71.98
2026-06-10,MANDI019,Cotton,166.3
2026-06-10,MANDI020,Maize,171.63
2026-06-10,MANDI020,Mustard,145.8
2026-06-10,MANDI020,Wheat,417.3
2026-06-10,MANDI022,Mustard,209.2
2026-06-10,MANDI023,Maize,323.76
2026-06-10,MANDI023,Sugarcane,328.44
2026-06-10,MANDI023,Wheat,241.73
2026-06-10,MANDI026,Rice,452.83
2026-06-10,MANDI028,Mustard,395.59
2026-06-10,MANDI028,Sugarcane,480.84
2026-06-10,MANDI028,Wheat,316.35
2026-06-10,MANDI031,Maize,217.82
2026-06-10,MANDI031,Sugarcane,208.66
2026-06-10,MANDI034,Wheat,56.86
2026-06-10,MANDI035,Rice,459.63
2026-06-10,MANDI038,Mustard,42.65
2026-06-10,MANDI038,Wheat,370.24
2026-06-10,MANDI040,Maize,311.78
2026-06-10,MANDI040,Mustard,300.27
2026-06-10,MANDI042,Rice,335.76
2026-06-10,MANDI042,Wheat,82.15
2026-06-10,MANDI043,Rice,15.99
2026-06-10,MANDI044,Cotton,244.74
2026-06-10,MANDI044,Maize,462.75
2026-06-10,MANDI046,Wheat,152.71
2026-06-10,MANDI047,Rice,287.63
2026-06-10,MANDI048,Mustard,346.93
2026-06-10,MANDI049,Wheat,160.68
2026-06-10,MANDI050,Sugarcane,124.28
2026-06-10,MANDI051,Wheat,411.5100000000001
2026-06-10,MANDI052,Mustard,228.09
2026-06-10,MANDI053,Maize,200.04
2026-06-10,MANDI056,Cotton,182.1
2026-06-11,MANDI001,Narma,195.69
2026-06-11,MANDI002,Maize,205.2
2026-06-11,MANDI003,Mustard,375.63
2026-06-11,MANDI004,Maize,316.35
2026-06-11,MANDI005,Mustard,331.9
2026-06-11,MANDI005,Rice,268.75
2026-06-11,MANDI006,Sugarcane,435.59
2026-06-11,MANDI008,Sugarcane,399.38
2026-06-11,MANDI008,Wheat,258.59000000000003
2026-06-11,MANDI009,Cotton,153.59
2026-06-11,MANDI011,Rice,453.68
2026-06-11,MANDI012,Maize,54.6
2026-06-11,MANDI014,Maize,211.72
2026-06-11,MANDI015,Maize,20.73
2026-06-11,MANDI015,Mustard,338.12
2026-06-11,MANDI017,Sugarcane,493.9
2026-06-11,MANDI020,Rice,325.06
2026-06-11,MANDI024,Narma,266.45
2026-06-11,MANDI026,Sugarcane,193.82
2026-06-11,MANDI029,Cotton,371.17
2026-06-11,MANDI031,Wheat,205.8
2026-06-11,MANDI032,Maize,99.27
2026-06-11,MANDI033,Wheat,121.3
2026-06-11,MANDI035,Sugarcane,140.91
2026-06-11,MANDI040,Sugarcane,282.4
2026-06-11,MANDI043,Narma,329.15
2026-06-11,MANDI043,Wheat,45.95
2026-06-11,MANDI049,Rice,480.41
2026-06-11,MANDI050,Basmati,318.1
2026-06-11,MANDI051,Cotton,110.01
2026-06-11,MANDI051,Rice,429.71
2026-06-11,MANDI051,Sugarcane,181.62
2026-06-11,MANDI055,Wheat,493.82
2026-06-11,MANDI056,Maize,322.23
2026-06-12,MANDI002,Sugarcane,196.38
2026-06-12,MANDI003,Rice,176.4
2026-06-12,MANDI003,Wheat,321.43
2026-06-12,MANDI004,Cotton,360.54
2026-06-12,MANDI005,Rice,36.57
2026-06-12,MANDI005,Sugarcane,429.91
2026-06-12,MANDI006,Mustard,226.57
2026-06-12,MANDI009,Cotton,230.58
2026-06-12,MANDI009,Rice,21.0
2026-06-12,MANDI010,Rice,471.67
2026-06-12,MANDI012,Mustard,472.75
2026-06-12,MANDI012,Sugarcane,350.53
2026-06-12,MANDI013,Mustard,344.85
2026-06-12,MANDI013,Sugarcane,130.19
2026-06-12,MANDI016,Sugarcane,38.58
2026-06-12,MANDI018,Rice,237.77
2026-06-12,MANDI022,Sugarcane,19.04
2026-06-12,MANDI023,Wheat,97.73
2026-06-12,MANDI024,Mustard,362.59
2026-06-12,MANDI025,Maize,445.38
2026-06-12,MANDI026,Sugarcane,367.98
2026-06-12,MANDI026,Wheat,315.19
2026-06-12,MANDI028,Sugarcane,114.53
2026-06-12,MANDI031,Rice,129.86
2026-06-12,MANDI031,Wheat,298.06
2026-06-12,MANDI034,Cotton,364.74
2026-06-12,MANDI035,Mustard,151.7
2026-06-12,MANDI037,Wheat,27.81
2026-06-12,MANDI039,Maize,458.78
2026-06-12,MANDI039,Sugarcane,302.11
2026-06-12,MANDI041,Rice,237.53
2026-06-12,MANDI042,Sugarcane,424.09
2026-06-12,MANDI044,Maize,454.43
2026-06-12,MANDI044,Rice,227.2
2026-06-12,MANDI045,Maize,166.51
2026-06-12,MANDI046,Wheat,130.49
2026-06-12,MANDI048,Mustard,345.4
2026-06-12,MANDI051,Cotton,115.23
2026-06-12,MANDI051,Maize,264.19
2026-06-12,MANDI051,Mustard,195.37
2026-06-12,MANDI057,Mustard,434.05
2026-06-12,MANDI057,Wheat,200.62
2026-06-13,MANDI001,Cotton,381.59
2026-06-13,MANDI001,Maize,204.36
2026-06-13,MANDI001,Wheat,437.07
2026-06-13,MANDI003,Maize,145.33
2026-06-13,MANDI003,Narma,116.32
2026-06-13,MANDI003,Rice,65.4
2026-06-13,MANDI004,Maize,988.3700000000001
2026-06-13,MANDI004,Rice,419.92
2026-06-13,MANDI005,Wheat,183.85
2026-06-13,MANDI006,Maize,465.11
2026-06-13,MANDI011,Sugarcane,301.24
2026-06-13,MANDI011,Wheat,308.5
2026-06-13,MANDI012,Basmati,117.45
2026-06-13,MANDI015,Mustard,320.62
2026-06-13,MANDI015,Narma,476.76
2026-06-13,MANDI016,Sugarcane,473.57
2026-06-13,MANDI017,Maize,87.13
2026-06-13,MANDI017,Rice,333.73
2026-06-13,MANDI018,Maize,259.16
2026-06-13,MANDI018,Wheat,58.68
2026-06-13,MANDI019,Wheat,99.35
2026-06-13,MANDI020,Sugarcane,125.39
2026-06-13,MANDI020,Wheat,205.52
2026-06-13,MANDI021,Cotton,214.47
2026-06-13,MANDI021,Maize,229.53
2026-06-13,MANDI021,Rice,77.62
2026-06-13,MANDI022,Maize,48.62
2026-06-13,MANDI022,Wheat,229.58
2026-06-13,MANDI023,Mustard,73.94999999999999
2026-06-13,MANDI024,Maize,251.58
2026-06-13,MANDI025,Rice,210.95
2026-06-13,MANDI027,Cotton,346.79
2026-06-13,MANDI028,Rice,256.27
2026-06-13,MANDI029,Maize,63.21
2026-06-13,MANDI031,Basmati,361.93
2026-06-13,MANDI031,Maize,335.05
2026-06-13,MANDI031,Rice,330.24
2026-06-13,MANDI033,Mustard,449.83
2026-06-13,MANDI033,Wheat,48.83
2026-06-13,MANDI034,Cotton,357.1
2026-06-13,MANDI034,Rice,446.5
2026-06-13,MANDI036,Sugarcane,389.45
2026-06-13,MANDI038,Sugarcane,35.98
2026-06-13,MANDI039,Cotton,464.03
2026-06-13,MANDI039,Rice,392.26
2026-06-13,MANDI040,Maize,73.28
2026-06-13,MANDI041,Mustard,481.2
2026-06-13,MANDI041,Sugarcane,163.56
2026-06-13,MANDI042,Cotton,251.48
2026-06-13,MANDI042,Sugarcane,203.89
2026-06-13,MANDI043,Mustard,414.27
2026-06-13,MANDI044,Mustard,34.2
2026-06-13,MANDI044,Wheat,308.92
2026-06-13,MANDI046,Cotton,42.26
2026-06-13,MANDI046,Maize,386.75
2026-06-13,MANDI047,Mustard,208.27
2026-06-13,MANDI050,Maize,34.29
2026-06-13,MANDI050,Mustard,249.76
2026-06-13,MANDI050,Sugarcane,484.18
2026-06-13,MANDI051,Sugarcane,277.6
2026-06-13,MANDI051,Wheat,345.27
2026-06-13,MANDI053,Sugarcane,211.63
2026-06-13,MANDI054,Mustard,76.26
2026-06-13,MANDI055,Narma,359.89
2026-06-13,MANDI055,Sugarcane,72.99
2026-06-13,MANDI056,Sugarcane,313.14
2026-06-14,MANDI002,Mustard,278.24
2026-06-14,MANDI004,Rice,301.56
2026-06-14,MANDI007,Sugarcane,245.67
2026-06-14,MANDI009,Wheat,65.87
2026-06-14,MANDI011,Sugarcane,308.1
2026-06-14,MANDI012,Cotton,302.68
2026-06-14,MANDI012,Rice,165.26
2026-06-14,MANDI012,Wheat,510.28
2026-06-14,MANDI014,Cotton,476.44
2026-06-14,MANDI014,Maize,323.86
2026-06-14,MANDI014,Mustard,490.08
2026-06-14,MANDI015,Cotton,456.68
2026-06-14,MANDI017,Cotton,356.7
2026-06-14,MANDI018,Cotton,485.51
2026-06-14,MANDI019,Cotton,162.87
2026-06-14,MANDI019,Maize,454.25
2026-06-14,MANDI019,Narma,340.97
2026-06-14,MANDI019,Sugarcane,217.17
2026-06-14,MANDI019,Wheat,477.67
2026-06-14,MANDI020,Maize,213.72
2026-06-14,MANDI020,Mustard,270.33000000000004
2026-06-14,MANDI021,Wheat,82.76
2026-06-14,MANDI022,Rice,357.12
2026-06-14,MANDI023,Mustard,374.4
2026-06-14,MANDI025,Cotton,455.97
2026-06-14,MANDI026,Cotton,273.56
2026-06-14,MANDI026,Mustard,333.02
2026-06-14,MANDI026,Rice,207.14
2026-06-14,MANDI027,Mustard,396.53
2026-06-14,MANDI027,Narma,313.64
2026-06-14,MANDI028,Cotton,217.75
2026-06-14,MANDI031,Mustard,69.08
2026-06-14,MANDI033,Mustard,406.24
2026-06-14,MANDI033,Sugarcane,11.51
2026-06-14,MANDI035,Sugarcane,38.59
2026-06-14,MANDI037,Maize,199.72000000000003
2026-06-14,MANDI037,Mustard,402.15
2026-06-14,MANDI037,Wheat,95.43
2026-06-14,MANDI038,Rice,11.08
2026-06-14,MANDI039,Mustard,146.04
2026-06-14,MANDI039,Wheat,413.96
2026-06-14,MANDI041,Maize,321.49
2026-06-14,MANDI041,Rice,180.02
2026-06-14,MANDI041,Sugarcane,314.57
2026-06-14,MANDI043,Mustard,242.02
2026-06-14,MANDI044,Basmati,143.81
2026-06-14,MANDI044,Cotton,142.52
2026-06-14,MANDI044,Maize,100.61
2026-06-14,MANDI047,Mustard,36.21
2026-06-14,MANDI048,Wheat,131.69
2026-06-14,MANDI050,Cotton,78.39
2026-06-14,MANDI051,Maize,862.73
2026-06-14,MANDI051,Mustard,373.57
2026-06-14,MANDI052,Cotton,219.32
2026-06-14,MANDI052,Sugarcane,450.68
2026-06-14,MANDI054,Sugarcane,199.73
2026-06-14,MANDI055,Basmati,327.97
2026-06-14,MANDI056,Sugarcane,103.63
2026-06-15,MANDI001,Rice,419.44000000000005
2026-06-15,MANDI002,Sugarcane,79.53
2026-06-15,MANDI003,Mustard,418.65000000000003
2026-06-15,MANDI004,Cotton,240.24
2026-06-15,MANDI005,Mustard,39.870000000000005
2026-06-15,MANDI006,Mustard,416.62
2026-06-15,MANDI008,Sugarcane,483.25
2026-06-15,MANDI009,Mustard,204.42
2026-06-15,MANDI009,Sugarcane,183.64
2026-06-15,MANDI010,Mustard,374.29
2026-06-15,MANDI010,Wheat,107.99
2026-06-15,MANDI012,Wheat,173.43
2026-06-15,MANDI013,Maize,243.8
2026-06-15,MANDI013,Mustard,371.44
2026-06-15,MANDI014,Mustard,122.55
2026-06-15,MANDI015,Sugarcane,185.58
2026-06-15,MANDI016,Sugarcane,148.34
2026-06-15,MANDI017,Cotton,394.59
2026-06-15,MANDI018,Cotton,386.41
2026-06-15,MANDI018,Mustard,480.41
2026-06-15,MANDI018,Rice,233.32
2026-06-15,MANDI019,Sugarcane,218.84
2026-06-15,MANDI021,Mustard,391.16
2026-06-15,MANDI021,Rice,292.1
2026-06-15,MANDI022,Maize,534.6400000000001
2026-06-15,MANDI023,Cotton,68.54
2026-06-15,MANDI023,Mustard,101.05
2026-06-15,MANDI024,Rice,390.39
2026-06-15,MANDI025,Maize,200.37
2026-06-15,MANDI025,Wheat,422.7000000000001
2026-06-15,MANDI026,Mustard,231.77
2026-06-15,MANDI026,Sugarcane,487.07
2026-06-15,MANDI027,Wheat,447.84
2026-06-15,MANDI029,Mustard,459.91
2026-06-15,MANDI029,Wheat,361.87
2026-06-15,MANDI032,Cotton,208.74
2026-06-15,MANDI032,Maize,115.21
2026-06-15,MANDI033,Maize,65.56
2026-06-15,MANDI033,Rice,206.3
2026-06-15,MANDI033,Sugarcane,100.74
2026-06-15,MANDI034,Maize,417.73
2026-06-15,MANDI034,Mustard,446.93
2026-06-15,MANDI035,Cotton,142.84
2026-06-15,MANDI037,Maize,338.73
2026-06-15,MANDI038,Mustard,14.17
2026-06-15,MANDI043,Sugarcane,467.6600000000001
2026-06-15,MANDI044,Sugarcane,182.45
2026-06-15,MANDI045,Cotton,325.27
2026-06-15,MANDI045,Mustard,380.82
2026-06-15,MANDI046,Sugarcane,293.25
2026-06-15,MANDI046,Wheat,433.57
2026-06-15,MANDI047,Maize,162.44
2026-06-15,MANDI047,Sugarcane,173.9
2026-06-15,MANDI048,Wheat,389.23
2026-06-15,MANDI050,Rice,492.5
2026-06-15,MANDI050,Sugarcane,93.4
2026-06-15,MANDI051,Maize,431.33
2026-06-15,MANDI052,Sugarcane,120.25
2026-06-15,MANDI053,Rice,312.45
2026-06-15,MANDI053,Wheat,431.49
2026-06-15,MANDI054,Rice,27.71
2026-06-15,MANDI054,Sugarcane,360.92
2026-06-15,MANDI056,Rice,123.67
2026-06-15,MANDI056,Wheat,472.88
2026-06-15,MANDI057,Sugarcane,164.74
2026-06-16,MANDI001,Cotton,336.44
2026-06-16,MANDI001,Rice,95.0
2026-06-16,MANDI002,Mustard,485.99
2026-06-16,MANDI004,Mustard,471.79999999999995
2026-06-16,MANDI005,Mustard,342.99
2026-06-16,MANDI005,Rice,153.08
2026-06-16,MANDI006,Mustard,333.8
2026-06-16,MANDI006,Wheat,550.94
2026-06-16,MANDI010,Maize,118.78
2026-06-16,MANDI011,Rice,131.44
2026-06-16,MANDI011,Wheat,256.82
2026-06-16,MANDI012,Maize,179.64
2026-06-16,MANDI014,Sugarcane,291.72
2026-06-16,MANDI014,Wheat,207.28
2026-06-16,MANDI015,Cotton,164.58
2026-06-16,MANDI017,Cotton,389.04
2026-06-16,MANDI017,Mustard,368.7900000000001
2026-06-16,MANDI018,Maize,376.79
2026-06-16,MANDI018,Narma,90.31
2026-06-16,MANDI018,Wheat,410.44
2026-06-16,MANDI020,Cotton,170.78
2026-06-16,MANDI021,Cotton,398.11
2026-06-16,MANDI021,Maize,229.42
2026-06-16,MANDI022,Maize,484.64
2026-06-16,MANDI024,Maize,237.37
2026-06-16,MANDI024,Mustard,556.91
2026-06-16,MANDI024,Rice,275.09
2026-06-16,MANDI025,Cotton,59.2
2026-06-16,MANDI025,Wheat,413.55
2026-06-16,MANDI026,Mustard,488.26
2026-06-16,MANDI026,Wheat,185.4
2026-06-16,MANDI029,Maize,345.19
2026-06-16,MANDI029,Mustard,71.63
2026-06-16,MANDI030,Rice,237.85
2026-06-16,MANDI030,Sugarcane,488.98
2026-06-16,MANDI032,Sugarcane,103.44
2026-06-16,MANDI034,Cotton,243.98
2026-06-16,MANDI035,Maize,426.22
2026-06-16,MANDI035,Rice,589.78
2026-06-16,MANDI036,Mustard,117.38
2026-06-16,MANDI038,Mustard,420.76
2026-06-16,MANDI039,Mustard,48.75
2026-06-16,MANDI039,Sugarcane,497.99
2026-06-16,MANDI039,Wheat,294.96
2026-06-16,MANDI042,Wheat,292.32
2026-06-16,MANDI043,Sugarcane,331.71
2026-06-16,MANDI047,Mustard,355.32
2026-06-16,MANDI047,Wheat,251.0
2026-06-16,MANDI048,Cotton,384.47
2026-06-16,MANDI048,Rice,130.71
2026-06-16,MANDI049,Maize,420.92
2026-06-16,MANDI049,Rice,94.05
2026-06-16,MANDI050,Cotton,474.9
2026-06-16,MANDI050,Mustard,411.64
2026-06-16,MANDI051,Maize,28.14
2026-06-16,MANDI055,Maize,516.6
2026-06-16,MANDI056,Basmati,364.22
2026-06-16,MANDI057,Maize,430.38
2026-06-17,MANDI001,Maize,188.28
2026-06-17,MANDI001,Narma,60.26
2026-06-17,MANDI002,Maize,257.47
2026-06-17,MANDI002,Mustard,430.59
2026-06-17,MANDI003,Cotton,466.49
2026-06-17,MANDI004,Cotton,305.62
2026-06-17,MANDI005,Maize,401.99
2026-06-17,MANDI008,Maize,405.96
2026-06-17,MANDI008,Mustard,481.12
2026-06-17,MANDI008,Rice,278.91
2026-06-17,MANDI009,Rice,355.79
2026-06-17,MANDI010,Mustard,252.05
2026-06-17,MANDI011,Maize,184.62
2026-06-17,MANDI011,Rice,302.91
2026-06-17,MANDI012,Rice,245.8
2026-06-17,MANDI012,Sugarcane,344.22
2026-06-17,MANDI012,Wheat,466.7
2026-06-17,MANDI014,Cotton,372.26
2026-06-17,MANDI014,Mustard,417.42
2026-06-17,MANDI015,Rice,329.78
2026-06-17,MANDI015,Sugarcane,11.56
2026-06-17,MANDI018,Sugarcane,360.02
2026-06-17,MANDI019,Sugarcane,85.04
2026-06-17,MANDI021,Mustard,296.18
2026-06-17,MANDI022,Cotton,237.32
2026-06-17,MANDI022,Sugarcane,186.17
2026-06-17,MANDI023,Maize,356.89
2026-06-17,MANDI023,Wheat,36.87
2026-06-17,MANDI025,Sugarcane,327.59000000000003
2026-06-17,MANDI025,Wheat,253.09
2026-06-17,MANDI027,Rice,374.91
2026-06-17,MANDI028,Rice,376.39
2026-06-17,MANDI029,Wheat,260.57
2026-06-17,MANDI030,Rice,414.31
2026-06-17,MANDI030,Sugarcane,277.64
2026-06-17,MANDI031,Cotton,407.91
2026-06-17,MANDI031,Rice,414.48
2026-06-17,MANDI032,Rice,266.84
2026-06-17,MANDI033,Maize,334.88
2026-06-17,MANDI033,Narma,191.48
2026-06-17,MANDI033,Sugarcane,356.25
2026-06-17,MANDI033,Wheat,162.25
2026-06-17,MANDI034,Wheat,58.32
2026-06-17,MANDI035,Cotton,1059.98
2026-06-17,MANDI035,Rice,256.17
2026-06-17,MANDI035,Wheat,180.48
2026-06-17,MANDI036,Rice,453.68
2026-06-17,MANDI036,Sugarcane,78.39
2026-06-17,MANDI037,Cotton,359.26
2026-06-17,MANDI037,Maize,392.51
2026-06-17,MANDI037,Mustard,288.88
2026-06-17,MANDI037,Rice,432.89
2026-06-17,MANDI039,Cotton,10.14
2026-06-17,MANDI040,Cotton,326.69
2026-06-17,MANDI041,Maize,157.92
2026-06-17,MANDI042,Maize,296.74
2026-06-17,MANDI043,Rice,477.85
2026-06-17,MANDI044,Cotton,399.68
2026-06-17,MANDI044,Maize,338.68
2026-06-17,MANDI044,Mustard,245.06
2026-06-17,MANDI045,Maize,448.83
2026-06-17,MANDI045,Wheat,155.48
2026-06-17,MANDI047,Maize,238.4
2026-06-17,MANDI048,Rice,126.04
2026-06-17,MANDI049,Sugarcane,121.08
2026-06-17,MANDI050,Rice,417.25
2026-06-17,MANDI051,Cotton,87.03
2026-06-17,MANDI052,Wheat,196.93
2026-06-17,MANDI053,Maize,71.97
2026-06-17,MANDI053,Mustard,465.93
2026-06-17,MANDI053,Rice,68.55
2026-06-17,MANDI054,Maize,345.44
2026-06-17,MANDI054,Mustard,291.26
2026-06-17,MANDI054,Rice,245.97
2026-06-17,MANDI055,Cotton,202.95
2026-06-17,MANDI055,Wheat,342.5400000000001
2026-06-17,MANDI056,Mustard,121.85
2026-06-17,MANDI056,Rice,51.52
2026-06-17,MANDI056,Wheat,111.51
2026-06-18,MANDI002,Rice,234.92
2026-06-18,MANDI004,Maize,251.04
2026-06-18,MANDI004,Rice,244.37
2026-06-18,MANDI004,Wheat,172.93
2026-06-18,MANDI005,Cotton,363.77
2026-06-18,MANDI007,Maize,24.17
2026-06-18,MANDI008,Rice,479.53
2026-06-18,MANDI008,Sugarcane,60.21
2026-06-18,MANDI009,Maize,142.79
2026-06-18,MANDI009,Sugarcane,12.61
2026-06-18,MANDI011,Cotton,458.51
2026-06-18,MANDI011,Sugarcane,93.33
2026-06-18,MANDI011,Wheat,296.2
2026-06-18,MANDI012,Maize,172.23
2026-06-18,MANDI012,Sugarcane,260.75
2026-06-18,MANDI013,Maize,41.99
2026-06-18,MANDI014,Maize,322.83
2026-06-18,MANDI015,Narma,336.26
2026-06-18,MANDI015,Wheat,312.02
2026-06-18,MANDI016,Wheat,123.75
2026-06-18,MANDI018,Sugarcane,300.56
2026-06-18,MANDI019,Basmati,154.04
2026-06-18,MANDI019,Mustard,402.14
2026-06-18,MANDI019,Narma,65.82
2026-06-18,MANDI020,Sugarcane,388.23
2026-06-18,MANDI021,Sugarcane,98.93
2026-06-18,MANDI022,Cotton,384.71
2026-06-18,MANDI022,Rice,108.94
2026-06-18,MANDI023,Sugarcane,120.15
2026-06-18,MANDI024,Cotton,357.74
2026-06-18,MANDI024,Maize,495.24
2026-06-18,MANDI024,Rice,268.44
2026-06-18,MANDI024,Sugarcane,421.12
2026-06-18,MANDI025,Maize,148.29
2026-06-18,MANDI025,Mustard,329.77
2026-06-18,MANDI025,Sugarcane,335.37
2026-06-18,MANDI026,Maize,264.38
2026-06-18,MANDI028,Sugarcane,469.61
2026-06-18,MANDI029,Wheat,902.37
2026-06-18,MANDI030,Maize,559.03
2026-06-18,MANDI030,Mustard,468.91
2026-06-18,MANDI031,Cotton,74.3
2026-06-18,MANDI031,Rice,248.8
2026-06-18,MANDI032,Mustard,240.73
2026-06-18,MANDI032,Wheat,323.77
2026-06-18,MANDI034,Mustard,34.44
2026-06-18,MANDI035,Sugarcane,158.72
2026-06-18,MANDI036,Wheat,157.33
2026-06-18,MANDI038,Cotton,399.16
2026-06-18,MANDI038,Wheat,553.38
2026-06-18,MANDI039,Cotton,217.63
2026-06-18,MANDI043,Maize,471.5
2026-06-18,MANDI044,Maize,403.1
2026-06-18,MANDI045,Wheat,447.23
2026-06-18,MANDI048,Maize,172.91
2026-06-18,MANDI048,Mustard,131.8
2026-06-18,MANDI048,Sugarcane,340.87
2026-06-18,MANDI048,Wheat,154.44
2026-06-18,MANDI049,Wheat,364.28
2026-06-18,MANDI051,Basmati,99.27
2026-06-18,MANDI052,Cotton,268.87
2026-06-18,MANDI053,Wheat,148.96
2026-06-18,MANDI055,Mustard,212.48
2026-06-18,MANDI056,Cotton,384.79
2026-06-18,MANDI056,Maize,141.15
2026-06-18,MANDI056,Mustard,365.81
2026-06-18,MANDI056,Rice,662.35
2026-06-18,MANDI057,Sugarcane,341.99
2026-06-19,MANDI001,Mustard,288.25
2026-06-19,MANDI003,Maize,483.9
2026-06-19,MANDI003,Wheat,255.07
2026-06-19,MANDI005,Cotton,378.6
2026-06-19,MANDI007,Maize,317.04
2026-06-19,MANDI007,Rice,285.08
2026-06-19,MANDI008,Mustard,60.42
2026-06-19,MANDI008,Rice,119.54
2026-06-19,MANDI009,Maize,462.88
2026-06-19,MANDI009,Mustard,212.12
2026-06-19,MANDI010,Mustard,432.14
2026-06-19,MANDI012,Mustard,191.99
2026-06-19,MANDI014,Maize,50.07
2026-06-19,MANDI014,Mustard,352.38000000000005
2026-06-19,MANDI015,Cotton,291.98
2026-06-19,MANDI016,Cotton,412.84
2026-06-19,MANDI017,Mustard,158.1
2026-06-19,MANDI017,Sugarcane,144.61
2026-06-19,MANDI018,Basmati,325.83
2026-06-19,MANDI018,Maize,467.16
2026-06-19,MANDI019,Maize,113.15
2026-06-19,MANDI019,Mustard,208.89
2026-06-19,MANDI020,Sugarcane,85.95
2026-06-19,MANDI021,Sugarcane,440.16
2026-06-19,MANDI022,Sugarcane,131.64
2026-06-19,MANDI023,Wheat,344.2
2026-06-19,MANDI024,Mustard,233.38
2026-06-19,MANDI024,Sugarcane,436.18
2026-06-19,MANDI025,Basmati,418.11
2026-06-19,MANDI025,Rice,159.78
2026-06-19,MANDI026,Maize,136.05
2026-06-19,MANDI026,Sugarcane,187.11
2026-06-19,MANDI028,Maize,285.36
2026-06-19,MANDI028,Narma,85.48
2026-06-19,MANDI028,Rice,90.0
2026-06-19,MANDI028,Wheat,182.88
2026-06-19,MANDI029,Cotton,359.74
2026-06-19,MANDI030,Mustard,10.7
2026-06-19,MANDI030,Sugarcane,473.7
2026-06-19,MANDI031,Mustard,910.6500000000001
2026-06-19,MANDI032,Cotton,162.0
2026-06-19,MANDI032,Sugarcane,377.77
2026-06-19,MANDI033,Mustard,109.78
2026-06-19,MANDI033,Sugarcane,217.11
2026-06-19,MANDI034,Basmati,117.5
2026-06-19,MANDI034,Maize,405.12
2026-06-19,MANDI034,Wheat,269.75
2026-06-19,MANDI035,Narma,78.63
2026-06-19,MANDI036,Maize,677.13
2026-06-19,MANDI036,Sugarcane,129.19
2026-06-19,MANDI039,Cotton,496.7
2026-06-19,MANDI040,Cotton,418.4
2026-06-19,MANDI041,Cotton,314.6
2026-06-19,MANDI041,Mustard,404.07
2026-06-19,MANDI042,Cotton,161.91
2026-06-19,MANDI042,Rice,650.8
2026-06-19,MANDI044,Narma,483.68
2026-06-19,MANDI045,Mustard,357.96
2026-06-19,MANDI045,Wheat,39.46
2026-06-19,MANDI046,Sugarcane,54.43
2026-06-19,MANDI047,Maize,118.64
2026-06-19,MANDI047,Rice,471.18
2026-06-19,MANDI047,Sugarcane,262.24
2026-06-19,MANDI048,Maize,307.66
2026-06-19,MANDI050,Maize,269.12
2026-06-19,MANDI050,Wheat,663.92
2026-06-19,MANDI051,Narma,289.05
2026-06-19,MANDI051,Wheat,133.36
2026-06-19,MANDI052,Rice,201.55
2026-06-19,MANDI053,Maize,41.97
2026-06-19,MANDI054,Basmati,334.62
2026-06-19,MANDI056,Maize,328.51
2026-06-19,MANDI056,Mustard,159.19
2026-06-19,MANDI056,Wheat,306.66
2026-06-20,MANDI001,Maize,138.45
2026-06-20,MANDI002,Sugarcane,331.99
2026-06-20,MANDI002,Wheat,26.83
2026-06-20,MANDI003,Basmati,376.65
2026-06-20,MANDI003,Sugarcane,197.0
2026-06-20,MANDI005,Cotton,442.22
2026-06-20,MANDI005,Rice,446.74
2026-06-20,MANDI005,Sugarcane,739.0
2026-06-20,MANDI006,Cotton,44.0
2026-06-20,MANDI006,Rice,23.33
2026-06-20,MANDI006,Wheat,487.01
2026-06-20,MANDI007,Cotton,330.74
2026-06-20,MANDI009,Maize,271.75
2026-06-20,MANDI009,Wheat,217.8
2026-06-20,MANDI010,Sugarcane,274.82
2026-06-20,MANDI012,Cotton,627.84
2026-06-20,MANDI012,Maize,463.53
2026-06-20,MANDI012,Rice,432.74
2026-06-20,MANDI013,Narma,452.11
2026-06-20,MANDI016,Mustard,52.96
2026-06-20,MANDI016,Rice,236.61
2026-06-20,MANDI018,Cotton,117.04
2026-06-20,MANDI018,Maize,450.27
2026-06-20,MANDI019,Wheat,13.2
2026-06-20,MANDI021,Sugarcane,490.51
2026-06-20,MANDI022,Rice,329.83
2026-06-20,MANDI025,Mustard,221.89
2026-06-20,MANDI025,Wheat,220.85
2026-06-20,MANDI026,Mustard,113.19
2026-06-20,MANDI027,Cotton,187.75
2026-06-20,MANDI028,Rice,110.76
2026-06-20,MANDI029,Mustard,12.46
2026-06-20,MANDI029,Rice,453.86
2026-06-20,MANDI029,Wheat,202.53
2026-06-20,MANDI030,Sugarcane,445.34
2026-06-20,MANDI031,Mustard,462.19
2026-06-20,MANDI031,Sugarcane,270.18
2026-06-20,MANDI032,Basmati,497.36
2026-06-20,MANDI032,Rice,476.9
2026-06-20,MANDI032,Wheat,367.31
2026-06-20,MANDI033,Mustard,341.49
2026-06-20,MANDI033,Sugarcane,308.8
2026-06-20,MANDI035,Rice,375.28
2026-06-20,MANDI036,Sugarcane,330.78
2026-06-20,MANDI037,Rice,194.66000000000005
2026-06-20,MANDI040,Cotton,316.35
2026-06-20,MANDI041,Rice,14.62
2026-06-20,MANDI041,Wheat,264.59
2026-06-20,MANDI042,Maize,155.6
2026-06-20,MANDI042,Mustard,48.05
2026-06-20,MANDI046,Sugarcane,459.78
2026-06-20,MANDI047,Mustard,134.47
2026-06-20,MANDI049,Sugarcane,470.99
2026-06-20,MANDI050,Sugarcane,261.78
2026-06-20,MANDI051,Sugarcane,549.21
2026-06-20,MANDI052,Cotton,387.84
2026-06-20,MANDI052,Sugarcane,250.07
2026-06-20,MANDI052,Wheat,390.18
2026-06-20,MANDI053,Sugarcane,176.04
2026-06-20,MANDI054,Maize,44.48
2026-06-20,MANDI055,Basmati,130.09
2026-06-20,MANDI055,Rice,348.2
2026-06-20,MANDI057,Rice,426.59
2026-06-21,MANDI001,Maize,521.15
2026-06-21,MANDI001,Wheat,491.27
2026-06-21,MANDI003,Wheat,420.91
2026-06-21,MANDI006,Narma,318.31
2026-06-21,MANDI009,Narma,417.88
2026-06-21,MANDI010,Cotton,131.15
2026-06-21,MANDI010,Maize,463.62
2026-06-21,MANDI010,Wheat,141.57
2026-06-21,MANDI011,Sugarcane,385.11
2026-06-21,MANDI011,Wheat,307.27
2026-06-21,MANDI012,Rice,437.36
2026-06-21,MANDI015,Rice,101.41
2026-06-21,MANDI016,Cotton,167.45
2026-06-21,MANDI017,Mustard,318.33
2026-06-21,MANDI017,Rice,170.4
2026-06-21,MANDI017,Sugarcane,337.54
2026-06-21,MANDI017,Wheat,449.69
2026-06-21,MANDI019,Sugarcane,224.1
2026-06-21,MANDI020,Cotton,157.75
2026-06-21,MANDI020,Rice,104.05
2026-06-21,MANDI021,Rice,265.16
2026-06-21,MANDI022,Sugarcane,63.51
2026-06-21,MANDI024,Cotton,234.88
2026-06-21,MANDI024,Maize,259.71
2026-06-21,MANDI024,Rice,288.55
2026-06-21,MANDI024,Sugarcane,419.27
2026-06-21,MANDI024,Wheat,273.31
2026-06-21,MANDI026,Maize,44.870000000000005
2026-06-21,MANDI027,Rice,244.96
2026-06-21,MANDI027,Sugarcane,96.61
2026-06-21,MANDI028,Basmati,168.42
2026-06-21,MANDI028,Rice,96.35
2026-06-21,MANDI028,Sugarcane,271.89
2026-06-21,MANDI029,Wheat,349.5
2026-06-21,MANDI030,Cotton,150.16
2026-06-21,MANDI031,Cotton,378.45
2026-06-21,MANDI031,Rice,246.79
2026-06-21,MANDI033,Cotton,118.82
2026-06-21,MANDI033,Mustard,311.17
2026-06-21,MANDI033,Sugarcane,430.19
2026-06-21,MANDI033,Wheat,35.09
2026-06-21,MANDI034,Mustard,116.34
2026-06-21,MANDI035,Rice,483.09
2026-06-21,MANDI035,Wheat,187.43
2026-06-21,MANDI036,Maize,221.14
2026-06-21,MANDI038,Mustard,345.61
2026-06-21,MANDI038,Rice,379.19
2026-06-21,MANDI040,Wheat,315.99
2026-06-21,MANDI041,Maize,57.93
2026-06-21,MANDI042,Cotton,373.68
2026-06-21,MANDI043,Maize,196.8
2026-06-21,MANDI043,Mustard,220.51
2026-06-21,MANDI043,Sugarcane,259.84000000000003
2026-06-21,MANDI043,Wheat,213.8
2026-06-21,MANDI044,Maize,211.98
2026-06-21,MANDI045,Cotton,231.98
2026-06-21,MANDI045,Maize,347.43
2026-06-21,MANDI048,Rice,150.69
2026-06-21,MANDI049,Sugarcane,894.28
2026-06-21,MANDI050,Narma,180.32
2026-06-21,MANDI050,Rice,34.31
2026-06-21,MANDI051,Cotton,472.13
2026-06-21,MANDI054,Cotton,416.88
2026-06-21,MANDI054,Sugarcane,43.79
2026-06-21,MANDI055,Maize,462.59
2026-06-21,MANDI056,Mustard,63.88
2026-06-21,MANDI057,Maize,136.72
2026-06-22,MANDI001,Mustard,378.88
2026-06-22,MANDI001,Rice,247.72
2026-06-22,MANDI003,Mustard,217.8
2026-06-22,MANDI003,Narma,286.54
2026-06-22,MANDI004,Cotton,370.54
2026-06-22,MANDI004,Maize,382.08
2026-06-22,MANDI004,Wheat,224.35
2026-06-22,MANDI005,Mustard,158.35
2026-06-22,MANDI005,Sugarcane,140.04
2026-06-22,MANDI005,Wheat,335.5
2026-06-22,MANDI007,Rice,229.2
2026-06-22,MANDI008,Mustard,143.65
2026-06-22,MANDI008,Sugarcane,44.38
2026-06-22,MANDI009,Mustard,465.39
2026-06-22,MANDI009,Wheat,12.19
2026-06-22,MANDI010,Rice,39.03
2026-06-22,MANDI011,Maize,444.43
2026-06-22,MANDI011,Mustard,570.44
2026-06-22,MANDI012,Mustard,277.67
2026-06-22,MANDI013,Cotton,61.28
2026-06-22,MANDI013,Rice,356.57
2026-06-22,MANDI013,Sugarcane,498.14
2026-06-22,MANDI014,Rice,485.53
2026-06-22,MANDI014,Wheat,143.45
2026-06-22,MANDI016,Wheat,278.17
2026-06-22,MANDI019,Sugarcane,267.83
2026-06-22,MANDI019,Wheat,325.07
2026-06-22,MANDI020,Maize,300.35
2026-06-22,MANDI022,Rice,453.33000000000004
2026-06-22,MANDI023,Mustard,291.89
2026-06-22,MANDI023,Rice,197.79
2026-06-22,MANDI023,Wheat,291.22
2026-06-22,MANDI024,Maize,400.56
2026-06-22,MANDI024,Mustard,367.99
2026-06-22,MANDI024,Wheat,94.73
2026-06-22,MANDI026,Maize,454.79
2026-06-22,MANDI026,Sugarcane,801.4200000000001
2026-06-22,MANDI026,Wheat,250.36
2026-06-22,MANDI027,Basmati,429.17
2026-06-22,MANDI027,Maize,114.02
2026-06-22,MANDI027,Mustard,77.95
2026-06-22,MANDI027,Rice,276.14
2026-06-22,MANDI028,Mustard,123.96
2026-06-22,MANDI028,Wheat,463.76
2026-06-22,MANDI029,Mustard,400.62
2026-06-22,MANDI032,Maize,157.44
2026-06-22,MANDI035,Maize,192.07
2026-06-22,MANDI037,Wheat,464.0
2026-06-22,MANDI038,Rice,478.64
2026-06-22,MANDI039,Rice,235.56
2026-06-22,MANDI039,Wheat,377.23
2026-06-22,MANDI040,Maize,392.08
2026-06-22,MANDI040,Mustard,267.01
2026-06-22,MANDI041,Cotton,159.95
2026-06-22,MANDI043,Maize,426.94
2026-06-22,MANDI043,Mustard,343.88
2026-06-22,MANDI044,Rice,114.62
2026-06-22,MANDI044,Sugarcane,452.23
2026-06-22,MANDI044,Wheat,482.13
2026-06-22,MANDI045,Cotton,573.56
2026-06-22,MANDI045,Mustard,115.59
2026-06-22,MANDI045,Sugarcane,43.39
2026-06-22,MANDI047,Cotton,164.86
2026-06-22,MANDI050,Cotton,579.81
2026-06-22,MANDI051,Maize,194.18
2026-06-22,MANDI051,Mustard,156.74
2026-06-22,MANDI051,Rice,272.51
2026-06-22,MANDI052,Rice,370.85
2026-06-22,MANDI057,Mustard,411.96
2026-06-23,MANDI001,Maize,393.55
2026-06-23,MANDI001,Mustard,15.16
2026-06-23,MANDI001,Wheat,487.49
2026-06-23,MANDI003,Cotton,51.96
2026-06-23,MANDI005,Maize,226.74
2026-06-23,MANDI009,Mustard,158.25
2026-06-23,MANDI009,Rice,179.32999999999998
2026-06-23,MANDI009,Wheat,466.45
2026-06-23,MANDI010,Wheat,527.41
2026-06-23,MANDI011,Cotton,92.56
2026-06-23,MANDI013,Mustard,210.19
2026-06-23,MANDI013,Rice,173.44
2026-06-23,MANDI013,Wheat,98.45
2026-06-23,MANDI014,Maize,62.29
2026-06-23,MANDI014,Wheat,73.87
2026-06-23,MANDI016,Rice,334.22
2026-06-23,MANDI016,Wheat,69.27
2026-06-23,MANDI017,Cotton,323.35
2026-06-23,MANDI020,Maize,149.46
2026-06-23,MANDI020,Sugarcane,296.64
2026-06-23,MANDI021,Mustard,332.91
2026-06-23,MANDI021,Wheat,480.41
2026-06-23,MANDI022,Mustard,367.6600000000001
2026-06-23,MANDI023,Mustard,437.8
2026-06-23,MANDI024,Sugarcane,68.77
2026-06-23,MANDI025,Mustard,243.08
2026-06-23,MANDI025,Rice,29.34
2026-06-23,MANDI026,Wheat,484.04
2026-06-23,MANDI027,Wheat,182.58
2026-06-23,MANDI028,Mustard,314.73
2026-06-23,MANDI029,Mustard,133.53
2026-06-23,MANDI030,Maize,254.22
2026-06-23,MANDI031,Maize,174.8
2026-06-23,MANDI031,Mustard,197.61
2026-06-23,MANDI032,Cotton,491.09
2026-06-23,MANDI032,Rice,366.37
2026-06-23,MANDI034,Cotton,388.38
2026-06-23,MANDI034,Wheat,471.49
2026-06-23,MANDI035,Rice,440.24
2026-06-23,MANDI035,Sugarcane,497.16
2026-06-23,MANDI036,Mustard,35.28
2026-06-23,MANDI036,Narma,100.39
2026-06-23,MANDI037,Rice,52.93
2026-06-23,MANDI038,Mustard,341.88
2026-06-23,MANDI039,Wheat,379.3
2026-06-23,MANDI040,Cotton,114.35
2026-06-23,MANDI041,Rice,123.86
2026-06-23,MANDI042,Sugarcane,473.99
2026-06-23,MANDI044,Wheat,365.88
2026-06-23,MANDI046,Maize,428.52
2026-06-23,MANDI046,Wheat,236.43
2026-06-23,MANDI047,Mustard,104.65
2026-06-23,MANDI047,Rice,136.19
2026-06-23,MANDI047,Wheat,119.91
2026-06-23,MANDI048,Cotton,399.1
2026-06-23,MANDI048,Maize,392.61
2026-06-23,MANDI050,Wheat,488.89
2026-06-23,MANDI051,Maize,399.41
2026-06-23,MANDI052,Cotton,181.27
2026-06-23,MANDI052,Mustard,225.64
2026-06-23,MANDI052,Wheat,22.01
2026-06-23,MANDI053,Cotton,428.23
2026-06-23,MANDI053,Wheat,100.68
2026-06-23,MANDI055,Cotton,165.03
2026-06-23,MANDI055,Maize,96.9
2026-06-23,MANDI055,Mustard,335.91
2026-06-23,MANDI055,Rice,350.03
2026-06-23,MANDI056,Maize,58.42
2026-06-23,MANDI056,Narma,372.2
2026-06-23,MANDI057,Cotton,459.69
2026-06-23,MANDI057,Wheat,563.98
2026-06-24,MANDI001,Maize,269.05
2026-06-24,MANDI001,Mustard,112.23
2026-06-24,MANDI002,Sugarcane,361.42
2026-06-24,MANDI004,Mustard,720.98
2026-06-24,MANDI005,Maize,63.49
2026-06-24,MANDI005,Mustard,430.43
2026-06-24,MANDI005,Sugarcane,57.3
2026-06-24,MANDI006,Maize,479.94
2026-06-24,MANDI007,Maize,208.34
2026-06-24,MANDI007,Rice,421.53
2026-06-24,MANDI008,Maize,457.04
2026-06-24,MANDI010,Wheat,171.99
2026-06-24,MANDI011,Maize,240.03
2026-06-24,MANDI013,Maize,256.0
2026-06-24,MANDI017,Rice,282.19
2026-06-24,MANDI020,Mustard,567.11
2026-06-24,MANDI021,Cotton,212.92
2026-06-24,MANDI021,Rice,79.35
2026-06-24,MANDI023,Mustard,444.62
2026-06-24,MANDI025,Sugarcane,132.71
2026-06-24,MANDI029,Cotton,472.87
2026-06-24,MANDI031,Sugarcane,82.58
2026-06-24,MANDI032,Wheat,421.96
2026-06-24,MANDI033,Sugarcane,162.24
2026-06-24,MANDI034,Mustard,402.88
2026-06-24,MANDI034,Rice,251.81
2026-06-24,MANDI035,Maize,404.08
2026-06-24,MANDI035,Narma,319.06
2026-06-24,MANDI036,Cotton,20.2
2026-06-24,MANDI036,Rice,182.25
2026-06-24,MANDI040,Sugarcane,391.98
2026-06-24,MANDI042,Narma,114.98
2026-06-24,MANDI045,Wheat,177.36
2026-06-24,MANDI048,Cotton,329.35
2026-06-24,MANDI049,Cotton,461.86
2026-06-24,MANDI049,Rice,319.83
2026-06-24,MANDI051,Cotton,251.26
2026-06-24,MANDI051,Mustard,366.85
2026-06-24,MANDI051,Wheat,479.47
2026-06-24,MANDI052,Maize,203.96
2026-06-24,MANDI054,Mustard,15.45
2026-06-24,MANDI054,Wheat,375.81000000000006
2026-06-24,MANDI055,Mustard,286.13
2026-06-24,MANDI056,Sugarcane,30.42
2026-06-24,MANDI057,Narma,267.81
2026-06-24,MANDI057,Rice,171.95
2026-06-24,MANDI057,Sugarcane,122.53
2026-06-25,MANDI001,Rice,324.08
2026-06-25,MANDI001,Sugarcane,20.37
2026-06-25,MANDI003,Maize,495.99
2026-06-25,MANDI003,Rice,122.63
2026-06-25,MANDI004,Wheat,461.28
2026-06-25,MANDI006,Mustard,247.05
2026-06-25,MANDI006,Rice,133.69
2026-06-25,MANDI007,Maize,362.72
2026-06-25,MANDI008,Rice,192.79
2026-06-25,MANDI008,Wheat,139.78
2026-06-25,MANDI009,Sugarcane,272.08
2026-06-25,MANDI010,Maize,97.51
2026-06-25,MANDI010,Sugarcane,374.67
2026-06-25,MANDI010,Wheat,366.72
2026-06-25,MANDI011,Rice,26.51
2026-06-25,MANDI013,Maize,349.12
2026-06-25,MANDI013,Sugarcane,220.69
2026-06-25,MANDI015,Cotton,386.47
2026-06-25,MANDI015,Maize,170.86
2026-06-25,MANDI015,Wheat,141.83
2026-06-25,MANDI017,Rice,80.46
2026-06-25,MANDI018,Mustard,350.44
2026-06-25,MANDI019,Rice,70.37
2026-06-25,MANDI019,Wheat,155.29
2026-06-25,MANDI020,Wheat,205.18
2026-06-25,MANDI021,Cotton,256.53
2026-06-25,MANDI021,Wheat,447.28
2026-06-25,MANDI023,Wheat,571.67
2026-06-25,MANDI025,Maize,197.8
2026-06-25,MANDI026,Wheat,156.1
2026-06-25,MANDI030,Cotton,217.28
2026-06-25,MANDI030,Wheat,332.6
2026-06-25,MANDI031,Maize,462.84000000000003
2026-06-25,MANDI031,Sugarcane,276.85
2026-06-25,MANDI032,Sugarcane,262.94
2026-06-25,MANDI033,Maize,410.21
2026-06-25,MANDI033,Mustard,478.14
2026-06-25,MANDI033,Rice,111.0
2026-06-25,MANDI034,Maize,1119.24
2026-06-25,MANDI035,Rice,187.17
2026-06-25,MANDI035,Wheat,492.95
2026-06-25,MANDI037,Mustard,288.96
2026-06-25,MANDI037,Rice,286.96
2026-06-25,MANDI039,Wheat,244.77
2026-06-25,MANDI040,Rice,111.84
2026-06-25,MANDI040,Sugarcane,79.3
2026-06-25,MANDI041,Basmati,382.98
2026-06-25,MANDI042,Wheat,134.44
2026-06-25,MANDI043,Maize,334.11
2026-06-25,MANDI043,Sugarcane,908.4
2026-06-25,MANDI045,Sugarcane,30.8
2026-06-25,MANDI045,Wheat,262.3
2026-06-25,MANDI046,Maize,372.03
2026-06-25,MANDI048,Maize,97.38
2026-06-25,MANDI048,Narma,15.26
2026-06-25,MANDI048,Wheat,332.08
2026-06-25,MANDI051,Cotton,188.56
2026-06-25,MANDI051,Rice,55.83
2026-06-25,MANDI051,Sugarcane,645.76
2026-06-25,MANDI052,Maize,201.9
2026-06-25,MANDI052,Mustard,250.19
2026-06-25,MANDI053,Rice,425.63
2026-06-25,MANDI054,Maize,353.42
2026-06-25,MANDI054,Mustard,179.83
2026-06-25,MANDI055,Maize,73.83
2026-06-25,MANDI056,Mustard,181.88
2026-06-25,MANDI056,Rice,215.5
2026-06-26,MANDI002,Basmati,419.93
2026-06-26,MANDI002,Cotton,68.83
2026-06-26,MANDI003,Rice,363.02
2026-06-26,MANDI003,Sugarcane,312.37
2026-06-26,MANDI005,Maize,442.56
2026-06-26,MANDI005,Mustard,443.06
2026-06-26,MANDI005,Sugarcane,311.37
2026-06-26,MANDI005,Wheat,102.48
2026-06-26,MANDI007,Narma,439.93
2026-06-26,MANDI008,Mustard,54.21
2026-06-26,MANDI008,Wheat,244.82
2026-06-26,MANDI010,Basmati,242.34
2026-06-26,MANDI010,Mustard,191.72
2026-06-26,MANDI011,Sugarcane,186.49
2026-06-26,MANDI013,Sugarcane,326.74
2026-06-26,MANDI014,Rice,31.99
2026-06-26,MANDI016,Cotton,61.01
2026-06-26,MANDI016,Mustard,159.01
2026-06-26,MANDI017,Sugarcane,160.38
2026-06-26,MANDI018,Maize,25.78
2026-06-26,MANDI018,Sugarcane,236.36
2026-06-26,MANDI018,Wheat,210.3
2026-06-26,MANDI019,Mustard,345.92
2026-06-26,MANDI020,Rice,121.17
2026-06-26,MANDI022,Mustard,391.02
2026-06-26,MANDI024,Wheat,325.13
2026-06-26,MANDI025,Rice,410.62
2026-06-26,MANDI026,Mustard,172.73
2026-06-26,MANDI026,Rice,97.43
2026-06-26,MANDI026,Sugarcane,49.51
2026-06-26,MANDI027,Rice,433.16
2026-06-26,MANDI028,Sugarcane,358.93
2026-06-26,MANDI029,Mustard,131.53
2026-06-26,MANDI029,Rice,288.5
2026-06-26,MANDI029,Wheat,666.45
2026-06-26,MANDI030,Narma,392.73
2026-06-26,MANDI030,Sugarcane,513.15
2026-06-26,MANDI031,Basmati,473.97
2026-06-26,MANDI031,Cotton,490.13
2026-06-26,MANDI031,Maize,251.77
2026-06-26,MANDI031,Mustard,854.2800000000001
2026-06-26,MANDI032,Cotton,111.46
2026-06-26,MANDI033,Maize,298.03
2026-06-26,MANDI034,Mustard,165.63
2026-06-26,MANDI035,Sugarcane,367.65000000000003
2026-06-26,MANDI036,Wheat,398.69
2026-06-26,MANDI037,Cotton,249.69
2026-06-26,MANDI039,Cotton,422.19
2026-06-26,MANDI039,Maize,190.03
2026-06-26,MANDI039,Mustard,416.61
2026-06-26,MANDI039,Wheat,29.55
2026-06-26,MANDI040,Rice,457.72
2026-06-26,MANDI040,Sugarcane,357.81
2026-06-26,MANDI041,Narma,203.6
2026-06-26,MANDI041,Sugarcane,121.67
2026-06-26,MANDI042,Cotton,315.75
2026-06-26,MANDI043,Mustard,176.78
2026-06-26,MANDI046,Maize,264.08
2026-06-26,MANDI047,Cotton,442.34
2026-06-26,MANDI047,Maize,105.25
2026-06-26,MANDI048,Maize,430.44
2026-06-26,MANDI048,Sugarcane,70.98
2026-06-26,MANDI049,Sugarcane,362.66
2026-06-26,MANDI050,Mustard,513.91
2026-06-26,MANDI052,Cotton,465.46
2026-06-26,MANDI052,Wheat,204.9
2026-06-26,MANDI054,Sugarcane,178.37
2026-06-26,MANDI054,Wheat,284.31
2026-06-26,MANDI055,Maize,463.12
2026-06-26,MANDI055,Mustard,113.93
2026-06-26,MANDI057,Rice,459.91
2026-06-27,MANDI001,Sugarcane,64.26
2026-06-27,MANDI002,Maize,326.14
2026-06-27,MANDI002,Mustard,192.29
2026-06-27,MANDI003,Wheat,272.48
2026-06-27,MANDI004,Wheat,187.78
2026-06-27,MANDI006,Wheat,196.21
2026-06-27,MANDI007,Maize,476.11
2026-06-27,MANDI009,Rice,65.84
2026-06-27,MANDI009,Wheat,439.92
2026-06-27,MANDI010,Mustard,52.26
2026-06-27,MANDI012,Mustard,386.71
2026-06-27,MANDI013,Maize,434.72
2026-06-27,MANDI014,Wheat,26.68
2026-06-27,MANDI015,Rice,114.54
2026-06-27,MANDI015,Wheat,498.76
2026-06-27,MANDI016,Mustard,99.89
2026-06-27,MANDI017,Maize,89.07
2026-06-27,MANDI018,Sugarcane,78.0
2026-06-27,MANDI019,Maize,19.55
2026-06-27,MANDI019,Rice,218.67
2026-06-27,MANDI020,Basmati,264.27
2026-06-27,MANDI020,Mustard,240.56
2026-06-27,MANDI020,Rice,351.22
2026-06-27,MANDI021,Sugarcane,452.83
2026-06-27,MANDI022,Cotton,84.84
2026-06-27,MANDI022,Maize,811.15
2026-06-27,MANDI023,Cotton,199.63
2026-06-27,MANDI023,Mustard,303.39
2026-06-27,MANDI023,Wheat,246.0
2026-06-27,MANDI024,Rice,354.84
2026-06-27,MANDI025,Sugarcane,419.5
2026-06-27,MANDI025,Wheat,800.54
2026-06-27,MANDI026,Rice,180.73
2026-06-27,MANDI029,Rice,24.73
2026-06-27,MANDI030,Maize,208.15
2026-06-27,MANDI031,Wheat,29.71
2026-06-27,MANDI032,Rice,450.93
2026-06-27,MANDI033,Mustard,184.32
2026-06-27,MANDI034,Maize,181.64
2026-06-27,MANDI035,Cotton,313.22
2026-06-27,MANDI036,Cotton,138.27
2026-06-27,MANDI036,Maize,460.06
2026-06-27,MANDI037,Wheat,232.14999999999998
2026-06-27,MANDI038,Sugarcane,347.62
2026-06-27,MANDI039,Mustard,285.04
2026-06-27,MANDI039,Rice,68.96
2026-06-27,MANDI040,Mustard,408.63
2026-06-27,MANDI040,Wheat,328.2
2026-06-27,MANDI041,Cotton,757.78
2026-06-27,MANDI041,Rice,60.57
2026-06-27,MANDI041,Wheat,463.5
2026-06-27,MANDI042,Narma,332.49
2026-06-27,MANDI045,Rice,195.6
2026-06-27,MANDI046,Cotton,77.48
2026-06-27,MANDI046,Mustard,332.57
2026-06-27,MANDI046,Sugarcane,238.46
2026-06-27,MANDI047,Sugarcane,258.74
2026-06-27,MANDI049,Cotton,148.34
2026-06-27,MANDI051,Mustard,204.22
2026-06-27,MANDI051,Wheat,86.45
2026-06-27,MANDI052,Mustard,328.75
2026-06-27,MANDI053,Narma,418.9
2026-06-27,MANDI055,Maize,486.46
2026-06-27,MANDI056,Maize,374.15
2026-06-27,MANDI056,Wheat,149.63
2026-06-28,MANDI001,Wheat,239.69
2026-06-28,MANDI002,Mustard,485.03
2026-06-28,MANDI002,Wheat,277.49
2026-06-28,MANDI003,Sugarcane,681.53
2026-06-28,MANDI006,Maize,479.55
2026-06-28,MANDI006,Mustard,454.97999999999996
2026-06-28,MANDI007,Wheat,197.15
2026-06-28,MANDI008,Mustard,143.8
2026-06-28,MANDI009,Cotton,61.38
2026-06-28,MANDI009,Sugarcane,353.42
2026-06-28,MANDI010,Cotton,378.8
2026-06-28,MANDI010,Maize,191.45
2026-06-28,MANDI011,Wheat,122.07
2026-06-28,MANDI012,Wheat,421.47
2026-06-28,MANDI014,Wheat,197.18
2026-06-28,MANDI016,Sugarcane,431.14
2026-06-28,MANDI018,Cotton,438.99
2026-06-28,MANDI019,Sugarcane,231.35
2026-06-28,MANDI020,Mustard,417.93
2026-06-28,MANDI021,Wheat,90.61
2026-06-28,MANDI022,Wheat,293.86
2026-06-28,MANDI023,Sugarcane,380.7
2026-06-28,MANDI024,Maize,152.3
2026-06-28,MANDI024,Mustard,813.5
2026-06-28,MANDI025,Maize,267.02
2026-06-28,MANDI025,Wheat,76.38
2026-06-28,MANDI026,Maize,384.08
2026-06-28,MANDI026,Sugarcane,133.72
2026-06-28,MANDI027,Wheat,124.78
2026-06-28,MANDI028,Rice,300.14
2026-06-28,MANDI028,Wheat,11.75
2026-06-28,MANDI029,Narma,491.77
2026-06-28,MANDI031,Cotton,125.39
2026-06-28,MANDI031,Mustard,89.98
2026-06-28,MANDI031,Sugarcane,92.01
2026-06-28,MANDI031,Wheat,453.86
2026-06-28,MANDI033,Mustard,417.38
2026-06-28,MANDI035,Cotton,386.71
2026-06-28,MANDI035,Rice,340.95
2026-06-28,MANDI036,Mustard,219.27
2026-06-28,MANDI037,Sugarcane,679.3199999999999
2026-06-28,MANDI038,Cotton,316.09000000000003
2026-06-28,MANDI038,Mustard,402.24
2026-06-28,MANDI038,Narma,380.86
2026-06-28,MANDI039,Cotton,120.33
2026-06-28,MANDI039,Wheat,210.39
2026-06-28,MANDI040,Maize,596.1800000000001
2026-06-28,MANDI040,Mustard,279.06
2026-06-28,MANDI041,Cotton,67.68
2026-06-28,MANDI042,Rice,274.82
2026-06-28,MANDI042,Sugarcane,185.17
2026-06-28,MANDI043,Maize,346.07
2026-06-28,MANDI043,Wheat,233.25
2026-06-28,MANDI044,Mustard,396.73
2026-06-28,MANDI046,Cotton,212.05
2026-06-28,MANDI046,Wheat,323.68
2026-06-28,MANDI048,Mustard,130.28
2026-06-28,MANDI048,Rice,300.61
2026-06-28,MANDI049,Sugarcane,168.66999999999996
2026-06-28,MANDI049,Wheat,444.9
2026-06-28,MANDI051,Mustard,399.54
2026-06-28,MANDI054,Sugarcane,492.89
2026-06-28,MANDI054,Wheat,305.55
2026-06-28,MANDI055,Mustard,245.45
2026-06-28,MANDI055,Wheat,201.8
2026-06-28,MANDI056,Mustard,306.31
2026-06-29,MANDI001,Maize,377.8
2026-06-29,MANDI001,Wheat,181.85
2026-06-29,MANDI006,Mustard,60.35
2026-06-29,MANDI010,Rice,307.95
2026-06-29,MANDI011,Cotton,141.16
2026-06-29,MANDI011,Mustard,36.39
2026-06-29,MANDI011,Wheat,349.66
2026-06-29,MANDI012,Cotton,16.84
2026-06-29,MANDI015,Cotton,141.32999999999998
2026-06-29,MANDI015,Rice,66.25
2026-06-29,MANDI016,Wheat,200.67
2026-06-29,MANDI017,Cotton,94.8
2026-06-29,MANDI017,Maize,307.46
2026-06-29,MANDI017,Mustard,75.22
2026-06-29,MANDI017,Rice,385.58
2026-06-29,MANDI018,Cotton,373.88
2026-06-29,MANDI018,Sugarcane,179.84000000000003
2026-06-29,MANDI019,Maize,391.28
2026-06-29,MANDI021,Maize,343.45
2026-06-29,MANDI021,Mustard,306.7
2026-06-29,MANDI023,Sugarcane,114.26
2026-06-29,MANDI023,Wheat,453.05
2026-06-29,MANDI024,Maize,433.67
2026-06-29,MANDI025,Cotton,446.38
2026-06-29,MANDI025,Rice,203.1
2026-06-29,MANDI025,Sugarcane,351.66
2026-06-29,MANDI027,Cotton,227.84
2026-06-29,MANDI027,Sugarcane,45.05
2026-06-29,MANDI033,Mustard,591.53
2026-06-29,MANDI034,Mustard,443.29
2026-06-29,MANDI034,Wheat,11.13
2026-06-29,MANDI036,Maize,190.17
2026-06-29,MANDI037,Rice,306.03000000000003
2026-06-29,MANDI039,Cotton,331.56
2026-06-29,MANDI039,Mustard,175.83
2026-06-29,MANDI039,Wheat,205.49
2026-06-29,MANDI041,Sugarcane,539.24
2026-06-29,MANDI041,Wheat,557.94
2026-06-29,MANDI042,Maize,487.11
2026-06-29,MANDI042,Mustard,417.68
2026-06-29,MANDI043,Narma,88.39
2026-06-29,MANDI045,Sugarcane,278.93
2026-06-29,MANDI045,Wheat,319.62
2026-06-29,MANDI047,Maize,66.75
2026-06-29,MANDI047,Mustard,86.06
2026-06-29,MANDI047,Rice,244.58
2026-06-29,MANDI048,Sugarcane,327.37
2026-06-29,MANDI050,Mustard,118.61
2026-06-29,MANDI050,Wheat,375.92
2026-06-29,MANDI051,Cotton,394.19
2026-06-29,MANDI052,Wheat,342.99
2026-06-29,MANDI053,Maize,138.92
2026-06-29,MANDI053,Rice,380.86
2026-06-29,MANDI054,Sugarcane,243.99
2026-06-29,MANDI055,Wheat,210.62
2026-06-30,MANDI001,Rice,466.45
2026-06-30,MANDI001,Wheat,415.03
2026-06-30,MANDI002,Mustard,40.15
2026-06-30,MANDI003,Mustard,196.14
2026-06-30,MANDI006,Sugarcane,367.79
2026-06-30,MANDI007,Mustard,394.43
2026-06-30,MANDI007,Narma,444.5
2026-06-30,MANDI007,Sugarcane,462.59
2026-06-30,MANDI008,Cotton,438.42
2026-06-30,MANDI008,Wheat,179.68
2026-06-30,MANDI009,Sugarcane,791.17
2026-06-30,MANDI011,Wheat,329.93
2026-06-30,MANDI012,Mustard,295.19
2026-06-30,MANDI012,Narma,321.35
2026-06-30,MANDI013,Cotton,372.5
2026-06-30,MANDI013,Mustard,433.58000000000004
2026-06-30,MANDI014,Cotton,617.47
2026-06-30,MANDI015,Cotton,258.21
2026-06-30,MANDI015,Maize,329.11
2026-06-30,MANDI015,Rice,30.15
2026-06-30,MANDI016,Maize,469.96
2026-06-30,MANDI016,Sugarcane,239.62
2026-06-30,MANDI017,Sugarcane,304.89
2026-06-30,MANDI018,Cotton,162.74
2026-06-30,MANDI018,Rice,119.3
2026-06-30,MANDI019,Cotton,13.8
2026-06-30,MANDI019,Sugarcane,469.3
2026-06-30,MANDI020,Cotton,343.73
2026-06-30,MANDI020,Narma,437.95
2026-06-30,MANDI020,Rice,468.40000000000003
2026-06-30,MANDI020,Sugarcane,159.66
2026-06-30,MANDI021,Sugarcane,386.51
2026-06-30,MANDI024,Mustard,143.99
2026-06-30,MANDI025,Rice,55.45
2026-06-30,MANDI026,Narma,409.18
2026-06-30,MANDI026,Sugarcane,139.03
2026-06-30,MANDI026,Wheat,235.52
2026-06-30,MANDI030,Rice,455.77
2026-06-30,MANDI030,Sugarcane,487.68
2026-06-30,MANDI033,Maize,369.71
2026-06-30,MANDI034,Narma,261.28
2026-06-30,MANDI034,Sugarcane,442.0
2026-06-30,MANDI034,Wheat,181.97
2026-06-30,MANDI035,Mustard,236.03000000000003
2026-06-30,MANDI036,Cotton,58.27
2026-06-30,MANDI037,Mustard,333.82
2026-06-30,MANDI037,Wheat,353.92
2026-06-30,MANDI038,Maize,83.52000000000001
2026-06-30,MANDI038,Sugarcane,721.12
2026-06-30,MANDI039,Cotton,411.74
2026-06-30,MANDI039,Wheat,342.93
2026-06-30,MANDI040,Cotton,305.31
2026-06-30,MANDI040,Wheat,436.91
2026-06-30,MANDI041,Sugarcane,425.1
2026-06-30,MANDI044,Mustard,109.37
2026-06-30,MANDI044,Wheat,279.76
2026-06-30,MANDI045,Basmati,442.74
2026-06-30,MANDI046,Mustard,419.15
2026-06-30,MANDI047,Wheat,196.1
2026-06-30,MANDI048,Cotton,148.0
2026-06-30,MANDI048,Rice,282.19
2026-06-30,MANDI048,Sugarcane,494.07
2026-06-30,MANDI049,Mustard,63.38
2026-06-30,MANDI050,Cotton,277.18
2026-06-30,MANDI051,Maize,116.28
2026-06-30,MANDI051,Wheat,436.18
2026-06-30,MANDI052,Mustard,197.23
2026-06-30,MANDI053,Maize,379.22
2026-06-30,MANDI054,Rice,453.53
2026-06-30,MANDI054,Sugarcane,396.52
2026-06-30,MANDI055,Sugarcane,126.97
2026-06-30,MANDI056,Sugarcane,495.73
2026-07-01,MANDI002,Rice,475.51
2026-07-01,MANDI003,Maize,382.15
2026-07-01,MANDI003,Mustard,199.22
2026-07-01,MANDI006,Maize,102.24
2026-07-01,MANDI006,Sugarcane,336.99
2026-07-01,MANDI006,Wheat,391.59
2026-07-01,MANDI008,Rice,305.29
2026-07-01,MANDI010,Rice,309.51
2026-07-01,MANDI010,Sugarcane,187.88
2026-07-01,MANDI010,Wheat,483.99
2026-07-01,MANDI013,Narma,477.76
2026-07-01,MANDI018,Basmati,74.13
2026-07-01,MANDI019,Maize,346.2
2026-07-01,MANDI020,Maize,272.75
2026-07-01,MANDI021,Mustard,457.69
2026-07-01,MANDI022,Rice,467.72
2026-07-01,MANDI022,Wheat,306.09
2026-07-01,MANDI023,Cotton,279.16
2026-07-01,MANDI024,Rice,489.73
2026-07-01,MANDI026,Wheat,487.8
2026-07-01,MANDI027,Maize,93.61
2026-07-01,MANDI027,Rice,61.67
2026-07-01,MANDI028,Rice,421.64
2026-07-01,MANDI028,Sugarcane,76.87
2026-07-01,MANDI029,Basmati,170.37
2026-07-01,MANDI029,Cotton,105.19
2026-07-01,MANDI030,Rice,264.58
2026-07-01,MANDI030,Wheat,349.7
2026-07-01,MANDI031,Mustard,435.81
2026-07-01,MANDI032,Basmati,392.67
2026-07-01,MANDI032,Cotton,488.4
2026-07-01,MANDI032,Wheat,351.24
2026-07-01,MANDI034,Maize,312.07
2026-07-01,MANDI034,Mustard,107.04
2026-07-01,MANDI034,Rice,208.82
2026-07-01,MANDI034,Sugarcane,419.52
2026-07-01,MANDI035,Basmati,277.2
2026-07-01,MANDI035,Wheat,98.1
2026-07-01,MANDI036,Rice,417.92
2026-07-01,MANDI036,Wheat,395.36
2026-07-01,MANDI037,Sugarcane,139.69
2026-07-01,MANDI038,Maize,317.34
2026-07-01,MANDI039,Basmati,216.1
2026-07-01,MANDI040,Basmati,331.46
2026-07-01,MANDI040,Rice,266.36
2026-07-01,MANDI040,Sugarcane,343.97
2026-07-01,MANDI041,Maize,431.97
2026-07-01,MANDI047,Maize,102.62
2026-07-01,MANDI048,Maize,222.4
2026-07-01,MANDI048,Sugarcane,31.76
2026-07-01,MANDI049,Cotton,413.14
2026-07-01,MANDI049,Maize,13.0
2026-07-01,MANDI049,Wheat,435.19
2026-07-01,MANDI050,Cotton,71.53
2026-07-01,MANDI050,Sugarcane,319.65
2026-07-01,MANDI051,Mustard,260.56
2026-07-01,MANDI053,Cotton,251.52
2026-07-01,MANDI054,Mustard,336.52
2026-07-01,MANDI054,Sugarcane,147.07
2026-07-01,MANDI055,Cotton,158.2
2026-07-01,MANDI056,Rice,115.42
2026-07-02,MANDI001,Sugarcane,397.94
2026-07-02,MANDI001,Wheat,237.94
2026-07-02,MANDI002,Sugarcane,389.76
2026-07-02,MANDI002,Wheat,208.53000000000003
2026-07-02,MANDI003,Maize,224.15
2026-07-02,MANDI003,Mustard,44.21
2026-07-02,MANDI004,Maize,352.86
2026-07-02,MANDI005,Mustard,378.46
2026-07-02,MANDI005,Sugarcane,666.59
2026-07-02,MANDI005,Wheat,396.01
2026-07-02,MANDI007,Mustard,43.98
2026-07-02,MANDI007,Sugarcane,110.69
2026-07-02,MANDI009,Cotton,311.91
2026-07-02,MANDI010,Wheat,323.76
2026-07-02,MANDI012,Cotton,241.34
2026-07-02,MANDI012,Sugarcane,138.56
2026-07-02,MANDI012,Wheat,129.29
2026-07-02,MANDI013,Wheat,350.36
2026-07-02,MANDI015,Sugarcane,188.53
2026-07-02,MANDI017,Sugarcane,453.97
2026-07-02,MANDI020,Mustard,321.0
2026-07-02,MANDI021,Cotton,241.97
2026-07-02,MANDI021,Mustard,443.1
2026-07-02,MANDI022,Cotton,60.21
2026-07-02,MANDI022,Rice,210.28
2026-07-02,MANDI023,Rice,463.38
2026-07-02,MANDI024,Sugarcane,342.37
2026-07-02,MANDI025,Wheat,403.95
2026-07-02,MANDI028,Basmati,113.54
2026-07-02,MANDI029,Sugarcane,898.3399999999999
2026-07-02,MANDI029,Wheat,369.0100000000001
2026-07-02,MANDI031,Maize,467.69000000000005
2026-07-02,MANDI031,Mustard,391.32
2026-07-02,MANDI032,Mustard,448.44
2026-07-02,MANDI033,Narma,334.67
2026-07-02,MANDI034,Mustard,469.6
2026-07-02,MANDI035,Narma,449.29
2026-07-02,MANDI036,Mustard,78.25
2026-07-02,MANDI039,Maize,450.17
2026-07-02,MANDI040,Mustard,209.89
2026-07-02,MANDI040,Wheat,124.33
2026-07-02,MANDI044,Mustard,156.9
2026-07-02,MANDI044,Wheat,446.65
2026-07-02,MANDI045,Cotton,184.9
2026-07-02,MANDI045,Sugarcane,460.46
2026-07-02,MANDI046,Maize,296.8
2026-07-02,MANDI046,Wheat,345.77
2026-07-02,MANDI049,Maize,60.4
2026-07-02,MANDI050,Narma,176.92
2026-07-02,MANDI050,Sugarcane,26.47
2026-07-02,MANDI051,Narma,100.29
2026-07-02,MANDI051,Rice,184.6
2026-07-02,MANDI052,Cotton,442.91
2026-07-02,MANDI052,Wheat,314.37
2026-07-02,MANDI053,Rice,304.23
2026-07-02,MANDI054,Maize,653.1
2026-07-02,MANDI054,Narma,324.35
2026-07-02,MANDI056,Wheat,622.94
2026-07-03,MANDI001,Sugarcane,215.32
2026-07-03,MANDI002,Mustard,393.48
2026-07-03,MANDI003,Cotton,498.1
2026-07-03,MANDI003,Maize,27.1
2026-07-03,MANDI003,Rice,189.25
2026-07-03,MANDI004,Cotton,152.39
2026-07-03,MANDI004,Maize,438.07
2026-07-03,MANDI004,Rice,398.83
2026-07-03,MANDI005,Maize,385.02
2026-07-03,MANDI005,Mustard,56.83
2026-07-03,MANDI005,Sugarcane,212.39
2026-07-03,MANDI006,Wheat,456.85
2026-07-03,MANDI007,Sugarcane,471.59
2026-07-03,MANDI007,Wheat,429.68
2026-07-03,MANDI008,Cotton,126.93
2026-07-03,MANDI009,Wheat,387.13
2026-07-03,MANDI010,Maize,258.33
2026-07-03,MANDI010,Sugarcane,341.27
2026-07-03,MANDI010,Wheat,201.62
2026-07-03,MANDI011,Maize,37.589999999999996
2026-07-03,MANDI012,Basmati,202.26
2026-07-03,MANDI014,Wheat,596.47
2026-07-03,MANDI015,Sugarcane,146.17
2026-07-03,MANDI016,Basmati,484.67
2026-07-03,MANDI016,Wheat,93.97
2026-07-03,MANDI020,Wheat,271.66
2026-07-03,MANDI021,Mustard,332.67
2026-07-03,MANDI021,Narma,111.49
2026-07-03,MANDI022,Wheat,247.6
2026-07-03,MANDI023,Mustard,421.48
2026-07-03,MANDI023,Sugarcane,44.96
2026-07-03,MANDI024,Maize,432.45
2026-07-03,MANDI025,Mustard,223.2
2026-07-03,MANDI025,Narma,418.34
2026-07-03,MANDI025,Rice,37.91
2026-07-03,MANDI026,Cotton,201.62
2026-07-03,MANDI026,Maize,458.78
2026-07-03,MANDI028,Rice,371.75
2026-07-03,MANDI029,Wheat,135.79
2026-07-03,MANDI031,Wheat,400.62
2026-07-03,MANDI032,Cotton,78.35
2026-07-03,MANDI032,Maize,282.81
2026-07-03,MANDI032,Sugarcane,31.92
2026-07-03,MANDI034,Sugarcane,488.52
2026-07-03,MANDI034,Wheat,177.41
2026-07-03,MANDI035,Maize,465.18
2026-07-03,MANDI036,Wheat,201.02
2026-07-03,MANDI038,Cotton,344.1
2026-07-03,MANDI038,Narma,296.79
2026-07-03,MANDI038,Wheat,410.92
2026-07-03,MANDI039,Rice,181.46
2026-07-03,MANDI044,Wheat,169.27
2026-07-03,MANDI046,Maize,18.99
2026-07-03,MANDI046,Wheat,184.24
2026-07-03,MANDI049,Cotton,355.16
2026-07-03,MANDI049,Maize,467.37
2026-07-03,MANDI049,Wheat,211.74
2026-07-03,MANDI050,Mustard,354.3
2026-07-03,MANDI051,Cotton,844.4200000000001
2026-07-03,MANDI051,Maize,1013.01
2026-07-03,MANDI051,Wheat,143.76
2026-07-03,MANDI053,Cotton,215.51
2026-07-03,MANDI053,Sugarcane,76.78
2026-07-03,MANDI053,Wheat,326.08
2026-07-03,MANDI054,Sugarcane,303.3
2026-07-03,MANDI056,Wheat,300.41
2026-07-03,MANDI057,Maize,604.04
2026-07-03,MANDI057,Mustard,275.57
2026-07-04,MANDI002,Wheat,26.92
2026-07-04,MANDI003,Wheat,149.31
2026-07-04,MANDI004,Maize,234.18
2026-07-04,MANDI004,Mustard,154.56
2026-07-04,MANDI005,Basmati,78.99
2026-07-04,MANDI005,Mustard,284.09
2026-07-04,MANDI005,Sugarcane,389.56
2026-07-04,MANDI005,Wheat,326.14
2026-07-04,MANDI006,Mustard,168.04
2026-07-04,MANDI008,Maize,24.32
2026-07-04,MANDI009,Sugarcane,204.7
2026-07-04,MANDI010,Mustard,416.05
2026-07-04,MANDI011,Wheat,86.91
2026-07-04,MANDI012,Maize,337.34
2026-07-04,MANDI013,Mustard,311.61
2026-07-04,MANDI013,Sugarcane,247.64
2026-07-04,MANDI015,Wheat,232.85
2026-07-04,MANDI016,Maize,96.2
2026-07-04,MANDI016,Rice,24.2
2026-07-04,MANDI016,Wheat,162.36
2026-07-04,MANDI017,Cotton,146.05
2026-07-04,MANDI018,Maize,18.32
2026-07-04,MANDI019,Wheat,314.37
2026-07-04,MANDI021,Basmati,468.72
2026-07-04,MANDI021,Rice,49.5
2026-07-04,MANDI025,Sugarcane,304.5
2026-07-04,MANDI026,Sugarcane,150.8
2026-07-04,MANDI029,Sugarcane,499.8
2026-07-04,MANDI031,Mustard,166.45
2026-07-04,MANDI032,Sugarcane,14.54
2026-07-04,MANDI033,Narma,154.79
2026-07-04,MANDI034,Rice,159.02
2026-07-04,MANDI035,Mustard,425.43
2026-07-04,MANDI035,Wheat,422.3
2026-07-04,MANDI036,Cotton,249.53
2026-07-04,MANDI036,Wheat,257.3
2026-07-04,MANDI038,Sugarcane,361.64
2026-07-04,MANDI039,Maize,254.36
2026-07-04,MANDI041,Rice,181.8
2026-07-04,MANDI041,Sugarcane,295.1
2026-07-04,MANDI043,Cotton,137.13
2026-07-04,MANDI043,Sugarcane,182.16000000000005
2026-07-04,MANDI046,Cotton,83.68
2026-07-04,MANDI047,Mustard,54.15
2026-07-04,MANDI048,Cotton,107.22
2026-07-04,MANDI049,Maize,323.4
2026-07-04,MANDI050,Maize,231.48
2026-07-04,MANDI050,Rice,61.28
2026-07-04,MANDI051,Maize,497.46000000000004
2026-07-04,MANDI051,Wheat,46.52
2026-07-04,MANDI052,Narma,25.38
2026-07-04,MANDI052,Wheat,143.3
2026-07-04,MANDI053,Maize,378.23
2026-07-04,MANDI055,Maize,171.84
2026-07-04,MANDI056,Narma,468.24
2026-07-05,MANDI002,Maize,14.44
2026-07-05,MANDI002,Sugarcane,306.41
2026-07-05,MANDI002,Wheat,167.58
2026-07-05,MANDI003,Mustard,391.15
2026-07-05,MANDI003,Wheat,309.83
2026-07-05,MANDI006,Maize,294.27
2026-07-05,MANDI006,Sugarcane,390.85
2026-07-05,MANDI007,Wheat,143.29
2026-07-05,MANDI008,Sugarcane,457.13
2026-07-05,MANDI008,Wheat,183.63
2026-07-05,MANDI010,Mustard,352.42
2026-07-05,MANDI010,Narma,257.61
2026-07-05,MANDI010,Rice,68.09
2026-07-05,MANDI010,Wheat,553.1700000000001
2026-07-05,MANDI011,Wheat,683.6800000000001
2026-07-05,MANDI012,Mustard,176.08
2026-07-05,MANDI013,Cotton,331.87
2026-07-05,MANDI013,Mustard,342.63
2026-07-05,MANDI014,Cotton,322.15
2026-07-05,MANDI016,Wheat,28.49
2026-07-05,MANDI017,Mustard,495.58
2026-07-05,MANDI018,Sugarcane,452.81
2026-07-05,MANDI018,Wheat,298.36
2026-07-05,MANDI019,Maize,402.62
2026-07-05,MANDI019,Mustard,377.46
2026-07-05,MANDI020,Narma,312.29
2026-07-05,MANDI022,Maize,222.53
2026-07-05,MANDI023,Sugarcane,359.67
2026-07-05,MANDI024,Rice,364.17
2026-07-05,MANDI024,Wheat,209.72
2026-07-05,MANDI026,Maize,188.45
2026-07-05,MANDI028,Rice,459.84
2026-07-05,MANDI029,Cotton,347.92
2026-07-05,MANDI029,Mustard,471.35
2026-07-05,MANDI029,Rice,13.32
2026-07-05,MANDI029,Sugarcane,218.16
2026-07-05,MANDI030,Rice,490.91
2026-07-05,MANDI031,Rice,280.34
2026-07-05,MANDI031,Sugarcane,416.4500000000001
2026-07-05,MANDI032,Mustard,12.34
2026-07-05,MANDI032,Rice,88.28
2026-07-05,MANDI033,Rice,332.34
2026-07-05,MANDI034,Maize,333.41
2026-07-05,MANDI035,Basmati,203.41
2026-07-05,MANDI035,Maize,230.69
2026-07-05,MANDI037,Rice,794.04
2026-07-05,MANDI038,Cotton,497.41
2026-07-05,MANDI038,Sugarcane,292.23
2026-07-05,MANDI040,Cotton,21.44
2026-07-05,MANDI040,Mustard,852.0
2026-07-05,MANDI041,Mustard,476.99
2026-07-05,MANDI041,Sugarcane,323.96000000000004
2026-07-05,MANDI042,Mustard,44.75
2026-07-05,MANDI043,Maize,21.01
2026-07-05,MANDI043,Sugarcane,337.9
2026-07-05,MANDI045,Cotton,70.96
2026-07-05,MANDI045,Narma,453.17
2026-07-05,MANDI045,Wheat,98.13
2026-07-05,MANDI046,Sugarcane,794.23
2026-07-05,MANDI047,Cotton,204.11
2026-07-05,MANDI048,Sugarcane,217.74
2026-07-05,MANDI049,Wheat,251.36
2026-07-05,MANDI050,Basmati,303.97
2026-07-05,MANDI052,Cotton,472.51
2026-07-05,MANDI053,Cotton,24.11
2026-07-05,MANDI054,Wheat,306.4
2026-07-05,MANDI055,Maize,278.01
2026-07-05,MANDI055,Rice,407.59
2026-07-05,MANDI056,Rice,678.21
2026-07-05,MANDI057,Sugarcane,146.82
2026-07-06,MANDI001,Sugarcane,66.63
2026-07-06,MANDI002,Wheat,185.66
2026-07-06,MANDI003,Mustard,582.05
2026-07-06,MANDI004,Cotton,202.51
2026-07-06,MANDI005,Cotton,282.29
2026-07-06,MANDI005,Maize,245.21
2026-07-06,MANDI006,Mustard,99.27
2026-07-06,MANDI006,Sugarcane,447.84
2026-07-06,MANDI006,Wheat,444.46
2026-07-06,MANDI007,Mustard,51.37
2026-07-06,MANDI008,Maize,111.26
2026-07-06,MANDI011,Maize,186.12
2026-07-06,MANDI012,Maize,20.28
2026-07-06,MANDI013,Cotton,356.07
2026-07-06,MANDI014,Maize,362.51
2026-07-06,MANDI014,Mustard,320.08000000000004
2026-07-06,MANDI015,Wheat,96.82
2026-07-06,MANDI016,Sugarcane,153.67000000000002
2026-07-06,MANDI018,Maize,398.14
2026-07-06,MANDI020,Rice,347.28
2026-07-06,MANDI021,Cotton,369.16
2026-07-06,MANDI021,Sugarcane,320.11
2026-07-06,MANDI022,Cotton,218.93
2026-07-06,MANDI022,Rice,197.37
2026-07-06,MANDI022,Sugarcane,166.84
2026-07-06,MANDI023,Cotton,219.91
2026-07-06,MANDI024,Mustard,487.65
2026-07-06,MANDI024,Narma,495.9
2026-07-06,MANDI025,Wheat,359.09
2026-07-06,MANDI026,Mustard,243.36
2026-07-06,MANDI026,Rice,124.47
2026-07-06,MANDI026,Sugarcane,405.41
2026-07-06,MANDI027,Rice,606.73
2026-07-06,MANDI028,Basmati,269.66
2026-07-06,MANDI028,Mustard,124.36
2026-07-06,MANDI030,Rice,314.6
2026-07-06,MANDI031,Mustard,331.57
2026-07-06,MANDI032,Mustard,124.68
2026-07-06,MANDI032,Rice,87.05
2026-07-06,MANDI033,Mustard,313.98
2026-07-06,MANDI033,Rice,319.61
2026-07-06,MANDI033,Sugarcane,407.95
2026-07-06,MANDI034,Sugarcane,129.4
2026-07-06,MANDI035,Wheat,73.7
2026-07-06,MANDI037,Basmati,280.75
2026-07-06,MANDI037,Rice,108.59
2026-07-06,MANDI038,Maize,254.11
2026-07-06,MANDI038,Mustard,82.16
2026-07-06,MANDI039,Mustard,145.05
2026-07-06,MANDI041,Rice,224.43
2026-07-06,MANDI042,Rice,249.05
2026-07-06,MANDI042,Sugarcane,125.63
2026-07-06,MANDI044,Mustard,373.78
2026-07-06,MANDI044,Sugarcane,478.08
2026-07-06,MANDI045,Mustard,427.99
2026-07-06,MANDI046,Cotton,478.39
2026-07-06,MANDI046,Rice,116.41
2026-07-06,MANDI046,Sugarcane,18.43
2026-07-06,MANDI046,Wheat,160.5
2026-07-06,MANDI048,Mustard,426.75
2026-07-06,MANDI048,Rice,136.91
2026-07-06,MANDI049,Wheat,183.8
2026-07-06,MANDI050,Cotton,98.59
2026-07-06,MANDI050,Maize,117.44
2026-07-06,MANDI050,Sugarcane,60.22
2026-07-06,MANDI052,Mustard,483.24
2026-07-06,MANDI052,Sugarcane,315.26
2026-07-06,MANDI053,Rice,409.87
2026-07-06,MANDI055,Mustard,424.61
2026-07-06,MANDI056,Sugarcane,95.27
2026-07-06,MANDI057,Rice,14.75
2026-07-07,MANDI001,Mustard,96.86
2026-07-07,MANDI002,Sugarcane,217.36
2026-07-07,MANDI002,Wheat,429.85
2026-07-07,MANDI003,Wheat,331.92
2026-07-07,MANDI004,Wheat,141.19
2026-07-07,MANDI006,Cotton,219.42
2026-07-07,MANDI007,Sugarcane,428.08
2026-07-07,MANDI008,Wheat,297.46
2026-07-07,MANDI009,Wheat,378.51
2026-07-07,MANDI010,Wheat,347.88
2026-07-07,MANDI011,Mustard,302.48
2026-07-07,MANDI011,Wheat,528.3
2026-07-07,MANDI012,Rice,350.17
2026-07-07,MANDI012,Sugarcane,728.23
2026-07-07,MANDI013,Cotton,55.09
2026-07-07,MANDI014,Rice,470.39
2026-07-07,MANDI014,Sugarcane,118.89
2026-07-07,MANDI014,Wheat,298.05
2026-07-07,MANDI016,Sugarcane,441.28
2026-07-07,MANDI016,Wheat,337.68
2026-07-07,MANDI017,Narma,493.96
2026-07-07,MANDI017,Wheat,354.17
2026-07-07,MANDI018,Rice,151.65
2026-07-07,MANDI019,Mustard,95.39
2026-07-07,MANDI019,Sugarcane,388.44000000000005
2026-07-07,MANDI021,Rice,382.44
2026-07-07,MANDI021,Sugarcane,347.94
2026-07-07,MANDI021,Wheat,757.1500000000001
2026-07-07,MANDI022,Mustard,149.49
2026-07-07,MANDI022,Sugarcane,442.65
2026-07-07,MANDI022,Wheat,187.07
2026-07-07,MANDI023,Mustard,229.16
2026-07-07,MANDI023,Rice,336.1
2026-07-07,MANDI023,Sugarcane,490.37
2026-07-07,MANDI024,Basmati,377.79
2026-07-07,MANDI024,Mustard,211.75
2026-07-07,MANDI025,Cotton,474.18
2026-07-07,MANDI025,Mustard,286.90999999999997
2026-07-07,MANDI026,Wheat,117.22
2026-07-07,MANDI027,Maize,297.53
2026-07-07,MANDI028,Cotton,141.03
2026-07-07,MANDI028,Rice,389.75
2026-07-07,MANDI029,Sugarcane,494.64
2026-07-07,MANDI031,Maize,334.61
2026-07-07,MANDI034,Wheat,145.47
2026-07-07,MANDI035,Rice,438.97
2026-07-07,MANDI035,Sugarcane,574.66
2026-07-07,MANDI036,Cotton,15.29
2026-07-07,MANDI036,Maize,166.14
2026-07-07,MANDI037,Cotton,67.02
2026-07-07,MANDI037,Maize,316.2
2026-07-07,MANDI037,Sugarcane,85.11
2026-07-07,MANDI038,Mustard,84.45
2026-07-07,MANDI039,Basmati,356.11
2026-07-07,MANDI039,Rice,194.18
2026-07-07,MANDI040,Mustard,113.49
2026-07-07,MANDI041,Rice,183.23
2026-07-07,MANDI042,Basmati,111.82
2026-07-07,MANDI042,Narma,26.47
2026-07-07,MANDI042,Rice,184.46
2026-07-07,MANDI043,Rice,478.65000000000003
2026-07-07,MANDI044,Sugarcane,490.57
2026-07-07,MANDI045,Cotton,402.96
2026-07-07,MANDI045,Mustard,42.28
2026-07-07,MANDI046,Rice,378.63
2026-07-07,MANDI047,Rice,127.07
2026-07-07,MANDI048,Sugarcane,10.01
2026-07-07,MANDI048,Wheat,251.77
2026-07-07,MANDI049,Mustard,564.56
2026-07-07,MANDI051,Maize,181.52
2026-07-07,MANDI051,Rice,416.88
2026-07-07,MANDI051,Sugarcane,254.03
2026-07-07,MANDI052,Rice,89.6
2026-07-07,MANDI053,Sugarcane,457.84
2026-07-07,MANDI055,Mustard,121.25
2026-07-07,MANDI055,Narma,401.31
2026-07-07,MANDI055,Wheat,380.5
2026-07-08,MANDI002,Maize,256.07
2026-07-08,MANDI002,Mustard,222.6
2026-07-08,MANDI003,Narma,409.19
2026-07-08,MANDI004,Mustard,367.65
2026-07-08,MANDI004,Sugarcane,498.66
2026-07-08,MANDI006,Mustard,179.99
2026-07-08,MANDI007,Rice,478.66
2026-07-08,MANDI008,Narma,498.92
2026-07-08,MANDI008,Sugarcane,176.8
2026-07-08,MANDI008,Wheat,417.52
2026-07-08,MANDI009,Wheat,410.63
2026-07-08,MANDI010,Narma,167.38
2026-07-08,MANDI010,Sugarcane,432.42999999999995
2026-07-08,MANDI011,Maize,104.47
2026-07-08,MANDI012,Sugarcane,388.52
2026-07-08,MANDI014,Mustard,311.56
2026-07-08,MANDI014,Rice,212.75
2026-07-08,MANDI014,Wheat,442.91
2026-07-08,MANDI015,Sugarcane,147.81
2026-07-08,MANDI016,Maize,110.23
2026-07-08,MANDI016,Mustard,180.84
2026-07-08,MANDI017,Rice,469.24
2026-07-08,MANDI018,Maize,150.8
2026-07-08,MANDI019,Maize,365.42999999999995
2026-07-08,MANDI019,Wheat,92.78
2026-07-08,MANDI020,Cotton,189.9
2026-07-08,MANDI020,Rice,302.28000000000003
2026-07-08,MANDI022,Cotton,397.35
2026-07-08,MANDI022,Mustard,380.11
2026-07-08,MANDI022,Sugarcane,254.42
2026-07-08,MANDI023,Maize,451.91
2026-07-08,MANDI023,Mustard,157.54
2026-07-08,MANDI024,Maize,352.57
2026-07-08,MANDI024,Rice,265.16
2026-07-08,MANDI025,Mustard,266.24
2026-07-08,MANDI025,Wheat,356.52
2026-07-08,MANDI026,Mustard,293.16
2026-07-08,MANDI027,Rice,109.45
2026-07-08,MANDI028,Cotton,126.77
2026-07-08,MANDI032,Sugarcane,218.27
2026-07-08,MANDI033,Wheat,166.35
2026-07-08,MANDI037,Maize,302.23
2026-07-08,MANDI037,Wheat,488.4
2026-07-08,MANDI039,Cotton,169.37
2026-07-08,MANDI039,Mustard,24.47
2026-07-08,MANDI039,Sugarcane,394.98
2026-07-08,MANDI039,Wheat,67.64
2026-07-08,MANDI041,Rice,354.45
2026-07-08,MANDI042,Maize,338.31
2026-07-08,MANDI042,Mustard,391.75
2026-07-08,MANDI043,Mustard,40.12
2026-07-08,MANDI044,Wheat,497.02
2026-07-08,MANDI045,Rice,18.35
2026-07-08,MANDI048,Sugarcane,223.46
2026-07-08,MANDI049,Rice,354.19
2026-07-08,MANDI050,Rice,97.57
2026-07-08,MANDI051,Rice,142.84
2026-07-08,MANDI052,Rice,307.39
2026-07-08,MANDI053,Rice,448.68
2026-07-08,MANDI054,Maize,339.08
2026-07-08,MANDI054,Mustard,418.1
2026-07-08,MANDI054,Sugarcane,267.99
2026-07-08,MANDI054,Wheat,27.14
2026-07-08,MANDI055,Mustard,369.46
2026-07-08,MANDI055,Sugarcane,49.55
2026-07-08,MANDI056,Cotton,340.94
2026-07-08,MANDI056,Rice,323.97
2026-07-09,MANDI001,Narma,472.6600000000001
2026-07-09,MANDI004,Rice,377.46
2026-07-09,MANDI006,Mustard,320.66
2026-07-09,MANDI008,Maize,291.43
2026-07-09,MANDI009,Wheat,206.27
2026-07-09,MANDI010,Narma,320.82
2026-07-09,MANDI011,Maize,476.36
2026-07-09,MANDI011,Sugarcane,20.14
2026-07-09,MANDI011,Wheat,186.67
2026-07-09,MANDI013,Mustard,483.42
2026-07-09,MANDI013,Wheat,182.55
2026-07-09,MANDI016,Mustard,221.65
2026-07-09,MANDI016,Narma,410.38
2026-07-09,MANDI016,Wheat,19.48
2026-07-09,MANDI018,Maize,348.49
2026-07-09,MANDI018,Sugarcane,86.25
2026-07-09,MANDI019,Mustard,262.3
2026-07-09,MANDI020,Maize,115.99
2026-07-09,MANDI021,Cotton,444.71
2026-07-09,MANDI022,Cotton,332.42
2026-07-09,MANDI022,Mustard,378.03
2026-07-09,MANDI022,Wheat,35.25
2026-07-09,MANDI024,Wheat,120.84
2026-07-09,MANDI026,Cotton,486.01
2026-07-09,MANDI027,Wheat,25.0
2026-07-09,MANDI028,Wheat,460.3
2026-07-09,MANDI029,Maize,41.45
2026-07-09,MANDI030,Cotton,255.29
2026-07-09,MANDI030,Maize,108.26
2026-07-09,MANDI030,Rice,273.97
2026-07-09,MANDI030,Sugarcane,334.62
2026-07-09,MANDI031,Wheat,343.34
2026-07-09,MANDI032,Maize,693.38
2026-07-09,MANDI032,Sugarcane,102.59
2026-07-09,MANDI033,Cotton,445.68
2026-07-09,MANDI033,Mustard,292.03
2026-07-09,MANDI034,Mustard,160.41
2026-07-09,MANDI034,Sugarcane,465.31
2026-07-09,MANDI037,Maize,145.92
2026-07-09,MANDI037,Mustard,13.21
2026-07-09,MANDI038,Wheat,146.16
2026-07-09,MANDI039,Sugarcane,218.03
2026-07-09,MANDI040,Cotton,314.84
2026-07-09,MANDI040,Rice,210.85
2026-07-09,MANDI042,Wheat,225.44
2026-07-09,MANDI043,Basmati,456.49
2026-07-09,MANDI043,Rice,91.15
2026-07-09,MANDI044,Sugarcane,358.78
2026-07-09,MANDI047,Sugarcane,156.3
2026-07-09,MANDI047,Wheat,48.74
2026-07-09,MANDI048,Basmati,317.63
2026-07-09,MANDI048,Maize,490.74
2026-07-09,MANDI048,Mustard,225.84
2026-07-09,MANDI048,Wheat,680.4
2026-07-09,MANDI049,Maize,174.3
2026-07-09,MANDI049,Mustard,202.99
2026-07-09,MANDI049,Wheat,176.99
2026-07-09,MANDI053,Maize,87.95
2026-07-09,MANDI053,Sugarcane,69.07
2026-07-09,MANDI054,Mustard,414.05
2026-07-09,MANDI054,Narma,230.02
2026-07-09,MANDI055,Mustard,237.61
2026-07-09,MANDI056,Cotton,448.77
2026-07-09,MANDI056,Maize,449.09
2026-07-09,MANDI056,Mustard,465.5700000000001
2026-07-09,MANDI056,Sugarcane,47.82
2026-07-10,MANDI002,Basmati,110.87
2026-07-10,MANDI005,Cotton,100.94
2026-07-10,MANDI005,Sugarcane,420.42
2026-07-10,MANDI005,Wheat,309.85
2026-07-10,MANDI008,Mustard,194.08
2026-07-10,MANDI012,Maize,474.66
2026-07-10,MANDI016,Mustard,445.51
2026-07-10,MANDI019,Maize,152.89999999999998
2026-07-10,MANDI023,Cotton,361.52
2026-07-10,MANDI026,Mustard,478.55
2026-07-10,MANDI027,Mustard,182.41
2026-07-10,MANDI032,Sugarcane,334.13
2026-07-10,MANDI033,Cotton,289.3
2026-07-10,MANDI034,Narma,496.94000000000005
2026-07-10,MANDI034,Rice,489.25
2026-07-10,MANDI034,Wheat,218.24
2026-07-10,MANDI035,Maize,196.77
2026-07-10,MANDI035,Rice,58.11999999999999
2026-07-10,MANDI037,Cotton,166.62
2026-07-10,MANDI040,Wheat,303.33
2026-07-10,MANDI044,Sugarcane,128.21
2026-07-10,MANDI047,Sugarcane,319.88
2026-07-10,MANDI048,Narma,38.47
2026-07-10,MANDI049,Sugarcane,85.42
2026-07-10,MANDI050,Maize,78.79
2026-07-10,MANDI051,Sugarcane,375.41
2026-07-10,MANDI053,Maize,451.25
2026-07-10,MANDI054,Cotton,187.68
2026-07-10,MANDI056,Narma,484.42
2026-07-10,MANDI057,Mustard,600.69
2026-07-11,MANDI002,Rice,250.64
2026-07-11,MANDI002,Wheat,202.73
2026-07-11,MANDI004,Mustard,357.75
2026-07-11,MANDI005,Sugarcane,173.54
2026-07-11,MANDI005,Wheat,405.6
2026-07-11,MANDI006,Maize,281.47
2026-07-11,MANDI012,Rice,196.84
2026-07-11,MANDI012,Sugarcane,198.67
2026-07-11,MANDI013,Cotton,384.91
2026-07-11,MANDI014,Sugarcane,304.53
2026-07-11,MANDI014,Wheat,340.34
2026-07-11,MANDI015,Maize,445.08
2026-07-11,MANDI016,Cotton,861.84
2026-07-11,MANDI017,Wheat,465.8
2026-07-11,MANDI021,Wheat,316.57
2026-07-11,MANDI022,Wheat,173.93
2026-07-11,MANDI023,Wheat,405.22
2026-07-11,MANDI024,Maize,410.52
2026-07-11,MANDI025,Maize,544.9300000000001
2026-07-11,MANDI029,Rice,137.14
2026-07-11,MANDI030,Cotton,98.5
2026-07-11,MANDI030,Narma,483.74
2026-07-11,MANDI030,Sugarcane,302.68
2026-07-11,MANDI030,Wheat,227.92
2026-07-11,MANDI033,Basmati,345.03
2026-07-11,MANDI033,Rice,172.57
2026-07-11,MANDI036,Cotton,391.3
2026-07-11,MANDI036,Mustard,469.15
2026-07-11,MANDI037,Cotton,251.43
2026-07-11,MANDI037,Mustard,402.55
2026-07-11,MANDI038,Maize,439.44
2026-07-11,MANDI039,Mustard,45.95
2026-07-11,MANDI039,Sugarcane,435.7
2026-07-11,MANDI044,Narma,11.5
2026-07-11,MANDI046,Mustard,547.97
2026-07-11,MANDI048,Mustard,223.02
2026-07-11,MANDI049,Sugarcane,458.12
2026-07-11,MANDI051,Rice,118.75
2026-07-11,MANDI053,Cotton,100.78
2026-07-11,MANDI055,Maize,358.37
2026-07-12,MANDI006,Sugarcane,139.96
2026-07-12,MANDI007,Rice,303.13
2026-07-12,MANDI007,Sugarcane,353.98
2026-07-12,MANDI008,Cotton,63.7
2026-07-12,MANDI014,Mustard,191.8
2026-07-12,MANDI014,Wheat,453.85
2026-07-12,MANDI016,Narma,175.91000000000005
2026-07-12,MANDI016,Wheat,326.83
2026-07-12,MANDI018,Rice,68.99
2026-07-12,MANDI019,Sugarcane,451.11
2026-07-12,MANDI022,Rice,422.66
2026-07-12,MANDI024,Maize,495.24
2026-07-12,MANDI026,Narma,186.95
2026-07-12,MANDI029,Maize,264.66
2026-07-12,MANDI031,Maize,429.13
2026-07-12,MANDI033,Mustard,327.14
2026-07-12,MANDI034,Rice,191.52
2026-07-12,MANDI037,Rice,137.75
2026-07-12,MANDI038,Cotton,289.06
2026-07-12,MANDI038,Wheat,126.19
2026-07-12,MANDI039,Wheat,126.66
2026-07-12,MANDI042,Maize,268.77
2026-07-12,MANDI042,Sugarcane,65.47
2026-07-12,MANDI045,Narma,209.17
2026-07-12,MANDI046,Sugarcane,236.3
2026-07-12,MANDI051,Rice,45.37
2026-07-12,MANDI054,Cotton,367.82
2026-07-12,MANDI056,Mustard,12.19
2026-07-12,MANDI057,Cotton,424.78
2026-07-13,MANDI001,Mustard,19.39
2026-07-13,MANDI002,Basmati,381.49
2026-07-13,MANDI002,Rice,85.08
2026-07-13,MANDI003,Maize,313.86
2026-07-13,MANDI003,Mustard,102.2
2026-07-13,MANDI003,Rice,336.09
2026-07-13,MANDI004,Narma,102.18
2026-07-13,MANDI004,Sugarcane,336.19
2026-07-13,MANDI005,Maize,29.27
2026-07-13,MANDI005,Mustard,422.85
2026-07-13,MANDI006,Cotton,127.47
2026-07-13,MANDI006,Rice,517.86
2026-07-13,MANDI007,Mustard,78.07
2026-07-13,MANDI008,Cotton,433.66
2026-07-13,MANDI008,Maize,454.34
2026-07-13,MANDI010,Maize,310.33000000000004
2026-07-13,MANDI011,Mustard,18.71
2026-07-13,MANDI011,Wheat,335.33
2026-07-13,MANDI014,Sugarcane,193.34
2026-07-13,MANDI015,Cotton,1006.76
2026-07-13,MANDI016,Maize,271.08
2026-07-13,MANDI016,Mustard,203.16
2026-07-13,MANDI016,Wheat,270.82
2026-07-13,MANDI017,Wheat,420.76
2026-07-13,MANDI018,Rice,134.59
2026-07-13,MANDI018,Sugarcane,306.24
2026-07-13,MANDI019,Mustard,358.45
2026-07-13,MANDI020,Cotton,251.83
2026-07-13,MANDI020,Maize,241.22
2026-07-13,MANDI020,Mustard,221.51
2026-07-13,MANDI021,Mustard,208.31
2026-07-13,MANDI022,Basmati,19.71
2026-07-13,MANDI023,Cotton,358.68
2026-07-13,MANDI023,Rice,159.83
2026-07-13,MANDI024,Basmati,349.94
2026-07-13,MANDI024,Rice,493.38
2026-07-13,MANDI025,Wheat,116.76
2026-07-13,MANDI027,Mustard,266.96
2026-07-13,MANDI028,Mustard,55.7
2026-07-13,MANDI029,Mustard,126.01
2026-07-13,MANDI029,Rice,58.06
2026-07-13,MANDI030,Cotton,84.32
2026-07-13,MANDI030,Rice,73.58
2026-07-13,MANDI032,Mustard,273.56
2026-07-13,MANDI034,Sugarcane,484.3
2026-07-13,MANDI036,Cotton,341.14
2026-07-13,MANDI036,Maize,247.1
2026-07-13,MANDI037,Cotton,463.45
2026-07-13,MANDI037,Rice,156.79
2026-07-13,MANDI039,Mustard,277.33
2026-07-13,MANDI041,Cotton,417.69
2026-07-13,MANDI041,Sugarcane,295.95
2026-07-13,MANDI042,Sugarcane,208.13
2026-07-13,MANDI042,Wheat,18.76
2026-07-13,MANDI044,Cotton,268.33
2026-07-13,MANDI044,Mustard,364.86
2026-07-13,MANDI045,Maize,116.5
2026-07-13,MANDI045,Sugarcane,59.07
2026-07-13,MANDI045,Wheat,107.31
2026-07-13,MANDI046,Sugarcane,121.61
2026-07-13,MANDI048,Maize,56.73
2026-07-13,MANDI048,Sugarcane,235.67
2026-07-13,MANDI049,Maize,493.41
2026-07-13,MANDI051,Cotton,79.78
2026-07-13,MANDI053,Sugarcane,746.3399999999999
2026-07-13,MANDI055,Cotton,193.72
2026-07-13,MANDI056,Mustard,171.12
2026-07-13,MANDI056,Sugarcane,306.8
2026-07-13,MANDI057,Mustard,279.2
2026-07-13,MANDI057,Sugarcane,140.69
2026-07-14,MANDI001,Maize,90.67
2026-07-14,MANDI001,Rice,282.73
2026-07-14,MANDI001,Sugarcane,807.71
2026-07-14,MANDI002,Maize,309.79
2026-07-14,MANDI003,Basmati,200.46
2026-07-14,MANDI003,Maize,273.59
2026-07-14,MANDI005,Rice,200.82
2026-07-14,MANDI006,Cotton,460.78
2026-07-14,MANDI006,Maize,424.02
2026-07-14,MANDI006,Rice,136.99
2026-07-14,MANDI008,Mustard,264.4
2026-07-14,MANDI009,Cotton,258.21
2026-07-14,MANDI009,Maize,276.57
2026-07-14,MANDI009,Rice,452.7600000000001
2026-07-14,MANDI010,Maize,87.8
2026-07-14,MANDI010,Narma,101.41
2026-07-14,MANDI011,Maize,312.9
2026-07-14,MANDI012,Maize,490.22
2026-07-14,MANDI012,Narma,469.7
2026-07-14,MANDI013,Mustard,288.49
2026-07-14,MANDI014,Basmati,122.76
2026-07-14,MANDI014,Cotton,85.23
2026-07-14,MANDI014,Wheat,280.44
2026-07-14,MANDI016,Narma,223.12
2026-07-14,MANDI017,Sugarcane,281.33
2026-07-14,MANDI018,Maize,263.98
2026-07-14,MANDI020,Maize,483.73
2026-07-14,MANDI020,Sugarcane,279.77
2026-07-14,MANDI020,Wheat,623.73
2026-07-14,MANDI021,Mustard,207.04
2026-07-14,MANDI021,Rice,464.86
2026-07-14,MANDI022,Basmati,428.89
2026-07-14,MANDI022,Sugarcane,684.37
2026-07-14,MANDI023,Cotton,283.3
2026-07-14,MANDI023,Narma,26.39
2026-07-14,MANDI023,Wheat,134.81
2026-07-14,MANDI024,Cotton,189.17
2026-07-14,MANDI024,Wheat,447.66999999999996
2026-07-14,MANDI025,Cotton,331.58
2026-07-14,MANDI027,Basmati,203.35
2026-07-14,MANDI027,Wheat,402.4
2026-07-14,MANDI028,Sugarcane,340.56
2026-07-14,MANDI029,Wheat,410.44
2026-07-14,MANDI030,Wheat,443.4
2026-07-14,MANDI033,Mustard,371.43
2026-07-14,MANDI035,Mustard,227.79
2026-07-14,MANDI035,Sugarcane,72.09
2026-07-14,MANDI037,Cotton,415.5700000000001
2026-07-14,MANDI039,Rice,98.57
2026-07-14,MANDI040,Rice,355.78
2026-07-14,MANDI041,Cotton,52.86
2026-07-14,MANDI042,Rice,28.77
2026-07-14,MANDI045,Wheat,400.06
2026-07-14,MANDI047,Rice,326.44
2026-07-14,MANDI048,Maize,127.07
2026-07-14,MANDI048,Rice,272.64
2026-07-14,MANDI048,Sugarcane,85.97
2026-07-14,MANDI049,Mustard,234.04
2026-07-14,MANDI050,Cotton,258.18
2026-07-14,MANDI053,Mustard,225.05
2026-07-14,MANDI053,Sugarcane,223.78
2026-07-14,MANDI054,Wheat,335.14
2026-07-14,MANDI055,Mustard,513.5
2026-07-14,MANDI055,Sugarcane,51.36
2026-07-14,MANDI056,Sugarcane,453.09
2026-07-14,MANDI057,Rice,469.33
2026-07-15,MANDI003,Rice,219.31
2026-07-15,MANDI004,Mustard,655.9000000000001
2026-07-15,MANDI005,Cotton,224.13
2026-07-15,MANDI006,Basmati,460.13
2026-07-15,MANDI006,Mustard,337.35
2026-07-15,MANDI006,Rice,335.77
2026-07-15,MANDI008,Basmati,135.0
2026-07-15,MANDI010,Mustard,34.9
2026-07-15,MANDI011,Maize,189.45
2026-07-15,MANDI011,Mustard,340.65
2026-07-15,MANDI012,Cotton,126.31
2026-07-15,MANDI012,Sugarcane,462.52
2026-07-15,MANDI013,Sugarcane,395.3
2026-07-15,MANDI014,Cotton,335.99
2026-07-15,MANDI014,Rice,341.87
2026-07-15,MANDI015,Mustard,430.55
2026-07-15,MANDI016,Sugarcane,294.02
2026-07-15,MANDI017,Cotton,59.71
2026-07-15,MANDI017,Mustard,130.91
2026-07-15,MANDI017,Sugarcane,449.92
2026-07-15,MANDI019,Wheat,55.32
2026-07-15,MANDI020,Sugarcane,396.28
2026-07-15,MANDI021,Wheat,27.61
2026-07-15,MANDI023,Cotton,376.34
2026-07-15,MANDI023,Mustard,185.84
2026-07-15,MANDI023,Sugarcane,464.31
2026-07-15,MANDI024,Maize,77.79
2026-07-15,MANDI024,Wheat,70.58
2026-07-15,MANDI025,Narma,79.02
2026-07-15,MANDI025,Rice,438.68
2026-07-15,MANDI026,Maize,107.56
2026-07-15,MANDI026,Mustard,28.04
2026-07-15,MANDI028,Mustard,268.39
2026-07-15,MANDI028,Rice,29.92
2026-07-15,MANDI030,Maize,44.54
2026-07-15,MANDI030,Mustard,494.31
2026-07-15,MANDI032,Maize,268.8
2026-07-15,MANDI033,Cotton,345.35
2026-07-15,MANDI033,Rice,306.32
2026-07-15,MANDI034,Rice,117.2
2026-07-15,MANDI035,Maize,214.96
2026-07-15,MANDI036,Narma,41.46
2026-07-15,MANDI038,Basmati,131.94
2026-07-15,MANDI038,Rice,140.3
2026-07-15,MANDI038,Wheat,486.84
2026-07-15,MANDI039,Mustard,377.57
2026-07-15,MANDI040,Maize,256.54
2026-07-15,MANDI040,Rice,420.18
2026-07-15,MANDI040,Wheat,463.68
2026-07-15,MANDI042,Wheat,386.24
2026-07-15,MANDI043,Maize,476.26
2026-07-15,MANDI043,Mustard,431.84
2026-07-15,MANDI044,Maize,260.76
2026-07-15,MANDI046,Cotton,481.28
2026-07-15,MANDI046,Mustard,94.91
2026-07-15,MANDI046,Wheat,338.08
2026-07-15,MANDI047,Sugarcane,149.86
2026-07-15,MANDI048,Sugarcane,934.56
2026-07-15,MANDI048,Wheat,114.47
2026-07-15,MANDI049,Mustard,416.26
2026-07-15,MANDI049,Wheat,279.98
2026-07-15,MANDI050,Cotton,754.1800000000001
2026-07-15,MANDI050,Maize,308.31
2026-07-15,MANDI051,Maize,204.62
2026-07-15,MANDI051,Wheat,284.61
2026-07-15,MANDI052,Mustard,175.28
2026-07-15,MANDI052,Rice,130.45
2026-07-15,MANDI053,Sugarcane,380.75
2026-07-15,MANDI056,Maize,440.17
2026-07-15,MANDI056,Mustard,926.77
2026-07-15,MANDI056,Wheat,382.16
2026-07-15,MANDI057,Basmati,392.91
2026-07-15,MANDI057,Sugarcane,39.92
2026-07-16,MANDI001,Maize,445.79
2026-07-16,MANDI002,Maize,417.42
2026-07-16,MANDI003,Rice,396.12
2026-07-16,MANDI003,Sugarcane,343.64
2026-07-16,MANDI004,Sugarcane,340.5
2026-07-16,MANDI004,Wheat,323.13
2026-07-16,MANDI005,Maize,393.21
2026-07-16,MANDI006,Rice,368.08
2026-07-16,MANDI006,Wheat,57.21
2026-07-16,MANDI008,Mustard,331.14
2026-07-16,MANDI010,Mustard,408.09
2026-07-16,MANDI010,Wheat,312.5
2026-07-16,MANDI013,Cotton,268.04
2026-07-16,MANDI013,Wheat,415.12
2026-07-16,MANDI014,Rice,287.77
2026-07-16,MANDI016,Maize,351.13
2026-07-16,MANDI017,Cotton,366.05
2026-07-16,MANDI017,Rice,329.55
2026-07-16,MANDI017,Sugarcane,499.70000000000005
2026-07-16,MANDI017,Wheat,432.22
2026-07-16,MANDI019,Rice,34.55
2026-07-16,MANDI019,Wheat,648.54
2026-07-16,MANDI020,Sugarcane,355.17
2026-07-16,MANDI021,Rice,151.39
2026-07-16,MANDI023,Wheat,186.12
2026-07-16,MANDI025,Sugarcane,346.71
2026-07-16,MANDI026,Rice,212.97
2026-07-16,MANDI026,Wheat,122.0
2026-07-16,MANDI027,Wheat,256.02
2026-07-16,MANDI028,Mustard,133.21
2026-07-16,MANDI028,Rice,471.28
2026-07-16,MANDI029,Mustard,49.16
2026-07-16,MANDI029,Rice,114.76
2026-07-16,MANDI030,Cotton,141.2
2026-07-16,MANDI030,Rice,341.84999999999997
2026-07-16,MANDI032,Mustard,366.4100000000001
2026-07-16,MANDI033,Maize,452.88
2026-07-16,MANDI033,Mustard,338.48
2026-07-16,MANDI036,Rice,444.35
2026-07-16,MANDI038,Rice,696.46
2026-07-16,MANDI039,Wheat,277.74
2026-07-16,MANDI040,Rice,70.56
2026-07-16,MANDI041,Mustard,446.99
2026-07-16,MANDI042,Rice,254.52
2026-07-16,MANDI042,Wheat,76.43
2026-07-16,MANDI044,Cotton,429.64
2026-07-16,MANDI045,Mustard,385.25
2026-07-16,MANDI047,Maize,158.69
2026-07-16,MANDI048,Cotton,483.63
2026-07-16,MANDI048,Mustard,103.01
2026-07-16,MANDI048,Sugarcane,460.11
2026-07-16,MANDI048,Wheat,315.6
2026-07-16,MANDI049,Maize,467.93
2026-07-16,MANDI049,Sugarcane,205.91
2026-07-16,MANDI050,Rice,442.33
2026-07-16,MANDI053,Cotton,335.24
2026-07-16,MANDI054,Mustard,468.37
2026-07-16,MANDI056,Cotton,274.2
2026-07-16,MANDI056,Mustard,436.54
2026-07-16,MANDI057,Wheat,71.45
2026-07-17,MANDI001,Rice,514.7
2026-07-17,MANDI001,Sugarcane,216.39
2026-07-17,MANDI002,Cotton,443.32
2026-07-17,MANDI002,Sugarcane,317.03
2026-07-17,MANDI002,Wheat,16.21
2026-07-17,MANDI003,Rice,39.56
2026-07-17,MANDI003,Sugarcane,188.95
2026-07-17,MANDI004,Wheat,358.33
2026-07-17,MANDI005,Maize,190.72
2026-07-17,MANDI005,Mustard,135.53
2026-07-17,MANDI005,Sugarcane,193.96
2026-07-17,MANDI006,Sugarcane,283.05
2026-07-17,MANDI007,Maize,216.29
2026-07-17,MANDI007,Rice,357.43
2026-07-17,MANDI008,Sugarcane,477.78999999999996
2026-07-17,MANDI009,Mustard,462.79
2026-07-17,MANDI011,Cotton,11.59
2026-07-17,MANDI011,Mustard,27.87
2026-07-17,MANDI013,Rice,299.89
2026-07-17,MANDI015,Sugarcane,175.39
2026-07-17,MANDI016,Wheat,264.85
2026-07-17,MANDI018,Cotton,436.23
2026-07-17,MANDI018,Narma,405.21
2026-07-17,MANDI019,Sugarcane,78.5
2026-07-17,MANDI020,Mustard,158.92
2026-07-17,MANDI020,Sugarcane,130.32
2026-07-17,MANDI021,Sugarcane,281.53
2026-07-17,MANDI022,Cotton,227.44
2026-07-17,MANDI022,Maize,427.42
2026-07-17,MANDI022,Sugarcane,204.74
2026-07-17,MANDI023,Sugarcane,98.56
2026-07-17,MANDI024,Rice,481.71
2026-07-17,MANDI026,Wheat,124.51
2026-07-17,MANDI027,Wheat,314.44
2026-07-17,MANDI028,Maize,19.35
2026-07-17,MANDI028,Sugarcane,314.46000000000004
2026-07-17,MANDI030,Mustard,183.57
2026-07-17,MANDI030,Rice,192.1
2026-07-17,MANDI032,Mustard,677.62
2026-07-17,MANDI033,Cotton,313.93
2026-07-17,MANDI033,Maize,712.25
2026-07-17,MANDI034,Maize,552.51
2026-07-17,MANDI035,Mustard,1008.1800000000001
2026-07-17,MANDI036,Cotton,118.63
2026-07-17,MANDI036,Mustard,216.5
2026-07-17,MANDI037,Maize,425.5
2026-07-17,MANDI037,Mustard,156.21
2026-07-17,MANDI037,Rice,413.07
2026-07-17,MANDI037,Wheat,172.41
2026-07-17,MANDI038,Narma,437.23
2026-07-17,MANDI039,Narma,471.58
2026-07-17,MANDI040,Basmati,61.42
2026-07-17,MANDI040,Mustard,228.09
2026-07-17,MANDI041,Sugarcane,191.43
2026-07-17,MANDI042,Mustard,234.19
2026-07-17,MANDI042,Narma,135.3
2026-07-17,MANDI043,Mustard,478.89
2026-07-17,MANDI045,Maize,93.29
2026-07-17,MANDI046,Sugarcane,213.54
2026-07-17,MANDI047,Cotton,442.42
2026-07-17,MANDI048,Rice,340.75
2026-07-17,MANDI049,Cotton,302.2
2026-07-17,MANDI050,Cotton,204.21
2026-07-17,MANDI050,Sugarcane,202.48
2026-07-17,MANDI051,Mustard,379.86
2026-07-17,MANDI052,Maize,339.23
2026-07-17,MANDI055,Cotton,293.93
2026-07-17,MANDI055,Maize,100.83
2026-07-17,MANDI056,Sugarcane,273.49
2026-07-17,MANDI057,Sugarcane,413.89
2026-07-18,MANDI001,Wheat,431.82000000000005
2026-07-18,MANDI002,Cotton,128.53
2026-07-18,MANDI002,Sugarcane,337.47
2026-07-18,MANDI003,Cotton,95.95
2026-07-18,MANDI003,Maize,304.54
2026-07-18,MANDI003,Mustard,349.9
2026-07-18,MANDI003,Narma,134.92
2026-07-18,MANDI004,Sugarcane,361.39
2026-07-18,MANDI005,Cotton,345.53
2026-07-18,MANDI005,Maize,67.63
2026-07-18,MANDI006,Mustard,282.15
2026-07-18,MANDI006,Narma,51.82000000000001
2026-07-18,MANDI006,Wheat,205.03
2026-07-18,MANDI007,Maize,124.69
2026-07-18,MANDI007,Mustard,157.77
2026-07-18,MANDI009,Mustard,238.27
2026-07-18,MANDI010,Sugarcane,139.23
2026-07-18,MANDI011,Cotton,59.34
2026-07-18,MANDI011,Rice,403.97
2026-07-18,MANDI012,Rice,20.19
2026-07-18,MANDI012,Sugarcane,473.05
2026-07-18,MANDI013,Basmati,215.27
2026-07-18,MANDI013,Cotton,459.95
2026-07-18,MANDI013,Narma,150.89
2026-07-18,MANDI013,Rice,244.07
2026-07-18,MANDI014,Mustard,128.05
2026-07-18,MANDI015,Wheat,218.67
2026-07-18,MANDI016,Maize,366.5100000000001
2026-07-18,MANDI016,Rice,223.87
2026-07-18,MANDI017,Rice,407.59
2026-07-18,MANDI017,Wheat,237.74
2026-07-18,MANDI018,Cotton,378.79
2026-07-18,MANDI018,Mustard,284.0
2026-07-18,MANDI019,Maize,15.79
2026-07-18,MANDI019,Mustard,194.91
2026-07-18,MANDI019,Narma,41.66
2026-07-18,MANDI019,Rice,409.58
2026-07-18,MANDI019,Wheat,190.41
2026-07-18,MANDI021,Rice,278.6
2026-07-18,MANDI021,Wheat,493.07
2026-07-18,MANDI022,Narma,102.8
2026-07-18,MANDI022,Sugarcane,336.68999999999994
2026-07-18,MANDI023,Maize,160.07
2026-07-18,MANDI025,Cotton,288.45
2026-07-18,MANDI026,Maize,428.44
2026-07-18,MANDI027,Wheat,439.7
2026-07-18,MANDI028,Basmati,250.33
2026-07-18,MANDI028,Mustard,402.41
2026-07-18,MANDI029,Cotton,333.79
2026-07-18,MANDI029,Maize,522.74
2026-07-18,MANDI033,Cotton,452.92
2026-07-18,MANDI033,Maize,225.72
2026-07-18,MANDI036,Mustard,141.6
2026-07-18,MANDI039,Rice,291.34
2026-07-18,MANDI041,Rice,100.03
2026-07-18,MANDI042,Sugarcane,370.03
2026-07-18,MANDI044,Basmati,155.78
2026-07-18,MANDI044,Sugarcane,331.78
2026-07-18,MANDI044,Wheat,401.66
2026-07-18,MANDI045,Cotton,481.66
2026-07-18,MANDI045,Rice,119.49
2026-07-18,MANDI045,Wheat,355.25
2026-07-18,MANDI047,Mustard,487.11
2026-07-18,MANDI048,Mustard,261.39
2026-07-18,MANDI050,Cotton,385.38
2026-07-18,MANDI051,Cotton,85.2
2026-07-18,MANDI051,Sugarcane,351.91
2026-07-18,MANDI051,Wheat,282.78
2026-07-18,MANDI053,Maize,109.31
2026-07-18,MANDI054,Maize,300.3
2026-07-18,MANDI054,Wheat,118.9
2026-07-18,MANDI055,Rice,360.98
2026-07-18,MANDI055,Sugarcane,244.91
2026-07-18,MANDI056,Basmati,495.82
2026-07-18,MANDI056,Rice,174.86
2026-07-18,MANDI057,Maize,217.49
2026-07-18,MANDI057,Rice,359.03
2026-07-19,MANDI001,Maize,339.43
2026-07-19,MANDI001,Sugarcane,252.27
2026-07-19,MANDI006,Cotton,150.31
2026-07-19,MANDI007,Maize,357.92
2026-07-19,MANDI008,Basmati,336.68
2026-07-19,MANDI008,Maize,460.67
2026-07-19,MANDI008,Rice,53.77000000000001
2026-07-19,MANDI009,Wheat,535.59
2026-07-19,MANDI010,Cotton,460.76
2026-07-19,MANDI010,Sugarcane,23.32
2026-07-19,MANDI012,Maize,497.88
2026-07-19,MANDI012,Wheat,105.37
2026-07-19,MANDI013,Maize,444.88
2026-07-19,MANDI013,Rice,363.97
2026-07-19,MANDI013,Sugarcane,492.26
2026-07-19,MANDI013,Wheat,421.84
2026-07-19,MANDI014,Maize,358.43
2026-07-19,MANDI014,Sugarcane,90.72
2026-07-19,MANDI016,Cotton,174.25
2026-07-19,MANDI016,Rice,55.57
2026-07-19,MANDI017,Maize,41.35
2026-07-19,MANDI017,Wheat,195.17
2026-07-19,MANDI018,Rice,418.54
2026-07-19,MANDI021,Mustard,356.32
2026-07-19,MANDI022,Mustard,74.42
2026-07-19,MANDI022,Wheat,13.69
2026-07-19,MANDI023,Rice,154.94
2026-07-19,MANDI024,Mustard,194.0
2026-07-19,MANDI025,Maize,132.59
2026-07-19,MANDI026,Cotton,178.82
2026-07-19,MANDI026,Mustard,332.58
2026-07-19,MANDI026,Wheat,400.06
2026-07-19,MANDI028,Sugarcane,376.7000000000001
2026-07-19,MANDI029,Cotton,18.11
2026-07-19,MANDI032,Cotton,127.34
2026-07-19,MANDI032,Maize,214.54
2026-07-19,MANDI035,Maize,424.62
2026-07-19,MANDI036,Cotton,146.96
2026-07-19,MANDI036,Maize,350.64
2026-07-19,MANDI036,Mustard,23.29
2026-07-19,MANDI037,Cotton,11.53
2026-07-19,MANDI037,Sugarcane,149.66
2026-07-19,MANDI038,Mustard,395.65
2026-07-19,MANDI039,Rice,173.11
2026-07-19,MANDI040,Maize,479.58
2026-07-19,MANDI043,Wheat,332.25
2026-07-19,MANDI045,Cotton,442.28
2026-07-19,MANDI049,Maize,263.44
2026-07-19,MANDI050,Mustard,125.58
2026-07-19,MANDI052,Mustard,226.18
2026-07-19,MANDI052,Wheat,34.93
2026-07-19,MANDI055,Rice,130.42
2026-07-19,MANDI056,Rice,771.5
2026-07-20,MANDI001,Mustard,138.58
2026-07-20,MANDI001,Narma,313.79
2026-07-20,MANDI001,Sugarcane,58.06
2026-07-20,MANDI004,Maize,485.12
2026-07-20,MANDI006,Sugarcane,227.02
2026-07-20,MANDI007,Cotton,358.55000000000007
2026-07-20,MANDI008,Rice,81.67
2026-07-20,MANDI009,Maize,219.98
2026-07-20,MANDI009,Sugarcane,108.69
2026-07-20,MANDI010,Cotton,477.47
2026-07-20,MANDI010,Wheat,256.95
2026-07-20,MANDI011,Maize,108.47
2026-07-20,MANDI013,Sugarcane,475.99
2026-07-20,MANDI014,Wheat,175.77
2026-07-20,MANDI016,Narma,47.22
2026-07-20,MANDI017,Cotton,23.53
2026-07-20,MANDI018,Maize,35.98
2026-07-20,MANDI018,Wheat,457.88
2026-07-20,MANDI019,Maize,256.73
2026-07-20,MANDI020,Mustard,524.83
2026-07-20,MANDI023,Rice,96.57
2026-07-20,MANDI023,Sugarcane,100.89
2026-07-20,MANDI024,Maize,292.17
2026-07-20,MANDI026,Cotton,493.9
2026-07-20,MANDI026,Wheat,143.51
2026-07-20,MANDI027,Sugarcane,327.07
2026-07-20,MANDI028,Sugarcane,34.17
2026-07-20,MANDI028,Wheat,99.07
2026-07-20,MANDI029,Sugarcane,330.12
2026-07-20,MANDI029,Wheat,42.35
2026-07-20,MANDI031,Mustard,227.47
2026-07-20,MANDI033,Sugarcane,386.38
2026-07-20,MANDI034,Sugarcane,345.82
2026-07-20,MANDI037,Mustard,357.56
2026-07-20,MANDI038,Mustard,709.9200000000001
2026-07-20,MANDI040,Rice,224.1
2026-07-20,MANDI040,Sugarcane,36.17
2026-07-20,MANDI041,Maize,93.93
2026-07-20,MANDI042,Sugarcane,673.99
2026-07-20,MANDI042,Wheat,151.34
2026-07-20,MANDI044,Sugarcane,371.95
2026-07-20,MANDI044,Wheat,67.78
2026-07-20,MANDI046,Rice,158.78
2026-07-20,MANDI047,Maize,181.12
2026-07-20,MANDI047,Rice,90.77
2026-07-20,MANDI047,Wheat,330.65
2026-07-20,MANDI048,Maize,215.94
2026-07-20,MANDI048,Mustard,313.44
2026-07-20,MANDI049,Mustard,573.1
2026-07-20,MANDI049,Sugarcane,408.36
2026-07-20,MANDI050,Maize,27.37
2026-07-20,MANDI050,Sugarcane,520.52
2026-07-20,MANDI052,Maize,284.6
2026-07-20,MANDI052,Sugarcane,279.66
2026-07-20,MANDI053,Cotton,408.86
2026-07-20,MANDI053,Wheat,825.29
2026-07-20,MANDI054,Sugarcane,426.98
2026-07-20,MANDI056,Maize,70.74
2026-07-20,MANDI056,Sugarcane,338.11
2026-07-20,MANDI057,Maize,400.92
2026-07-21,MANDI002,Sugarcane,473.34
2026-07-21,MANDI004,Cotton,91.25
2026-07-21,MANDI005,Sugarcane,459.87
2026-07-21,MANDI005,Wheat,203.28
2026-07-21,MANDI006,Rice,25.84
2026-07-21,MANDI006,Sugarcane,31.31
2026-07-21,MANDI006,Wheat,320.82
2026-07-21,MANDI007,Cotton,271.86
2026-07-21,MANDI007,Rice,353.79
2026-07-21,MANDI008,Sugarcane,406.38
2026-07-21,MANDI009,Narma,138.57
2026-07-21,MANDI009,Wheat,308.6
2026-07-21,MANDI010,Maize,473.84
2026-07-21,MANDI010,Sugarcane,434.54
2026-07-21,MANDI011,Sugarcane,453.81
2026-07-21,MANDI011,Wheat,159.71
2026-07-21,MANDI012,Rice,303.13
2026-07-21,MANDI014,Mustard,215.95
2026-07-21,MANDI014,Rice,11.02
2026-07-21,MANDI016,Mustard,390.57
2026-07-21,MANDI016,Rice,369.32
2026-07-21,MANDI018,Mustard,191.27
2026-07-21,MANDI019,Maize,252.75
2026-07-21,MANDI019,Rice,12.2
2026-07-21,MANDI020,Basmati,122.76
2026-07-21,MANDI021,Sugarcane,224.28
2026-07-21,MANDI022,Cotton,92.04
2026-07-21,MANDI022,Mustard,140.45999999999998
2026-07-21,MANDI022,Rice,326.51000000000005
2026-07-21,MANDI024,Sugarcane,786.48
2026-07-21,MANDI025,Wheat,431.99
2026-07-21,MANDI026,Narma,329.16
2026-07-21,MANDI027,Wheat,427.13
2026-07-21,MANDI028,Mustard,478.12
2026-07-21,MANDI030,Mustard,261.75
2026-07-21,MANDI030,Wheat,171.58
2026-07-21,MANDI031,Cotton,436.9
2026-07-21,MANDI032,Cotton,214.98
2026-07-21,MANDI035,Sugarcane,100.55
2026-07-21,MANDI036,Maize,418.74
2026-07-21,MANDI036,Wheat,291.61
2026-07-21,MANDI037,Cotton,361.12
2026-07-21,MANDI039,Cotton,203.04
2026-07-21,MANDI039,Rice,72.7
2026-07-21,MANDI039,Sugarcane,394.58
2026-07-21,MANDI040,Cotton,60.74
2026-07-21,MANDI040,Rice,404.87
2026-07-21,MANDI041,Narma,251.03000000000003
2026-07-21,MANDI041,Wheat,364.68
2026-07-21,MANDI044,Maize,145.78
2026-07-21,MANDI044,Wheat,179.13
2026-07-21,MANDI045,Mustard,410.14
2026-07-21,MANDI047,Cotton,166.74
2026-07-21,MANDI047,Mustard,285.74
2026-07-21,MANDI048,Cotton,382.31
2026-07-21,MANDI049,Basmati,214.3
2026-07-21,MANDI049,Rice,75.46
2026-07-21,MANDI050,Cotton,460.22
2026-07-21,MANDI050,Maize,92.53
2026-07-21,MANDI050,Mustard,442.12
2026-07-21,MANDI050,Rice,312.01
2026-07-21,MANDI050,Wheat,67.18
2026-07-21,MANDI051,Mustard,341.04
2026-07-21,MANDI051,Wheat,459.33
2026-07-21,MANDI052,Cotton,88.64000000000001
2026-07-21,MANDI052,Rice,389.98
2026-07-21,MANDI052,Wheat,424.3
2026-07-21,MANDI053,Mustard,125.29
2026-07-21,MANDI054,Cotton,499.0
2026-07-21,MANDI056,Basmati,214.01
2026-07-21,MANDI056,Maize,371.75
2026-07-21,MANDI057,Cotton,39.8
2026-07-21,MANDI057,Rice,23.3
2026-07-22,MANDI001,Maize,460.56
2026-07-22,MANDI004,Maize,236.62
2026-07-22,MANDI005,Mustard,402.0
2026-07-22,MANDI006,Maize,337.45
2026-07-22,MANDI007,Sugarcane,336.74
2026-07-22,MANDI008,Maize,488.48
2026-07-22,MANDI008,Wheat,312.61
2026-07-22,MANDI009,Wheat,249.99
2026-07-22,MANDI011,Cotton,79.91
2026-07-22,MANDI012,Mustard,771.81
2026-07-22,MANDI013,Wheat,168.55
2026-07-22,MANDI014,Sugarcane,454.5
2026-07-22,MANDI015,Rice,352.84
2026-07-22,MANDI016,Mustard,228.4
2026-07-22,MANDI017,Narma,258.39
2026-07-22,MANDI018,Maize,189.72
2026-07-22,MANDI018,Mustard,60.97
2026-07-22,MANDI018,Sugarcane,269.73
2026-07-22,MANDI019,Cotton,471.29
2026-07-22,MANDI019,Maize,247.64
2026-07-22,MANDI019,Wheat,126.21
2026-07-22,MANDI020,Maize,85.1
2026-07-22,MANDI020,Rice,137.7
2026-07-22,MANDI020,Sugarcane,276.41
2026-07-22,MANDI020,Wheat,57.11
2026-07-22,MANDI021,Rice,190.05
2026-07-22,MANDI022,Mustard,98.84
2026-07-22,MANDI022,Rice,153.33
2026-07-22,MANDI023,Mustard,73.28
2026-07-22,MANDI025,Maize,243.32
2026-07-22,MANDI026,Sugarcane,273.72
2026-07-22,MANDI027,Mustard,98.05
2026-07-22,MANDI027,Sugarcane,411.75
2026-07-22,MANDI028,Maize,796.8399999999999
2026-07-22,MANDI028,Rice,162.13
2026-07-22,MANDI028,Sugarcane,48.470000000000006
2026-07-22,MANDI029,Wheat,105.2
2026-07-22,MANDI030,Wheat,154.0
2026-07-22,MANDI031,Maize,426.25
2026-07-22,MANDI031,Wheat,324.01
2026-07-22,MANDI032,Rice,291.22
2026-07-22,MANDI032,Wheat,383.51
2026-07-22,MANDI033,Maize,312.2
2026-07-22,MANDI033,Mustard,471.67
2026-07-22,MANDI033,Rice,293.16
2026-07-22,MANDI034,Basmati,384.54
2026-07-22,MANDI034,Mustard,495.84
2026-07-22,MANDI035,Sugarcane,443.88
2026-07-22,MANDI036,Cotton,352.34
2026-07-22,MANDI036,Maize,372.17
2026-07-22,MANDI037,Sugarcane,404.73
2026-07-22,MANDI037,Wheat,697.9300000000001
2026-07-22,MANDI039,Cotton,200.53
2026-07-22,MANDI040,Wheat,384.81
2026-07-22,MANDI041,Sugarcane,306.76
2026-07-22,MANDI041,Wheat,967.1199999999999
2026-07-22,MANDI042,Sugarcane,13.41
2026-07-22,MANDI043,Cotton,258.37
2026-07-22,MANDI044,Narma,325.24
2026-07-22,MANDI047,Mustard,468.85
2026-07-22,MANDI047,Rice,386.81
2026-07-22,MANDI048,Sugarcane,310.82
2026-07-22,MANDI049,Rice,228.35
2026-07-22,MANDI050,Mustard,383.52
2026-07-22,MANDI050,Rice,62.18
2026-07-22,MANDI051,Sugarcane,226.8
2026-07-22,MANDI052,Maize,474.37
2026-07-22,MANDI052,Sugarcane,465.78
2026-07-22,MANDI056,Narma,231.34
2026-07-22,MANDI056,Sugarcane,386.8200000000001
2026-07-22,MANDI057,Maize,18.33
2026-07-23,MANDI002,Cotton,421.38
2026-07-23,MANDI002,Maize,426.31
2026-07-23,MANDI002,Wheat,396.14
2026-07-23,MANDI003,Rice,45.650000000000006
2026-07-23,MANDI004,Sugarcane,115.66
2026-07-23,MANDI005,Maize,168.44
2026-07-23,MANDI005,Rice,13.35
2026-07-23,MANDI006,Mustard,271.12
2026-07-23,MANDI007,Maize,427.71
2026-07-23,MANDI009,Rice,223.59000000000003
2026-07-23,MANDI009,Wheat,72.54
2026-07-23,MANDI010,Mustard,132.68
2026-07-23,MANDI010,Wheat,485.5
2026-07-23,MANDI011,Maize,158.13
2026-07-23,MANDI011,Wheat,431.42
2026-07-23,MANDI012,Mustard,376.77
2026-07-23,MANDI012,Wheat,284.86
2026-07-23,MANDI013,Mustard,115.55
2026-07-23,MANDI014,Rice,459.54
2026-07-23,MANDI015,Sugarcane,388.28
2026-07-23,MANDI016,Cotton,309.12
2026-07-23,MANDI016,Maize,624.66
2026-07-23,MANDI017,Basmati,21.42
2026-07-23,MANDI017,Rice,445.81
2026-07-23,MANDI017,Wheat,50.41
2026-07-23,MANDI018,Mustard,264.24
2026-07-23,MANDI018,Narma,435.31
2026-07-23,MANDI018,Sugarcane,384.43
2026-07-23,MANDI019,Cotton,285.06
2026-07-23,MANDI022,Basmati,345.65
2026-07-23,MANDI022,Maize,191.67000000000002
2026-07-23,MANDI022,Rice,60.79
2026-07-23,MANDI023,Maize,278.91
2026-07-23,MANDI025,Cotton,88.95
2026-07-23,MANDI025,Wheat,116.64
2026-07-23,MANDI026,Sugarcane,286.32
2026-07-23,MANDI027,Cotton,10.16
2026-07-23,MANDI027,Maize,255.19
2026-07-23,MANDI027,Wheat,440.46
2026-07-23,MANDI028,Sugarcane,418.29
2026-07-23,MANDI029,Maize,360.22
2026-07-23,MANDI030,Rice,345.88
2026-07-23,MANDI031,Mustard,385.01
2026-07-23,MANDI031,Rice,345.86
2026-07-23,MANDI032,Mustard,213.77
2026-07-23,MANDI032,Sugarcane,422.6
2026-07-23,MANDI033,Rice,678.36
2026-07-23,MANDI033,Wheat,478.92
2026-07-23,MANDI035,Mustard,306.43
2026-07-23,MANDI038,Rice,227.44
2026-07-23,MANDI039,Maize,224.9
2026-07-23,MANDI039,Rice,101.71
2026-07-23,MANDI039,Sugarcane,24.18
2026-07-23,MANDI039,Wheat,136.08
2026-07-23,MANDI041,Wheat,184.69
2026-07-23,MANDI042,Rice,274.83
2026-07-23,MANDI043,Rice,11.22
2026-07-23,MANDI043,Sugarcane,395.2600000000001
2026-07-23,MANDI043,Wheat,418.21000000000004
2026-07-23,MANDI048,Cotton,157.33
2026-07-23,MANDI048,Sugarcane,175.58
2026-07-23,MANDI050,Maize,206.08
2026-07-23,MANDI050,Sugarcane,35.57
2026-07-23,MANDI051,Sugarcane,169.54000000000002
2026-07-23,MANDI053,Sugarcane,460.67999999999995
2026-07-23,MANDI054,Wheat,379.44
2026-07-23,MANDI055,Cotton,380.42
2026-07-23,MANDI056,Rice,427.02
2026-07-23,MANDI057,Cotton,396.31
2026-07-23,MANDI057,Mustard,105.64
2026-07-24,MANDI001,Wheat,447.98
2026-07-24,MANDI002,Mustard,467.74
2026-07-24,MANDI005,Sugarcane,441.73
2026-07-24,MANDI007,Cotton,388.3
2026-07-24,MANDI007,Maize,357.43
2026-07-24,MANDI007,Mustard,64.55
2026-07-24,MANDI007,Rice,150.75
2026-07-24,MANDI008,Sugarcane,407.75
2026-07-24,MANDI009,Maize,396.52
2026-07-24,MANDI009,Wheat,456.19
2026-07-24,MANDI010,Cotton,26.22
2026-07-24,MANDI011,Sugarcane,22.06
2026-07-24,MANDI012,Maize,181.28
2026-07-24,MANDI013,Basmati,246.84
2026-07-24,MANDI013,Cotton,161.32
2026-07-24,MANDI014,Wheat,476.8200000000001
2026-07-24,MANDI015,Maize,129.67000000000002
2026-07-24,MANDI015,Mustard,241.27
2026-07-24,MANDI015,Rice,321.1
2026-07-24,MANDI015,Wheat,102.16
2026-07-24,MANDI016,Cotton,77.71
2026-07-24,MANDI018,Mustard,461.43
2026-07-24,MANDI019,Mustard,442.89
2026-07-24,MANDI019,Narma,11.89
2026-07-24,MANDI020,Cotton,18.31
2026-07-24,MANDI020,Maize,290.23
2026-07-24,MANDI022,Sugarcane,150.55
2026-07-24,MANDI023,Maize,34.03
2026-07-24,MANDI023,Wheat,327.91
2026-07-24,MANDI024,Sugarcane,177.31
2026-07-24,MANDI026,Maize,436.5
2026-07-24,MANDI026,Narma,406.45
2026-07-24,MANDI026,Wheat,78.94
2026-07-24,MANDI027,Mustard,98.27
2026-07-24,MANDI027,Rice,137.51
2026-07-24,MANDI028,Wheat,238.3
2026-07-24,MANDI029,Wheat,439.76
2026-07-24,MANDI030,Maize,297.61
2026-07-24,MANDI031,Sugarcane,173.27
2026-07-24,MANDI032,Maize,709.02
2026-07-24,MANDI032,Wheat,480.84
2026-07-24,MANDI034,Mustard,362.33
2026-07-24,MANDI035,Mustard,140.3
2026-07-24,MANDI035,Sugarcane,47.63
2026-07-24,MANDI036,Maize,240.39
2026-07-24,MANDI036,Mustard,367.17
2026-07-24,MANDI036,Wheat,243.72
2026-07-24,MANDI038,Sugarcane,557.37
2026-07-24,MANDI040,Mustard,181.58
2026-07-24,MANDI040,Narma,394.26
2026-07-24,MANDI041,Maize,233.53
2026-07-24,MANDI042,Cotton,128.21
2026-07-24,MANDI042,Mustard,513.4200000000001
2026-07-24,MANDI042,Rice,420.0
2026-07-24,MANDI042,Wheat,93.91
2026-07-24,MANDI044,Rice,263.53
2026-07-24,MANDI044,Wheat,733.29
2026-07-24,MANDI045,Mustard,856.76
2026-07-24,MANDI045,Wheat,456.44
2026-07-24,MANDI046,Rice,65.64
2026-07-24,MANDI047,Maize,20.94
2026-07-24,MANDI047,Mustard,174.07
2026-07-24,MANDI048,Wheat,461.02
2026-07-24,MANDI049,Narma,456.19
2026-07-24,MANDI050,Sugarcane,666.7
2026-07-24,MANDI050,Wheat,257.64
2026-07-24,MANDI051,Mustard,272.9
2026-07-24,MANDI052,Maize,480.67
2026-07-24,MANDI053,Cotton,282.23
2026-07-24,MANDI055,Mustard,338.52
2026-07-24,MANDI056,Rice,677.33
2026-07-25,MANDI002,Rice,40.92
2026-07-25,MANDI002,Sugarcane,455.1
2026-07-25,MANDI002,Wheat,208.63
2026-07-25,MANDI003,Cotton,285.4
2026-07-25,MANDI003,Sugarcane,317.6
2026-07-25,MANDI005,Cotton,301.02
2026-07-25,MANDI005,Maize,415.3
2026-07-25,MANDI005,Sugarcane,360.95
2026-07-25,MANDI006,Mustard,88.67
2026-07-25,MANDI006,Narma,463.55
2026-07-25,MANDI008,Maize,159.22
2026-07-25,MANDI009,Mustard,481.72
2026-07-25,MANDI010,Rice,282.07
2026-07-25,MANDI011,Wheat,590.3
2026-07-25,MANDI013,Basmati,408.78
2026-07-25,MANDI013,Cotton,32.6
2026-07-25,MANDI014,Wheat,452.13
2026-07-25,MANDI015,Narma,430.87
2026-07-25,MANDI016,Narma,132.92
2026-07-25,MANDI017,Maize,198.48
2026-07-25,MANDI017,Narma,72.06
2026-07-25,MANDI018,Maize,375.5
2026-07-25,MANDI018,Mustard,492.38
2026-07-25,MANDI020,Maize,464.66
2026-07-25,MANDI020,Mustard,347.76000000000005
2026-07-25,MANDI021,Maize,317.76
2026-07-25,MANDI022,Sugarcane,356.77
2026-07-25,MANDI023,Cotton,152.44
2026-07-25,MANDI023,Rice,418.46
2026-07-25,MANDI029,Mustard,272.0
2026-07-25,MANDI030,Wheat,342.03
2026-07-25,MANDI033,Maize,408.01
2026-07-25,MANDI033,Rice,301.75
2026-07-25,MANDI034,Rice,525.17
2026-07-25,MANDI035,Mustard,377.41
2026-07-25,MANDI036,Mustard,421.55
2026-07-25,MANDI036,Wheat,321.08000000000004
2026-07-25,MANDI039,Wheat,269.01
2026-07-25,MANDI040,Cotton,266.07
2026-07-25,MANDI040,Maize,228.94
2026-07-25,MANDI040,Wheat,752.72
2026-07-25,MANDI042,Sugarcane,42.83
2026-07-25,MANDI044,Rice,233.79
2026-07-25,MANDI046,Maize,411.32
2026-07-25,MANDI046,Narma,402.87
2026-07-25,MANDI047,Sugarcane,56.54
2026-07-25,MANDI048,Maize,434.81
2026-07-25,MANDI048,Sugarcane,409.28
2026-07-25,MANDI049,Mustard,468.13
2026-07-25,MANDI049,Wheat,471.23
2026-07-25,MANDI050,Narma,119.47
2026-07-25,MANDI050,Sugarcane,256.68
2026-07-25,MANDI050,Wheat,285.93
2026-07-25,MANDI051,Mustard,294.46
2026-07-25,MANDI051,Wheat,372.26
2026-07-25,MANDI053,Cotton,242.91
2026-07-25,MANDI053,Sugarcane,412.82
2026-07-25,MANDI054,Mustard,274.98
2026-07-25,MANDI054,Sugarcane,225.23
2026-07-25,MANDI055,Cotton,210.51
2026-07-25,MANDI055,Mustard,334.56
2026-07-25,MANDI055,Sugarcane,296.1
2026-07-25,MANDI056,Wheat,347.36
2026-07-25,MANDI057,Mustard,390.51
2026-07-25,MANDI057,Wheat,460.66
2026-07-26,MANDI001,Rice,137.4
2026-07-26,MANDI003,Cotton,468.79
2026-07-26,MANDI009,Maize,445.18
2026-07-26,MANDI009,Narma,433.53
2026-07-26,MANDI010,Cotton,119.49
2026-07-26,MANDI010,Maize,348.88
2026-07-26,MANDI011,Cotton,273.57
2026-07-26,MANDI012,Wheat,187.63
2026-07-26,MANDI013,Cotton,491.31
2026-07-26,MANDI014,Mustard,98.16
2026-07-26,MANDI015,Mustard,125.96
2026-07-26,MANDI016,Sugarcane,289.37
2026-07-26,MANDI016,Wheat,161.11
2026-07-26,MANDI017,Maize,462.42
2026-07-26,MANDI018,Mustard,357.35
2026-07-26,MANDI019,Maize,13.72
2026-07-26,MANDI019,Wheat,97.51
2026-07-26,MANDI020,Rice,251.67
2026-07-26,MANDI020,Sugarcane,485.64
2026-07-26,MANDI022,Rice,199.48
2026-07-26,MANDI022,Sugarcane,209.21
2026-07-26,MANDI023,Cotton,39.47
2026-07-26,MANDI024,Maize,98.02
2026-07-26,MANDI026,Sugarcane,242.44
2026-07-26,MANDI027,Cotton,315.83
2026-07-26,MANDI027,Maize,12.53
2026-07-26,MANDI028,Cotton,467.06
2026-07-26,MANDI028,Maize,676.35
2026-07-26,MANDI033,Cotton,424.73
2026-07-26,MANDI033,Mustard,473.0
2026-07-26,MANDI035,Basmati,441.08
2026-07-26,MANDI035,Mustard,470.92
2026-07-26,MANDI037,Mustard,425.82
2026-07-26,MANDI039,Maize,402.32
2026-07-26,MANDI039,Mustard,30.99
2026-07-26,MANDI041,Maize,349.45
2026-07-26,MANDI042,Cotton,58.39
2026-07-26,MANDI043,Rice,286.16
2026-07-26,MANDI043,Wheat,378.5
2026-07-26,MANDI044,Sugarcane,60.31
2026-07-26,MANDI045,Sugarcane,355.71
2026-07-26,MANDI046,Mustard,159.52
2026-07-26,MANDI046,Rice,315.3
2026-07-26,MANDI046,Sugarcane,258.33
2026-07-26,MANDI046,Wheat,71.25
2026-07-26,MANDI047,Cotton,107.85
2026-07-26,MANDI047,Maize,149.86
2026-07-26,MANDI047,Sugarcane,285.36
2026-07-26,MANDI048,Rice,443.2
2026-07-26,MANDI049,Maize,435.53
2026-07-26,MANDI050,Mustard,400.8
2026-07-26,MANDI050,Sugarcane,245.94
2026-07-26,MANDI051,Wheat,44.49
2026-07-26,MANDI052,Cotton,320.61
2026-07-26,MANDI052,Maize,274.75
2026-07-26,MANDI053,Wheat,209.92
2026-07-26,MANDI054,Cotton,172.46000000000004
2026-07-26,MANDI054,Sugarcane,470.05
2026-07-26,MANDI056,Rice,285.63
2026-07-26,MANDI057,Maize,170.56
2026-07-26,MANDI057,Rice,149.57
2026-07-26,MANDI057,Wheat,590.58
2026-07-27,MANDI002,Basmati,26.840000000000003
2026-07-27,MANDI002,Mustard,188.95
2026-07-27,MANDI004,Cotton,294.55
2026-07-27,MANDI006,Sugarcane,181.55
2026-07-27,MANDI008,Maize,353.05
2026-07-27,MANDI008,Sugarcane,448.4
2026-07-27,MANDI009,Mustard,456.07
2026-07-27,MANDI010,Mustard,167.63
2026-07-27,MANDI010,Narma,270.86
2026-07-27,MANDI010,Rice,337.21
2026-07-27,MANDI011,Maize,489.56
2026-07-27,MANDI014,Maize,51.12
2026-07-27,MANDI014,Wheat,391.91
2026-07-27,MANDI015,Sugarcane,35.29
2026-07-27,MANDI016,Rice,70.49
2026-07-27,MANDI017,Cotton,290.58
2026-07-27,MANDI017,Mustard,224.47
2026-07-27,MANDI018,Sugarcane,216.87
2026-07-27,MANDI018,Wheat,95.05
2026-07-27,MANDI019,Cotton,371.74
2026-07-27,MANDI020,Sugarcane,293.42
2026-07-27,MANDI021,Maize,102.16
2026-07-27,MANDI022,Cotton,462.80000000000007
2026-07-27,MANDI022,Maize,49.1
2026-07-27,MANDI022,Wheat,169.39
2026-07-27,MANDI023,Mustard,193.02
2026-07-27,MANDI023,Wheat,456.27000000000004
2026-07-27,MANDI024,Sugarcane,832.8599999999999
2026-07-27,MANDI025,Cotton,15.91
2026-07-27,MANDI025,Wheat,686.31
2026-07-27,MANDI026,Rice,112.28
2026-07-27,MANDI028,Maize,450.9
2026-07-27,MANDI030,Cotton,168.87
2026-07-27,MANDI030,Mustard,38.54
2026-07-27,MANDI030,Wheat,249.66
2026-07-27,MANDI031,Mustard,268.84
2026-07-27,MANDI031,Rice,292.15
2026-07-27,MANDI031,Sugarcane,419.45
2026-07-27,MANDI032,Cotton,476.04
2026-07-27,MANDI033,Cotton,359.64
2026-07-27,MANDI034,Cotton,188.23
2026-07-27,MANDI034,Maize,427.24
2026-07-27,MANDI035,Maize,117.54
2026-07-27,MANDI036,Sugarcane,424.13
2026-07-27,MANDI037,Wheat,34.2
2026-07-27,MANDI039,Cotton,333.02
2026-07-27,MANDI039,Maize,435.33
2026-07-27,MANDI039,Mustard,97.54
2026-07-27,MANDI039,Wheat,320.49
2026-07-27,MANDI040,Sugarcane,316.32
2026-07-27,MANDI041,Cotton,801.8
2026-07-27,MANDI041,Maize,164.15
2026-07-27,MANDI041,Rice,184.74
2026-07-27,MANDI042,Wheat,460.53
2026-07-27,MANDI043,Sugarcane,474.0
2026-07-27,MANDI044,Sugarcane,288.56
2026-07-27,MANDI045,Maize,206.88
2026-07-27,MANDI046,Mustard,65.03999999999999
2026-07-27,MANDI047,Rice,82.86
2026-07-27,MANDI047,Sugarcane,192.81
2026-07-27,MANDI047,Wheat,15.71
2026-07-27,MANDI048,Narma,499.98
2026-07-27,MANDI049,Cotton,16.51
2026-07-27,MANDI049,Maize,332.93999999999994
2026-07-27,MANDI049,Narma,425.78
2026-07-27,MANDI049,Rice,224.08
2026-07-27,MANDI050,Narma,212.14
2026-07-27,MANDI050,Sugarcane,470.37
2026-07-27,MANDI053,Mustard,40.29
2026-07-27,MANDI054,Rice,142.34
2026-07-27,MANDI055,Basmati,51.1
2026-07-27,MANDI055,Maize,475.81
2026-07-27,MANDI055,Narma,233.08
2026-07-27,MANDI055,Sugarcane,684.53
2026-07-27,MANDI057,Rice,329.39
2026-07-27,MANDI057,Sugarcane,329.43
2026-07-28,MANDI001,Mustard,435.33
2026-07-28,MANDI001,Rice,149.01999999999998
2026-07-28,MANDI002,Mustard,856.4300000000001
2026-07-28,MANDI003,Cotton,348.29999999999995
2026-07-28,MANDI003,Mustard,451.65
2026-07-28,MANDI003,Sugarcane,394.47
2026-07-28,MANDI004,Sugarcane,328.14
2026-07-28,MANDI006,Mustard,363.28
2026-07-28,MANDI008,Wheat,309.03
2026-07-28,MANDI010,Mustard,89.04
2026-07-28,MANDI010,Rice,393.08
2026-07-28,MANDI010,Wheat,916.4
2026-07-28,MANDI011,Wheat,408.82
2026-07-28,MANDI012,Maize,353.68
2026-07-28,MANDI012,Sugarcane,89.68
2026-07-28,MANDI013,Maize,28.68
2026-07-28,MANDI014,Maize,151.84
2026-07-28,MANDI017,Sugarcane,70.64
2026-07-28,MANDI018,Maize,462.47
2026-07-28,MANDI018,Mustard,248.45
2026-07-28,MANDI019,Maize,415.2
2026-07-28,MANDI020,Sugarcane,523.5699999999999
2026-07-28,MANDI023,Maize,388.17
2026-07-28,MANDI024,Maize,157.22
2026-07-28,MANDI026,Cotton,49.33
2026-07-28,MANDI027,Cotton,243.84
2026-07-28,MANDI028,Wheat,154.19
2026-07-28,MANDI029,Mustard,409.97
2026-07-28,MANDI030,Sugarcane,122.96
2026-07-28,MANDI031,Cotton,310.32
2026-07-28,MANDI032,Rice,394.89
2026-07-28,MANDI032,Wheat,119.54
2026-07-28,MANDI033,Cotton,131.87
2026-07-28,MANDI033,Mustard,133.75
2026-07-28,MANDI036,Sugarcane,268.11
2026-07-28,MANDI039,Maize,134.89
2026-07-28,MANDI039,Narma,337.14
2026-07-28,MANDI040,Cotton,388.15
2026-07-28,MANDI040,Rice,19.07
2026-07-28,MANDI043,Rice,198.47000000000003
2026-07-28,MANDI044,Maize,297.61
2026-07-28,MANDI044,Sugarcane,184.0
2026-07-28,MANDI045,Cotton,217.94
2026-07-28,MANDI045,Wheat,682.95
2026-07-28,MANDI047,Sugarcane,378.91
2026-07-28,MANDI048,Cotton,184.68
2026-07-28,MANDI048,Maize,446.97
2026-07-28,MANDI048,Rice,86.25
2026-07-28,MANDI049,Mustard,122.09
2026-07-28,MANDI050,Cotton,613.63
2026-07-28,MANDI050,Mustard,279.7
2026-07-28,MANDI050,Rice,35.25
2026-07-28,MANDI051,Maize,277.19
2026-07-28,MANDI052,Cotton,219.65
2026-07-28,MANDI053,Maize,242.83
2026-07-28,MANDI053,Narma,49.58
2026-07-28,MANDI054,Maize,113.28
2026-07-28,MANDI054,Wheat,317.2
2026-07-28,MANDI055,Sugarcane,37.85
2026-07-28,MANDI055,Wheat,267.14
2026-07-28,MANDI057,Cotton,339.72
2026-07-28,MANDI057,Mustard,482.14000000000004
2026-07-29,MANDI001,Basmati,201.95
2026-07-29,MANDI001,Mustard,491.03
2026-07-29,MANDI001,Narma,469.16
2026-07-29,MANDI001,Rice,581.45
2026-07-29,MANDI002,Mustard,189.51
2026-07-29,MANDI003,Maize,395.67
2026-07-29,MANDI003,Sugarcane,637.86
2026-07-29,MANDI005,Rice,163.6
2026-07-29,MANDI005,Wheat,30.3
2026-07-29,MANDI006,Cotton,75.95
2026-07-29,MANDI008,Maize,21.19
2026-07-29,MANDI009,Rice,196.96
2026-07-29,MANDI011,Mustard,277.6
2026-07-29,MANDI012,Rice,237.47
2026-07-29,MANDI013,Mustard,431.54
2026-07-29,MANDI015,Maize,177.73
2026-07-29,MANDI016,Rice,415.45
2026-07-29,MANDI016,Sugarcane,50.9
2026-07-29,MANDI016,Wheat,174.89
2026-07-29,MANDI018,Wheat,466.16
2026-07-29,MANDI019,Mustard,326.35
2026-07-29,MANDI019,Rice,393.35
2026-07-29,MANDI020,Mustard,499.51
2026-07-29,MANDI020,Rice,297.07
2026-07-29,MANDI020,Sugarcane,433.99
2026-07-29,MANDI021,Narma,65.56
2026-07-29,MANDI023,Mustard,157.56
2026-07-29,MANDI023,Wheat,60.86
2026-07-29,MANDI024,Wheat,56.83
2026-07-29,MANDI025,Mustard,253.56
2026-07-29,MANDI025,Sugarcane,48.85
2026-07-29,MANDI026,Wheat,161.02
2026-07-29,MANDI027,Cotton,237.44
2026-07-29,MANDI027,Wheat,185.26
2026-07-29,MANDI029,Mustard,35.19
2026-07-29,MANDI031,Mustard,260.92
2026-07-29,MANDI031,Wheat,275.59000000000003
2026-07-29,MANDI032,Rice,310.34
2026-07-29,MANDI036,Maize,386.4500000000001
2026-07-29,MANDI036,Mustard,149.82
2026-07-29,MANDI036,Wheat,265.15
2026-07-29,MANDI039,Cotton,267.71000000000004
2026-07-29,MANDI041,Maize,368.69
2026-07-29,MANDI041,Mustard,442.01
2026-07-29,MANDI042,Maize,209.74
2026-07-29,MANDI042,Mustard,363.47
2026-07-29,MANDI042,Wheat,425.9
2026-07-29,MANDI043,Maize,375.56
2026-07-29,MANDI043,Rice,90.56
2026-07-29,MANDI045,Sugarcane,414.1
2026-07-29,MANDI046,Maize,713.77
2026-07-29,MANDI046,Sugarcane,423.92
2026-07-29,MANDI047,Rice,250.31
2026-07-29,MANDI048,Mustard,215.45
2026-07-29,MANDI049,Cotton,374.36
2026-07-29,MANDI049,Sugarcane,214.46
2026-07-29,MANDI050,Rice,176.26
2026-07-29,MANDI051,Cotton,261.11
2026-07-29,MANDI051,Sugarcane,384.18
2026-07-29,MANDI052,Maize,382.24
2026-07-29,MANDI053,Mustard,225.5
2026-07-29,MANDI054,Cotton,51.06
2026-07-29,MANDI054,Mustard,53.09
2026-07-29,MANDI054,Rice,423.75
2026-07-29,MANDI054,Wheat,476.76
2026-07-29,MANDI055,Rice,83.91
2026-07-30,MANDI001,Maize,213.06
2026-07-30,MANDI002,Mustard,29.5
2026-07-30,MANDI003,Sugarcane,377.01
2026-07-30,MANDI003,Wheat,425.44
2026-07-30,MANDI004,Sugarcane,168.06
2026-07-30,MANDI004,Wheat,100.68
2026-07-30,MANDI005,Cotton,328.2
2026-07-30,MANDI005,Maize,427.17
2026-07-30,MANDI007,Wheat,410.15
2026-07-30,MANDI008,Wheat,426.4
2026-07-30,MANDI009,Rice,52.52
2026-07-30,MANDI010,Maize,481.08
2026-07-30,MANDI010,Rice,384.24
2026-07-30,MANDI011,Cotton,593.2
2026-07-30,MANDI011,Wheat,455.47
2026-07-30,MANDI012,Maize,493.12
2026-07-30,MANDI012,Wheat,41.17
2026-07-30,MANDI013,Cotton,249.82
2026-07-30,MANDI013,Rice,477.02
2026-07-30,MANDI014,Narma,289.84
2026-07-30,MANDI014,Rice,320.38
2026-07-30,MANDI015,Mustard,57.5
2026-07-30,MANDI016,Sugarcane,403.9
2026-07-30,MANDI017,Cotton,393.78
2026-07-30,MANDI018,Basmati,387.75
2026-07-30,MANDI018,Wheat,732.21
2026-07-30,MANDI020,Wheat,473.57
2026-07-30,MANDI021,Sugarcane,213.6
2026-07-30,MANDI022,Cotton,308.84
2026-07-30,MANDI022,Sugarcane,307.11
2026-07-30,MANDI023,Cotton,382.57
2026-07-30,MANDI024,Mustard,458.84
2026-07-30,MANDI024,Wheat,233.8
2026-07-30,MANDI027,Cotton,421.78
2026-07-30,MANDI027,Rice,281.9
2026-07-30,MANDI029,Rice,335.56
2026-07-30,MANDI030,Mustard,301.49
2026-07-30,MANDI032,Rice,76.97
2026-07-30,MANDI033,Maize,358.95
2026-07-30,MANDI033,Rice,250.07
2026-07-30,MANDI034,Maize,226.35
2026-07-30,MANDI037,Sugarcane,43.53
2026-07-30,MANDI039,Sugarcane,594.11
2026-07-30,MANDI040,Cotton,133.0
2026-07-30,MANDI040,Maize,215.69
2026-07-30,MANDI040,Rice,175.14
2026-07-30,MANDI040,Wheat,417.68
2026-07-30,MANDI041,Maize,63.62
2026-07-30,MANDI041,Rice,153.69
2026-07-30,MANDI041,Sugarcane,740.55
2026-07-30,MANDI041,Wheat,176.34
2026-07-30,MANDI042,Mustard,119.37
2026-07-30,MANDI043,Cotton,315.15
2026-07-30,MANDI043,Maize,129.36
2026-07-30,MANDI043,Mustard,234.29
2026-07-30,MANDI043,Wheat,175.69
2026-07-30,MANDI044,Rice,497.5
2026-07-30,MANDI045,Mustard,412.67
2026-07-30,MANDI047,Mustard,431.5
2026-07-30,MANDI047,Sugarcane,291.55
2026-07-30,MANDI048,Cotton,318.07
2026-07-30,MANDI048,Sugarcane,538.2
2026-07-30,MANDI049,Sugarcane,74.05
2026-07-30,MANDI050,Narma,445.51
2026-07-30,MANDI050,Wheat,108.29
2026-07-30,MANDI051,Cotton,73.98
2026-07-30,MANDI053,Sugarcane,55.93
2026-07-30,MANDI053,Wheat,375.9
2026-07-30,MANDI055,Mustard,55.65
2026-07-30,MANDI055,Rice,406.67
2026-07-30,MANDI056,Maize,229.07
2026-07-30,MANDI056,Mustard,297.24
2026-07-30,MANDI056,Rice,92.22
2026-07-30,MANDI057,Wheat,226.95
2026-07-31,MANDI001,Mustard,146.5
2026-07-31,MANDI001,Sugarcane,57.74
2026-07-31,MANDI004,Maize,294.13
2026-07-31,MANDI005,Mustard,50.34
2026-07-31,MANDI005,Rice,143.32
2026-07-31,MANDI006,Cotton,138.53
2026-07-31,MANDI006,Maize,492.06
2026-07-31,MANDI007,Cotton,67.93
2026-07-31,MANDI007,Rice,471.48
2026-07-31,MANDI009,Sugarcane,153.1
2026-07-31,MANDI009,Wheat,307.46
2026-07-31,MANDI010,Rice,421.18
2026-07-31,MANDI011,Maize,358.22
2026-07-31,MANDI012,Basmati,761.9100000000001
2026-07-31,MANDI012,Mustard,429.46
2026-07-31,MANDI012,Sugarcane,110.81
2026-07-31,MANDI013,Sugarcane,403.89
2026-07-31,MANDI014,Mustard,275.81
2026-07-31,MANDI014,Wheat,393.23
2026-07-31,MANDI016,Basmati,219.46
2026-07-31,MANDI017,Sugarcane,467.58
2026-07-31,MANDI018,Mustard,488.38
2026-07-31,MANDI018,Rice,444.85
2026-07-31,MANDI019,Maize,417.12
2026-07-31,MANDI019,Rice,477.0
2026-07-31,MANDI020,Rice,341.61
2026-07-31,MANDI021,Wheat,315.34
2026-07-31,MANDI022,Maize,114.88
2026-07-31,MANDI022,Narma,286.53
2026-07-31,MANDI024,Cotton,231.12
2026-07-31,MANDI024,Rice,238.89
2026-07-31,MANDI025,Mustard,417.88
2026-07-31,MANDI026,Maize,382.38
2026-07-31,MANDI029,Mustard,283.11
2026-07-31,MANDI029,Sugarcane,131.93
2026-07-31,MANDI030,Mustard,355.01
2026-07-31,MANDI031,Maize,310.18
2026-07-31,MANDI031,Mustard,489.05
2026-07-31,MANDI032,Sugarcane,372.15
2026-07-31,MANDI033,Maize,24.81
2026-07-31,MANDI037,Maize,390.31
2026-07-31,MANDI037,Mustard,22.63
2026-07-31,MANDI037,Wheat,142.2
2026-07-31,MANDI039,Mustard,155.15
2026-07-31,MANDI042,Rice,400.74
2026-07-31,MANDI043,Narma,44.23
2026-07-31,MANDI043,Sugarcane,451.25
2026-07-31,MANDI043,Wheat,481.63
2026-07-31,MANDI045,Cotton,265.79999999999995
2026-07-31,MANDI045,Sugarcane,71.62
2026-07-31,MANDI048,Rice,472.8
2026-07-31,MANDI048,Sugarcane,230.77
2026-07-31,MANDI049,Maize,239.87
2026-07-31,MANDI049,Wheat,131.28
2026-07-31,MANDI050,Sugarcane,449.45
2026-07-31,MANDI052,Cotton,344.57
2026-07-31,MANDI052,Mustard,236.09
2026-07-31,MANDI053,Wheat,258.79
2026-07-31,MANDI055,Sugarcane,150.78
2026-07-31,MANDI055,Wheat,456.26
2026-07-31,MANDI056,Maize,480.14
2026-07-31,MANDI056,Sugarcane,274.54
2026-08-01,MANDI001,Cotton,142.17
2026-08-01,MANDI001,Mustard,214.02
2026-08-01,MANDI001,Wheat,459.87
2026-08-01,MANDI002,Rice,194.38
2026-08-01,MANDI002,Wheat,817.23
2026-08-01,MANDI006,Rice,455.96
2026-08-01,MANDI010,Cotton,224.13
2026-08-01,MANDI010,Sugarcane,113.92
2026-08-01,MANDI010,Wheat,13.31
2026-08-01,MANDI011,Maize,474.12
2026-08-01,MANDI011,Mustard,138.72
2026-08-01,MANDI011,Sugarcane,167.12
2026-08-01,MANDI012,Maize,251.19
2026-08-01,MANDI013,Wheat,179.33
2026-08-01,MANDI015,Sugarcane,97.78
2026-08-01,MANDI016,Cotton,235.53
2026-08-01,MANDI017,Maize,453.54
2026-08-01,MANDI017,Rice,339.02000000000004
2026-08-01,MANDI017,Wheat,18.0
2026-08-01,MANDI020,Mustard,396.01
2026-08-01,MANDI020,Wheat,398.29
2026-08-01,MANDI021,Wheat,439.57
2026-08-01,MANDI024,Wheat,311.64
2026-08-01,MANDI025,Mustard,398.28
2026-08-01,MANDI026,Basmati,133.73
2026-08-01,MANDI027,Wheat,37.69
2026-08-01,MANDI028,Mustard,463.69
2026-08-01,MANDI028,Wheat,152.14
2026-08-01,MANDI031,Mustard,88.41
2026-08-01,MANDI031,Sugarcane,397.85
2026-08-01,MANDI032,Sugarcane,291.77
2026-08-01,MANDI033,Narma,11.35
2026-08-01,MANDI033,Rice,472.37
2026-08-01,MANDI033,Wheat,343.0
2026-08-01,MANDI035,Rice,145.27
2026-08-01,MANDI036,Maize,404.87
2026-08-01,MANDI039,Cotton,474.62
2026-08-01,MANDI040,Mustard,435.59
2026-08-01,MANDI040,Rice,287.17
2026-08-01,MANDI041,Narma,356.97
2026-08-01,MANDI042,Basmati,270.15
2026-08-01,MANDI042,Wheat,289.06
2026-08-01,MANDI043,Sugarcane,175.55
2026-08-01,MANDI044,Cotton,198.77
2026-08-01,MANDI044,Maize,90.94
2026-08-01,MANDI044,Rice,304.59
2026-08-01,MANDI046,Wheat,250.8
2026-08-01,MANDI047,Maize,476.02
2026-08-01,MANDI047,Mustard,496.41
2026-08-01,MANDI047,Sugarcane,77.25
2026-08-01,MANDI047,Wheat,266.52
2026-08-01,MANDI048,Wheat,393.1
2026-08-01,MANDI050,Mustard,287.51
2026-08-01,MANDI051,Mustard,393.08
2026-08-01,MANDI051,Sugarcane,90.67
2026-08-01,MANDI052,Narma,224.88
2026-08-01,MANDI053,Rice,262.79
2026-08-01,MANDI054,Sugarcane,340.7
2026-08-01,MANDI055,Cotton,985.6300000000001
2026-08-01,MANDI055,Maize,215.71
2026-08-01,MANDI055,Mustard,154.41
2026-08-02,MANDI001,Sugarcane,366.8200000000001
2026-08-02,MANDI002,Rice,344.58
2026-08-02,MANDI003,Narma,44.41
2026-08-02,MANDI003,Sugarcane,365.52
2026-08-02,MANDI003,Wheat,161.3
2026-08-02,MANDI004,Cotton,72.61
2026-08-02,MANDI005,Cotton,429.69
2026-08-02,MANDI006,Maize,303.87
2026-08-02,MANDI006,Mustard,182.9
2026-08-02,MANDI006,Sugarcane,201.77
2026-08-02,MANDI008,Rice,37.53
2026-08-02,MANDI010,Maize,184.6
2026-08-02,MANDI010,Sugarcane,306.74
2026-08-02,MANDI011,Sugarcane,235.07
2026-08-02,MANDI012,Maize,181.39
2026-08-02,MANDI012,Mustard,684.89
2026-08-02,MANDI012,Wheat,218.55
2026-08-02,MANDI013,Mustard,82.96
2026-08-02,MANDI014,Maize,64.0
2026-08-02,MANDI016,Cotton,37.48
2026-08-02,MANDI017,Sugarcane,286.83
2026-08-02,MANDI018,Maize,822.48
2026-08-02,MANDI019,Narma,353.26
2026-08-02,MANDI020,Rice,80.86
2026-08-02,MANDI022,Cotton,282.76
2026-08-02,MANDI022,Maize,22.92
2026-08-02,MANDI024,Cotton,466.36
2026-08-02,MANDI026,Cotton,326.55
2026-08-02,MANDI028,Wheat,204.98
2026-08-02,MANDI029,Maize,250.73
2026-08-02,MANDI030,Maize,191.27
2026-08-02,MANDI031,Maize,686.25
2026-08-02,MANDI034,Sugarcane,397.91
2026-08-02,MANDI035,Maize,748.51
2026-08-02,MANDI035,Mustard,164.99
2026-08-02,MANDI036,Basmati,202.55
2026-08-02,MANDI036,Rice,185.06
2026-08-02,MANDI037,Maize,109.88
2026-08-02,MANDI039,Sugarcane,66.13
2026-08-02,MANDI040,Sugarcane,383.96
2026-08-02,MANDI040,Wheat,359.17
2026-08-02,MANDI041,Rice,274.95
2026-08-02,MANDI042,Maize,170.77
2026-08-02,MANDI043,Sugarcane,383.99
2026-08-02,MANDI045,Mustard,392.19
2026-08-02,MANDI045,Wheat,392.07
2026-08-02,MANDI047,Maize,53.11999999999999
2026-08-02,MANDI048,Maize,374.89
2026-08-02,MANDI048,Rice,372.46
2026-08-02,MANDI050,Maize,465.64
2026-08-02,MANDI051,Mustard,306.13
2026-08-02,MANDI053,Wheat,338.28
2026-08-02,MANDI054,Wheat,457.82
2026-08-02,MANDI055,Sugarcane,81.91
2026-08-02,MANDI055,Wheat,281.87
2026-08-02,MANDI056,Wheat,163.55
2026-08-03,MANDI002,Maize,302.77
2026-08-03,MANDI003,Cotton,50.28
2026-08-03,MANDI004,Mustard,314.23
2026-08-03,MANDI005,Mustard,374.14
2026-08-03,MANDI006,Cotton,360.84
2026-08-03,MANDI006,Maize,32.57
2026-08-03,MANDI006,Wheat,82.42
2026-08-03,MANDI007,Narma,337.47
2026-08-03,MANDI009,Maize,446.63
2026-08-03,MANDI010,Sugarcane,24.28
2026-08-03,MANDI011,Rice,320.18
2026-08-03,MANDI011,Wheat,306.15
2026-08-03,MANDI012,Maize,339.49
2026-08-03,MANDI012,Mustard,288.24
2026-08-03,MANDI012,Wheat,124.08
2026-08-03,MANDI014,Cotton,370.4
2026-08-03,MANDI014,Mustard,373.06
2026-08-03,MANDI014,Narma,196.89
2026-08-03,MANDI014,Sugarcane,425.66
2026-08-03,MANDI014,Wheat,277.22
2026-08-03,MANDI015,Mustard,182.71
2026-08-03,MANDI017,Maize,111.97
2026-08-03,MANDI017,Mustard,64.77
2026-08-03,MANDI017,Wheat,692.27
2026-08-03,MANDI018,Sugarcane,371.88
2026-08-03,MANDI019,Cotton,214.93
2026-08-03,MANDI019,Maize,388.0
2026-08-03,MANDI019,Mustard,546.0799999999999
2026-08-03,MANDI019,Sugarcane,417.49
2026-08-03,MANDI019,Wheat,259.64
2026-08-03,MANDI020,Maize,119.94
2026-08-03,MANDI020,Mustard,44.03
2026-08-03,MANDI022,Wheat,205.37
2026-08-03,MANDI023,Maize,264.16
2026-08-03,MANDI025,Maize,472.56
2026-08-03,MANDI026,Mustard,293.58
2026-08-03,MANDI026,Sugarcane,18.17
2026-08-03,MANDI028,Wheat,78.89
2026-08-03,MANDI029,Cotton,429.76
2026-08-03,MANDI029,Mustard,240.86
2026-08-03,MANDI032,Mustard,378.37
2026-08-03,MANDI033,Mustard,403.72
2026-08-03,MANDI033,Wheat,181.32
2026-08-03,MANDI034,Maize,194.19
2026-08-03,MANDI034,Sugarcane,278.5
2026-08-03,MANDI034,Wheat,384.06
2026-08-03,MANDI036,Wheat,201.85
2026-08-03,MANDI039,Maize,455.0
2026-08-03,MANDI041,Sugarcane,86.3
2026-08-03,MANDI042,Cotton,133.28
2026-08-03,MANDI042,Rice,125.86
2026-08-03,MANDI042,Sugarcane,61.91
2026-08-03,MANDI043,Cotton,483.85
2026-08-03,MANDI043,Wheat,465.37
2026-08-03,MANDI044,Mustard,101.52
2026-08-03,MANDI048,Sugarcane,59.86
2026-08-03,MANDI049,Cotton,94.47
2026-08-03,MANDI050,Cotton,288.67
2026-08-03,MANDI050,Wheat,111.77
2026-08-03,MANDI051,Maize,252.11
2026-08-03,MANDI052,Maize,76.07
2026-08-03,MANDI052,Mustard,383.12
2026-08-03,MANDI053,Cotton,383.35
2026-08-03,MANDI054,Maize,171.32
2026-08-03,MANDI054,Rice,206.91
2026-08-03,MANDI054,Wheat,74.19
2026-08-03,MANDI055,Cotton,389.28
2026-08-03,MANDI055,Maize,115.22
2026-08-03,MANDI055,Wheat,271.2
2026-08-03,MANDI056,Rice,366.03
2026-08-03,MANDI057,Maize,32.8
2026-08-04,MANDI003,Cotton,30.45
2026-08-04,MANDI003,Rice,215.28
2026-08-04,MANDI004,Rice,171.32
2026-08-04,MANDI004,Sugarcane,371.02
2026-08-04,MANDI004,Wheat,303.56
2026-08-04,MANDI006,Maize,109.09
2026-08-04,MANDI007,Maize,418.67
2026-08-04,MANDI007,Mustard,150.97
2026-08-04,MANDI007,Rice,772.73
2026-08-04,MANDI008,Maize,269.68
2026-08-04,MANDI012,Basmati,408.0700000000001
2026-08-04,MANDI013,Maize,92.72
2026-08-04,MANDI014,Rice,403.87
2026-08-04,MANDI015,Wheat,484.99
2026-08-04,MANDI018,Cotton,249.23
2026-08-04,MANDI018,Maize,100.47
2026-08-04,MANDI018,Sugarcane,232.66
2026-08-04,MANDI019,Cotton,77.14
2026-08-04,MANDI019,Sugarcane,482.61
2026-08-04,MANDI020,Mustard,309.72
2026-08-04,MANDI020,Rice,207.94
2026-08-04,MANDI022,Rice,169.05
2026-08-04,MANDI024,Sugarcane,946.84
2026-08-04,MANDI024,Wheat,183.44
2026-08-04,MANDI025,Mustard,126.25
2026-08-04,MANDI026,Wheat,74.33
2026-08-04,MANDI028,Cotton,15.01
2026-08-04,MANDI028,Mustard,273.73
2026-08-04,MANDI029,Mustard,14.84
2026-08-04,MANDI030,Wheat,505.66999999999996
2026-08-04,MANDI031,Wheat,417.42
2026-08-04,MANDI032,Cotton,210.11
2026-08-04,MANDI032,Wheat,391.08000000000004
2026-08-04,MANDI033,Sugarcane,317.89
2026-08-04,MANDI034,Cotton,278.32
2026-08-04,MANDI035,Cotton,123.21
2026-08-04,MANDI035,Maize,280.04
2026-08-04,MANDI036,Maize,297.23
2026-08-04,MANDI036,Wheat,329.56
2026-08-04,MANDI038,Basmati,149.59
2026-08-04,MANDI038,Sugarcane,452.91
2026-08-04,MANDI039,Rice,108.36
2026-08-04,MANDI040,Mustard,131.08
2026-08-04,MANDI043,Maize,257.09
2026-08-04,MANDI043,Narma,354.98
2026-08-04,MANDI045,Wheat,223.13
2026-08-04,MANDI046,Mustard,286.39
2026-08-04,MANDI047,Rice,395.7
2026-08-04,MANDI047,Wheat,386.49
2026-08-04,MANDI048,Wheat,288.55
2026-08-04,MANDI049,Rice,75.13
2026-08-04,MANDI051,Basmati,183.66
2026-08-04,MANDI052,Sugarcane,129.98
2026-08-04,MANDI053,Maize,229.12
2026-08-04,MANDI053,Mustard,463.22
2026-08-04,MANDI054,Cotton,440.68
2026-08-04,MANDI054,Maize,203.67
2026-08-04,MANDI054,Wheat,405.13
2026-08-04,MANDI055,Rice,411.56
2026-08-04,MANDI055,Wheat,316.31
2026-08-04,MANDI056,Maize,92.07
2026-08-04,MANDI056,Mustard,278.11
2026-08-04,MANDI056,Rice,357.64000000000004
2026-08-04,MANDI057,Cotton,340.48
2026-08-05,MANDI001,Cotton,309.61
2026-08-05,MANDI001,Maize,315.97
2026-08-05,MANDI001,Mustard,61.02
2026-08-05,MANDI002,Rice,484.80999999999995
2026-08-05,MANDI004,Cotton,397.77
2026-08-05,MANDI006,Narma,56.18
2026-08-05,MANDI008,Maize,178.63
2026-08-05,MANDI008,Mustard,120.55
2026-08-05,MANDI010,Mustard,24.07
2026-08-05,MANDI010,Narma,369.34
2026-08-05,MANDI010,Rice,254.12
2026-08-05,MANDI011,Cotton,433.93
2026-08-05,MANDI011,Sugarcane,350.76
2026-08-05,MANDI012,Rice,497.23
2026-08-05,MANDI013,Wheat,303.42
2026-08-05,MANDI014,Wheat,48.07000000000001
2026-08-05,MANDI015,Maize,167.16
2026-08-05,MANDI016,Sugarcane,338.68
2026-08-05,MANDI019,Sugarcane,298.91
2026-08-05,MANDI020,Rice,448.74
2026-08-05,MANDI020,Sugarcane,317.13
2026-08-05,MANDI021,Mustard,344.65
2026-08-05,MANDI021,Rice,70.06
2026-08-05,MANDI021,Wheat,419.33
2026-08-05,MANDI022,Mustard,110.11
2026-08-05,MANDI022,Rice,241.14
2026-08-05,MANDI023,Narma,393.94
2026-08-05,MANDI023,Wheat,161.44
2026-08-05,MANDI024,Mustard,105.24
2026-08-05,MANDI025,Maize,236.63
2026-08-05,MANDI025,Wheat,49.31
2026-08-05,MANDI027,Wheat,266.01
2026-08-05,MANDI029,Maize,87.1
2026-08-05,MANDI029,Rice,118.12
2026-08-05,MANDI030,Cotton,52.72
2026-08-05,MANDI031,Sugarcane,434.15
2026-08-05,MANDI032,Rice,53.13000000000001
2026-08-05,MANDI034,Rice,214.36
2026-08-05,MANDI035,Sugarcane,276.69
2026-08-05,MANDI036,Cotton,832.0899999999999
2026-08-05,MANDI036,Mustard,271.26
2026-08-05,MANDI037,Sugarcane,515.36
2026-08-05,MANDI038,Cotton,398.23
2026-08-05,MANDI039,Cotton,260.12
2026-08-05,MANDI040,Rice,361.2900000000001
2026-08-05,MANDI041,Mustard,249.83
2026-08-05,MANDI042,Cotton,233.87
2026-08-05,MANDI043,Narma,406.4100000000001
2026-08-05,MANDI045,Maize,439.89
2026-08-05,MANDI046,Mustard,423.39
2026-08-05,MANDI046,Wheat,538.61
2026-08-05,MANDI047,Wheat,128.84
2026-08-05,MANDI048,Maize,160.18
2026-08-05,MANDI048,Mustard,393.62
2026-08-05,MANDI049,Sugarcane,283.09000000000003
2026-08-05,MANDI049,Wheat,257.96
2026-08-05,MANDI050,Sugarcane,478.66
2026-08-05,MANDI051,Cotton,108.65
2026-08-05,MANDI051,Sugarcane,190.64
2026-08-05,MANDI052,Mustard,433.15
2026-08-05,MANDI052,Sugarcane,191.31
2026-08-05,MANDI053,Maize,402.13
2026-08-05,MANDI055,Cotton,378.17
2026-08-05,MANDI055,Sugarcane,344.75
2026-08-05,MANDI056,Maize,27.64
2026-08-05,MANDI057,Cotton,350.51
2026-08-05,MANDI057,Wheat,397.43
2026-08-06,MANDI001,Maize,172.83999999999995
2026-08-06,MANDI002,Rice,407.62
2026-08-06,MANDI002,Sugarcane,191.74
2026-08-06,MANDI003,Wheat,495.6
2026-08-06,MANDI004,Rice,409.32
2026-08-06,MANDI004,Sugarcane,15.37
2026-08-06,MANDI004,Wheat,92.4
2026-08-06,MANDI005,Maize,336.46000000000004
2026-08-06,MANDI006,Sugarcane,209.16
2026-08-06,MANDI007,Wheat,384.61
2026-08-06,MANDI008,Wheat,77.63
2026-08-06,MANDI009,Maize,270.41
2026-08-06,MANDI009,Rice,348.11
2026-08-06,MANDI011,Mustard,686.46
2026-08-06,MANDI011,Wheat,681.0999999999999
2026-08-06,MANDI012,Maize,461.96
2026-08-06,MANDI012,Wheat,33.1
2026-08-06,MANDI015,Wheat,596.81
2026-08-06,MANDI017,Maize,426.1
2026-08-06,MANDI018,Maize,165.94
2026-08-06,MANDI018,Mustard,261.74
2026-08-06,MANDI019,Sugarcane,310.65000000000003
2026-08-06,MANDI020,Mustard,114.23
2026-08-06,MANDI020,Narma,435.97
2026-08-06,MANDI021,Maize,163.02
2026-08-06,MANDI021,Mustard,430.91
2026-08-06,MANDI022,Maize,495.98
2026-08-06,MANDI022,Rice,410.66
2026-08-06,MANDI022,Wheat,202.1
2026-08-06,MANDI024,Maize,74.85
2026-08-06,MANDI026,Basmati,146.51
2026-08-06,MANDI026,Mustard,344.53000000000003
2026-08-06,MANDI027,Cotton,139.0
2026-08-06,MANDI027,Wheat,487.31
2026-08-06,MANDI029,Cotton,244.25
2026-08-06,MANDI029,Sugarcane,280.05
2026-08-06,MANDI030,Maize,409.55
2026-08-06,MANDI030,Mustard,411.82
2026-08-06,MANDI032,Cotton,466.54
2026-08-06,MANDI032,Maize,377.85
2026-08-06,MANDI033,Cotton,357.70000000000005
2026-08-06,MANDI033,Maize,448.39
2026-08-06,MANDI033,Wheat,318.64
2026-08-06,MANDI034,Cotton,421.77
2026-08-06,MANDI034,Mustard,330.86
2026-08-06,MANDI034,Rice,370.82
2026-08-06,MANDI035,Sugarcane,15.05
2026-08-06,MANDI037,Mustard,206.49
2026-08-06,MANDI037,Sugarcane,271.06
2026-08-06,MANDI037,Wheat,41.5
2026-08-06,MANDI038,Wheat,177.95
2026-08-06,MANDI039,Mustard,425.73
2026-08-06,MANDI040,Cotton,78.2
2026-08-06,MANDI040,Wheat,326.79
2026-08-06,MANDI041,Cotton,78.26
2026-08-06,MANDI041,Sugarcane,256.67
2026-08-06,MANDI042,Cotton,40.2
2026-08-06,MANDI042,Wheat,442.28
2026-08-06,MANDI043,Cotton,223.19
2026-08-06,MANDI044,Mustard,88.38
2026-08-06,MANDI048,Cotton,70.73
2026-08-06,MANDI048,Mustard,189.15
2026-08-06,MANDI048,Wheat,246.19
2026-08-06,MANDI049,Basmati,17.150000000000002
2026-08-06,MANDI049,Mustard,499.77
2026-08-06,MANDI049,Sugarcane,734.3199999999999
2026-08-06,MANDI049,Wheat,490.78
2026-08-06,MANDI051,Maize,401.51
2026-08-06,MANDI052,Sugarcane,31.57
2026-08-06,MANDI053,Cotton,323.29
2026-08-06,MANDI053,Mustard,433.94
2026-08-06,MANDI053,Rice,538.85
2026-08-06,MANDI054,Maize,308.81
2026-08-06,MANDI054,Sugarcane,67.61
2026-08-06,MANDI055,Maize,284.21
2026-08-06,MANDI055,Sugarcane,157.81
2026-08-06,MANDI056,Sugarcane,695.19
2026-08-06,MANDI057,Rice,430.76
2026-08-06,MANDI057,Wheat,399.28
2026-08-07,MANDI001,Mustard,83.98
2026-08-07,MANDI002,Mustard,108.34
2026-08-07,MANDI003,Rice,79.34
2026-08-07,MANDI004,Rice,467.31
2026-08-07,MANDI005,Cotton,233.83
2026-08-07,MANDI005,Maize,450.57
2026-08-07,MANDI006,Cotton,211.48
2026-08-07,MANDI008,Basmati,462.88
2026-08-07,MANDI009,Mustard,351.81
2026-08-07,MANDI009,Rice,431.63
2026-08-07,MANDI012,Maize,88.88
2026-08-07,MANDI012,Mustard,50.63
2026-08-07,MANDI012,Sugarcane,614.93
2026-08-07,MANDI013,Maize,305.54
2026-08-07,MANDI013,Narma,410.92
2026-08-07,MANDI014,Mustard,214.82
2026-08-07,MANDI014,Wheat,572.94
2026-08-07,MANDI015,Sugarcane,96.04
2026-08-07,MANDI017,Sugarcane,54.75
2026-08-07,MANDI018,Rice,150.58
2026-08-07,MANDI019,Rice,324.21
2026-08-07,MANDI019,Sugarcane,231.96
2026-08-07,MANDI019,Wheat,430.52
2026-08-07,MANDI020,Cotton,229.67
2026-08-07,MANDI021,Sugarcane,87.01
2026-08-07,MANDI021,Wheat,96.25
2026-08-07,MANDI025,Sugarcane,140.23
2026-08-07,MANDI027,Maize,354.65
2026-08-07,MANDI027,Mustard,360.57
2026-08-07,MANDI027,Rice,160.62
2026-08-07,MANDI028,Wheat,304.78
2026-08-07,MANDI031,Rice,452.95
2026-08-07,MANDI032,Sugarcane,474.76
2026-08-07,MANDI034,Cotton,401.93
2026-08-07,MANDI035,Cotton,146.17
2026-08-07,MANDI035,Narma,465.99
2026-08-07,MANDI036,Wheat,342.29
2026-08-07,MANDI037,Maize,423.54
2026-08-07,MANDI037,Mustard,158.48
2026-08-07,MANDI037,Narma,63.03
2026-08-07,MANDI039,Rice,409.37
2026-08-07,MANDI040,Wheat,14.66
2026-08-07,MANDI041,Sugarcane,340.02
2026-08-07,MANDI042,Rice,285.97
2026-08-07,MANDI044,Narma,315.2
2026-08-07,MANDI045,Maize,404.23
2026-08-07,MANDI047,Narma,476.58
2026-08-07,MANDI048,Maize,479.85
2026-08-07,MANDI048,Mustard,412.05
2026-08-07,MANDI048,Rice,391.68
2026-08-07,MANDI049,Wheat,130.63
2026-08-07,MANDI050,Mustard,959.27
2026-08-07,MANDI050,Sugarcane,583.49
2026-08-07,MANDI051,Sugarcane,238.55
2026-08-07,MANDI052,Maize,441.81
2026-08-07,MANDI053,Cotton,92.63
2026-08-07,MANDI054,Mustard,305.13
2026-08-07,MANDI055,Cotton,491.08
2026-08-07,MANDI055,Rice,350.15
2026-08-07,MANDI055,Sugarcane,42.64
2026-08-07,MANDI056,Narma,354.28
2026-08-07,MANDI056,Wheat,252.42000000000002
2026-08-07,MANDI057,Cotton,300.34
2026-08-07,MANDI057,Sugarcane,685.64
2026-08-08,MANDI001,Sugarcane,313.99
2026-08-08,MANDI002,Cotton,88.06
2026-08-08,MANDI003,Cotton,163.91
2026-08-08,MANDI003,Mustard,493.4
2026-08-08,MANDI003,Wheat,313.91
2026-08-08,MANDI004,Sugarcane,294.61
2026-08-08,MANDI005,Basmati,228.77
2026-08-08,MANDI005,Cotton,344.13
2026-08-08,MANDI008,Maize,151.65
2026-08-08,MANDI008,Mustard,158.4
2026-08-08,MANDI009,Maize,420.72
2026-08-08,MANDI009,Mustard,82.14
2026-08-08,MANDI010,Rice,346.36
2026-08-08,MANDI011,Wheat,461.83
2026-08-08,MANDI012,Rice,436.14
2026-08-08,MANDI012,Sugarcane,318.86
2026-08-08,MANDI015,Mustard,151.6
2026-08-08,MANDI016,Cotton,184.89
2026-08-08,MANDI016,Mustard,416.94000000000005
2026-08-08,MANDI016,Narma,217.62
2026-08-08,MANDI017,Wheat,66.97
2026-08-08,MANDI020,Mustard,287.61
2026-08-08,MANDI020,Sugarcane,408.68
2026-08-08,MANDI022,Maize,589.93
2026-08-08,MANDI022,Sugarcane,506.52
2026-08-08,MANDI023,Wheat,469.87
2026-08-08,MANDI024,Mustard,12.8
2026-08-08,MANDI024,Sugarcane,359.28000000000003
2026-08-08,MANDI025,Cotton,85.65
2026-08-08,MANDI025,Maize,487.04
2026-08-08,MANDI026,Cotton,111.55
2026-08-08,MANDI027,Cotton,188.44
2026-08-08,MANDI027,Wheat,732.88
2026-08-08,MANDI028,Sugarcane,200.51
2026-08-08,MANDI028,Wheat,727.35
2026-08-08,MANDI029,Mustard,131.22
2026-08-08,MANDI029,Sugarcane,254.84000000000003
2026-08-08,MANDI031,Cotton,497.95
2026-08-08,MANDI031,Sugarcane,101.37
2026-08-08,MANDI032,Cotton,488.8
2026-08-08,MANDI033,Rice,204.3
2026-08-08,MANDI033,Sugarcane,312.57
2026-08-08,MANDI034,Cotton,62.14
2026-08-08,MANDI034,Wheat,265.71000000000004
2026-08-08,MANDI035,Mustard,118.32
2026-08-08,MANDI036,Rice,219.85
2026-08-08,MANDI036,Sugarcane,169.83
2026-08-08,MANDI042,Maize,192.71
2026-08-08,MANDI042,Sugarcane,276.17
2026-08-08,MANDI043,Sugarcane,632.9300000000001
2026-08-08,MANDI043,Wheat,259.94
2026-08-08,MANDI045,Mustard,319.19
2026-08-08,MANDI046,Mustard,296.61
2026-08-08,MANDI047,Rice,63.5
2026-08-08,MANDI047,Sugarcane,83.12
2026-08-08,MANDI049,Rice,222.13
2026-08-08,MANDI049,Sugarcane,136.51
2026-08-08,MANDI049,Wheat,101.87
2026-08-08,MANDI055,Cotton,316.18
2026-08-08,MANDI055,Mustard,49.35
2026-08-08,MANDI055,Wheat,76.24
2026-08-08,MANDI057,Cotton,268.56
2026-08-08,MANDI057,Maize,122.82
2026-08-08,MANDI057,Rice,43.19
2026-08-08,MANDI057,Wheat,177.02
2026-08-09,MANDI001,Mustard,12.0
2026-08-09,MANDI002,Rice,405.64
2026-08-09,MANDI002,Wheat,260.16
2026-08-09,MANDI003,Mustard,492.09
2026-08-09,MANDI003,Narma,64.15
2026-08-09,MANDI004,Mustard,286.0
2026-08-09,MANDI004,Sugarcane,152.48
2026-08-09,MANDI006,Maize,254.71
2026-08-09,MANDI006,Mustard,218.5
2026-08-09,MANDI007,Cotton,237.1
2026-08-09,MANDI007,Maize,236.34
2026-08-09,MANDI007,Mustard,417.26
2026-08-09,MANDI007,Wheat,384.72
2026-08-09,MANDI008,Wheat,52.41
2026-08-09,MANDI009,Maize,199.1
2026-08-09,MANDI010,Sugarcane,74.37
2026-08-09,MANDI012,Maize,438.68
2026-08-09,MANDI012,Mustard,46.28
2026-08-09,MANDI013,Rice,406.56
2026-08-09,MANDI013,Wheat,143.85
2026-08-09,MANDI014,Cotton,278.88
2026-08-09,MANDI014,Wheat,162.34
2026-08-09,MANDI015,Rice,149.38
2026-08-09,MANDI016,Sugarcane,283.96
2026-08-09,MANDI017,Sugarcane,177.29
2026-08-09,MANDI017,Wheat,95.31
2026-08-09,MANDI018,Maize,342.89
2026-08-09,MANDI018,Mustard,391.82
2026-08-09,MANDI018,Rice,266.99
2026-08-09,MANDI018,Sugarcane,226.5
2026-08-09,MANDI019,Maize,57.8
2026-08-09,MANDI019,Wheat,418.04
2026-08-09,MANDI020,Rice,495.38
2026-08-09,MANDI022,Rice,54.97
2026-08-09,MANDI022,Sugarcane,92.08
2026-08-09,MANDI023,Maize,421.35
2026-08-09,MANDI023,Sugarcane,398.05
2026-08-09,MANDI024,Maize,187.88
2026-08-09,MANDI024,Mustard,101.58
2026-08-09,MANDI025,Maize,786.54
2026-08-09,MANDI026,Maize,314.21
2026-08-09,MANDI027,Mustard,447.07
2026-08-09,MANDI028,Maize,272.1
2026-08-09,MANDI028,Narma,324.08
2026-08-09,MANDI028,Rice,282.93
2026-08-09,MANDI028,Sugarcane,46.47
2026-08-09,MANDI029,Rice,275.24
2026-08-09,MANDI029,Sugarcane,147.92
2026-08-09,MANDI030,Mustard,364.95
2026-08-09,MANDI032,Sugarcane,353.89
2026-08-09,MANDI034,Cotton,390.32
2026-08-09,MANDI036,Maize,267.26
2026-08-09,MANDI037,Basmati,11.45
2026-08-09,MANDI037,Sugarcane,707.4000000000001
2026-08-09,MANDI039,Maize,214.46
2026-08-09,MANDI039,Rice,260.06
2026-08-09,MANDI039,Sugarcane,77.03
2026-08-09,MANDI040,Narma,333.44
2026-08-09,MANDI041,Narma,493.8
2026-08-09,MANDI041,Wheat,388.36
2026-08-09,MANDI042,Rice,42.09
2026-08-09,MANDI044,Rice,917.84
2026-08-09,MANDI045,Mustard,596.12
2026-08-09,MANDI045,Wheat,393.93
2026-08-09,MANDI046,Rice,153.24
2026-08-09,MANDI046,Wheat,373.49
2026-08-09,MANDI047,Mustard,92.71
2026-08-09,MANDI048,Maize,333.07
2026-08-09,MANDI048,Sugarcane,102.77
2026-08-09,MANDI049,Basmati,477.12
2026-08-09,MANDI049,Rice,355.99
2026-08-09,MANDI050,Rice,313.28
2026-08-09,MANDI050,Wheat,285.25
2026-08-09,MANDI051,Maize,94.87
2026-08-09,MANDI051,Rice,250.37
2026-08-09,MANDI051,Wheat,110.99
2026-08-09,MANDI054,Sugarcane,43.15
2026-08-09,MANDI055,Narma,189.29
2026-08-09,MANDI056,Rice,219.64
2026-08-09,MANDI057,Cotton,261.15
2026-08-09,MANDI057,Maize,230.31
2026-08-10,MANDI004,Rice,210.09
2026-08-10,MANDI005,Sugarcane,412.17
2026-08-10,MANDI006,Wheat,219.8
2026-08-10,MANDI007,Rice,460.91
2026-08-10,MANDI007,Wheat,382.88
2026-08-10,MANDI009,Maize,109.79
2026-08-10,MANDI012,Cotton,97.99
2026-08-10,MANDI013,Cotton,158.25
2026-08-10,MANDI015,Cotton,249.7
2026-08-10,MANDI015,Maize,431.7
2026-08-10,MANDI017,Sugarcane,398.4
2026-08-10,MANDI020,Cotton,47.99
2026-08-10,MANDI021,Cotton,491.15
2026-08-10,MANDI024,Cotton,41.75
2026-08-10,MANDI024,Wheat,471.26
2026-08-10,MANDI025,Maize,290.4
2026-08-10,MANDI031,Maize,288.15
2026-08-10,MANDI031,Wheat,395.45
2026-08-10,MANDI032,Cotton,330.3
2026-08-10,MANDI032,Narma,44.24
2026-08-10,MANDI037,Mustard,326.9
2026-08-10,MANDI039,Wheat,164.91
2026-08-10,MANDI040,Rice,168.65
2026-08-10,MANDI044,Mustard,366.48
2026-08-10,MANDI045,Cotton,274.07
2026-08-10,MANDI045,Mustard,419.63
2026-08-10,MANDI047,Mustard,479.04
2026-08-10,MANDI047,Wheat,193.17
2026-08-10,MANDI048,Sugarcane,133.67
2026-08-10,MANDI048,Wheat,169.97
2026-08-10,MANDI049,Cotton,24.59
2026-08-10,MANDI050,Basmati,419.37
2026-08-10,MANDI050,Mustard,352.8
2026-08-10,MANDI051,Mustard,660.58
2026-08-10,MANDI052,Maize,413.92
2026-08-10,MANDI054,Mustard,135.3
2026-08-11,MANDI001,Wheat,148.2
2026-08-11,MANDI004,Cotton,421.19
2026-08-11,MANDI005,Maize,217.11
2026-08-11,MANDI005,Mustard,322.3399999999999
2026-08-11,MANDI007,Mustard,19.23
2026-08-11,MANDI008,Mustard,384.48
2026-08-11,MANDI009,Wheat,30.78
2026-08-11,MANDI011,Rice,358.8
2026-08-11,MANDI011,Sugarcane,335.57
2026-08-11,MANDI016,Maize,143.07
2026-08-11,MANDI016,Rice,498.0
2026-08-11,MANDI016,Sugarcane,192.64
2026-08-11,MANDI018,Rice,71.19
2026-08-11,MANDI020,Sugarcane,122.22
2026-08-11,MANDI021,Mustard,142.16
2026-08-11,MANDI021,Narma,246.42
2026-08-11,MANDI022,Wheat,445.33
2026-08-11,MANDI029,Mustard,443.7
2026-08-11,MANDI030,Basmati,156.7
2026-08-11,MANDI032,Maize,341.8
2026-08-11,MANDI033,Mustard,231.93
2026-08-11,MANDI038,Rice,116.43
2026-08-11,MANDI039,Sugarcane,107.86
2026-08-11,MANDI040,Wheat,182.98
2026-08-11,MANDI041,Cotton,293.87
2026-08-11,MANDI043,Narma,434.86
2026-08-11,MANDI043,Sugarcane,143.21
2026-08-11,MANDI047,Maize,414.09
2026-08-11,MANDI048,Wheat,52.72
2026-08-11,MANDI049,Sugarcane,98.65
2026-08-11,MANDI053,Rice,138.09
2026-08-11,MANDI056,Sugarcane,347.05
2026-08-11,MANDI057,Wheat,579.81
2026-08-12,MANDI003,Maize,206.4
2026-08-12,MANDI003,Mustard,222.42
2026-08-12,MANDI005,Sugarcane,208.28
2026-08-12,MANDI006,Wheat,379.27
2026-08-12,MANDI008,Sugarcane,183.06
2026-08-12,MANDI010,Cotton,485.19
2026-08-12,MANDI012,Wheat,349.97
2026-08-12,MANDI015,Maize,134.92
2026-08-12,MANDI016,Maize,137.19
2026-08-12,MANDI017,Maize,266.59
2026-08-12,MANDI018,Mustard,434.28
2026-08-12,MANDI019,Mustard,397.25
2026-08-12,MANDI019,Sugarcane,373.93
2026-08-12,MANDI021,Wheat,237.04
2026-08-12,MANDI024,Sugarcane,384.74
2026-08-12,MANDI024,Wheat,300.52
2026-08-12,MANDI026,Maize,450.35
2026-08-12,MANDI027,Cotton,307.48
2026-08-12,MANDI035,Sugarcane,407.49
2026-08-12,MANDI036,Mustard,295.33
2026-08-12,MANDI045,Cotton,161.72
2026-08-12,MANDI046,Cotton,87.34
2026-08-12,MANDI046,Maize,168.14
2026-08-12,MANDI048,Cotton,398.92
2026-08-12,MANDI051,Sugarcane,386.67
2026-08-12,MANDI054,Cotton,235.05
2026-08-12,MANDI054,Narma,347.92
2026-08-12,MANDI055,Mustard,61.97
2026-08-12,MANDI057,Cotton,337.25
2026-08-12,MANDI057,Rice,278.29
2026-08-13,MANDI002,Maize,231.87
2026-08-13,MANDI002,Rice,420.67
2026-08-13,MANDI003,Mustard,186.46
2026-08-13,MANDI003,Sugarcane,395.8
2026-08-13,MANDI004,Wheat,111.18
2026-08-13,MANDI005,Maize,422.93
2026-08-13,MANDI006,Rice,260.98
2026-08-13,MANDI007,Maize,757.49
2026-08-13,MANDI007,Mustard,604.61
2026-08-13,MANDI008,Cotton,309.49
2026-08-13,MANDI008,Mustard,487.76
2026-08-13,MANDI009,Maize,266.71
2026-08-13,MANDI009,Sugarcane,493.18
2026-08-13,MANDI009,Wheat,412.1
2026-08-13,MANDI010,Wheat,397.5
2026-08-13,MANDI011,Cotton,346.72
2026-08-13,MANDI011,Mustard,486.91
2026-08-13,MANDI011,Wheat,282.01
2026-08-13,MANDI012,Mustard,302.94
2026-08-13,MANDI012,Wheat,427.13
2026-08-13,MANDI013,Mustard,638.0999999999999
2026-08-13,MANDI015,Maize,351.44
2026-08-13,MANDI015,Wheat,15.44
2026-08-13,MANDI016,Maize,403.42
2026-08-13,MANDI016,Mustard,30.52
2026-08-13,MANDI017,Maize,160.79
2026-08-13,MANDI017,Wheat,397.19
2026-08-13,MANDI018,Sugarcane,165.32
2026-08-13,MANDI020,Wheat,79.02
2026-08-13,MANDI021,Mustard,244.85
2026-08-13,MANDI022,Rice,438.21
2026-08-13,MANDI022,Sugarcane,44.71
2026-08-13,MANDI024,Mustard,207.71
2026-08-13,MANDI024,Wheat,101.75
2026-08-13,MANDI025,Cotton,392.72
2026-08-13,MANDI025,Mustard,362.75
2026-08-13,MANDI025,Wheat,118.32
2026-08-13,MANDI026,Basmati,85.61
2026-08-13,MANDI027,Sugarcane,309.46
2026-08-13,MANDI028,Maize,157.2
2026-08-13,MANDI029,Sugarcane,299.36
2026-08-13,MANDI030,Cotton,131.8
2026-08-13,MANDI030,Wheat,312.66
2026-08-13,MANDI031,Mustard,146.45
2026-08-13,MANDI031,Rice,281.66
2026-08-13,MANDI031,Sugarcane,204.72000000000003
2026-08-13,MANDI032,Wheat,163.56
2026-08-13,MANDI033,Wheat,264.68
2026-08-13,MANDI034,Maize,398.59
2026-08-13,MANDI034,Sugarcane,114.83
2026-08-13,MANDI035,Rice,304.84
2026-08-13,MANDI035,Sugarcane,457.66
2026-08-13,MANDI036,Maize,442.81
2026-08-13,MANDI038,Cotton,311.86
2026-08-13,MANDI038,Mustard,234.62
2026-08-13,MANDI039,Maize,464.46
2026-08-13,MANDI040,Wheat,94.21
2026-08-13,MANDI041,Mustard,56.27
2026-08-13,MANDI041,Sugarcane,200.15
2026-08-13,MANDI041,Wheat,365.11
2026-08-13,MANDI042,Rice,196.27
2026-08-13,MANDI043,Sugarcane,450.86
2026-08-13,MANDI045,Cotton,264.5
2026-08-13,MANDI046,Wheat,288.08
2026-08-13,MANDI047,Rice,812.6099999999999
2026-08-13,MANDI049,Rice,535.4300000000001
2026-08-13,MANDI050,Maize,244.59
2026-08-13,MANDI052,Maize,375.15
2026-08-13,MANDI052,Mustard,453.4
2026-08-13,MANDI053,Maize,107.37
2026-08-13,MANDI053,Sugarcane,102.64
2026-08-13,MANDI054,Maize,404.48
2026-08-13,MANDI055,Mustard,242.25
2026-08-13,MANDI056,Sugarcane,455.85
2026-08-13,MANDI057,Mustard,344.28
2026-08-13,MANDI057,Wheat,48.18
2026-08-14,MANDI002,Rice,121.18
2026-08-14,MANDI005,Mustard,72.47
2026-08-14,MANDI005,Sugarcane,224.05
2026-08-14,MANDI006,Cotton,173.72999999999996
2026-08-14,MANDI006,Maize,258.12
2026-08-14,MANDI006,Mustard,205.46
2026-08-14,MANDI006,Rice,234.54
2026-08-14,MANDI008,Mustard,338.31
2026-08-14,MANDI009,Cotton,262.53
2026-08-14,MANDI009,Maize,229.29
2026-08-14,MANDI010,Mustard,93.28
2026-08-14,MANDI015,Maize,138.31
2026-08-14,MANDI015,Wheat,93.66
2026-08-14,MANDI016,Maize,294.87
2026-08-14,MANDI016,Rice,263.91
2026-08-14,MANDI017,Mustard,335.25
2026-08-14,MANDI017,Sugarcane,478.2
2026-08-14,MANDI019,Mustard,31.4
2026-08-14,MANDI020,Maize,275.95
2026-08-14,MANDI020,Mustard,456.33000000000004
2026-08-14,MANDI021,Cotton,50.8
2026-08-14,MANDI021,Maize,43.87
2026-08-14,MANDI022,Maize,268.7
2026-08-14,MANDI023,Cotton,240.58
2026-08-14,MANDI024,Maize,873.9200000000001
2026-08-14,MANDI026,Mustard,262.98
2026-08-14,MANDI026,Sugarcane,507.46000000000004
2026-08-14,MANDI027,Wheat,423.94
2026-08-14,MANDI028,Rice,385.92
2026-08-14,MANDI029,Sugarcane,325.19
2026-08-14,MANDI030,Maize,39.46
2026-08-14,MANDI031,Basmati,192.21
2026-08-14,MANDI031,Mustard,618.03
2026-08-14,MANDI033,Rice,36.06
2026-08-14,MANDI033,Wheat,246.78
2026-08-14,MANDI034,Rice,11.25
2026-08-14,MANDI035,Mustard,354.7
2026-08-14,MANDI036,Mustard,477.7600000000001
2026-08-14,MANDI036,Sugarcane,143.84
2026-08-14,MANDI037,Maize,136.14
2026-08-14,MANDI038,Maize,88.62
2026-08-14,MANDI038,Rice,395.95
2026-08-14,MANDI039,Wheat,242.21
2026-08-14,MANDI040,Wheat,222.86
2026-08-14,MANDI041,Cotton,400.67
2026-08-14,MANDI042,Sugarcane,455.03
2026-08-14,MANDI042,Wheat,31.46
2026-08-14,MANDI043,Sugarcane,182.65
2026-08-14,MANDI044,Maize,259.86
2026-08-14,MANDI044,Wheat,422.42
2026-08-14,MANDI045,Mustard,482.37
2026-08-14,MANDI045,Narma,315.13
2026-08-14,MANDI046,Wheat,310.36
2026-08-14,MANDI047,Mustard,414.91
2026-08-14,MANDI047,Rice,269.52
2026-08-14,MANDI049,Maize,424.78
2026-08-14,MANDI050,Rice,59.95
2026-08-14,MANDI055,Mustard,419.97
2026-08-14,MANDI055,Sugarcane,454.04
2026-08-14,MANDI056,Wheat,36.62
2026-08-14,MANDI057,Sugarcane,176.03
2026-08-14,MANDI057,Wheat,369.63
2026-08-15,MANDI001,Maize,373.56
2026-08-15,MANDI001,Sugarcane,284.07
2026-08-15,MANDI003,Maize,143.39
2026-08-15,MANDI003,Mustard,142.95
2026-08-15,MANDI003,Rice,322.92
2026-08-15,MANDI005,Cotton,154.15
2026-08-15,MANDI005,Wheat,224.02
2026-08-15,MANDI007,Maize,377.29
2026-08-15,MANDI007,Rice,350.9
2026-08-15,MANDI008,Rice,207.4
2026-08-15,MANDI009,Sugarcane,679.02
2026-08-15,MANDI010,Cotton,334.89
2026-08-15,MANDI010,Rice,497.18
2026-08-15,MANDI011,Mustard,231.83
2026-08-15,MANDI012,Mustard,432.44
2026-08-15,MANDI013,Mustard,66.35
2026-08-15,MANDI014,Mustard,278.12
2026-08-15,MANDI014,Wheat,73.36
2026-08-15,MANDI015,Maize,277.57
2026-08-15,MANDI018,Sugarcane,146.06
2026-08-15,MANDI019,Maize,436.74
2026-08-15,MANDI019,Wheat,286.88
2026-08-15,MANDI020,Maize,316.88
2026-08-15,MANDI020,Sugarcane,501.6
2026-08-15,MANDI020,Wheat,99.71
2026-08-15,MANDI022,Sugarcane,165.83
2026-08-15,MANDI024,Cotton,810.3199999999999
2026-08-15,MANDI024,Mustard,349.78
2026-08-15,MANDI026,Maize,482.01
2026-08-15,MANDI026,Sugarcane,33.14
2026-08-15,MANDI027,Sugarcane,178.78
2026-08-15,MANDI027,Wheat,379.5
2026-08-15,MANDI028,Maize,157.33
2026-08-15,MANDI029,Maize,119.96000000000001
2026-08-15,MANDI029,Wheat,351.75
2026-08-15,MANDI030,Wheat,600.12
2026-08-15,MANDI031,Narma,794.03
2026-08-15,MANDI032,Maize,348.38
2026-08-15,MANDI033,Mustard,168.23
2026-08-15,MANDI034,Maize,351.78
2026-08-15,MANDI034,Sugarcane,161.11
2026-08-15,MANDI035,Maize,62.24
2026-08-15,MANDI036,Cotton,416.11
2026-08-15,MANDI036,Maize,297.0
2026-08-15,MANDI036,Mustard,49.91
2026-08-15,MANDI037,Maize,10.39
2026-08-15,MANDI037,Narma,466.42
2026-08-15,MANDI038,Mustard,357.96
2026-08-15,MANDI038,Narma,73.88
2026-08-15,MANDI039,Maize,103.76
2026-08-15,MANDI039,Wheat,214.94
2026-08-15,MANDI041,Maize,373.53
2026-08-15,MANDI042,Wheat,425.35
2026-08-15,MANDI043,Rice,231.61
2026-08-15,MANDI043,Sugarcane,145.44
2026-08-15,MANDI045,Mustard,391.19
2026-08-15,MANDI045,Sugarcane,445.51
2026-08-15,MANDI046,Cotton,230.73
2026-08-15,MANDI046,Wheat,424.68000000000006
2026-08-15,MANDI047,Maize,280.36
2026-08-15,MANDI047,Rice,194.18
2026-08-15,MANDI048,Cotton,386.43
2026-08-15,MANDI048,Maize,252.66
2026-08-15,MANDI049,Maize,80.34
2026-08-15,MANDI049,Mustard,373.42
2026-08-15,MANDI050,Wheat,34.36
2026-08-15,MANDI051,Sugarcane,296.93
2026-08-15,MANDI052,Mustard,123.17
2026-08-15,MANDI052,Rice,411.19
2026-08-15,MANDI053,Sugarcane,49.56
2026-08-15,MANDI053,Wheat,739.6300000000001
2026-08-15,MANDI055,Sugarcane,476.07
2026-08-15,MANDI056,Sugarcane,120.78
2026-08-15,MANDI056,Wheat,390.42
2026-08-15,MANDI057,Sugarcane,252.78
2026-08-16,MANDI001,Maize,452.73
2026-08-16,MANDI001,Sugarcane,433.99
2026-08-16,MANDI003,Wheat,22.5
2026-08-16,MANDI004,Sugarcane,483.51
2026-08-16,MANDI005,Maize,492.75
2026-08-16,MANDI005,Sugarcane,266.58
2026-08-16,MANDI007,Cotton,100.9
2026-08-16,MANDI007,Sugarcane,466.86
2026-08-16,MANDI007,Wheat,291.21
2026-08-16,MANDI008,Maize,367.63
2026-08-16,MANDI010,Wheat,355.6
2026-08-16,MANDI011,Wheat,160.2
2026-08-16,MANDI013,Maize,334.76
2026-08-16,MANDI013,Sugarcane,257.81
2026-08-16,MANDI014,Mustard,347.92
2026-08-16,MANDI015,Maize,249.87
2026-08-16,MANDI015,Sugarcane,357.59
2026-08-16,MANDI016,Rice,13.77
2026-08-16,MANDI016,Wheat,314.94
2026-08-16,MANDI018,Rice,450.39
2026-08-16,MANDI020,Cotton,360.11
2026-08-16,MANDI020,Maize,617.47
2026-08-16,MANDI020,Sugarcane,231.31
2026-08-16,MANDI020,Wheat,78.74
2026-08-16,MANDI021,Rice,357.65
2026-08-16,MANDI023,Mustard,470.78
2026-08-16,MANDI024,Wheat,307.62
2026-08-16,MANDI026,Mustard,583.86
2026-08-16,MANDI028,Rice,372.14
2026-08-16,MANDI028,Sugarcane,279.03
2026-08-16,MANDI029,Cotton,372.48
2026-08-16,MANDI029,Narma,404.99
2026-08-16,MANDI030,Wheat,456.59
2026-08-16,MANDI033,Mustard,391.47
2026-08-16,MANDI034,Cotton,515.73
2026-08-16,MANDI035,Mustard,575.48
2026-08-16,MANDI035,Sugarcane,109.76
2026-08-16,MANDI036,Cotton,103.33
2026-08-16,MANDI037,Mustard,257.84
2026-08-16,MANDI039,Cotton,113.69
2026-08-16,MANDI040,Rice,110.86
2026-08-16,MANDI041,Rice,428.99
2026-08-16,MANDI041,Wheat,24.05
2026-08-16,MANDI042,Rice,63.52
2026-08-16,MANDI042,Wheat,360.4
2026-08-16,MANDI043,Basmati,452.42
2026-08-16,MANDI044,Wheat,162.59
2026-08-16,MANDI048,Maize,68.36
2026-08-16,MANDI048,Rice,105.19
2026-08-16,MANDI048,Wheat,336.06
2026-08-16,MANDI049,Cotton,72.2
2026-08-16,MANDI049,Maize,307.19
2026-08-16,MANDI049,Wheat,432.04
2026-08-16,MANDI051,Wheat,243.03
2026-08-16,MANDI052,Rice,26.67
2026-08-16,MANDI052,Sugarcane,134.11
2026-08-16,MANDI055,Maize,64.51
2026-08-16,MANDI055,Wheat,322.01
2026-08-16,MANDI056,Sugarcane,310.98
2026-08-17,MANDI002,Rice,402.93
2026-08-17,MANDI006,Basmati,182.22
2026-08-17,MANDI006,Maize,458.7
2026-08-17,MANDI007,Mustard,484.78
2026-08-17,MANDI007,Rice,429.73
2026-08-17,MANDI007,Wheat,354.5
2026-08-17,MANDI008,Maize,181.5
2026-08-17,MANDI009,Narma,243.29
2026-08-17,MANDI009,Wheat,450.94
2026-08-17,MANDI010,Cotton,323.26
2026-08-17,MANDI010,Mustard,301.66
2026-08-17,MANDI010,Narma,244.37
2026-08-17,MANDI011,Mustard,176.25
2026-08-17,MANDI011,Wheat,94.96
2026-08-17,MANDI012,Rice,29.14
2026-08-17,MANDI013,Maize,262.17
2026-08-17,MANDI016,Narma,144.21
2026-08-17,MANDI017,Cotton,253.36
2026-08-17,MANDI017,Maize,360.46
2026-08-17,MANDI018,Rice,421.23
2026-08-17,MANDI019,Rice,264.78000000000003
2026-08-17,MANDI020,Rice,373.65
2026-08-17,MANDI021,Sugarcane,371.65
2026-08-17,MANDI022,Sugarcane,58.49
2026-08-17,MANDI023,Mustard,687.55
2026-08-17,MANDI023,Sugarcane,337.09
2026-08-17,MANDI024,Rice,383.83
2026-08-17,MANDI025,Rice,166.16999999999996
2026-08-17,MANDI025,Sugarcane,316.31
2026-08-17,MANDI028,Maize,405.86
2026-08-17,MANDI029,Mustard,428.85
2026-08-17,MANDI029,Wheat,22.31
2026-08-17,MANDI031,Basmati,386.19
2026-08-17,MANDI032,Rice,99.33
2026-08-17,MANDI033,Maize,41.49
2026-08-17,MANDI033,Narma,216.74
2026-08-17,MANDI033,Wheat,135.41
2026-08-17,MANDI034,Sugarcane,119.68
2026-08-17,MANDI035,Sugarcane,379.0
2026-08-17,MANDI036,Wheat,241.67000000000002
2026-08-17,MANDI037,Cotton,332.04999999999995
2026-08-17,MANDI037,Sugarcane,91.51
2026-08-17,MANDI038,Mustard,482.41
2026-08-17,MANDI038,Sugarcane,369.05
2026-08-17,MANDI039,Cotton,475.96999999999997
2026-08-17,MANDI041,Wheat,466.65
2026-08-17,MANDI042,Maize,45.85
2026-08-17,MANDI043,Cotton,60.7
2026-08-17,MANDI043,Wheat,514.1
2026-08-17,MANDI044,Basmati,422.82
2026-08-17,MANDI045,Rice,424.12
2026-08-17,MANDI045,Sugarcane,248.06
2026-08-17,MANDI047,Cotton,366.16
2026-08-17,MANDI048,Wheat,87.23
2026-08-17,MANDI049,Wheat,215.49
2026-08-17,MANDI051,Rice,282.87
2026-08-17,MANDI053,Cotton,220.75
2026-08-17,MANDI053,Mustard,821.77
2026-08-17,MANDI054,Maize,456.4100000000001
2026-08-17,MANDI054,Mustard,321.96
2026-08-17,MANDI055,Maize,82.2
2026-08-17,MANDI057,Mustard,365.8
2026-08-18,MANDI001,Basmati,483.73
2026-08-18,MANDI001,Narma,124.21
2026-08-18,MANDI003,Sugarcane,347.27
2026-08-18,MANDI004,Maize,134.48
2026-08-18,MANDI004,Rice,185.86
2026-08-18,MANDI004,Sugarcane,321.86
2026-08-18,MANDI005,Wheat,305.23
2026-08-18,MANDI007,Maize,498.81
2026-08-18,MANDI007,Rice,174.05
2026-08-18,MANDI008,Sugarcane,176.71
2026-08-18,MANDI009,Wheat,152.66
2026-08-18,MANDI010,Sugarcane,199.06
2026-08-18,MANDI011,Maize,142.57
2026-08-18,MANDI011,Rice,332.99
2026-08-18,MANDI012,Maize,248.44
2026-08-18,MANDI013,Maize,135.86
2026-08-18,MANDI013,Wheat,621.02
2026-08-18,MANDI014,Maize,152.18
2026-08-18,MANDI014,Rice,281.19
2026-08-18,MANDI017,Maize,392.45
2026-08-18,MANDI018,Rice,408.26
2026-08-18,MANDI020,Maize,470.71
2026-08-18,MANDI021,Cotton,498.65
2026-08-18,MANDI021,Rice,796.0799999999999
2026-08-18,MANDI022,Mustard,315.69
2026-08-18,MANDI023,Cotton,53.34
2026-08-18,MANDI023,Rice,462.49
2026-08-18,MANDI024,Maize,463.76
2026-08-18,MANDI025,Maize,299.6
2026-08-18,MANDI025,Sugarcane,81.2
2026-08-18,MANDI029,Sugarcane,253.55
2026-08-18,MANDI031,Maize,286.95
2026-08-18,MANDI031,Mustard,45.04
2026-08-18,MANDI032,Cotton,93.35
2026-08-18,MANDI033,Mustard,255.11
2026-08-18,MANDI033,Wheat,30.07
2026-08-18,MANDI034,Mustard,230.94
2026-08-18,MANDI034,Sugarcane,449.17
2026-08-18,MANDI035,Mustard,486.99
2026-08-18,MANDI035,Sugarcane,413.22
2026-08-18,MANDI036,Rice,192.39
2026-08-18,MANDI037,Mustard,98.05
2026-08-18,MANDI037,Sugarcane,254.91
2026-08-18,MANDI039,Cotton,243.13
2026-08-18,MANDI040,Sugarcane,984.6100000000001
2026-08-18,MANDI040,Wheat,407.11
2026-08-18,MANDI041,Sugarcane,133.64
2026-08-18,MANDI041,Wheat,443.77000000000004
2026-08-18,MANDI043,Narma,383.34
2026-08-18,MANDI044,Rice,395.32
2026-08-18,MANDI045,Mustard,397.46
2026-08-18,MANDI045,Wheat,419.26
2026-08-18,MANDI046,Sugarcane,493.22
2026-08-18,MANDI047,Maize,330.01
2026-08-18,MANDI047,Rice,47.01
2026-08-18,MANDI048,Maize,364.72
2026-08-18,MANDI048,Sugarcane,113.48
2026-08-18,MANDI049,Mustard,59.08
2026-08-18,MANDI050,Narma,346.36
2026-08-18,MANDI050,Rice,303.35
2026-08-18,MANDI050,Wheat,354.95
2026-08-18,MANDI052,Wheat,226.83
2026-08-18,MANDI053,Wheat,325.59
2026-08-18,MANDI054,Sugarcane,358.73
2026-08-18,MANDI055,Mustard,127.53
2026-08-18,MANDI055,Narma,307.22
2026-08-18,MANDI055,Rice,217.34
2026-08-19,MANDI004,Cotton,212.08
2026-08-19,MANDI004,Maize,248.54
2026-08-19,MANDI004,Mustard,219.5
2026-08-19,MANDI004,Wheat,253.28
2026-08-19,MANDI005,Rice,57.02
2026-08-19,MANDI006,Sugarcane,199.4
2026-08-19,MANDI007,Cotton,277.66
2026-08-19,MANDI007,Rice,330.62
2026-08-19,MANDI007,Wheat,160.63
2026-08-19,MANDI009,Cotton,137.84
2026-08-19,MANDI009,Maize,477.36
2026-08-19,MANDI009,Rice,386.4
2026-08-19,MANDI009,Sugarcane,294.42
2026-08-19,MANDI009,Wheat,79.25
2026-08-19,MANDI010,Sugarcane,18.86
2026-08-19,MANDI011,Cotton,487.7600000000001
2026-08-19,MANDI012,Maize,183.72
2026-08-19,MANDI012,Sugarcane,312.22
2026-08-19,MANDI012,Wheat,42.72
2026-08-19,MANDI013,Rice,269.41
2026-08-19,MANDI014,Maize,395.97
2026-08-19,MANDI015,Wheat,543.23
2026-08-19,MANDI016,Cotton,499.96
2026-08-19,MANDI018,Narma,497.98
2026-08-19,MANDI019,Cotton,323.68
2026-08-19,MANDI019,Rice,17.72
2026-08-19,MANDI020,Sugarcane,456.84
2026-08-19,MANDI020,Wheat,41.9
2026-08-19,MANDI021,Cotton,470.32
2026-08-19,MANDI021,Sugarcane,421.56
2026-08-19,MANDI022,Mustard,493.4
2026-08-19,MANDI022,Wheat,370.81000000000006
2026-08-19,MANDI023,Sugarcane,207.13
2026-08-19,MANDI024,Sugarcane,345.85
2026-08-19,MANDI024,Wheat,491.55
2026-08-19,MANDI025,Wheat,392.8
2026-08-19,MANDI026,Wheat,443.3
2026-08-19,MANDI027,Rice,182.38
2026-08-19,MANDI027,Sugarcane,397.90999999999997
2026-08-19,MANDI028,Maize,370.32
2026-08-19,MANDI028,Mustard,224.91
2026-08-19,MANDI028,Sugarcane,468.63
2026-08-19,MANDI028,Wheat,267.42
2026-08-19,MANDI030,Basmati,176.43
2026-08-19,MANDI030,Mustard,288.11
2026-08-19,MANDI032,Rice,51.97
2026-08-19,MANDI032,Sugarcane,121.67
2026-08-19,MANDI033,Rice,503.28999999999996
2026-08-19,MANDI035,Maize,423.14
2026-08-19,MANDI035,Mustard,41.73
2026-08-19,MANDI035,Sugarcane,415.86
2026-08-19,MANDI036,Cotton,319.79
2026-08-19,MANDI036,Maize,322.65
2026-08-19,MANDI038,Maize,69.86
2026-08-19,MANDI038,Sugarcane,309.85
2026-08-19,MANDI039,Maize,312.7
2026-08-19,MANDI041,Mustard,215.58
2026-08-19,MANDI042,Maize,197.13
2026-08-19,MANDI043,Cotton,285.13
2026-08-19,MANDI043,Maize,566.21
2026-08-19,MANDI043,Mustard,46.71
2026-08-19,MANDI043,Wheat,157.68
2026-08-19,MANDI044,Rice,334.48
2026-08-19,MANDI044,Wheat,160.17
2026-08-19,MANDI045,Cotton,239.55
2026-08-19,MANDI046,Maize,329.35
2026-08-19,MANDI048,Narma,463.93
2026-08-19,MANDI048,Wheat,171.42
2026-08-19,MANDI049,Rice,38.76
2026-08-19,MANDI051,Sugarcane,12.17
2026-08-19,MANDI052,Rice,175.59
2026-08-19,MANDI053,Maize,438.15
2026-08-19,MANDI053,Sugarcane,167.31
2026-08-19,MANDI054,Mustard,58.66
2026-08-19,MANDI054,Rice,80.31
2026-08-19,MANDI055,Wheat,109.93
2026-08-19,MANDI056,Narma,489.0
2026-08-19,MANDI056,Sugarcane,336.89
2026-08-19,MANDI057,Cotton,350.73
2026-08-19,MANDI057,Rice,437.5
2026-08-19,MANDI057,Wheat,336.58
2026-08-20,MANDI001,Cotton,246.85
2026-08-20,MANDI004,Cotton,97.53
2026-08-20,MANDI004,Mustard,344.04
2026-08-20,MANDI005,Mustard,493.15
2026-08-20,MANDI005,Wheat,499.73
2026-08-20,MANDI006,Mustard,361.68
2026-08-20,MANDI006,Sugarcane,468.34
2026-08-20,MANDI007,Sugarcane,310.82
2026-08-20,MANDI008,Maize,35.26
2026-08-20,MANDI009,Mustard,398.47
2026-08-20,MANDI009,Wheat,641.95
2026-08-20,MANDI011,Mustard,395.54
2026-08-20,MANDI011,Rice,604.39
2026-08-20,MANDI011,Sugarcane,160.04
2026-08-20,MANDI012,Cotton,415.96
2026-08-20,MANDI012,Sugarcane,229.8
2026-08-20,MANDI013,Sugarcane,126.83
2026-08-20,MANDI018,Maize,194.54
2026-08-20,MANDI018,Mustard,301.45
2026-08-20,MANDI018,Rice,191.82
2026-08-20,MANDI018,Wheat,125.97
2026-08-20,MANDI019,Cotton,454.91
2026-08-20,MANDI021,Cotton,728.25
2026-08-20,MANDI021,Sugarcane,75.97
2026-08-20,MANDI023,Maize,425.27
2026-08-20,MANDI023,Mustard,356.09
2026-08-20,MANDI023,Sugarcane,456.09
2026-08-20,MANDI025,Wheat,142.27
2026-08-20,MANDI026,Mustard,143.51
2026-08-20,MANDI027,Maize,513.56
2026-08-20,MANDI027,Wheat,430.96000000000004
2026-08-20,MANDI028,Wheat,384.66
2026-08-20,MANDI030,Maize,188.29
2026-08-20,MANDI030,Mustard,419.73
2026-08-20,MANDI030,Rice,416.25
2026-08-20,MANDI031,Mustard,489.59
2026-08-20,MANDI032,Mustard,381.66
2026-08-20,MANDI032,Wheat,76.85
2026-08-20,MANDI035,Basmati,255.42
2026-08-20,MANDI035,Cotton,339.0
2026-08-20,MANDI035,Mustard,99.82
2026-08-20,MANDI036,Cotton,473.76
2026-08-20,MANDI036,Sugarcane,267.04
2026-08-20,MANDI037,Sugarcane,436.93
2026-08-20,MANDI039,Rice,49.27
2026-08-20,MANDI039,Sugarcane,567.45
2026-08-20,MANDI041,Maize,420.01
2026-08-20,MANDI042,Mustard,76.97
2026-08-20,MANDI043,Cotton,310.20000000000005
2026-08-20,MANDI044,Maize,146.19
2026-08-20,MANDI044,Sugarcane,211.16
2026-08-20,MANDI044,Wheat,96.12
2026-08-20,MANDI045,Maize,232.75
2026-08-20,MANDI047,Basmati,252.64
2026-08-20,MANDI047,Maize,286.9
2026-08-20,MANDI049,Cotton,254.56
2026-08-20,MANDI050,Basmati,91.62
2026-08-20,MANDI050,Maize,408.18
2026-08-20,MANDI052,Maize,456.32
2026-08-20,MANDI052,Mustard,44.17
2026-08-20,MANDI054,Cotton,607.81
2026-08-20,MANDI054,Narma,125.08
2026-08-20,MANDI055,Sugarcane,187.41
2026-08-20,MANDI056,Narma,455.15
2026-08-20,MANDI057,Maize,447.15999999999997
2026-08-21,MANDI001,Mustard,80.09
2026-08-21,MANDI001,Sugarcane,453.96
2026-08-21,MANDI002,Maize,93.86
2026-08-21,MANDI002,Mustard,394.47
2026-08-21,MANDI002,Sugarcane,35.88
2026-08-21,MANDI002,Wheat,110.17
2026-08-21,MANDI003,Cotton,10.12
2026-08-21,MANDI003,Sugarcane,79.98
2026-08-21,MANDI004,Sugarcane,273.23
2026-08-21,MANDI005,Maize,412.34
2026-08-21,MANDI006,Rice,167.88
2026-08-21,MANDI007,Cotton,335.73
2026-08-21,MANDI008,Rice,381.71
2026-08-21,MANDI010,Wheat,218.0
2026-08-21,MANDI011,Maize,366.22
2026-08-21,MANDI012,Sugarcane,299.87
2026-08-21,MANDI013,Sugarcane,14.9
2026-08-21,MANDI013,Wheat,81.52
2026-08-21,MANDI014,Sugarcane,435.68
2026-08-21,MANDI015,Mustard,319.23
2026-08-21,MANDI016,Maize,413.12
2026-08-21,MANDI017,Mustard,228.5
2026-08-21,MANDI017,Wheat,682.3199999999999
2026-08-21,MANDI018,Maize,329.91
2026-08-21,MANDI018,Wheat,254.73
2026-08-21,MANDI019,Maize,227.55
2026-08-21,MANDI020,Cotton,76.91
2026-08-21,MANDI021,Cotton,333.46
2026-08-21,MANDI021,Mustard,315.76
2026-08-21,MANDI022,Maize,383.43000000000006
2026-08-21,MANDI022,Sugarcane,16.33
2026-08-21,MANDI022,Wheat,356.96
2026-08-21,MANDI026,Cotton,775.63
2026-08-21,MANDI027,Mustard,172.34
2026-08-21,MANDI028,Sugarcane,334.12
2026-08-21,MANDI029,Maize,453.97
2026-08-21,MANDI030,Maize,632.91
2026-08-21,MANDI030,Mustard,416.53
2026-08-21,MANDI031,Cotton,359.2
2026-08-21,MANDI032,Cotton,210.1
2026-08-21,MANDI032,Mustard,426.24
2026-08-21,MANDI033,Sugarcane,411.72
2026-08-21,MANDI034,Mustard,263.42
2026-08-21,MANDI034,Wheat,65.03
2026-08-21,MANDI036,Cotton,141.22
2026-08-21,MANDI037,Maize,517.27
2026-08-21,MANDI037,Mustard,13.94
2026-08-21,MANDI037,Sugarcane,169.2
2026-08-21,MANDI038,Basmati,208.47
2026-08-21,MANDI038,Maize,264.63
2026-08-21,MANDI038,Mustard,210.3
2026-08-21,MANDI039,Wheat,361.4
2026-08-21,MANDI040,Mustard,437.38
2026-08-21,MANDI041,Cotton,438.65
2026-08-21,MANDI042,Rice,151.46
2026-08-21,MANDI043,Basmati,489.7
2026-08-21,MANDI043,Mustard,358.32
2026-08-21,MANDI043,Narma,40.03
2026-08-21,MANDI044,Cotton,202.75
2026-08-21,MANDI044,Wheat,477.46
2026-08-21,MANDI045,Wheat,195.18
2026-08-21,MANDI046,Maize,496.67
2026-08-21,MANDI046,Rice,399.08
2026-08-21,MANDI046,Wheat,180.2
2026-08-21,MANDI047,Cotton,206.63
2026-08-21,MANDI047,Maize,365.88
2026-08-21,MANDI047,Mustard,249.29
2026-08-21,MANDI050,Mustard,327.9
2026-08-21,MANDI050,Wheat,410.13
2026-08-21,MANDI051,Sugarcane,133.33
2026-08-21,MANDI052,Rice,319.2
2026-08-21,MANDI055,Maize,57.57
2026-08-21,MANDI055,Mustard,426.4500000000001
2026-08-21,MANDI056,Maize,288.97
2026-08-21,MANDI056,Sugarcane,273.48
2026-08-21,MANDI056,Wheat,182.02
2026-08-22,MANDI001,Mustard,349.34
2026-08-22,MANDI001,Rice,176.86
2026-08-22,MANDI002,Wheat,405.39
2026-08-22,MANDI003,Maize,65.23
2026-08-22,MANDI004,Cotton,84.35
2026-08-22,MANDI004,Maize,67.96
2026-08-22,MANDI005,Maize,299.09
2026-08-22,MANDI005,Sugarcane,415.18
2026-08-22,MANDI006,Wheat,130.49
2026-08-22,MANDI007,Maize,204.19
2026-08-22,MANDI007,Rice,53.64
2026-08-22,MANDI008,Sugarcane,169.87
2026-08-22,MANDI008,Wheat,495.4
2026-08-22,MANDI010,Maize,449.21
2026-08-22,MANDI010,Wheat,227.36
2026-08-22,MANDI011,Rice,36.82
2026-08-22,MANDI012,Sugarcane,601.06
2026-08-22,MANDI014,Mustard,28.36
2026-08-22,MANDI015,Cotton,130.45
2026-08-22,MANDI015,Maize,214.2
2026-08-22,MANDI016,Maize,18.08
2026-08-22,MANDI016,Wheat,231.78
2026-08-22,MANDI017,Maize,460.83
2026-08-22,MANDI017,Narma,222.51
2026-08-22,MANDI017,Rice,452.59
2026-08-22,MANDI018,Mustard,453.75
2026-08-22,MANDI020,Mustard,213.59000000000003
2026-08-22,MANDI021,Mustard,860.6800000000001
2026-08-22,MANDI021,Wheat,391.15
2026-08-22,MANDI022,Rice,492.71
2026-08-22,MANDI023,Maize,189.75
2026-08-22,MANDI023,Rice,461.2
2026-08-22,MANDI024,Sugarcane,90.23
2026-08-22,MANDI025,Cotton,436.07
2026-08-22,MANDI025,Maize,316.92
2026-08-22,MANDI027,Rice,297.59
2026-08-22,MANDI028,Mustard,12.42
2026-08-22,MANDI030,Wheat,229.62
2026-08-22,MANDI031,Cotton,435.58
2026-08-22,MANDI032,Cotton,688.4300000000001
2026-08-22,MANDI032,Mustard,354.7
2026-08-22,MANDI033,Wheat,39.33
2026-08-22,MANDI034,Rice,42.95
2026-08-22,MANDI036,Sugarcane,151.63
2026-08-22,MANDI039,Mustard,200.78
2026-08-22,MANDI039,Sugarcane,397.44
2026-08-22,MANDI040,Wheat,320.73
2026-08-22,MANDI043,Wheat,740.35
2026-08-22,MANDI044,Maize,486.57
2026-08-22,MANDI044,Wheat,90.94
2026-08-22,MANDI045,Rice,234.64
2026-08-22,MANDI046,Basmati,455.28
2026-08-22,MANDI046,Cotton,71.71
2026-08-22,MANDI046,Maize,431.1
2026-08-22,MANDI046,Sugarcane,406.06
2026-08-22,MANDI047,Sugarcane,321.66
2026-08-22,MANDI049,Mustard,245.06
2026-08-22,MANDI049,Rice,493.33
2026-08-22,MANDI050,Maize,80.34
2026-08-22,MANDI050,Sugarcane,462.47
2026-08-22,MANDI051,Narma,479.95
2026-08-22,MANDI051,Rice,397.96
2026-08-22,MANDI052,Wheat,309.19
2026-08-22,MANDI053,Mustard,267.76
2026-08-22,MANDI054,Maize,91.88
2026-08-22,MANDI054,Wheat,226.68
2026-08-22,MANDI055,Maize,41.81
2026-08-22,MANDI056,Mustard,452.72
2026-08-22,MANDI056,Rice,224.95
2026-08-22,MANDI056,Wheat,267.78
2026-08-22,MANDI057,Sugarcane,59.27
2026-08-23,MANDI001,Maize,206.44
2026-08-23,MANDI002,Cotton,441.59
2026-08-23,MANDI002,Mustard,210.06
2026-08-23,MANDI003,Mustard,481.57
2026-08-23,MANDI003,Rice,261.01
2026-08-23,MANDI004,Cotton,96.68
2026-08-23,MANDI004,Wheat,354.95
2026-08-23,MANDI007,Wheat,252.57
2026-08-23,MANDI008,Mustard,815.25
2026-08-23,MANDI010,Maize,466.19
2026-08-23,MANDI010,Narma,345.71
2026-08-23,MANDI010,Rice,249.75
2026-08-23,MANDI011,Cotton,479.6
2026-08-23,MANDI011,Wheat,833.23
2026-08-23,MANDI012,Sugarcane,240.36
2026-08-23,MANDI013,Narma,124.85
2026-08-23,MANDI013,Rice,447.63
2026-08-23,MANDI015,Cotton,196.29
2026-08-23,MANDI015,Sugarcane,378.78
2026-08-23,MANDI015,Wheat,410.11
2026-08-23,MANDI016,Sugarcane,202.7
2026-08-23,MANDI018,Sugarcane,403.76
2026-08-23,MANDI021,Mustard,277.51
2026-08-23,MANDI022,Rice,425.79
2026-08-23,MANDI023,Rice,605.53
2026-08-23,MANDI025,Cotton,104.34
2026-08-23,MANDI025,Wheat,90.89
2026-08-23,MANDI026,Maize,279.19
2026-08-23,MANDI026,Narma,194.55
2026-08-23,MANDI026,Wheat,198.21
2026-08-23,MANDI027,Mustard,463.17
2026-08-23,MANDI027,Sugarcane,382.52
2026-08-23,MANDI028,Mustard,201.03000000000003
2026-08-23,MANDI028,Rice,164.66
2026-08-23,MANDI029,Rice,81.72
2026-08-23,MANDI029,Wheat,346.71
2026-08-23,MANDI030,Sugarcane,383.99
2026-08-23,MANDI031,Sugarcane,98.1
2026-08-23,MANDI033,Maize,466.74
2026-08-23,MANDI033,Mustard,339.01
2026-08-23,MANDI034,Cotton,476.4
2026-08-23,MANDI034,Mustard,364.59
2026-08-23,MANDI034,Sugarcane,479.63
2026-08-23,MANDI035,Cotton,191.81
2026-08-23,MANDI035,Sugarcane,284.04
2026-08-23,MANDI036,Maize,64.96
2026-08-23,MANDI037,Rice,419.6
2026-08-23,MANDI038,Sugarcane,498.38
2026-08-23,MANDI039,Maize,789.1700000000001
2026-08-23,MANDI039,Narma,253.96
2026-08-23,MANDI040,Wheat,73.91
2026-08-23,MANDI042,Cotton,58.17
2026-08-23,MANDI044,Mustard,402.95
2026-08-23,MANDI045,Wheat,187.64
2026-08-23,MANDI046,Maize,503.34
2026-08-23,MANDI046,Sugarcane,329.24
2026-08-23,MANDI046,Wheat,337.22
2026-08-23,MANDI047,Mustard,213.43
2026-08-23,MANDI047,Rice,14.34
2026-08-23,MANDI049,Rice,745.21
2026-08-23,MANDI050,Maize,359.58
2026-08-23,MANDI050,Sugarcane,422.53
2026-08-23,MANDI051,Mustard,284.26
2026-08-23,MANDI051,Rice,120.55
2026-08-23,MANDI052,Cotton,215.2
2026-08-23,MANDI054,Rice,487.55
2026-08-23,MANDI054,Wheat,475.64
2026-08-23,MANDI055,Sugarcane,405.15
2026-08-23,MANDI057,Maize,323.86
2026-08-23,MANDI057,Wheat,246.76
2026-08-24,MANDI001,Rice,471.68
2026-08-24,MANDI002,Maize,472.08
2026-08-24,MANDI003,Cotton,142.91
2026-08-24,MANDI004,Mustard,19.5
2026-08-24,MANDI005,Maize,498.6
2026-08-24,MANDI005,Mustard,416.78999999999996
2026-08-24,MANDI005,Sugarcane,374.71
2026-08-24,MANDI005,Wheat,163.81
2026-08-24,MANDI006,Sugarcane,254.12
2026-08-24,MANDI007,Maize,13.63
2026-08-24,MANDI008,Maize,48.72
2026-08-24,MANDI008,Sugarcane,161.08
2026-08-24,MANDI009,Maize,62.03
2026-08-24,MANDI010,Wheat,359.85
2026-08-24,MANDI012,Cotton,308.76
2026-08-24,MANDI012,Rice,259.28
2026-08-24,MANDI012,Wheat,550.18
2026-08-24,MANDI013,Maize,408.35
2026-08-24,MANDI013,Wheat,314.41
2026-08-24,MANDI015,Rice,68.18
2026-08-24,MANDI018,Narma,119.81
2026-08-24,MANDI019,Mustard,47.95
2026-08-24,MANDI019,Rice,245.68
2026-08-24,MANDI019,Wheat,138.33
2026-08-24,MANDI020,Wheat,138.57
2026-08-24,MANDI021,Rice,458.98
2026-08-24,MANDI022,Cotton,250.25
2026-08-24,MANDI022,Sugarcane,306.63
2026-08-24,MANDI022,Wheat,607.96
2026-08-24,MANDI023,Mustard,113.05
2026-08-24,MANDI023,Rice,133.13
2026-08-24,MANDI024,Cotton,151.42
2026-08-24,MANDI024,Maize,342.69
2026-08-24,MANDI024,Sugarcane,483.4
2026-08-24,MANDI024,Wheat,442.75
2026-08-24,MANDI026,Cotton,356.1
2026-08-24,MANDI026,Rice,223.42
2026-08-24,MANDI027,Cotton,174.08999999999995
2026-08-24,MANDI027,Maize,372.35
2026-08-24,MANDI031,Maize,43.34
2026-08-24,MANDI033,Mustard,378.59
2026-08-24,MANDI033,Rice,157.28
2026-08-24,MANDI034,Rice,321.39
2026-08-24,MANDI035,Wheat,361.83
2026-08-24,MANDI036,Cotton,242.18
2026-08-24,MANDI036,Mustard,319.39
2026-08-24,MANDI037,Maize,409.73
2026-08-24,MANDI037,Sugarcane,324.9200000000001
2026-08-24,MANDI038,Wheat,291.58000000000004
2026-08-24,MANDI039,Wheat,350.15
2026-08-24,MANDI040,Wheat,410.96
2026-08-24,MANDI041,Mustard,339.6
2026-08-24,MANDI041,Rice,313.92
2026-08-24,MANDI042,Maize,365.82
2026-08-24,MANDI043,Cotton,258.97
2026-08-24,MANDI044,Mustard,39.42
2026-08-24,MANDI045,Cotton,172.09
2026-08-24,MANDI046,Cotton,313.37
2026-08-24,MANDI046,Maize,101.32
2026-08-24,MANDI046,Sugarcane,110.48
2026-08-24,MANDI047,Maize,41.25
2026-08-24,MANDI050,Maize,496.94
2026-08-24,MANDI051,Cotton,376.77
2026-08-24,MANDI052,Mustard,346.11
2026-08-24,MANDI052,Rice,318.22
2026-08-24,MANDI053,Cotton,243.45
2026-08-24,MANDI054,Mustard,157.26
2026-08-24,MANDI054,Sugarcane,116.81
2026-08-24,MANDI054,Wheat,128.33
2026-08-24,MANDI057,Maize,13.54
2026-08-25,MANDI001,Narma,97.17
2026-08-25,MANDI003,Basmati,192.89
2026-08-25,MANDI005,Cotton,360.75
2026-08-25,MANDI006,Rice,439.79
2026-08-25,MANDI006,Wheat,443.55
2026-08-25,MANDI007,Wheat,480.6
2026-08-25,MANDI008,Mustard,432.55
2026-08-25,MANDI009,Sugarcane,367.09
2026-08-25,MANDI010,Mustard,242.88
2026-08-25,MANDI011,Rice,485.38
2026-08-25,MANDI011,Wheat,80.47
2026-08-25,MANDI012,Maize,362.74
2026-08-25,MANDI012,Sugarcane,74.41
2026-08-25,MANDI013,Maize,287.78
2026-08-25,MANDI014,Rice,114.48
2026-08-25,MANDI014,Sugarcane,499.72
2026-08-25,MANDI015,Maize,429.25
2026-08-25,MANDI015,Wheat,326.25
2026-08-25,MANDI016,Rice,134.62
2026-08-25,MANDI016,Sugarcane,411.64
2026-08-25,MANDI018,Maize,479.07
2026-08-25,MANDI018,Rice,184.84
2026-08-25,MANDI019,Mustard,342.18
2026-08-25,MANDI020,Sugarcane,282.17
2026-08-25,MANDI021,Mustard,556.01
2026-08-25,MANDI021,Wheat,388.16
2026-08-25,MANDI022,Narma,53.08
2026-08-25,MANDI023,Rice,472.8
2026-08-25,MANDI023,Wheat,437.36
2026-08-25,MANDI024,Sugarcane,476.77
2026-08-25,MANDI025,Narma,16.78
2026-08-25,MANDI026,Mustard,413.84
2026-08-25,MANDI029,Cotton,240.91
2026-08-25,MANDI029,Maize,375.33
2026-08-25,MANDI031,Rice,125.94
2026-08-25,MANDI032,Rice,326.43
2026-08-25,MANDI033,Cotton,271.55
2026-08-25,MANDI033,Mustard,164.94
2026-08-25,MANDI034,Sugarcane,79.04
2026-08-25,MANDI035,Sugarcane,233.78
2026-08-25,MANDI035,Wheat,83.97
2026-08-25,MANDI037,Sugarcane,229.84
2026-08-25,MANDI037,Wheat,837.6700000000001
2026-08-25,MANDI038,Rice,162.44
2026-08-25,MANDI038,Wheat,73.61
2026-08-25,MANDI039,Cotton,493.65
2026-08-25,MANDI039,Sugarcane,103.79
2026-08-25,MANDI041,Cotton,201.51
2026-08-25,MANDI041,Maize,608.45
2026-08-25,MANDI041,Sugarcane,493.13
2026-08-25,MANDI043,Maize,391.18
2026-08-25,MANDI044,Rice,217.69
2026-08-25,MANDI044,Wheat,221.23
2026-08-25,MANDI045,Sugarcane,282.42
2026-08-25,MANDI046,Cotton,150.33
2026-08-25,MANDI046,Maize,442.79
2026-08-25,MANDI046,Rice,461.92
2026-08-25,MANDI047,Cotton,363.4
2026-08-25,MANDI047,Maize,37.47
2026-08-25,MANDI047,Wheat,71.83
2026-08-25,MANDI048,Mustard,934.63
2026-08-25,MANDI050,Mustard,236.18
2026-08-25,MANDI050,Sugarcane,147.22
2026-08-25,MANDI051,Basmati,151.29
2026-08-25,MANDI051,Wheat,370.08000000000004
2026-08-25,MANDI052,Rice,279.38
2026-08-25,MANDI053,Cotton,233.61
2026-08-25,MANDI054,Maize,364.66
2026-08-25,MANDI054,Wheat,421.25
2026-08-25,MANDI055,Rice,241.5
2026-08-25,MANDI056,Wheat,369.58
2026-08-25,MANDI057,Rice,21.32
2026-08-25,MANDI057,Wheat,306.87
2026-08-26,MANDI001,Maize,492.09
2026-08-26,MANDI002,Wheat,413.57
2026-08-26,MANDI003,Rice,225.65
2026-08-26,MANDI004,Cotton,489.63
2026-08-26,MANDI004,Wheat,288.0
2026-08-26,MANDI005,Wheat,308.87
2026-08-26,MANDI006,Sugarcane,98.53
2026-08-26,MANDI007,Rice,208.56
2026-08-26,MANDI008,Cotton,476.65
2026-08-26,MANDI012,Maize,21.41
2026-08-26,MANDI012,Wheat,515.85
2026-08-26,MANDI013,Sugarcane,497.04
2026-08-26,MANDI014,Basmati,194.53
2026-08-26,MANDI014,Maize,248.21
2026-08-26,MANDI014,Sugarcane,203.82
2026-08-26,MANDI015,Rice,562.14
2026-08-26,MANDI015,Wheat,410.2600000000001
2026-08-26,MANDI016,Sugarcane,270.58
2026-08-26,MANDI016,Wheat,44.38
2026-08-26,MANDI017,Wheat,71.82000000000001
2026-08-26,MANDI019,Maize,248.16
2026-08-26,MANDI021,Wheat,354.84
2026-08-26,MANDI022,Cotton,154.62
2026-08-26,MANDI023,Sugarcane,269.99
2026-08-26,MANDI024,Sugarcane,108.16
2026-08-26,MANDI025,Cotton,236.36
2026-08-26,MANDI025,Mustard,659.98
2026-08-26,MANDI026,Sugarcane,458.17
2026-08-26,MANDI028,Rice,345.46
2026-08-26,MANDI029,Maize,173.28
2026-08-26,MANDI031,Wheat,314.14
2026-08-26,MANDI033,Maize,227.23
2026-08-26,MANDI033,Sugarcane,224.87
2026-08-26,MANDI033,Wheat,217.77
2026-08-26,MANDI035,Cotton,60.31
2026-08-26,MANDI036,Maize,41.56
2026-08-26,MANDI036,Wheat,107.53
2026-08-26,MANDI037,Cotton,223.85
2026-08-26,MANDI037,Wheat,96.71
2026-08-26,MANDI038,Maize,475.21
2026-08-26,MANDI039,Cotton,20.63
2026-08-26,MANDI039,Mustard,346.43
2026-08-26,MANDI040,Rice,463.54
2026-08-26,MANDI041,Maize,413.89
2026-08-26,MANDI041,Wheat,255.25
2026-08-26,MANDI042,Wheat,157.31
2026-08-26,MANDI043,Cotton,279.56
2026-08-26,MANDI044,Mustard,465.65
2026-08-26,MANDI044,Narma,419.46
2026-08-26,MANDI044,Rice,76.36
2026-08-26,MANDI044,Sugarcane,419.23
2026-08-26,MANDI045,Cotton,553.21
2026-08-26,MANDI045,Rice,327.7
2026-08-26,MANDI046,Wheat,309.96
2026-08-26,MANDI047,Mustard,319.9
2026-08-26,MANDI048,Mustard,414.41999999999996
2026-08-26,MANDI050,Mustard,381.85
2026-08-26,MANDI051,Wheat,283.79
2026-08-26,MANDI052,Cotton,115.33
2026-08-26,MANDI052,Sugarcane,499.47
2026-08-26,MANDI053,Mustard,228.23
2026-08-26,MANDI053,Wheat,72.73
2026-08-26,MANDI054,Rice,74.69
2026-08-26,MANDI055,Narma,363.07
2026-08-26,MANDI056,Maize,312.33
2026-08-27,MANDI001,Basmati,462.46
2026-08-27,MANDI001,Wheat,114.78
2026-08-27,MANDI002,Mustard,379.69
2026-08-27,MANDI003,Cotton,337.3399999999999
2026-08-27,MANDI003,Maize,34.0
2026-08-27,MANDI004,Rice,176.97
2026-08-27,MANDI005,Basmati,256.0
2026-08-27,MANDI005,Maize,105.95
2026-08-27,MANDI008,Maize,48.150000000000006
2026-08-27,MANDI011,Maize,52.66
2026-08-27,MANDI011,Sugarcane,269.52000000000004
2026-08-27,MANDI013,Sugarcane,321.59
2026-08-27,MANDI013,Wheat,162.14
2026-08-27,MANDI014,Cotton,448.55
2026-08-27,MANDI016,Cotton,72.16
2026-08-27,MANDI016,Sugarcane,333.05
2026-08-27,MANDI017,Maize,314.67
2026-08-27,MANDI017,Narma,399.59
2026-08-27,MANDI019,Maize,411.86
2026-08-27,MANDI019,Wheat,82.71
2026-08-27,MANDI020,Mustard,388.83
2026-08-27,MANDI021,Maize,336.19
2026-08-27,MANDI021,Mustard,415.57
2026-08-27,MANDI022,Maize,59.86
2026-08-27,MANDI022,Mustard,77.14
2026-08-27,MANDI023,Wheat,426.66
2026-08-27,MANDI024,Wheat,177.77
2026-08-27,MANDI026,Mustard,326.78
2026-08-27,MANDI027,Mustard,335.97
2026-08-27,MANDI027,Rice,216.83
2026-08-27,MANDI027,Wheat,257.52
2026-08-27,MANDI028,Maize,504.76
2026-08-27,MANDI028,Mustard,250.75
2026-08-27,MANDI029,Rice,74.16
2026-08-27,MANDI029,Sugarcane,463.82
2026-08-27,MANDI030,Sugarcane,191.44
2026-08-27,MANDI031,Rice,177.25
2026-08-27,MANDI032,Cotton,311.18
2026-08-27,MANDI032,Sugarcane,14.75
2026-08-27,MANDI033,Wheat,114.36
2026-08-27,MANDI034,Maize,223.34
2026-08-27,MANDI034,Rice,321.26
2026-08-27,MANDI034,Sugarcane,389.89
2026-08-27,MANDI034,Wheat,206.88
2026-08-27,MANDI035,Sugarcane,96.99
2026-08-27,MANDI035,Wheat,181.5
2026-08-27,MANDI036,Mustard,21.7
2026-08-27,MANDI036,Wheat,172.14
2026-08-27,MANDI038,Mustard,213.69
2026-08-27,MANDI042,Sugarcane,249.31
2026-08-27,MANDI043,Sugarcane,105.48
2026-08-27,MANDI043,Wheat,155.87
2026-08-27,MANDI044,Basmati,383.43000000000006
2026-08-27,MANDI044,Cotton,56.81
2026-08-27,MANDI044,Maize,80.96
2026-08-27,MANDI045,Cotton,457.72
2026-08-27,MANDI045,Maize,468.27
2026-08-27,MANDI045,Mustard,299.56
2026-08-27,MANDI046,Basmati,490.07
2026-08-27,MANDI046,Mustard,263.32
2026-08-27,MANDI046,Rice,60.54
2026-08-27,MANDI046,Sugarcane,467.84
2026-08-27,MANDI047,Mustard,370.48
2026-08-27,MANDI048,Sugarcane,80.45
2026-08-27,MANDI049,Maize,182.07
2026-08-27,MANDI050,Mustard,388.05
2026-08-27,MANDI051,Cotton,600.42
2026-08-27,MANDI052,Maize,124.01
2026-08-27,MANDI053,Wheat,476.28
2026-08-27,MANDI054,Basmati,98.0
2026-08-27,MANDI055,Cotton,42.61
2026-08-27,MANDI057,Maize,196.68
2026-08-27,MANDI057,Mustard,228.7
2026-08-27,MANDI057,Sugarcane,405.77
2026-08-27,MANDI057,Wheat,53.47
2026-08-28,MANDI001,Maize,197.94
2026-08-28,MANDI002,Cotton,217.96
2026-08-28,MANDI002,Mustard,326.16
2026-08-28,MANDI002,Wheat,147.55
2026-08-28,MANDI005,Sugarcane,883.4200000000001
2026-08-28,MANDI005,Wheat,345.48
2026-08-28,MANDI006,Cotton,449.57
2026-08-28,MANDI006,Maize,431.18
2026-08-28,MANDI007,Cotton,171.21
2026-08-28,MANDI007,Mustard,240.02
2026-08-28,MANDI007,Rice,252.31
2026-08-28,MANDI007,Sugarcane,495.58
2026-08-28,MANDI008,Cotton,174.46
2026-08-28,MANDI008,Maize,86.44
2026-08-28,MANDI008,Mustard,489.31
2026-08-28,MANDI008,Rice,352.45
2026-08-28,MANDI008,Sugarcane,389.57
2026-08-28,MANDI008,Wheat,433.33
2026-08-28,MANDI009,Mustard,760.49
2026-08-28,MANDI010,Basmati,472.46
2026-08-28,MANDI010,Rice,185.04
2026-08-28,MANDI010,Sugarcane,190.33
2026-08-28,MANDI010,Wheat,129.05
2026-08-28,MANDI011,Sugarcane,452.36
2026-08-28,MANDI012,Maize,146.87
2026-08-28,MANDI012,Wheat,315.23
2026-08-28,MANDI013,Basmati,418.81
2026-08-28,MANDI014,Sugarcane,292.73
2026-08-28,MANDI015,Maize,309.74
2026-08-28,MANDI015,Mustard,164.03
2026-08-28,MANDI016,Cotton,379.9
2026-08-28,MANDI016,Wheat,263.16
2026-08-28,MANDI017,Rice,375.75
2026-08-28,MANDI017,Sugarcane,430.7
2026-08-28,MANDI019,Rice,365.98
2026-08-28,MANDI019,Sugarcane,23.81
2026-08-28,MANDI020,Mustard,473.84
2026-08-28,MANDI021,Mustard,442.92
2026-08-28,MANDI021,Sugarcane,197.48
2026-08-28,MANDI022,Basmati,468.45
2026-08-28,MANDI023,Wheat,363.66
2026-08-28,MANDI024,Wheat,109.43
2026-08-28,MANDI026,Maize,286.29
2026-08-28,MANDI027,Maize,196.42
2026-08-28,MANDI029,Cotton,38.17
2026-08-28,MANDI029,Mustard,486.03000000000003
2026-08-28,MANDI030,Wheat,374.78
2026-08-28,MANDI031,Cotton,417.33
2026-08-28,MANDI031,Maize,87.07
2026-08-28,MANDI031,Wheat,217.83
2026-08-28,MANDI032,Cotton,341.91
2026-08-28,MANDI032,Maize,140.62
2026-08-28,MANDI033,Mustard,416.53
2026-08-28,MANDI033,Rice,388.03
2026-08-28,MANDI034,Cotton,356.31
2026-08-28,MANDI036,Sugarcane,145.09
2026-08-28,MANDI036,Wheat,73.02
2026-08-28,MANDI038,Cotton,97.16
2026-08-28,MANDI040,Maize,385.57
2026-08-28,MANDI040,Mustard,429.27
2026-08-28,MANDI040,Sugarcane,226.45
2026-08-28,MANDI041,Cotton,692.89
2026-08-28,MANDI041,Mustard,428.98
2026-08-28,MANDI041,Rice,20.52
2026-08-28,MANDI042,Rice,319.62
2026-08-28,MANDI043,Cotton,315.36
2026-08-28,MANDI044,Cotton,95.84
2026-08-28,MANDI044,Rice,11.86
2026-08-28,MANDI045,Mustard,339.67
2026-08-28,MANDI045,Rice,314.31
2026-08-28,MANDI045,Wheat,226.88
2026-08-28,MANDI046,Rice,39.51
2026-08-28,MANDI047,Mustard,498.7
2026-08-28,MANDI047,Rice,157.97
2026-08-28,MANDI047,Wheat,436.83
2026-08-28,MANDI049,Cotton,81.66
2026-08-28,MANDI050,Cotton,469.31
2026-08-28,MANDI050,Sugarcane,410.64
2026-08-28,MANDI051,Cotton,495.83
2026-08-28,MANDI051,Narma,488.15
2026-08-28,MANDI051,Sugarcane,121.93
2026-08-28,MANDI051,Wheat,40.28
2026-08-28,MANDI053,Wheat,1068.25
2026-08-28,MANDI054,Cotton,83.67
2026-08-28,MANDI054,Mustard,12.49
2026-08-28,MANDI054,Sugarcane,425.9
2026-08-28,MANDI055,Cotton,228.14
2026-08-28,MANDI056,Maize,27.62
2026-08-28,MANDI056,Sugarcane,448.56
2026-08-29,MANDI002,Wheat,225.31
2026-08-29,MANDI003,Rice,150.15
2026-08-29,MANDI004,Sugarcane,198.94
2026-08-29,MANDI004,Wheat,90.24
2026-08-29,MANDI005,Cotton,486.5
2026-08-29,MANDI005,Rice,351.87
2026-08-29,MANDI006,Cotton,455.11
2026-08-29,MANDI006,Mustard,131.24
2026-08-29,MANDI008,Rice,251.87
2026-08-29,MANDI009,Sugarcane,32.7
2026-08-29,MANDI010,Cotton,157.07
2026-08-29,MANDI010,Maize,481.35
2026-08-29,MANDI011,Mustard,214.19
2026-08-29,MANDI012,Cotton,48.48
2026-08-29,MANDI013,Maize,327.91
2026-08-29,MANDI013,Rice,265.62
2026-08-29,MANDI014,Mustard,296.95
2026-08-29,MANDI014,Wheat,313.89
2026-08-29,MANDI015,Cotton,27.53
2026-08-29,MANDI015,Maize,112.8
2026-08-29,MANDI016,Narma,254.45
2026-08-29,MANDI017,Rice,78.54
2026-08-29,MANDI017,Sugarcane,338.75
2026-08-29,MANDI018,Cotton,306.06
2026-08-29,MANDI019,Cotton,348.63
2026-08-29,MANDI020,Maize,241.01
2026-08-29,MANDI021,Sugarcane,763.09
2026-08-29,MANDI022,Cotton,135.74
2026-08-29,MANDI022,Sugarcane,411.86
2026-08-29,MANDI023,Wheat,46.28
2026-08-29,MANDI025,Wheat,17.62
2026-08-29,MANDI026,Maize,126.06
2026-08-29,MANDI026,Rice,286.68
2026-08-29,MANDI026,Sugarcane,263.6
2026-08-29,MANDI028,Mustard,332.45
2026-08-29,MANDI029,Cotton,32.66
2026-08-29,MANDI029,Maize,390.25
2026-08-29,MANDI030,Narma,181.45
2026-08-29,MANDI031,Sugarcane,485.59
2026-08-29,MANDI032,Mustard,352.78
2026-08-29,MANDI033,Maize,55.34
2026-08-29,MANDI033,Mustard,334.63
2026-08-29,MANDI033,Sugarcane,34.86
2026-08-29,MANDI034,Maize,402.75
2026-08-29,MANDI034,Wheat,181.9
2026-08-29,MANDI036,Mustard,333.57
2026-08-29,MANDI037,Wheat,376.47
2026-08-29,MANDI038,Narma,59.16
2026-08-29,MANDI038,Rice,647.02
2026-08-29,MANDI038,Wheat,712.84
2026-08-29,MANDI039,Maize,408.8
2026-08-29,MANDI039,Wheat,273.78
2026-08-29,MANDI041,Mustard,385.27
2026-08-29,MANDI041,Rice,297.4
2026-08-29,MANDI042,Rice,217.01
2026-08-29,MANDI043,Maize,342.89
2026-08-29,MANDI045,Maize,39.3
2026-08-29,MANDI045,Rice,499.09
2026-08-29,MANDI046,Sugarcane,347.4599999999999
2026-08-29,MANDI048,Mustard,235.25
2026-08-29,MANDI048,Sugarcane,71.24
2026-08-29,MANDI050,Rice,358.94
2026-08-29,MANDI051,Rice,98.3
2026-08-29,MANDI052,Maize,557.6
2026-08-29,MANDI055,Cotton,442.62
2026-08-29,MANDI056,Sugarcane,77.11
2026-08-29,MANDI057,Rice,182.85
2026-08-30,MANDI001,Maize,42.8
2026-08-30,MANDI001,Rice,216.2
2026-08-30,MANDI001,Sugarcane,94.71
2026-08-30,MANDI002,Wheat,382.48
2026-08-30,MANDI003,Sugarcane,358.19
2026-08-30,MANDI004,Basmati,39.01
2026-08-30,MANDI005,Wheat,214.69
2026-08-30,MANDI006,Maize,424.1
2026-08-30,MANDI006,Mustard,173.47
2026-08-30,MANDI006,Rice,190.47
2026-08-30,MANDI006,Wheat,88.05
2026-08-30,MANDI007,Maize,94.48
2026-08-30,MANDI007,Mustard,158.93
2026-08-30,MANDI007,Sugarcane,679.34
2026-08-30,MANDI007,Wheat,361.25
2026-08-30,MANDI008,Sugarcane,392.94
2026-08-30,MANDI009,Maize,24.5
2026-08-30,MANDI009,Mustard,117.12
2026-08-30,MANDI009,Sugarcane,88.23
2026-08-30,MANDI010,Basmati,210.28
2026-08-30,MANDI010,Cotton,475.79
2026-08-30,MANDI010,Mustard,93.76
2026-08-30,MANDI011,Basmati,34.19
2026-08-30,MANDI011,Mustard,114.9
2026-08-30,MANDI012,Narma,305.3
2026-08-30,MANDI013,Maize,401.61
2026-08-30,MANDI014,Maize,226.98
2026-08-30,MANDI014,Wheat,36.75
2026-08-30,MANDI015,Cotton,450.66
2026-08-30,MANDI016,Wheat,202.09
2026-08-30,MANDI017,Cotton,341.72
2026-08-30,MANDI017,Mustard,297.66
2026-08-30,MANDI017,Wheat,393.28
2026-08-30,MANDI020,Maize,450.53
2026-08-30,MANDI020,Sugarcane,441.2900000000001
2026-08-30,MANDI021,Mustard,832.55
2026-08-30,MANDI022,Maize,148.9
2026-08-30,MANDI022,Sugarcane,376.69
2026-08-30,MANDI023,Cotton,354.25
2026-08-30,MANDI023,Maize,450.57
2026-08-30,MANDI024,Maize,101.78
2026-08-30,MANDI024,Mustard,84.15
2026-08-30,MANDI025,Cotton,432.27
2026-08-30,MANDI025,Mustard,99.34
2026-08-30,MANDI026,Basmati,314.2
2026-08-30,MANDI027,Mustard,212.42
2026-08-30,MANDI028,Wheat,494.13
2026-08-30,MANDI029,Maize,364.56
2026-08-30,MANDI031,Sugarcane,364.03
2026-08-30,MANDI032,Mustard,14.72
2026-08-30,MANDI033,Cotton,123.44999999999999
2026-08-30,MANDI033,Rice,499.17
2026-08-30,MANDI033,Sugarcane,642.34
2026-08-30,MANDI034,Rice,111.0
2026-08-30,MANDI035,Wheat,809.0899999999999
2026-08-30,MANDI037,Rice,165.64
2026-08-30,MANDI037,Wheat,496.34
2026-08-30,MANDI039,Cotton,205.75
2026-08-30,MANDI039,Maize,332.53
2026-08-30,MANDI039,Sugarcane,381.83
2026-08-30,MANDI039,Wheat,166.81
2026-08-30,MANDI040,Cotton,352.65
2026-08-30,MANDI040,Maize,102.86
2026-08-30,MANDI040,Rice,201.96
2026-08-30,MANDI041,Sugarcane,482.48
2026-08-30,MANDI042,Sugarcane,60.16
2026-08-30,MANDI043,Maize,202.14
2026-08-30,MANDI043,Mustard,280.77
2026-08-30,MANDI045,Sugarcane,251.16
2026-08-30,MANDI047,Maize,16.73
2026-08-30,MANDI047,Rice,71.85
2026-08-30,MANDI048,Sugarcane,41.88000000000001
2026-08-30,MANDI048,Wheat,256.28
2026-08-30,MANDI049,Rice,242.68
2026-08-30,MANDI050,Maize,469.11
2026-08-30,MANDI050,Wheat,195.81
2026-08-30,MANDI051,Maize,117.36
2026-08-30,MANDI051,Sugarcane,453.88
2026-08-30,MANDI052,Maize,123.1
2026-08-30,MANDI053,Basmati,231.96
2026-08-30,MANDI053,Cotton,142.62
2026-08-30,MANDI053,Maize,737.14
2026-08-30,MANDI053,Sugarcane,16.16
2026-08-30,MANDI054,Sugarcane,440.12
2026-08-30,MANDI056,Cotton,389.1
2026-08-30,MANDI056,Rice,43.86
2026-08-30,MANDI057,Mustard,279.64
2026-08-31,MANDI001,Maize,207.35
2026-08-31,MANDI001,Rice,122.63
2026-08-31,MANDI002,Cotton,405.27
2026-08-31,MANDI002,Maize,59.19
2026-08-31,MANDI002,Mustard,100.41
2026-08-31,MANDI003,Cotton,121.57
2026-08-31,MANDI005,Rice,357.97
2026-08-31,MANDI005,Sugarcane,93.28
2026-08-31,MANDI006,Cotton,244.71
2026-08-31,MANDI006,Maize,404.73
2026-08-31,MANDI006,Rice,399.48
2026-08-31,MANDI006,Sugarcane,439.13
2026-08-31,MANDI011,Maize,440.07
2026-08-31,MANDI011,Mustard,407.98
2026-08-31,MANDI011,Wheat,243.84
2026-08-31,MANDI012,Wheat,280.26
2026-08-31,MANDI013,Mustard,194.43
2026-08-31,MANDI014,Maize,186.61
2026-08-31,MANDI014,Mustard,904.78
2026-08-31,MANDI014,Sugarcane,468.91
2026-08-31,MANDI015,Cotton,115.57
2026-08-31,MANDI015,Wheat,293.53
2026-08-31,MANDI017,Rice,90.98
2026-08-31,MANDI018,Basmati,390.29
2026-08-31,MANDI018,Maize,403.97
2026-08-31,MANDI019,Rice,467.16
2026-08-31,MANDI020,Mustard,425.53
2026-08-31,MANDI020,Narma,169.52
2026-08-31,MANDI020,Wheat,114.8
2026-08-31,MANDI022,Rice,918.98
2026-08-31,MANDI022,Wheat,385.6
2026-08-31,MANDI023,Maize,66.74000000000001
2026-08-31,MANDI025,Basmati,108.98
2026-08-31,MANDI025,Maize,128.51000000000002
2026-08-31,MANDI025,Mustard,378.36
2026-08-31,MANDI026,Maize,357.3
2026-08-31,MANDI026,Rice,239.66
2026-08-31,MANDI028,Rice,154.01999999999998
2026-08-31,MANDI029,Sugarcane,239.48
2026-08-31,MANDI031,Cotton,405.67
2026-08-31,MANDI032,Maize,240.58
2026-08-31,MANDI032,Narma,268.8
2026-08-31,MANDI032,Wheat,203.31
2026-08-31,MANDI033,Maize,353.25
2026-08-31,MANDI033,Mustard,312.03
2026-08-31,MANDI033,Sugarcane,174.39
2026-08-31,MANDI033,Wheat,185.46
2026-08-31,MANDI035,Cotton,844.73
2026-08-31,MANDI037,Rice,302.06
2026-08-31,MANDI038,Rice,426.4100000000001
2026-08-31,MANDI039,Sugarcane,57.19
2026-08-31,MANDI040,Rice,226.71
2026-08-31,MANDI041,Sugarcane,132.18
2026-08-31,MANDI043,Mustard,122.54
2026-08-31,MANDI044,Sugarcane,317.98
2026-08-31,MANDI045,Cotton,107.84
2026-08-31,MANDI045,Maize,435.54
2026-08-31,MANDI046,Rice,368.98
2026-08-31,MANDI047,Cotton,482.81
2026-08-31,MANDI047,Maize,39.66
2026-08-31,MANDI048,Cotton,68.02
2026-08-31,MANDI048,Rice,407.75
2026-08-31,MANDI049,Wheat,138.14
2026-08-31,MANDI050,Maize,149.25
2026-08-31,MANDI050,Rice,457.67
2026-08-31,MANDI052,Wheat,344.52
2026-08-31,MANDI053,Maize,630.9200000000001
2026-08-31,MANDI053,Sugarcane,499.84
2026-08-31,MANDI054,Cotton,74.5
2026-08-31,MANDI056,Sugarcane,312.17
2026-09-01,MANDI001,Rice,121.83
2026-09-01,MANDI002,Cotton,296.31
2026-09-01,MANDI003,Sugarcane,476.65
2026-09-01,MANDI004,Cotton,56.62
2026-09-01,MANDI004,Mustard,440.91
2026-09-01,MANDI006,Sugarcane,327.08
2026-09-01,MANDI007,Cotton,304.71
2026-09-01,MANDI007,Mustard,281.47
2026-09-01,MANDI007,Wheat,173.35
2026-09-01,MANDI009,Maize,194.83
2026-09-01,MANDI011,Sugarcane,13.53
2026-09-01,MANDI014,Cotton,201.52
2026-09-01,MANDI014,Maize,80.85
2026-09-01,MANDI014,Rice,384.68
2026-09-01,MANDI016,Maize,470.29
2026-09-01,MANDI016,Rice,406.05
2026-09-01,MANDI016,Sugarcane,417.08
2026-09-01,MANDI017,Mustard,208.63
2026-09-01,MANDI017,Rice,228.89
2026-09-01,MANDI018,Rice,357.68
2026-09-01,MANDI019,Mustard,403.96
2026-09-01,MANDI020,Basmati,402.65
2026-09-01,MANDI020,Maize,130.04
2026-09-01,MANDI021,Maize,428.35
2026-09-01,MANDI022,Mustard,195.94
2026-09-01,MANDI023,Mustard,361.42
2026-09-01,MANDI023,Wheat,76.09
2026-09-01,MANDI024,Mustard,109.79
2026-09-01,MANDI024,Sugarcane,233.83
2026-09-01,MANDI025,Cotton,81.86
2026-09-01,MANDI025,Mustard,485.28
2026-09-01,MANDI025,Rice,461.3
2026-09-01,MANDI027,Cotton,96.77
2026-09-01,MANDI027,Maize,329.98
2026-09-01,MANDI028,Sugarcane,464.69
2026-09-01,MANDI029,Maize,238.38
2026-09-01,MANDI031,Wheat,405.41
2026-09-01,MANDI032,Cotton,86.0
2026-09-01,MANDI032,Sugarcane,33.9
2026-09-01,MANDI033,Basmati,236.09000000000003
2026-09-01,MANDI033,Cotton,302.02
2026-09-01,MANDI033,Mustard,550.83
2026-09-01,MANDI033,Narma,359.46
2026-09-01,MANDI033,Rice,22.5
2026-09-01,MANDI034,Cotton,377.24
2026-09-01,MANDI034,Sugarcane,830.27
2026-09-01,MANDI035,Basmati,251.6
2026-09-01,MANDI036,Wheat,325.66
2026-09-01,MANDI037,Maize,10.63
2026-09-01,MANDI037,Mustard,317.37
2026-09-01,MANDI038,Wheat,581.98
2026-09-01,MANDI039,Rice,481.73
2026-09-01,MANDI039,Wheat,415.77
2026-09-01,MANDI040,Mustard,312.97
2026-09-01,MANDI041,Maize,218.91
2026-09-01,MANDI041,Sugarcane,961.9300000000001
2026-09-01,MANDI042,Maize,405.35
2026-09-01,MANDI044,Mustard,132.72
2026-09-01,MANDI045,Mustard,347.04
2026-09-01,MANDI047,Cotton,309.88
2026-09-01,MANDI048,Maize,206.01
2026-09-01,MANDI051,Sugarcane,879.1600000000001
2026-09-01,MANDI054,Rice,408.5
2026-09-01,MANDI055,Maize,437.83
2026-09-01,MANDI056,Basmati,486.46
2026-09-01,MANDI057,Cotton,411.93
2026-09-01,MANDI057,Maize,453.96
2026-09-02,MANDI001,Maize,250.39
2026-09-02,MANDI001,Mustard,484.77
2026-09-02,MANDI001,Sugarcane,191.79
2026-09-02,MANDI001,Wheat,436.23
2026-09-02,MANDI004,Rice,487.2
2026-09-02,MANDI004,Sugarcane,271.86
2026-09-02,MANDI005,Sugarcane,410.13
2026-09-02,MANDI006,Mustard,471.53999999999996
2026-09-02,MANDI006,Wheat,235.46
2026-09-02,MANDI007,Maize,390.03
2026-09-02,MANDI007,Sugarcane,158.24
2026-09-02,MANDI008,Maize,498.37
2026-09-02,MANDI008,Sugarcane,239.89
2026-09-02,MANDI010,Cotton,599.46
2026-09-02,MANDI011,Rice,50.5
2026-09-02,MANDI012,Maize,214.02
2026-09-02,MANDI013,Mustard,60.09
2026-09-02,MANDI013,Rice,418.96
2026-09-02,MANDI013,Wheat,101.82
2026-09-02,MANDI014,Wheat,48.74
2026-09-02,MANDI015,Basmati,406.41
2026-09-02,MANDI015,Cotton,324.67
2026-09-02,MANDI015,Narma,210.36
2026-09-02,MANDI017,Wheat,60.45
2026-09-02,MANDI020,Cotton,142.12
2026-09-02,MANDI020,Mustard,94.9
2026-09-02,MANDI021,Maize,302.5
2026-09-02,MANDI022,Wheat,338.48
2026-09-02,MANDI024,Maize,491.65
2026-09-02,MANDI024,Wheat,215.63
2026-09-02,MANDI026,Cotton,390.52
2026-09-02,MANDI026,Narma,364.0
2026-09-02,MANDI027,Maize,22.34
2026-09-02,MANDI027,Wheat,427.86
2026-09-02,MANDI028,Basmati,29.46
2026-09-02,MANDI028,Cotton,178.93
2026-09-02,MANDI028,Maize,122.98
2026-09-02,MANDI028,Mustard,17.51
2026-09-02,MANDI028,Wheat,348.55
2026-09-02,MANDI029,Mustard,166.40999999999997
2026-09-02,MANDI030,Maize,337.48
2026-09-02,MANDI031,Rice,178.53
2026-09-02,MANDI031,Sugarcane,232.68
2026-09-02,MANDI032,Wheat,102.94
2026-09-02,MANDI033,Maize,223.59000000000003
2026-09-02,MANDI034,Cotton,243.33
2026-09-02,MANDI034,Rice,235.98
2026-09-02,MANDI034,Wheat,478.84
2026-09-02,MANDI035,Cotton,245.41
2026-09-02,MANDI036,Mustard,151.79
2026-09-02,MANDI036,Wheat,482.64
2026-09-02,MANDI037,Sugarcane,170.57
2026-09-02,MANDI041,Cotton,142.25
2026-09-02,MANDI041,Rice,442.47
2026-09-02,MANDI041,Wheat,247.33
2026-09-02,MANDI042,Maize,133.13
2026-09-02,MANDI042,Sugarcane,222.87
2026-09-02,MANDI042,Wheat,231.95
2026-09-02,MANDI043,Rice,565.47
2026-09-02,MANDI044,Mustard,168.02
2026-09-02,MANDI045,Cotton,123.77
2026-09-02,MANDI045,Maize,404.29
2026-09-02,MANDI047,Mustard,122.07
2026-09-02,MANDI048,Maize,148.17
2026-09-02,MANDI048,Mustard,361.24
2026-09-02,MANDI049,Sugarcane,412.62
2026-09-02,MANDI050,Cotton,99.47999999999999
2026-09-02,MANDI050,Wheat,136.22
2026-09-02,MANDI051,Sugarcane,338.02000000000004
2026-09-02,MANDI052,Sugarcane,495.26
2026-09-02,MANDI053,Maize,45.02
2026-09-02,MANDI053,Mustard,353.55
2026-09-02,MANDI054,Cotton,249.64
2026-09-02,MANDI055,Sugarcane,346.25
2026-09-02,MANDI055,Wheat,358.54
2026-09-02,MANDI056,Wheat,152.0
2026-09-02,MANDI057,Sugarcane,287.56
2026-09-02,MANDI057,Wheat,465.67
2026-09-03,MANDI001,Mustard,485.58000000000004
2026-09-03,MANDI002,Rice,210.13
2026-09-03,MANDI002,Sugarcane,151.36
2026-09-03,MANDI002,Wheat,330.79
2026-09-03,MANDI003,Cotton,62.61
2026-09-03,MANDI003,Maize,415.8
2026-09-03,MANDI003,Sugarcane,166.16
2026-09-03,MANDI006,Cotton,344.81
2026-09-03,MANDI006,Mustard,384.54
2026-09-03,MANDI007,Maize,879.0600000000001
2026-09-03,MANDI007,Rice,459.04
2026-09-03,MANDI007,Wheat,216.37
2026-09-03,MANDI008,Maize,444.66
2026-09-03,MANDI009,Rice,262.87
2026-09-03,MANDI010,Maize,115.81
2026-09-03,MANDI010,Rice,128.07
2026-09-03,MANDI012,Cotton,283.39
2026-09-03,MANDI013,Sugarcane,232.22000000000003
2026-09-03,MANDI015,Sugarcane,423.02
2026-09-03,MANDI016,Sugarcane,127.8
2026-09-03,MANDI017,Cotton,297.08
2026-09-03,MANDI017,Mustard,450.41
2026-09-03,MANDI019,Cotton,319.42
2026-09-03,MANDI020,Maize,328.23
2026-09-03,MANDI020,Mustard,182.79
2026-09-03,MANDI021,Cotton,464.87
2026-09-03,MANDI021,Rice,101.03
2026-09-03,MANDI026,Sugarcane,334.67
2026-09-03,MANDI027,Cotton,333.08
2026-09-03,MANDI027,Maize,562.7
2026-09-03,MANDI027,Mustard,491.86
2026-09-03,MANDI027,Wheat,130.98000000000002
2026-09-03,MANDI028,Mustard,39.25
2026-09-03,MANDI028,Wheat,16.77
2026-09-03,MANDI029,Maize,371.73
2026-09-03,MANDI029,Rice,82.45
2026-09-03,MANDI029,Wheat,151.9
2026-09-03,MANDI030,Sugarcane,120.89
2026-09-03,MANDI031,Basmati,480.56
2026-09-03,MANDI031,Rice,79.32
2026-09-03,MANDI032,Cotton,137.12
2026-09-03,MANDI032,Mustard,143.15
2026-09-03,MANDI033,Sugarcane,337.91
2026-09-03,MANDI034,Cotton,375.39
2026-09-03,MANDI035,Cotton,327.51
2026-09-03,MANDI035,Mustard,136.26
2026-09-03,MANDI041,Rice,211.52
2026-09-03,MANDI042,Cotton,20.97
2026-09-03,MANDI042,Mustard,480.51
2026-09-03,MANDI042,Sugarcane,649.48
2026-09-03,MANDI046,Rice,150.42
2026-09-03,MANDI047,Mustard,209.74
2026-09-03,MANDI047,Rice,495.04
2026-09-03,MANDI049,Mustard,438.76
2026-09-03,MANDI050,Sugarcane,312.43
2026-09-03,MANDI050,Wheat,374.31
2026-09-03,MANDI051,Mustard,224.47
2026-09-03,MANDI052,Wheat,466.91
2026-09-03,MANDI053,Cotton,381.57
2026-09-03,MANDI053,Maize,96.64
2026-09-03,MANDI053,Rice,118.59
2026-09-03,MANDI053,Sugarcane,421.94
2026-09-03,MANDI054,Mustard,141.08
2026-09-03,MANDI054,Sugarcane,435.18
2026-09-03,MANDI056,Maize,96.89
2026-09-03,MANDI057,Sugarcane,467.3
2026-09-03,MANDI057,Wheat,643.03
2026-09-04,MANDI001,Wheat,172.71
2026-09-04,MANDI002,Cotton,305.29
2026-09-04,MANDI002,Sugarcane,45.52
2026-09-04,MANDI002,Wheat,14.48
2026-09-04,MANDI003,Wheat,144.48000000000002
2026-09-04,MANDI005,Maize,438.58
2026-09-04,MANDI007,Basmati,369.95
2026-09-04,MANDI007,Mustard,530.65
2026-09-04,MANDI007,Wheat,170.02
2026-09-04,MANDI009,Sugarcane,293.39
2026-09-04,MANDI009,Wheat,16.95
2026-09-04,MANDI010,Maize,730.64
2026-09-04,MANDI010,Wheat,340.5
2026-09-04,MANDI011,Cotton,404.65
2026-09-04,MANDI012,Mustard,148.78
2026-09-04,MANDI019,Mustard,266.88
2026-09-04,MANDI019,Rice,110.57
2026-09-04,MANDI022,Rice,228.44
2026-09-04,MANDI025,Cotton,354.8
2026-09-04,MANDI026,Mustard,683.48
2026-09-04,MANDI028,Maize,136.99
2026-09-04,MANDI030,Cotton,394.93
2026-09-04,MANDI031,Cotton,417.55
2026-09-04,MANDI034,Mustard,414.51
2026-09-04,MANDI035,Maize,489.38
2026-09-04,MANDI035,Sugarcane,130.63
2026-09-04,MANDI036,Cotton,12.36
2026-09-04,MANDI036,Rice,86.57
2026-09-04,MANDI036,Sugarcane,24.75
2026-09-04,MANDI037,Basmati,89.32
2026-09-04,MANDI038,Rice,45.74
2026-09-04,MANDI038,Wheat,363.66
2026-09-04,MANDI039,Rice,235.5
2026-09-04,MANDI039,Sugarcane,731.16
2026-09-04,MANDI041,Maize,261.23
2026-09-04,MANDI041,Rice,541.84
2026-09-04,MANDI044,Mustard,360.81
2026-09-04,MANDI045,Rice,321.29
2026-09-04,MANDI045,Sugarcane,85.76
2026-09-04,MANDI046,Maize,513.74
2026-09-04,MANDI046,Mustard,431.11
2026-09-04,MANDI047,Maize,169.6
2026-09-04,MANDI050,Rice,424.45
2026-09-04,MANDI051,Cotton,426.76
2026-09-04,MANDI051,Wheat,30.21
2026-09-04,MANDI052,Maize,356.47
2026-09-04,MANDI052,Sugarcane,56.23
2026-09-04,MANDI053,Rice,386.45
2026-09-04,MANDI055,Maize,66.11
2026-09-04,MANDI056,Narma,516.93
2026-09-04,MANDI057,Mustard,463.42
2026-09-05,MANDI004,Rice,376.31
2026-09-05,MANDI004,Wheat,44.23
2026-09-05,MANDI005,Wheat,480.34
2026-09-05,MANDI006,Rice,133.64
2026-09-05,MANDI007,Mustard,398.55
2026-09-05,MANDI008,Rice,426.17
2026-09-05,MANDI008,Wheat,328.6
2026-09-05,MANDI009,Wheat,735.14
2026-09-05,MANDI010,Mustard,444.82
2026-09-05,MANDI011,Cotton,460.22
2026-09-05,MANDI011,Maize,439.15
2026-09-05,MANDI012,Cotton,160.5
2026-09-05,MANDI012,Wheat,288.01
2026-09-05,MANDI013,Sugarcane,339.02
2026-09-05,MANDI015,Cotton,628.79
2026-09-05,MANDI016,Cotton,68.04
2026-09-05,MANDI018,Wheat,162.22000000000003
2026-09-05,MANDI019,Cotton,289.97
2026-09-05,MANDI020,Rice,334.22
2026-09-05,MANDI020,Wheat,132.26
2026-09-05,MANDI021,Cotton,352.79
2026-09-05,MANDI022,Cotton,234.29999999999998
2026-09-05,MANDI022,Mustard,400.73
2026-09-05,MANDI023,Wheat,620.19
2026-09-05,MANDI024,Sugarcane,494.18
2026-09-05,MANDI026,Maize,68.0
2026-09-05,MANDI027,Cotton,179.45
2026-09-05,MANDI028,Maize,267.34
2026-09-05,MANDI028,Mustard,70.33
2026-09-05,MANDI028,Rice,198.57
2026-09-05,MANDI029,Cotton,251.47
2026-09-05,MANDI029,Mustard,455.45
2026-09-05,MANDI029,Rice,484.72
2026-09-05,MANDI031,Maize,136.67
2026-09-05,MANDI032,Cotton,347.88
2026-09-05,MANDI032,Mustard,383.24
2026-09-05,MANDI032,Wheat,94.17
2026-09-05,MANDI033,Maize,147.61
2026-09-05,MANDI033,Mustard,347.97
2026-09-05,MANDI033,Wheat,172.35
2026-09-05,MANDI037,Narma,100.27
2026-09-05,MANDI039,Mustard,441.48
2026-09-05,MANDI041,Maize,403.08
2026-09-05,MANDI041,Wheat,378.54
2026-09-05,MANDI043,Maize,432.39
2026-09-05,MANDI043,Wheat,355.34
2026-09-05,MANDI044,Rice,195.67
2026-09-05,MANDI044,Wheat,452.0
2026-09-05,MANDI046,Sugarcane,99.04
2026-09-05,MANDI046,Wheat,47.74
2026-09-05,MANDI047,Mustard,102.08
2026-09-05,MANDI049,Wheat,485.75
2026-09-05,MANDI050,Sugarcane,468.41
2026-09-05,MANDI051,Rice,312.81
2026-09-05,MANDI053,Basmati,244.5
2026-09-05,MANDI057,Cotton,49.82
2026-09-06,MANDI002,Wheat,146.25
2026-09-06,MANDI003,Maize,296.14
2026-09-06,MANDI005,Maize,349.63
2026-09-06,MANDI006,Cotton,159.27
2026-09-06,MANDI007,Maize,425.77
2026-09-06,MANDI007,Sugarcane,364.89
2026-09-06,MANDI008,Narma,211.86
2026-09-06,MANDI008,Rice,227.61
2026-09-06,MANDI009,Rice,303.08
2026-09-06,MANDI009,Sugarcane,107.15
2026-09-06,MANDI010,Sugarcane,114.96
2026-09-06,MANDI011,Rice,477.01
2026-09-06,MANDI013,Mustard,233.43
2026-09-06,MANDI013,Sugarcane,857.61
2026-09-06,MANDI016,Cotton,348.89
2026-09-06,MANDI016,Sugarcane,440.85
2026-09-06,MANDI016,Wheat,388.67
2026-09-06,MANDI017,Basmati,289.09
2026-09-06,MANDI017,Maize,245.17
2026-09-06,MANDI017,Sugarcane,374.4
2026-09-06,MANDI018,Sugarcane,473.36
2026-09-06,MANDI019,Cotton,413.44
2026-09-06,MANDI019,Maize,149.56
2026-09-06,MANDI019,Rice,355.62
2026-09-06,MANDI019,Sugarcane,79.59
2026-09-06,MANDI021,Maize,338.44
2026-09-06,MANDI022,Maize,26.7
2026-09-06,MANDI024,Cotton,378.76
2026-09-06,MANDI024,Mustard,189.94
2026-09-06,MANDI024,Rice,101.22
2026-09-06,MANDI025,Rice,73.2
2026-09-06,MANDI025,Wheat,191.59
2026-09-06,MANDI026,Maize,541.27
2026-09-06,MANDI026,Wheat,392.21
2026-09-06,MANDI027,Maize,202.12
2026-09-06,MANDI027,Narma,134.05
2026-09-06,MANDI028,Maize,314.68
2026-09-06,MANDI031,Wheat,118.73
2026-09-06,MANDI032,Cotton,345.8
2026-09-06,MANDI032,Rice,193.66
2026-09-06,MANDI033,Maize,46.49
2026-09-06,MANDI033,Sugarcane,365.96
2026-09-06,MANDI036,Mustard,535.9100000000001
2026-09-06,MANDI037,Mustard,332.92
2026-09-06,MANDI037,Sugarcane,781.8199999999999
2026-09-06,MANDI037,Wheat,198.06
2026-09-06,MANDI038,Maize,118.41
2026-09-06,MANDI038,Sugarcane,73.12
2026-09-06,MANDI038,Wheat,836.51
2026-09-06,MANDI039,Rice,393.76
2026-09-06,MANDI041,Maize,443.02
2026-09-06,MANDI041,Wheat,423.74
2026-09-06,MANDI042,Maize,255.1
2026-09-06,MANDI042,Wheat,324.29
2026-09-06,MANDI043,Cotton,176.09000000000003
2026-09-06,MANDI043,Rice,182.75
2026-09-06,MANDI046,Cotton,204.64
2026-09-06,MANDI047,Maize,26.43
2026-09-06,MANDI051,Mustard,169.72000000000003
2026-09-06,MANDI051,Sugarcane,23.23
2026-09-06,MANDI052,Sugarcane,286.35
2026-09-06,MANDI053,Maize,294.7
2026-09-06,MANDI053,Narma,294.35
2026-09-06,MANDI053,Wheat,84.3
2026-09-06,MANDI054,Maize,184.85
2026-09-06,MANDI054,Mustard,362.45
2026-09-06,MANDI054,Rice,39.16
2026-09-06,MANDI054,Sugarcane,305.91
2026-09-06,MANDI055,Sugarcane,238.19
2026-09-07,MANDI002,Cotton,54.93
2026-09-07,MANDI002,Maize,173.06
2026-09-07,MANDI002,Sugarcane,480.89
2026-09-07,MANDI003,Narma,260.61
2026-09-07,MANDI003,Wheat,34.2
2026-09-07,MANDI004,Cotton,530.45
2026-09-07,MANDI004,Maize,152.71
2026-09-07,MANDI004,Sugarcane,31.55
2026-09-07,MANDI004,Wheat,498.37
2026-09-07,MANDI005,Maize,498.02
2026-09-07,MANDI006,Wheat,84.24
2026-09-07,MANDI008,Mustard,326.89
2026-09-07,MANDI009,Cotton,170.19
2026-09-07,MANDI009,Mustard,473.28
2026-09-07,MANDI010,Cotton,618.21
2026-09-07,MANDI010,Mustard,80.39
2026-09-07,MANDI010,Sugarcane,108.49
2026-09-07,MANDI011,Mustard,113.49
2026-09-07,MANDI011,Sugarcane,489.33
2026-09-07,MANDI011,Wheat,31.76
2026-09-07,MANDI012,Sugarcane,335.89
2026-09-07,MANDI013,Mustard,438.37
2026-09-07,MANDI016,Maize,333.23
2026-09-07,MANDI016,Mustard,298.88
2026-09-07,MANDI016,Wheat,398.44
2026-09-07,MANDI017,Maize,316.78
2026-09-07,MANDI017,Mustard,64.58
2026-09-07,MANDI017,Sugarcane,453.9
2026-09-07,MANDI018,Sugarcane,77.82
2026-09-07,MANDI018,Wheat,299.4
2026-09-07,MANDI019,Rice,328.38
2026-09-07,MANDI020,Rice,112.73
2026-09-07,MANDI020,Wheat,337.61
2026-09-07,MANDI022,Mustard,123.5
2026-09-07,MANDI022,Sugarcane,349.78
2026-09-07,MANDI025,Sugarcane,376.41
2026-09-07,MANDI026,Cotton,177.36
2026-09-07,MANDI027,Sugarcane,409.91
2026-09-07,MANDI028,Wheat,177.65
2026-09-07,MANDI029,Mustard,438.12
2026-09-07,MANDI029,Sugarcane,164.77
2026-09-07,MANDI029,Wheat,17.28
2026-09-07,MANDI030,Mustard,144.17
2026-09-07,MANDI032,Maize,433.5
2026-09-07,MANDI032,Mustard,129.51
2026-09-07,MANDI032,Rice,418.6
2026-09-07,MANDI033,Cotton,382.94
2026-09-07,MANDI033,Wheat,369.32
2026-09-07,MANDI035,Cotton,73.25
2026-09-07,MANDI035,Rice,57.46
2026-09-07,MANDI035,Wheat,492.1
2026-09-07,MANDI038,Cotton,443.36
2026-09-07,MANDI038,Maize,478.21
2026-09-07,MANDI038,Wheat,463.09
2026-09-07,MANDI040,Maize,452.62
2026-09-07,MANDI040,Mustard,142.57999999999998
2026-09-07,MANDI040,Narma,375.72
2026-09-07,MANDI041,Maize,352.01
2026-09-07,MANDI042,Mustard,544.8599999999999
2026-09-07,MANDI042,Wheat,96.13
2026-09-07,MANDI043,Mustard,213.43
2026-09-07,MANDI044,Maize,340.48
2026-09-07,MANDI044,Mustard,272.63
2026-09-07,MANDI044,Sugarcane,48.33
2026-09-07,MANDI045,Wheat,418.39
2026-09-07,MANDI046,Rice,259.98
2026-09-07,MANDI046,Sugarcane,440.11
2026-09-07,MANDI048,Mustard,348.35
2026-09-07,MANDI049,Maize,873.28
2026-09-07,MANDI051,Maize,498.93
2026-09-07,MANDI051,Sugarcane,417.79
2026-09-07,MANDI051,Wheat,57.86
2026-09-07,MANDI052,Mustard,476.65
2026-09-07,MANDI052,Wheat,26.260000000000005
2026-09-07,MANDI054,Cotton,63.47
2026-09-07,MANDI055,Rice,623.46
2026-09-07,MANDI056,Cotton,14.21
2026-09-07,MANDI057,Rice,365.08
2026-09-07,MANDI057,Wheat,287.72
2026-09-08,MANDI001,Wheat,186.5
2026-09-08,MANDI003,Maize,213.19
2026-09-08,MANDI004,Maize,341.88
2026-09-08,MANDI004,Rice,172.01
2026-09-08,MANDI005,Maize,137.79
2026-09-08,MANDI005,Rice,140.06
2026-09-08,MANDI005,Wheat,422.58
2026-09-08,MANDI006,Mustard,34.63
2026-09-08,MANDI006,Rice,46.42
2026-09-08,MANDI007,Rice,462.37
2026-09-08,MANDI008,Rice,101.32
2026-09-08,MANDI009,Rice,115.95
2026-09-08,MANDI009,Wheat,624.16
2026-09-08,MANDI011,Cotton,764.1
2026-09-08,MANDI012,Mustard,418.74
2026-09-08,MANDI019,Cotton,482.41
2026-09-08,MANDI020,Rice,343.28
2026-09-08,MANDI020,Sugarcane,494.35
2026-09-08,MANDI024,Rice,464.79
2026-09-08,MANDI025,Cotton,481.65
2026-09-08,MANDI025,Rice,457.77
2026-09-08,MANDI025,Sugarcane,162.01
2026-09-08,MANDI026,Sugarcane,23.89
2026-09-08,MANDI027,Maize,187.13
2026-09-08,MANDI028,Sugarcane,476.02
2026-09-08,MANDI029,Wheat,13.11
2026-09-08,MANDI031,Narma,125.24
2026-09-08,MANDI031,Sugarcane,486.62
2026-09-08,MANDI031,Wheat,31.72
2026-09-08,MANDI032,Cotton,143.71
2026-09-08,MANDI033,Rice,280.26
2026-09-08,MANDI034,Mustard,460.93
2026-09-08,MANDI036,Cotton,317.27
2026-09-08,MANDI036,Mustard,142.17
2026-09-08,MANDI036,Wheat,108.99
2026-09-08,MANDI037,Maize,425.12
2026-09-08,MANDI037,Sugarcane,357.84
2026-09-08,MANDI038,Maize,403.3
2026-09-08,MANDI038,Mustard,270.63
2026-09-08,MANDI039,Cotton,305.08
2026-09-08,MANDI039,Mustard,292.24
2026-09-08,MANDI041,Cotton,12.75
2026-09-08,MANDI041,Mustard,495.66
2026-09-08,MANDI044,Cotton,270.14
2026-09-08,MANDI046,Rice,494.51
2026-09-08,MANDI048,Maize,361.47
2026-09-08,MANDI049,Rice,350.78
2026-09-08,MANDI049,Wheat,298.49
2026-09-08,MANDI050,Cotton,405.93
2026-09-08,MANDI050,Sugarcane,443.33
2026-09-08,MANDI051,Cotton,95.44
2026-09-08,MANDI051,Maize,249.14
2026-09-08,MANDI054,Wheat,293.47
2026-09-08,MANDI055,Maize,449.59
2026-09-08,MANDI055,Wheat,161.68
2026-09-08,MANDI056,Rice,190.94
2026-09-08,MANDI056,Wheat,217.24
2026-09-08,MANDI057,Mustard,136.98
2026-09-08,MANDI057,Wheat,212.14
2026-09-09,MANDI001,Mustard,62.64
2026-09-09,MANDI001,Wheat,848.69
2026-09-09,MANDI002,Cotton,246.3
2026-09-09,MANDI002,Maize,268.74
2026-09-09,MANDI005,Narma,105.3
2026-09-09,MANDI006,Mustard,165.33
2026-09-09,MANDI009,Maize,47.92
2026-09-09,MANDI009,Mustard,491.86
2026-09-09,MANDI009,Wheat,256.06
2026-09-09,MANDI010,Maize,260.11
2026-09-09,MANDI012,Maize,17.54
2026-09-09,MANDI012,Rice,250.99
2026-09-09,MANDI015,Basmati,452.52
2026-09-09,MANDI015,Cotton,21.0
2026-09-09,MANDI016,Mustard,487.9
2026-09-09,MANDI018,Rice,425.71999999999997
2026-09-09,MANDI019,Cotton,257.75
2026-09-09,MANDI021,Maize,426.91
2026-09-09,MANDI022,Sugarcane,319.03
2026-09-09,MANDI022,Wheat,273.23
2026-09-09,MANDI025,Narma,137.02
2026-09-09,MANDI025,Rice,461.59999999999997
2026-09-09,MANDI026,Wheat,416.68
2026-09-09,MANDI029,Cotton,54.62
2026-09-09,MANDI029,Sugarcane,177.45999999999998
2026-09-09,MANDI032,Mustard,488.24
2026-09-09,MANDI033,Mustard,324.62
2026-09-09,MANDI033,Sugarcane,234.92
2026-09-09,MANDI034,Cotton,75.53
2026-09-09,MANDI038,Mustard,450.31
2026-09-09,MANDI039,Sugarcane,134.16
2026-09-09,MANDI041,Mustard,244.58
2026-09-09,MANDI042,Mustard,42.830000000000005
2026-09-09,MANDI042,Narma,354.29
2026-09-09,MANDI043,Cotton,469.23
2026-09-09,MANDI043,Rice,204.63
2026-09-09,MANDI043,Wheat,375.98
2026-09-09,MANDI044,Maize,399.47
2026-09-09,MANDI044,Wheat,389.95
2026-09-09,MANDI045,Cotton,467.22
2026-09-09,MANDI045,Rice,285.65
2026-09-09,MANDI046,Basmati,233.36
2026-09-09,MANDI046,Maize,110.46
2026-09-09,MANDI046,Rice,146.7
2026-09-09,MANDI046,Wheat,270.79
2026-09-09,MANDI047,Cotton,62.86
2026-09-09,MANDI047,Mustard,444.82
2026-09-09,MANDI048,Maize,325.77
2026-09-09,MANDI048,Mustard,57.29
2026-09-09,MANDI048,Rice,317.7
2026-09-09,MANDI049,Wheat,469.47
2026-09-09,MANDI050,Wheat,120.19
2026-09-09,MANDI051,Mustard,487.44
2026-09-09,MANDI051,Wheat,230.05
2026-09-09,MANDI052,Cotton,307.24
2026-09-09,MANDI052,Maize,364.77000000000004
2026-09-09,MANDI054,Sugarcane,332.1
2026-09-09,MANDI055,Maize,293.73
2026-09-09,MANDI057,Cotton,245.73
2026-09-09,MANDI057,Maize,457.49
2026-09-09,MANDI057,Sugarcane,118.07
2026-09-09,MANDI057,Wheat,395.86
2026-10-01,MANDI004,Rice,486.14
2026-10-01,MANDI007,Sugarcane,32.94
2026-10-01,MANDI010,Rice,28.45
2026-10-01,MANDI012,Rice,487.41
2026-10-01,MANDI013,Sugarcane,65.04
2026-10-01,MANDI015,Wheat,408.9
2026-10-01,MANDI016,Cotton,25.53
2026-10-01,MANDI021,Wheat,122.27
2026-10-01,MANDI025,Maize,413.01
2026-10-01,MANDI026,Wheat,26.96
2026-10-01,MANDI027,Narma,415.6
2026-10-01,MANDI030,Sugarcane,805.98
2026-10-01,MANDI032,Wheat,300.52
2026-10-01,MANDI037,Wheat,376.19
2026-10-01,MANDI049,Maize,459.41
2026-10-01,MANDI049,Wheat,171.6
2026-10-01,MANDI050,Cotton,380.84
2026-10-01,MANDI050,Rice,389.45
2026-10-01,MANDI051,Wheat,247.06
2026-10-01,MANDI054,Wheat,245.85
2026-10-02,MANDI004,Maize,259.26
2026-10-02,MANDI006,Maize,351.59
2026-10-02,MANDI006,Mustard,486.90999999999997
2026-10-02,MANDI006,Wheat,309.46
2026-10-02,MANDI007,Maize,401.51
2026-10-02,MANDI009,Rice,159.99
2026-10-02,MANDI012,Maize,210.95
2026-10-02,MANDI012,Wheat,32.19
2026-10-02,MANDI013,Mustard,129.6
2026-10-02,MANDI013,Sugarcane,339.19
2026-10-02,MANDI017,Cotton,230.34
2026-10-02,MANDI019,Rice,278.08
2026-10-02,MANDI022,Sugarcane,334.58
2026-10-02,MANDI023,Rice,230.46
2026-10-02,MANDI027,Cotton,102.87
2026-10-02,MANDI028,Cotton,219.3
2026-10-02,MANDI028,Rice,203.27
2026-10-02,MANDI028,Sugarcane,466.38
2026-10-02,MANDI031,Basmati,72.8
2026-10-02,MANDI031,Maize,355.43999999999994
2026-10-02,MANDI031,Mustard,423.44
2026-10-02,MANDI035,Sugarcane,150.43
2026-10-02,MANDI040,Cotton,182.24
2026-10-02,MANDI040,Mustard,165.0
2026-10-02,MANDI040,Sugarcane,458.13
2026-10-02,MANDI041,Wheat,279.5
2026-10-02,MANDI042,Maize,346.43
2026-10-02,MANDI044,Maize,34.28
2026-10-02,MANDI045,Mustard,124.39
2026-10-02,MANDI047,Mustard,277.87
2026-10-02,MANDI050,Mustard,375.44
2026-10-02,MANDI051,Rice,62.05
2026-10-02,MANDI055,Cotton,431.44
2026-10-02,MANDI055,Mustard,305.62
2026-10-02,MANDI056,Cotton,499.39
2026-10-02,MANDI057,Mustard,205.83
2026-10-02,MANDI057,Sugarcane,193.97
2026-10-03,MANDI004,Mustard,175.32
2026-10-03,MANDI004,Rice,291.4
2026-10-03,MANDI007,Wheat,31.39
2026-10-03,MANDI008,Mustard,291.62
2026-10-03,MANDI008,Wheat,130.54
2026-10-03,MANDI009,Mustard,51.43
2026-10-03,MANDI009,Sugarcane,165.82
2026-10-03,MANDI013,Sugarcane,258.35
2026-10-03,MANDI017,Cotton,277.96
2026-10-03,MANDI020,Maize,445.05
2026-10-03,MANDI021,Wheat,133.21
2026-10-03,MANDI022,Rice,272.91
2026-10-03,MANDI022,Sugarcane,289.53
2026-10-03,MANDI026,Mustard,471.42
2026-10-03,MANDI030,Rice,216.12
2026-10-03,MANDI031,Mustard,463.91
2026-10-03,MANDI034,Maize,186.11
2026-10-03,MANDI034,Narma,471.64
2026-10-03,MANDI036,Wheat,311.99
2026-10-03,MANDI038,Mustard,83.0
2026-10-03,MANDI043,Sugarcane,464.0
2026-10-03,MANDI046,Narma,148.35
2026-10-03,MANDI048,Cotton,277.77
2026-10-03,MANDI048,Sugarcane,290.5
2026-10-03,MANDI050,Sugarcane,368.85
2026-10-03,MANDI051,Sugarcane,143.86
2026-10-03,MANDI056,Sugarcane,336.85
2026-10-03,MANDI057,Rice,427.29
2026-10-04,MANDI001,Basmati,129.48
2026-10-04,MANDI001,Mustard,481.75
2026-10-04,MANDI001,Rice,195.06
2026-10-04,MANDI002,Mustard,245.01
2026-10-04,MANDI006,Cotton,465.21
2026-10-04,MANDI006,Mustard,77.13
2026-10-04,MANDI006,Rice,46.18
2026-10-04,MANDI007,Rice,392.74
2026-10-04,MANDI009,Maize,69.7
2026-10-04,MANDI009,Sugarcane,241.62
2026-10-04,MANDI011,Maize,357.36
2026-10-04,MANDI012,Maize,180.59
2026-10-04,MANDI019,Wheat,331.26
2026-10-04,MANDI021,Rice,59.88
2026-10-04,MANDI021,Sugarcane,31.91
2026-10-04,MANDI022,Basmati,23.72
2026-10-04,MANDI025,Rice,146.47
2026-10-04,MANDI026,Maize,196.91
2026-10-04,MANDI033,Cotton,99.84
2026-10-04,MANDI033,Narma,387.27
2026-10-04,MANDI036,Sugarcane,144.71
2026-10-04,MANDI039,Maize,345.46
2026-10-04,MANDI039,Mustard,247.9
2026-10-04,MANDI039,Rice,190.36
2026-10-04,MANDI040,Maize,400.16
2026-10-04,MANDI042,Sugarcane,118.58
2026-10-04,MANDI043,Cotton,484.02
2026-10-04,MANDI047,Maize,160.22
2026-10-04,MANDI051,Basmati,58.91
2026-10-04,MANDI051,Wheat,145.87
2026-10-04,MANDI052,Wheat,354.48
2026-10-04,MANDI053,Sugarcane,296.18
2026-10-04,MANDI053,Wheat,257.66
2026-10-04,MANDI055,Wheat,148.75
2026-10-05,MANDI001,Maize,23.5
2026-10-05,MANDI002,Maize,338.65
2026-10-05,MANDI002,Wheat,237.78
2026-10-05,MANDI003,Maize,259.1
2026-10-05,MANDI007,Maize,196.04
2026-10-05,MANDI011,Mustard,421.72
2026-10-05,MANDI013,Wheat,394.49
2026-10-05,MANDI021,Maize,269.11
2026-10-05,MANDI022,Mustard,484.32
2026-10-05,MANDI022,Sugarcane,394.95
2026-10-05,MANDI025,Sugarcane,686.46
2026-10-05,MANDI029,Maize,496.63
2026-10-05,MANDI031,Maize,443.18
2026-10-05,MANDI032,Maize,236.66
2026-10-05,MANDI033,Mustard,331.12
2026-10-05,MANDI035,Maize,178.13
2026-10-05,MANDI035,Wheat,326.52
2026-10-05,MANDI036,Mustard,61.15
2026-10-05,MANDI036,Rice,484.56
2026-10-05,MANDI037,Maize,382.03
2026-10-05,MANDI040,Sugarcane,142.04000000000002
2026-10-05,MANDI041,Mustard,51.43
2026-10-05,MANDI041,Rice,444.23
2026-10-05,MANDI044,Cotton,384.7
2026-10-05,MANDI044,Rice,182.37
2026-10-05,MANDI047,Narma,126.14
2026-10-05,MANDI050,Cotton,92.9
2026-10-05,MANDI051,Wheat,186.88
2026-10-05,MANDI055,Cotton,154.07999999999998
2026-10-05,MANDI057,Cotton,414.99
2026-10-06,MANDI001,Maize,258.17
2026-10-06,MANDI002,Sugarcane,79.5
2026-10-06,MANDI002,Wheat,39.14
2026-10-06,MANDI004,Mustard,145.05
2026-10-06,MANDI006,Rice,185.52
2026-10-06,MANDI013,Maize,47.71
2026-10-06,MANDI013,Sugarcane,378.71
2026-10-06,MANDI016,Maize,469.1
2026-10-06,MANDI017,Maize,362.34
2026-10-06,MANDI018,Basmati,215.03
2026-10-06,MANDI018,Mustard,615.02
2026-10-06,MANDI020,Cotton,22.21
2026-10-06,MANDI021,Cotton,424.7
2026-10-06,MANDI021,Sugarcane,95.42
2026-10-06,MANDI023,Sugarcane,388.35
2026-10-06,MANDI026,Rice,313.53000000000003
2026-10-06,MANDI030,Maize,473.42
2026-10-06,MANDI032,Rice,76.73
2026-10-06,MANDI032,Sugarcane,259.19
2026-10-06,MANDI033,Mustard,199.25
2026-10-06,MANDI036,Basmati,64.64
2026-10-06,MANDI036,Sugarcane,167.74
2026-10-06,MANDI039,Maize,133.87
2026-10-06,MANDI039,Sugarcane,244.73
2026-10-06,MANDI042,Cotton,297.69
2026-10-06,MANDI042,Rice,72.15
2026-10-06,MANDI045,Sugarcane,241.21
2026-10-06,MANDI046,Cotton,240.94
2026-10-06,MANDI047,Mustard,397.52
2026-10-06,MANDI053,Mustard,123.55
2026-10-06,MANDI053,Wheat,224.79
2026-10-06,MANDI054,Cotton,457.23
2026-10-06,MANDI055,Rice,923.01
2026-10-06,MANDI056,Sugarcane,317.34000000000003
2026-10-07,MANDI001,Cotton,281.17
2026-10-07,MANDI005,Narma,257.81
2026-10-07,MANDI006,Cotton,28.95
2026-10-07,MANDI010,Maize,43.97
2026-10-07,MANDI011,Maize,32.88
2026-10-07,MANDI012,Cotton,388.22
2026-10-07,MANDI016,Maize,295.73
2026-10-07,MANDI017,Mustard,261.31
2026-10-07,MANDI021,Cotton,158.92
2026-10-07,MANDI021,Sugarcane,118.76
2026-10-07,MANDI027,Mustard,55.96
2026-10-07,MANDI029,Mustard,409.44000000000005
2026-10-07,MANDI029,Wheat,387.95
2026-10-07,MANDI031,Mustard,197.78
2026-10-07,MANDI032,Cotton,153.76
2026-10-07,MANDI036,Mustard,499.41
2026-10-07,MANDI038,Mustard,380.82
2026-10-07,MANDI039,Maize,298.73
2026-10-07,MANDI043,Cotton,445.3
2026-10-07,MANDI043,Mustard,28.86
2026-10-07,MANDI045,Cotton,377.29
2026-10-07,MANDI046,Mustard,221.94
2026-10-07,MANDI047,Cotton,285.46
2026-10-07,MANDI047,Mustard,361.08
2026-10-07,MANDI048,Mustard,424.24
2026-10-07,MANDI050,Sugarcane,569.48
2026-10-07,MANDI052,Rice,184.91
2026-10-07,MANDI053,Maize,367.35
2026-10-07,MANDI053,Sugarcane,100.35
2026-10-07,MANDI054,Cotton,56.64
2026-10-07,MANDI054,Rice,283.22
2026-10-08,MANDI001,Wheat,341.38
2026-10-08,MANDI002,Wheat,469.09
2026-10-08,MANDI007,Maize,78.6
2026-10-08,MANDI008,Cotton,167.89
2026-10-08,MANDI009,Maize,289.3
2026-10-08,MANDI009,Mustard,372.52
2026-10-08,MANDI010,Sugarcane,137.69
2026-10-08,MANDI011,Mustard,287.71
2026-10-08,MANDI011,Sugarcane,21.96
2026-10-08,MANDI011,Wheat,44.36999999999999
2026-10-08,MANDI012,Sugarcane,268.99
2026-10-08,MANDI012,Wheat,483.1
2026-10-08,MANDI015,Maize,242.38
2026-10-08,MANDI015,Sugarcane,358.01
2026-10-08,MANDI015,Wheat,317.76
2026-10-08,MANDI017,Cotton,21.45
2026-10-08,MANDI017,Wheat,47.5
2026-10-08,MANDI020,Narma,200.55
2026-10-08,MANDI020,Wheat,332.43
2026-10-08,MANDI022,Maize,64.29
2026-10-08,MANDI024,Sugarcane,392.35
2026-10-08,MANDI025,Sugarcane,257.61
2026-10-08,MANDI026,Cotton,492.92
2026-10-08,MANDI026,Sugarcane,371.18
2026-10-08,MANDI027,Cotton,262.99
2026-10-08,MANDI028,Sugarcane,495.41
2026-10-08,MANDI030,Maize,28.53
2026-10-08,MANDI030,Rice,347.03
2026-10-08,MANDI032,Sugarcane,155.98
2026-10-08,MANDI033,Sugarcane,341.99
2026-10-08,MANDI034,Cotton,141.94
2026-10-08,MANDI034,Maize,349.01000000000005
2026-10-08,MANDI035,Wheat,435.32
2026-10-08,MANDI037,Maize,463.21
2026-10-08,MANDI038,Wheat,442.98
2026-10-08,MANDI040,Rice,44.35000000000001
2026-10-08,MANDI041,Wheat,614.12
2026-10-08,MANDI048,Sugarcane,210.95
2026-10-08,MANDI050,Basmati,375.12
2026-10-08,MANDI050,Maize,140.17
2026-10-08,MANDI052,Maize,196.9
2026-10-08,MANDI053,Cotton,448.25
2026-10-08,MANDI057,Cotton,482.1
2026-11-01,MANDI002,Maize,274.61
2026-11-01,MANDI003,Sugarcane,15.91
2026-11-01,MANDI005,Cotton,253.18
2026-11-01,MANDI009,Cotton,267.24
2026-11-01,MANDI009,Mustard,251.79
2026-11-01,MANDI013,Mustard,298.13
2026-11-01,MANDI014,Cotton,93.79
2026-11-01,MANDI016,Rice,88.38
2026-11-01,MANDI017,Rice,243.27
2026-11-01,MANDI017,Sugarcane,306.72
2026-11-01,MANDI017,Wheat,279.74
2026-11-01,MANDI019,Rice,269.06
2026-11-01,MANDI021,Rice,91.88
2026-11-01,MANDI024,Mustard,67.42
2026-11-01,MANDI025,Cotton,282.59
2026-11-01,MANDI025,Mustard,389.46
2026-11-01,MANDI025,Rice,495.45
2026-11-01,MANDI027,Wheat,253.57
2026-11-01,MANDI029,Mustard,439.16
2026-11-01,MANDI031,Mustard,156.76
2026-11-01,MANDI032,Wheat,458.48
2026-11-01,MANDI035,Sugarcane,281.5
2026-11-01,MANDI036,Mustard,491.83
2026-11-01,MANDI038,Sugarcane,293.0
2026-11-01,MANDI039,Basmati,274.88
2026-11-01,MANDI039,Cotton,189.06
2026-11-01,MANDI039,Mustard,280.67
2026-11-01,MANDI040,Cotton,115.37
2026-11-01,MANDI040,Rice,257.83
2026-11-01,MANDI045,Narma,253.96
2026-11-01,MANDI046,Maize,198.6
2026-11-01,MANDI051,Sugarcane,294.19
2026-11-01,MANDI052,Basmati,338.67
2026-11-01,MANDI052,Mustard,296.89
2026-11-01,MANDI052,Sugarcane,400.53
2026-11-01,MANDI054,Maize,54.01
2026-11-02,MANDI001,Rice,636.13
2026-11-02,MANDI002,Wheat,37.52
2026-11-02,MANDI004,Rice,287.49
2026-11-02,MANDI006,Maize,435.03
2026-11-02,MANDI006,Wheat,144.96
2026-11-02,MANDI007,Mustard,208.23
2026-11-02,MANDI008,Sugarcane,138.17
2026-11-02,MANDI009,Wheat,403.86
2026-11-02,MANDI013,Maize,308.33
2026-11-02,MANDI013,Mustard,257.29
2026-11-02,MANDI016,Wheat,210.21
2026-11-02,MANDI019,Sugarcane,31.08
2026-11-02,MANDI021,Maize,240.02
2026-11-02,MANDI022,Maize,223.98
2026-11-02,MANDI022,Sugarcane,73.26
2026-11-02,MANDI023,Wheat,372.73
2026-11-02,MANDI025,Narma,143.95
2026-11-02,MANDI026,Maize,338.33
2026-11-02,MANDI026,Wheat,113.85
2026-11-02,MANDI027,Maize,211.84
2026-11-02,MANDI027,Sugarcane,93.39
2026-11-02,MANDI029,Wheat,249.85
2026-11-02,MANDI030,Wheat,608.95
2026-11-02,MANDI031,Maize,365.31
2026-11-02,MANDI031,Sugarcane,287.48
2026-11-02,MANDI034,Wheat,80.98
2026-11-02,MANDI035,Mustard,27.81
2026-11-02,MANDI035,Wheat,258.4
2026-11-02,MANDI038,Mustard,170.43
2026-11-02,MANDI039,Cotton,421.25
2026-11-02,MANDI039,Sugarcane,33.68
2026-11-02,MANDI040,Cotton,287.62
2026-11-02,MANDI044,Narma,251.95
2026-11-02,MANDI047,Cotton,161.95
2026-11-02,MANDI050,Rice,115.02
2026-11-02,MANDI052,Sugarcane,41.78
2026-11-02,MANDI053,Basmati,453.29
2026-11-02,MANDI055,Sugarcane,220.73000000000002
2026-11-02,MANDI056,Maize,498.0
2026-11-02,MANDI056,Rice,58.39
2026-11-02,MANDI057,Cotton,230.55
2026-11-03,MANDI001,Mustard,262.58
2026-11-03,MANDI001,Narma,384.81
2026-11-03,MANDI004,Wheat,102.16
2026-11-03,MANDI007,Maize,137.17
2026-11-03,MANDI012,Cotton,183.96
2026-11-03,MANDI013,Cotton,53.3
2026-11-03,MANDI014,Rice,99.68
2026-11-03,MANDI015,Sugarcane,148.29
2026-11-03,MANDI016,Wheat,249.04
2026-11-03,MANDI018,Mustard,72.19
2026-11-03,MANDI021,Cotton,409.23
2026-11-03,MANDI022,Wheat,483.45
2026-11-03,MANDI024,Cotton,446.28999999999996
2026-11-03,MANDI025,Rice,62.33
2026-11-03,MANDI026,Wheat,144.04
2026-11-03,MANDI028,Wheat,94.75
2026-11-03,MANDI030,Cotton,362.96
2026-11-03,MANDI030,Maize,255.19
2026-11-03,MANDI031,Wheat,217.68
2026-11-03,MANDI033,Cotton,225.49
2026-11-03,MANDI033,Maize,149.7
2026-11-03,MANDI033,Mustard,392.09
2026-11-03,MANDI034,Mustard,884.1100000000001
2026-11-03,MANDI039,Mustard,483.65
2026-11-03,MANDI045,Rice,219.53
2026-11-03,MANDI048,Mustard,56.03
2026-11-03,MANDI049,Maize,280.82
2026-11-03,MANDI051,Maize,118.45
2026-11-04,MANDI002,Narma,323.13
2026-11-04,MANDI005,Sugarcane,259.93
2026-11-04,MANDI007,Sugarcane,178.56
2026-11-04,MANDI009,Sugarcane,354.68
2026-11-04,MANDI014,Sugarcane,467.36
2026-11-04,MANDI016,Mustard,268.08
2026-11-04,MANDI017,Wheat,539.3199999999999
2026-11-04,MANDI022,Wheat,488.99
2026-11-04,MANDI030,Wheat,404.61
2026-11-04,MANDI032,Sugarcane,479.54
2026-11-04,MANDI033,Maize,243.72
2026-11-04,MANDI033,Wheat,360.11
2026-11-04,MANDI036,Cotton,139.63
2026-11-04,MANDI040,Basmati,435.41
2026-11-04,MANDI043,Sugarcane,396.5
2026-11-04,MANDI043,Wheat,180.58
2026-11-04,MANDI044,Maize,462.31
2026-11-04,MANDI047,Wheat,376.56
2026-11-04,MANDI048,Mustard,779.76
2026-11-04,MANDI051,Cotton,480.61
2026-11-04,MANDI051,Wheat,759.8
2026-11-04,MANDI052,Mustard,53.14
2026-11-04,MANDI054,Maize,392.3
2026-11-05,MANDI002,Cotton,184.97
2026-11-05,MANDI003,Wheat,101.68
2026-11-05,MANDI008,Cotton,143.27
2026-11-05,MANDI011,Sugarcane,99.77
2026-11-05,MANDI014,Rice,70.39
2026-11-05,MANDI016,Maize,79.29
2026-11-05,MANDI016,Narma,167.74
2026-11-05,MANDI018,Wheat,245.39
2026-11-05,MANDI019,Basmati,348.19000000000005
2026-11-05,MANDI019,Maize,223.83
2026-11-05,MANDI021,Mustard,295.59
2026-11-05,MANDI029,Wheat,494.64
2026-11-05,MANDI033,Cotton,350.43
2026-11-05,MANDI035,Sugarcane,30.1
2026-11-05,MANDI037,Rice,497.21
2026-11-05,MANDI037,Sugarcane,244.89
2026-11-05,MANDI041,Mustard,418.36
2026-11-05,MANDI042,Basmati,321.19
2026-11-05,MANDI042,Wheat,42.6
2026-11-05,MANDI043,Rice,343.18
2026-11-05,MANDI043,Wheat,241.71
2026-11-05,MANDI044,Sugarcane,287.17
2026-11-05,MANDI046,Wheat,122.93
2026-11-05,MANDI047,Mustard,272.28
2026-11-05,MANDI051,Rice,225.16
2026-11-05,MANDI052,Sugarcane,259.13
2026-11-05,MANDI052,Wheat,217.21
2026-11-05,MANDI053,Wheat,341.76
2026-11-06,MANDI001,Wheat,47.11
2026-11-06,MANDI003,Cotton,166.14
2026-11-06,MANDI004,Mustard,235.09
2026-11-06,MANDI006,Maize,90.04000000000002
2026-11-06,MANDI006,Mustard,487.46
2026-11-06,MANDI007,Rice,167.3
2026-11-06,MANDI008,Sugarcane,418.57
2026-11-06,MANDI008,Wheat,221.97
2026-11-06,MANDI010,Narma,167.56
2026-11-06,MANDI012,Sugarcane,322.89
2026-11-06,MANDI012,Wheat,60.75
2026-11-06,MANDI013,Narma,232.73
2026-11-06,MANDI014,Mustard,218.97
2026-11-06,MANDI015,Cotton,490.32
2026-11-06,MANDI017,Narma,226.44
2026-11-06,MANDI017,Rice,131.25
2026-11-06,MANDI018,Rice,474.27
2026-11-06,MANDI019,Wheat,454.03
2026-11-06,MANDI021,Mustard,436.08
2026-11-06,MANDI023,Sugarcane,181.23
2026-11-06,MANDI031,Rice,457.3
2026-11-06,MANDI032,Maize,317.01
2026-11-06,MANDI034,Cotton,23.47
2026-11-06,MANDI036,Cotton,349.26
2026-11-06,MANDI038,Wheat,147.01
2026-11-06,MANDI039,Maize,35.72
2026-11-06,MANDI039,Mustard,155.85000000000002
2026-11-06,MANDI041,Maize,46.93
2026-11-06,MANDI043,Rice,371.09000000000003
2026-11-06,MANDI047,Basmati,78.97
2026-11-06,MANDI048,Wheat,429.86
2026-11-06,MANDI053,Wheat,311.93
2026-11-06,MANDI055,Sugarcane,499.98
2026-11-06,MANDI056,Maize,271.75
2026-11-06,MANDI057,Mustard,39.06
2026-11-06,MANDI057,Narma,496.72
2026-11-07,MANDI002,Cotton,448.98
2026-11-07,MANDI005,Basmati,188.21
2026-11-07,MANDI006,Wheat,170.09
2026-11-07,MANDI008,Wheat,481.46
2026-11-07,MANDI009,Rice,139.78
2026-11-07,MANDI010,Cotton,124.86
2026-11-07,MANDI010,Rice,435.75
2026-11-07,MANDI010,Wheat,138.95
2026-11-07,MANDI011,Cotton,221.15
2026-11-07,MANDI011,Maize,499.58
2026-11-07,MANDI014,Rice,313.69
2026-11-07,MANDI020,Mustard,236.6
2026-11-07,MANDI021,Mustard,297.5
2026-11-07,MANDI026,Mustard,253.01
2026-11-07,MANDI028,Mustard,12.22
2026-11-07,MANDI028,Sugarcane,462.33
2026-11-07,MANDI029,Mustard,16.85
2026-11-07,MANDI031,Cotton,382.62
2026-11-07,MANDI034,Rice,251.01
2026-11-07,MANDI037,Sugarcane,215.56
2026-11-07,MANDI040,Narma,231.23
2026-11-07,MANDI042,Basmati,39.09
2026-11-07,MANDI044,Mustard,238.78
2026-11-07,MANDI044,Sugarcane,316.54
2026-11-07,MANDI045,Maize,371.94
2026-11-07,MANDI047,Cotton,313.02
2026-11-07,MANDI047,Wheat,120.28
2026-11-07,MANDI049,Sugarcane,55.59
2026-11-07,MANDI054,Maize,310.9
2026-11-07,MANDI056,Maize,21.3
2026-11-07,MANDI057,Mustard,377.99
2026-11-08,MANDI002,Basmati,472.75
2026-11-08,MANDI002,Sugarcane,390.1
2026-11-08,MANDI003,Wheat,200.63
2026-11-08,MANDI004,Mustard,402.58
2026-11-08,MANDI005,Sugarcane,490.87
2026-11-08,MANDI007,Maize,447.64
2026-11-08,MANDI009,Narma,39.5
2026-11-08,MANDI009,Rice,23.98
2026-11-08,MANDI014,Mustard,174.26
2026-11-08,MANDI014,Sugarcane,88.72
2026-11-08,MANDI015,Mustard,116.54
2026-11-08,MANDI015,Wheat,513.01
2026-11-08,MANDI017,Sugarcane,328.59
2026-11-08,MANDI018,Mustard,354.54999999999995
2026-11-08,MANDI021,Maize,366.14
2026-11-08,MANDI022,Maize,476.96
2026-11-08,MANDI024,Sugarcane,369.92
2026-11-08,MANDI024,Wheat,167.89999999999998
2026-11-08,MANDI026,Cotton,69.42
2026-11-08,MANDI034,Cotton,316.93
2026-11-08,MANDI035,Wheat,263.92
2026-11-08,MANDI037,Sugarcane,324.77
2026-11-08,MANDI041,Cotton,308.78999999999996
2026-11-08,MANDI041,Mustard,321.93
2026-11-08,MANDI045,Wheat,411.12
2026-11-08,MANDI048,Sugarcane,489.86
2026-11-08,MANDI051,Mustard,239.97
2026-11-08,MANDI051,Rice,426.07
2026-11-08,MANDI052,Sugarcane,28.27
2026-11-08,MANDI053,Mustard,37.79
2026-11-08,MANDI053,Wheat,215.33
2026-11-08,MANDI056,Maize,471.2
2026-11-08,MANDI057,Rice,275.82
2026-12-01,MANDI003,Sugarcane,428.93
2026-12-01,MANDI004,Sugarcane,318.72
2026-12-01,MANDI009,Wheat,109.49
2026-12-01,MANDI011,Rice,371.64
2026-12-01,MANDI012,Rice,292.54
2026-12-01,MANDI016,Sugarcane,52.65
2026-12-01,MANDI017,Rice,139.17
2026-12-01,MANDI018,Wheat,414.47
2026-12-01,MANDI023,Rice,251.88
2026-12-01,MANDI025,Sugarcane,498.87
2026-12-01,MANDI029,Mustard,251.22
2026-12-01,MANDI030,Cotton,253.24
2026-12-01,MANDI030,Maize,211.92
2026-12-01,MANDI033,Mustard,436.56
2026-12-01,MANDI034,Maize,359.11
2026-12-01,MANDI034,Wheat,261.2
2026-12-01,MANDI035,Narma,156.27
2026-12-01,MANDI035,Sugarcane,455.45
2026-12-01,MANDI037,Rice,441.2
2026-12-01,MANDI039,Mustard,376.5
2026-12-01,MANDI039,Wheat,13.02
2026-12-01,MANDI040,Cotton,62.34
2026-12-01,MANDI041,Mustard,496.69
2026-12-01,MANDI046,Mustard,243.38
2026-12-01,MANDI051,Cotton,210.73
2026-12-01,MANDI055,Maize,90.81
2026-12-01,MANDI057,Cotton,312.08
2026-12-01,MANDI057,Mustard,178.2
2026-12-01,MANDI057,Rice,444.55
2026-12-02,MANDI001,Wheat,105.63
2026-12-02,MANDI002,Rice,100.8
2026-12-02,MANDI003,Rice,109.19
2026-12-02,MANDI004,Mustard,242.38
2026-12-02,MANDI004,Wheat,362.25
2026-12-02,MANDI006,Mustard,75.78
2026-12-02,MANDI009,Wheat,25.67
2026-12-02,MANDI011,Cotton,81.84
2026-12-02,MANDI012,Cotton,147.16
2026-12-02,MANDI012,Mustard,343.82
2026-12-02,MANDI012,Rice,327.82
2026-12-02,MANDI013,Maize,459.94
2026-12-02,MANDI013,Rice,711.62
2026-12-02,MANDI014,Cotton,425.69000000000005
2026-12-02,MANDI015,Mustard,431.07
2026-12-02,MANDI016,Maize,758.73
2026-12-02,MANDI016,Wheat,31.41
2026-12-02,MANDI021,Maize,455.3
2026-12-02,MANDI023,Maize,413.06
2026-12-02,MANDI024,Maize,153.47
2026-12-02,MANDI028,Sugarcane,297.96
2026-12-02,MANDI029,Wheat,394.83
2026-12-02,MANDI032,Narma,43.73
2026-12-02,MANDI032,Rice,284.93
2026-12-02,MANDI032,Sugarcane,119.73
2026-12-02,MANDI033,Cotton,108.5
2026-12-02,MANDI033,Mustard,481.8200000000001
2026-12-02,MANDI035,Cotton,192.29
2026-12-02,MANDI036,Sugarcane,469.36
2026-12-02,MANDI037,Wheat,164.61
2026-12-02,MANDI041,Wheat,312.6
2026-12-02,MANDI042,Wheat,407.88
2026-12-02,MANDI044,Mustard,334.06
2026-12-02,MANDI046,Cotton,245.11
2026-12-02,MANDI049,Sugarcane,315.79
2026-12-02,MANDI051,Mustard,125.61
2026-12-02,MANDI051,Narma,296.42
2026-12-02,MANDI053,Narma,156.46
2026-12-02,MANDI054,Mustard,158.05
2026-12-02,MANDI055,Rice,297.96
2026-12-02,MANDI055,Sugarcane,85.68
2026-12-02,MANDI056,Cotton,109.86
2026-12-02,MANDI056,Mustard,438.3
2026-12-02,MANDI057,Wheat,130.23
2026-12-03,MANDI002,Narma,391.79
2026-12-03,MANDI002,Wheat,489.22
2026-12-03,MANDI007,Wheat,126.63
2026-12-03,MANDI008,Maize,278.04
2026-12-03,MANDI009,Cotton,422.8
2026-12-03,MANDI010,Wheat,326.4
2026-12-03,MANDI012,Cotton,139.49
2026-12-03,MANDI013,Rice,30.09
2026-12-03,MANDI014,Sugarcane,126.53
2026-12-03,MANDI015,Wheat,342.92
2026-12-03,MANDI017,Mustard,229.71
2026-12-03,MANDI018,Rice,79.98
2026-12-03,MANDI020,Maize,39.07
2026-12-03,MANDI022,Cotton,284.8
2026-12-03,MANDI022,Wheat,296.31
2026-12-03,MANDI023,Basmati,234.45
2026-12-03,MANDI023,Maize,374.8
2026-12-03,MANDI023,Wheat,114.83
2026-12-03,MANDI025,Maize,227.79
2026-12-03,MANDI026,Cotton,187.36
2026-12-03,MANDI026,Rice,187.76
2026-12-03,MANDI027,Rice,112.25
2026-12-03,MANDI029,Mustard,256.88
2026-12-03,MANDI030,Cotton,321.04
2026-12-03,MANDI031,Basmati,65.96
2026-12-03,MANDI032,Cotton,465.8
2026-12-03,MANDI032,Wheat,245.08
2026-12-03,MANDI034,Narma,497.42
2026-12-03,MANDI035,Maize,40.95
2026-12-03,MANDI038,Basmati,237.71
2026-12-03,MANDI040,Cotton,175.67
2026-12-03,MANDI040,Mustard,222.58
2026-12-03,MANDI044,Sugarcane,278.28
2026-12-03,MANDI047,Rice,255.92
2026-12-03,MANDI053,Mustard,296.59
2026-12-03,MANDI055,Maize,210.21
2026-12-04,MANDI004,Maize,125.73
2026-12-04,MANDI004,Wheat,211.46
2026-12-04,MANDI009,Basmati,126.46
2026-12-04,MANDI011,Wheat,149.07999999999998
2026-12-04,MANDI012,Mustard,380.24
2026-12-04,MANDI016,Maize,309.79
2026-12-04,MANDI017,Rice,184.75
2026-12-04,MANDI017,Sugarcane,240.07
2026-12-04,MANDI018,Maize,342.49
2026-12-04,MANDI020,Maize,485.07
2026-12-04,MANDI021,Mustard,432.34
2026-12-04,MANDI022,Rice,472.99
2026-12-04,MANDI024,Maize,118.65
2026-12-04,MANDI024,Wheat,425.12
2026-12-04,MANDI027,Cotton,63.86
2026-12-04,MANDI028,Cotton,182.51
2026-12-04,MANDI028,Wheat,102.93
2026-12-04,MANDI030,Narma,461.15
2026-12-04,MANDI031,Mustard,379.63
2026-12-04,MANDI032,Mustard,300.58
2026-12-04,MANDI034,Mustard,217.96
2026-12-04,MANDI034,Sugarcane,426.91
2026-12-04,MANDI039,Wheat,236.62
2026-12-04,MANDI043,Mustard,129.65
2026-12-04,MANDI044,Mustard,121.02
2026-12-04,MANDI047,Cotton,44.0
2026-12-04,MANDI048,Wheat,77.86
2026-12-04,MANDI050,Cotton,10.42
2026-12-04,MANDI050,Mustard,20.910000000000004
2026-12-04,MANDI051,Narma,146.39
2026-12-04,MANDI052,Narma,278.67
2026-12-04,MANDI055,Wheat,695.3499999999999
2026-12-05,MANDI004,Maize,105.78
2026-12-05,MANDI004,Sugarcane,423.57
2026-12-05,MANDI005,Wheat,90.62
2026-12-05,MANDI006,Mustard,420.5
2026-12-05,MANDI007,Maize,325.1
2026-12-05,MANDI008,Wheat,455.75
2026-12-05,MANDI009,Narma,468.44
2026-12-05,MANDI011,Mustard,235.19
2026-12-05,MANDI013,Sugarcane,11.71
2026-12-05,MANDI014,Maize,269.46
2026-12-05,MANDI015,Rice,65.84
2026-12-05,MANDI019,Maize,269.07
2026-12-05,MANDI021,Rice,407.28
2026-12-05,MANDI022,Rice,278.55
2026-12-05,MANDI022,Wheat,161.17
2026-12-05,MANDI023,Wheat,344.72
2026-12-05,MANDI024,Sugarcane,241.88
2026-12-05,MANDI026,Wheat,98.89
2026-12-05,MANDI029,Maize,441.11
2026-12-05,MANDI031,Mustard,588.4399999999999
2026-12-05,MANDI033,Maize,355.8
2026-12-05,MANDI033,Mustard,432.41
2026-12-05,MANDI034,Cotton,32.79
2026-12-05,MANDI034,Rice,110.33
2026-12-05,MANDI034,Sugarcane,281.44
2026-12-05,MANDI038,Mustard,630.77
2026-12-05,MANDI038,Sugarcane,112.94
2026-12-05,MANDI039,Wheat,463.78
2026-12-05,MANDI042,Sugarcane,52.04
2026-12-05,MANDI051,Mustard,395.35
2026-12-05,MANDI052,Rice,357.21000000000004
2026-12-05,MANDI052,Wheat,401.39
2026-12-05,MANDI054,Rice,296.56
2026-12-06,MANDI001,Wheat,256.92
2026-12-06,MANDI002,Maize,197.06
2026-12-06,MANDI004,Cotton,75.94
2026-12-06,MANDI004,Mustard,201.58
2026-12-06,MANDI004,Rice,231.82
2026-12-06,MANDI006,Mustard,287.2
2026-12-06,MANDI007,Wheat,238.14
2026-12-06,MANDI008,Rice,219.19
2026-12-06,MANDI010,Cotton,210.16
2026-12-06,MANDI014,Cotton,471.38
2026-12-06,MANDI014,Sugarcane,46.16
2026-12-06,MANDI015,Sugarcane,47.19
2026-12-06,MANDI019,Cotton,315.96
2026-12-06,MANDI019,Mustard,233.23
2026-12-06,MANDI020,Wheat,465.66
2026-12-06,MANDI022,Sugarcane,375.42
2026-12-06,MANDI030,Wheat,378.8
2026-12-06,MANDI031,Basmati,321.2
2026-12-06,MANDI031,Mustard,359.53
2026-12-06,MANDI035,Maize,277.29
2026-12-06,MANDI039,Cotton,488.36
2026-12-06,MANDI039,Sugarcane,498.92
2026-12-06,MANDI041,Mustard,235.48
2026-12-06,MANDI050,Sugarcane,385.74
2026-12-06,MANDI051,Maize,160.5
2026-12-06,MANDI054,Sugarcane,35.63
2026-12-06,MANDI056,Rice,184.81
2026-12-07,MANDI002,Mustard,227.01
2026-12-07,MANDI004,Mustard,336.06
2026-12-07,MANDI005,Cotton,135.99
2026-12-07,MANDI008,Wheat,265.19
2026-12-07,MANDI011,Maize,156.64
2026-12-07,MANDI011,Mustard,66.74
2026-12-07,MANDI015,Cotton,451.08
2026-12-07,MANDI019,Cotton,136.57999999999998
2026-12-07,MANDI022,Mustard,455.6
2026-12-07,MANDI023,Sugarcane,494.47
2026-12-07,MANDI026,Rice,314.29
2026-12-07,MANDI027,Wheat,118.86
2026-12-07,MANDI028,Maize,290.47
2026-12-07,MANDI029,Cotton,114.08
2026-12-07,MANDI033,Maize,460.68
2026-12-07,MANDI034,Rice,446.11
2026-12-07,MANDI034,Sugarcane,487.93
2026-12-07,MANDI035,Wheat,281.57
2026-12-07,MANDI037,Mustard,190.45
2026-12-07,MANDI037,Wheat,255.98
2026-12-07,MANDI038,Mustard,52.31
2026-12-07,MANDI040,Mustard,207.89
2026-12-07,MANDI041,Wheat,327.77
2026-12-07,MANDI042,Mustard,306.51
2026-12-07,MANDI043,Rice,304.37
2026-12-07,MANDI043,Wheat,307.29
2026-12-07,MANDI044,Cotton,267.48
2026-12-07,MANDI044,Maize,45.9
2026-12-07,MANDI044,Wheat,268.58
2026-12-07,MANDI045,Rice,334.32
2026-12-07,MANDI047,Mustard,210.67
2026-12-07,MANDI047,Sugarcane,360.84
2026-12-07,MANDI048,Mustard,173.13
2026-12-07,MANDI049,Sugarcane,408.29
2026-12-07,MANDI050,Maize,429.73
2026-12-07,MANDI050,Wheat,545.11
2026-12-07,MANDI054,Basmati,322.27
2026-12-07,MANDI054,Mustard,17.37
2026-12-07,MANDI055,Mustard,274.84
2026-12-07,MANDI057,Mustard,220.69
2026-12-08,MANDI001,Maize,200.81
2026-12-08,MANDI002,Rice,31.93
2026-12-08,MANDI004,Cotton,315.54
2026-12-08,MANDI004,Mustard,474.76
2026-12-08,MANDI005,Mustard,261.23
2026-12-08,MANDI005,Sugarcane,18.37
2026-12-08,MANDI006,Rice,136.11
2026-12-08,MANDI008,Sugarcane,361.71
2026-12-08,MANDI009,Cotton,309.17
2026-12-08,MANDI009,Maize,415.08
2026-12-08,MANDI010,Sugarcane,224.63
2026-12-08,MANDI011,Sugarcane,462.78
2026-12-08,MANDI011,Wheat,418.72
2026-12-08,MANDI012,Basmati,473.82
2026-12-08,MANDI014,Maize,283.06
2026-12-08,MANDI015,Rice,471.91
2026-12-08,MANDI016,Sugarcane,578.74
2026-12-08,MANDI017,Rice,385.41
2026-12-08,MANDI017,Sugarcane,453.18
2026-12-08,MANDI020,Sugarcane,74.93
2026-12-08,MANDI022,Sugarcane,115.93
2026-12-08,MANDI023,Mustard,623.89
2026-12-08,MANDI025,Cotton,174.76000000000002
2026-12-08,MANDI025,Sugarcane,269.94
2026-12-08,MANDI028,Maize,221.3
2026-12-08,MANDI030,Wheat,499.79
2026-12-08,MANDI031,Narma,277.97
2026-12-08,MANDI031,Wheat,491.04
2026-12-08,MANDI032,Sugarcane,157.97
2026-12-08,MANDI033,Cotton,461.48
2026-12-08,MANDI033,Maize,66.87
2026-12-08,MANDI034,Wheat,362.35
2026-12-08,MANDI036,Sugarcane,366.1
2026-12-08,MANDI037,Rice,184.7
2026-12-08,MANDI038,Sugarcane,247.82999999999998
2026-12-08,MANDI039,Mustard,566.63
2026-12-08,MANDI041,Cotton,99.28
2026-12-08,MANDI043,Rice,456.38
2026-12-08,MANDI044,Maize,127.89
2026-12-08,MANDI044,Mustard,413.65
2026-12-08,MANDI045,Sugarcane,479.81
2026-12-08,MANDI046,Rice,99.22
2026-12-08,MANDI050,Maize,198.57
2026-12-08,MANDI050,Rice,74.72
2026-12-08,MANDI051,Cotton,280.46
2026-12-08,MANDI054,Sugarcane,459.79
