date,mandi_id,crop_name,avg_modal_price,avg_msp,records_count,below_msp_count
2026-01-01,MANDI004,Narma,7249.66,6620.0,1,0
2026-01-01,MANDI004,Wheat,2063.64,2275.0,1,1
2026-01-01,MANDI008,Mustard,6097.65,5650.0,1,0
2026-01-01,MANDI009,Maize,1944.77,2090.0,1,1
2026-01-01,MANDI012,Maize,2317.8546037501774,2090.0,1,0
2026-01-01,MANDI013,Rice,2395.42,2183.0,1,0
2026-01-01,MANDI014,Basmati,2337.57,2183.0,1,0
2026-01-01,MANDI014,Cotton,6048.62,6620.0,1,1
2026-01-01,MANDI015,Mustard,5885.0,5650.0,1,0
2026-01-01,MANDI015,Wheat,2558.0,2275.0,1,0
2026-01-01,MANDI017,Mustard,6083.59,5650.0,1,0
2026-01-01,MANDI017,Rice,2296.84,2183.0,1,0
2026-01-01,MANDI020,Mustard,5092.0,5650.0,1,1
2026-01-01,MANDI020,Wheat,2063.0,2275.0,1,1
2026-01-01,MANDI021,Mustard,5578.0,5650.0,1,1
2026-01-01,MANDI023,Mustard,5358.18,5650.0,1,1
2026-01-01,MANDI025,Rice,2415.5947738451696,2183.0,1,0
2026-01-01,MANDI030,Maize,2104.7069006619718,2090.0,1,0
2026-01-01,MANDI031,Cotton,6363.590957735823,6620.0,1,1
2026-01-01,MANDI033,Rice,2376.0,2183.0,2,0
2026-01-01,MANDI034,Mustard,6356.0,5650.0,1,0
2026-01-01,MANDI036,Rice,2048.06,2183.0,1,1
2026-01-01,MANDI038,Sugarcane,3336.2578160638777,3500.0,1,1
2026-01-01,MANDI039,Maize,2348.7,2090.0,1,0
2026-01-01,MANDI041,Mustard,5749.0,5650.0,1,0
2026-01-01,MANDI042,Sugarcane,3807.24,3500.0,1,0
2026-01-01,MANDI044,Maize,2231.51,2090.0,2,0
2026-01-01,MANDI044,Mustard,5767.6,5650.0,1,0
2026-01-01,MANDI044,Wheat,2355.0,2275.0,1,0
2026-01-01,MANDI047,Narma,5950.3,6620.0,1,1
2026-01-01,MANDI047,Sugarcane,3334.0,3500.0,1,1
2026-01-01,MANDI052,Mustard,6047.837947404732,5650.0,1,0
2026-01-01,MANDI055,Maize,2338.17,2090.0,1,0
2026-01-01,MANDI055,Wheat,2257.69,2275.0,1,1
2026-01-01,MANDI057,Maize,2243.98,2090.0,1,0
2026-01-02,MANDI001,Maize,2293.0,2090.0,1,0
2026-01-02,MANDI003,Sugarcane,3557.0,3500.0,1,0
2026-01-02,MANDI004,Cotton,7226.0,6620.0,1,0
2026-01-02,MANDI005,Wheat,2189.0,2275.0,1,1
2026-01-02,MANDI008,Rice,2356.29,2183.0,1,0
2026-01-02,MANDI008,Sugarcane,3290.76,3500.0,1,1
2026-01-02,MANDI008,Wheat,2288.41,2275.0,1,0
2026-01-02,MANDI009,Cotton,6730.76,6620.0,1,0
2026-01-02,MANDI009,Rice,1994.0,2183.0,1,1
2026-01-02,MANDI013,Sugarcane,3359.8086043077765,3500.0,1,1
2026-01-02,MANDI015,Maize,2018.87,2090.0,1,1
2026-01-02,MANDI016,Cotton,6739.88163167877,6620.0,1,0
2026-01-02,MANDI017,Maize,2286.14,2090.0,1,0
2026-01-02,MANDI018,Maize,2107.94,2090.0,1,0
2026-01-02,MANDI019,Mustard,5315.88,5650.0,1,1
2026-01-02,MANDI021,Sugarcane,3579.0,3500.0,1,0
2026-01-02,MANDI025,Cotton,6560.415,6620.0,2,1
2026-01-02,MANDI029,Wheat,2186.8,2275.0,1,1
2026-01-02,MANDI031,Mustard,6289.0,5650.0,1,0
2026-01-02,MANDI033,Maize,2162.95,2090.0,1,0
2026-01-02,MANDI034,Maize,1853.31,2090.0,1,1
2026-01-02,MANDI035,Sugarcane,3834.77,3500.0,1,0
2026-01-02,MANDI037,Cotton,6518.27,6620.0,1,1
2026-01-02,MANDI037,Maize,2250.0,2090.0,1,0
2026-01-02,MANDI037,Narma,6253.28,6620.0,1,1
2026-01-02,MANDI037,Wheat,2512.848645631308,2275.0,1,0
2026-01-02,MANDI039,Maize,2280.3805277136016,2090.0,1,0
2026-01-02,MANDI039,Wheat,2319.49,2275.0,2,1
2026-01-02,MANDI040,Sugarcane,3361.83,3500.0,1,1
2026-01-02,MANDI042,Sugarcane,3830.61,3500.0,1,0
2026-01-02,MANDI043,Mustard,6103.33,5650.0,1,0
2026-01-02,MANDI043,Sugarcane,3343.04,3500.0,1,1
2026-01-02,MANDI046,Mustard,5444.94,5650.0,1,1
2026-01-02,MANDI049,Cotton,6809.42,6620.0,1,0
2026-01-02,MANDI049,Rice,2064.09,2183.0,1,1
2026-01-02,MANDI052,Mustard,6455.36,5650.0,1,0
2026-01-02,MANDI054,Sugarcane,3649.98,3500.0,1,0
2026-01-02,MANDI057,Mustard,5727.96,5650.0,1,0
2026-01-02,MANDI057,Sugarcane,3928.44,3500.0,1,0
2026-01-03,MANDI003,Maize,2017.0,2090.0,1,1
2026-01-03,MANDI003,Mustard,5717.33,5650.0,1,0
2026-01-03,MANDI004,Rice,2057.0,2183.0,1,1
2026-01-03,MANDI005,Mustard,6003.0,5650.0,1,0
2026-01-03,MANDI007,Mustard,6156.0,5650.0,1,0
2026-01-03,MANDI008,Narma,7130.0,6620.0,1,0
2026-01-03,MANDI008,Rice,2135.34,2183.0,1,1
2026-01-03,MANDI009,Basmati,2541.73,2183.0,1,0
2026-01-03,MANDI011,Maize,2029.37,2090.0,1,1
2026-01-03,MANDI012,Maize,1883.08,2090.0,1,1
2026-01-03,MANDI016,Mustard,5339.71,5650.0,1,1
2026-01-03,MANDI018,Maize,2369.0,2090.0,1,0
2026-01-03,MANDI020,Maize,2050.0,2090.0,1,1
2026-01-03,MANDI020,Mustard,5890.5739036131545,5650.0,2,1
2026-01-03,MANDI021,Wheat,2367.99,2275.0,1,0
2026-01-03,MANDI023,Cotton,6715.19,6620.0,1,0
2026-01-03,MANDI025,Rice,2131.18,2183.0,1,1
2026-01-03,MANDI026,Rice,2521.45,2183.0,1,0
2026-01-03,MANDI027,Cotton,6604.563591265893,6620.0,1,1
2026-01-03,MANDI027,Maize,2284.0,2090.0,1,0
2026-01-03,MANDI029,Rice,2293.0,2183.0,1,0
2026-01-03,MANDI030,Sugarcane,3654.57,3500.0,1,0
2026-01-03,MANDI036,Wheat,2570.0923619943524,2275.0,1,0
2026-01-03,MANDI037,Maize,1933.955579678514,2090.0,1,1
2026-01-03,MANDI042,Wheat,2138.1,2275.0,1,1
2026-01-03,MANDI045,Wheat,2390.07,2275.0,1,0
2026-01-03,MANDI047,Mustard,5860.44,5650.0,1,0
2026-01-03,MANDI047,Rice,2480.0,2183.0,1,0
2026-01-03,MANDI048,Mustard,5739.34706079173,5650.0,1,0
2026-01-03,MANDI048,Sugarcane,3391.32,3500.0,1,1
2026-01-03,MANDI049,Rice,2308.0,2183.0,1,0
2026-01-03,MANDI049,Wheat,2289.261895073784,2275.0,1,0
2026-01-03,MANDI050,Maize,2146.52,2090.0,1,0
2026-01-03,MANDI051,Mustard,6349.51,5650.0,1,0
2026-01-03,MANDI051,Wheat,2180.08,2275.0,1,1
2026-01-03,MANDI052,Maize,2042.49,2090.0,1,1
2026-01-03,MANDI054,Rice,2119.82,2183.0,1,1
2026-01-03,MANDI056,Sugarcane,3893.18,3500.0,1,0
2026-01-03,MANDI057,Sugarcane,3381.53,3500.0,1,1
2026-01-04,MANDI002,Cotton,6238.55,6620.0,1,1
2026-01-04,MANDI006,Rice,2137.2,2183.0,1,1
2026-01-04,MANDI008,Mustard,5651.0,5650.0,1,0
2026-01-04,MANDI011,Mustard,5875.77,5650.0,1,0
2026-01-04,MANDI012,Cotton,6767.212764113795,6620.0,1,0
2026-01-04,MANDI012,Sugarcane,3589.0,3500.0,1,0
2026-01-04,MANDI012,Wheat,2109.06,2275.0,1,1
2026-01-04,MANDI013,Sugarcane,3919.0,3500.0,1,0
2026-01-04,MANDI014,Maize,2153.00096317549,2090.0,1,0
2026-01-04,MANDI014,Narma,6750.833550446555,6620.0,1,0
2026-01-04,MANDI015,Cotton,7289.0,6620.0,1,0
2026-01-04,MANDI018,Cotton,7026.0,6620.0,1,0
2026-01-04,MANDI018,Sugarcane,3532.5,3500.0,2,1
2026-01-04,MANDI019,Wheat,2284.0,2275.0,1,0
2026-01-04,MANDI020,Sugarcane,3802.0,3500.0,1,0
2026-01-04,MANDI020,Wheat,2149.7378567752726,2275.0,2,2
2026-01-04,MANDI022,Mustard,6484.0,5650.0,1,0
2026-01-04,MANDI022,Wheat,2453.91,2275.0,1,0
2026-01-04,MANDI024,Wheat,2285.47,2275.0,1,0
2026-01-04,MANDI026,Mustard,6037.59,5650.0,1,0
2026-01-04,MANDI030,Basmati,2134.36,2183.0,1,1
2026-01-04,MANDI031,Cotton,7191.25,6620.0,1,0
2026-01-04,MANDI037,Cotton,6360.0,6620.0,1,1
2026-01-04,MANDI042,Cotton,6381.0,6620.0,1,1
2026-01-04,MANDI048,Maize,2019.16,2090.0,1,1
2026-01-04,MANDI048,Mustard,5342.14,5650.0,1,1
2026-01-04,MANDI053,Wheat,2027.0,2275.0,1,1
2026-01-04,MANDI054,Cotton,7147.99,6620.0,1,0
2026-01-04,MANDI055,Sugarcane,3307.59,3500.0,1,1
2026-01-05,MANDI001,Maize,2135.0,2090.0,1,0
2026-01-05,MANDI007,Rice,2129.5911521134008,2183.0,1,1
2026-01-05,MANDI010,Cotton,6642.14,6620.0,1,0
2026-01-05,MANDI011,Maize,2210.6,2090.0,1,0
2026-01-05,MANDI011,Wheat,2545.0,2275.0,1,0
2026-01-05,MANDI018,Mustard,6457.83,5650.0,1,0
2026-01-05,MANDI019,Wheat,2001.0,2275.0,1,1
2026-01-05,MANDI020,Cotton,6262.0,6620.0,1,1
2026-01-05,MANDI021,Cotton,7119.98,6620.0,1,0
2026-01-05,MANDI025,Maize,2164.77,2090.0,1,0
2026-01-05,MANDI025,Sugarcane,3874.77,3500.0,1,0
2026-01-05,MANDI026,Rice,2336.4671697602416,2183.0,1,0
2026-01-05,MANDI030,Mustard,5806.15,5650.0,1,0
2026-01-05,MANDI035,Sugarcane,3686.11,3500.0,1,0
2026-01-05,MANDI036,Cotton,6415.17,6620.0,1,1
2026-01-05,MANDI038,Maize,2001.86,2090.0,1,1
2026-01-05,MANDI039,Mustard,6511.0,5650.0,1,0
2026-01-05,MANDI039,Sugarcane,3814.67,3500.0,1,0
2026-01-05,MANDI040,Rice,2341.0,2183.0,1,0
2026-01-05,MANDI041,Cotton,6306.3,6620.0,1,1
2026-01-05,MANDI041,Mustard,5861.06,5650.0,1,0
2026-01-05,MANDI045,Maize,1992.41,2090.0,1,1
2026-01-05,MANDI045,Mustard,5673.0,5650.0,1,0
2026-01-05,MANDI048,Wheat,2531.14,2275.0,1,0
2026-01-05,MANDI049,Mustard,6393.0,5650.0,1,0
2026-01-05,MANDI050,Wheat,2029.0,2275.0,1,1
2026-01-05,MANDI051,Mustard,5785.56,5650.0,1,0
2026-01-05,MANDI052,Mustard,6443.4,5650.0,1,0
2026-01-05,MANDI057,Mustard,5929.97,5650.0,1,0
2026-01-05,MANDI057,Wheat,2053.56,2275.0,1,1
2026-01-06,MANDI001,Rice,2406.59,2183.0,1,0
2026-01-06,MANDI003,Cotton,6968.93,6620.0,1,0
2026-01-06,MANDI004,Sugarcane,3597.5886730294324,3500.0,1,0
2026-01-06,MANDI007,Mustard,5837.0,5650.0,1,0
2026-01-06,MANDI008,Cotton,7027.13,6620.0,1,0
2026-01-06,MANDI010,Sugarcane,3676.90529856368,3500.0,1,0
2026-01-06,MANDI010,Wheat,2243.7828627824,2275.0,2,1
2026-01-06,MANDI016,Wheat,2253.0,2275.0,1,1
2026-01-06,MANDI017,Cotton,6280.0,6620.0,1,1
2026-01-06,MANDI017,Maize,1969.92,2090.0,1,1
2026-01-06,MANDI020,Sugarcane,3921.0,3500.0,1,0
2026-01-06,MANDI021,Maize,2107.63,2090.0,2,1
2026-01-06,MANDI029,Maize,2308.62,2090.0,1,0
2026-01-06,MANDI030,Rice,2448.23,2183.0,1,0
2026-01-06,MANDI030,Sugarcane,3441.12,3500.0,1,1
2026-01-06,MANDI033,Sugarcane,3472.22,3500.0,1,1
2026-01-06,MANDI036,Cotton,6282.0,6620.0,1,1
2026-01-06,MANDI036,Mustard,6232.6,5650.0,1,0
2026-01-06,MANDI038,Maize,2169.2793631315694,2090.0,1,0
2026-01-06,MANDI038,Rice,2369.63,2183.0,1,0
2026-01-06,MANDI042,Maize,2144.0,2090.0,1,0
2026-01-06,MANDI043,Basmati,2264.0,2183.0,1,0
2026-01-06,MANDI043,Mustard,5341.0,5650.0,1,1
2026-01-06,MANDI047,Maize,1992.63,2090.0,1,1
2026-01-06,MANDI047,Rice,2048.93,2183.0,1,1
2026-01-06,MANDI047,Wheat,2160.48,2275.0,1,1
2026-01-06,MANDI048,Mustard,5828.23,5650.0,1,0
2026-01-06,MANDI056,Rice,2217.37,2183.0,1,0
2026-01-06,MANDI057,Rice,2230.49,2183.0,1,0
2026-01-07,MANDI004,Rice,2267.277682406697,2183.0,1,0
2026-01-07,MANDI005,Sugarcane,3683.0,3500.0,1,0
2026-01-07,MANDI011,Mustard,6158.0,5650.0,1,0
2026-01-07,MANDI012,Wheat,2190.99,2275.0,1,1
2026-01-07,MANDI014,Rice,2336.0,2183.0,1,0
2026-01-07,MANDI025,Mustard,5929.0,5650.0,1,0
2026-01-07,MANDI026,Sugarcane,3195.0,3500.0,1,1
2026-01-07,MANDI033,Wheat,2430.295,2275.0,2,0
2026-01-07,MANDI036,Sugarcane,3506.0,3500.0,1,0
2026-01-07,MANDI037,Wheat,2084.0,2275.0,1,1
2026-01-07,MANDI038,Rice,2310.0,2183.0,1,0
2026-01-07,MANDI039,Rice,2539.0,2183.0,1,0
2026-01-07,MANDI041,Cotton,7300.48,6620.0,1,0
2026-01-07,MANDI043,Rice,2059.1086837177445,2183.0,1,1
2026-01-07,MANDI044,Rice,2276.29,2183.0,1,0
2026-01-07,MANDI047,Narma,6283.07,6620.0,1,1
2026-01-07,MANDI048,Maize,1953.01,2090.0,1,1
2026-01-07,MANDI049,Maize,2047.55,2090.0,1,1
2026-01-07,MANDI050,Wheat,2269.24,2275.0,1,1
2026-01-07,MANDI055,Maize,2110.94,2090.0,1,0
2026-01-07,MANDI055,Wheat,2384.74,2275.0,1,0
2026-01-07,MANDI057,Maize,1943.988790537892,2090.0,1,1
2026-01-08,MANDI001,Wheat,2442.0,2275.0,1,0
2026-01-08,MANDI004,Mustard,5173.0,5650.0,1,1
2026-01-08,MANDI005,Wheat,2030.42,2275.0,1,1
2026-01-08,MANDI006,Wheat,2303.0,2275.0,1,0
2026-01-08,MANDI010,Rice,2460.2,2183.0,2,0
2026-01-08,MANDI012,Rice,2294.33,2183.0,1,0
2026-01-08,MANDI016,Rice,2256.24,2183.0,1,0
2026-01-08,MANDI018,Mustard,6362.0,5650.0,1,0
2026-01-08,MANDI023,Sugarcane,3953.0,3500.0,1,0
2026-01-08,MANDI027,Sugarcane,3362.0,3500.0,1,1
2026-01-08,MANDI028,Maize,1996.0,2090.0,1,1
2026-01-08,MANDI032,Mustard,5890.775,5650.0,2,1
2026-01-08,MANDI034,Maize,1877.13,2090.0,1,1
2026-01-08,MANDI034,Wheat,2256.23,2275.0,1,1
2026-01-08,MANDI037,Mustard,5377.0,5650.0,1,1
2026-01-08,MANDI043,Rice,2392.0,2183.0,1,0
2026-01-08,MANDI045,Maize,1963.0,2090.0,1,1
2026-01-08,MANDI049,Sugarcane,3866.31,3500.0,1,0
2026-01-08,MANDI050,Maize,2135.68164199338,2090.0,1,0
2026-01-08,MANDI054,Mustard,5553.91,5650.0,1,1
2026-01-09,MANDI001,Sugarcane,3982.9,3500.0,1,0
2026-01-09,MANDI005,Sugarcane,3855.49,3500.0,1,0
2026-01-09,MANDI006,Maize,2046.0,2090.0,1,1
2026-01-09,MANDI006,Sugarcane,3588.850287018544,3500.0,1,0
2026-01-09,MANDI009,Wheat,2293.77,2275.0,1,0
2026-01-09,MANDI011,Maize,2198.81,2090.0,1,0
2026-01-09,MANDI011,Rice,1935.06,2183.0,1,1
2026-01-09,MANDI016,Basmati,2252.12,2183.0,1,0
2026-01-09,MANDI016,Rice,2250.66,2183.0,1,0
2026-01-09,MANDI017,Mustard,5605.0,5650.0,1,1
2026-01-09,MANDI019,Wheat,2366.86,2275.0,1,0
2026-01-09,MANDI022,Mustard,5639.0,5650.0,1,1
2026-01-09,MANDI023,Sugarcane,3705.87,3500.0,1,0
2026-01-09,MANDI024,Maize,2058.56,2090.0,1,1
2026-01-09,MANDI027,Narma,7033.51,6620.0,1,0
2026-01-09,MANDI029,Mustard,6182.25,5650.0,1,0
2026-01-09,MANDI032,Rice,2220.93,2183.0,1,0
2026-01-09,MANDI033,Sugarcane,3836.0,3500.0,1,0
2026-01-09,MANDI035,Cotton,6113.41,6620.0,1,1
2026-01-09,MANDI035,Sugarcane,3535.15,3500.0,1,0
2026-01-09,MANDI036,Wheat,2324.57,2275.0,1,0
2026-01-09,MANDI039,Wheat,2241.0,2275.0,1,1
2026-01-09,MANDI042,Wheat,2118.44,2275.0,1,1
2026-01-09,MANDI048,Mustard,5707.8,5650.0,1,0
2026-01-09,MANDI049,Maize,2262.35,2090.0,2,0
2026-01-09,MANDI050,Cotton,7052.144333764811,6620.0,1,0
2026-01-09,MANDI052,Rice,2568.0,2183.0,1,0
2026-01-09,MANDI052,Wheat,2053.0,2275.0,1,1
2026-01-09,MANDI055,Sugarcane,3540.84,3500.0,1,0
2026-01-09,MANDI056,Mustard,5514.0,5650.0,1,1
2026-01-09,MANDI057,Rice,2215.18,2183.0,1,0
2026-01-10,MANDI005,Rice,2264.15,2183.0,1,0
2026-01-10,MANDI010,Maize,1912.3,2090.0,1,1
2026-01-10,MANDI013,Rice,2395.91,2183.0,1,0
2026-01-10,MANDI013,Sugarcane,3339.59,3500.0,1,1
2026-01-10,MANDI024,Maize,2222.0,2090.0,1,0
2026-01-10,MANDI028,Wheat,2150.52,2275.0,1,1
2026-01-10,MANDI037,Mustard,5772.66,5650.0,1,0
2026-01-10,MANDI038,Maize,2029.47,2090.0,1,1
2026-01-10,MANDI039,Rice,2179.88,2183.0,1,1
2026-01-10,MANDI041,Maize,2051.0,2090.0,1,1
2026-01-10,MANDI041,Rice,2035.0,2183.0,1,1
2026-01-10,MANDI044,Maize,2155.01,2090.0,1,0
2026-01-10,MANDI047,Wheat,2295.15,2275.0,1,0
2026-01-10,MANDI051,Wheat,2284.0,2275.0,1,0
2026-01-10,MANDI053,Cotton,6724.505,6620.0,2,1
2026-01-11,MANDI001,Sugarcane,3631.02,3500.0,1,0
2026-01-11,MANDI002,Maize,2204.36,2090.0,1,0
2026-01-11,MANDI007,Maize,2202.24,2090.0,1,0
2026-01-11,MANDI016,Wheat,2283.23,2275.0,1,0
2026-01-11,MANDI019,Basmati,2316.76,2183.0,1,0
2026-01-11,MANDI019,Mustard,5846.45,5650.0,1,0
2026-01-11,MANDI021,Mustard,6169.98,5650.0,1,0
2026-01-11,MANDI024,Wheat,2091.13,2275.0,1,1
2026-01-11,MANDI025,Cotton,6774.62,6620.0,1,0
2026-01-11,MANDI028,Cotton,6364.0,6620.0,1,1
2026-01-11,MANDI032,Sugarcane,3853.0,3500.0,1,0
2026-01-11,MANDI039,Sugarcane,3182.505714170637,3500.0,1,1
2026-01-11,MANDI041,Sugarcane,3854.11,3500.0,1,0
2026-01-11,MANDI042,Basmati,2134.945751846355,2183.0,2,1
2026-01-11,MANDI042,Maize,1967.0,2090.0,1,1
2026-01-11,MANDI042,Sugarcane,3261.0,3500.0,1,1
2026-01-11,MANDI054,Cotton,6532.24,6620.0,1,1
2026-01-12,MANDI002,Cotton,7006.0,6620.0,1,0
2026-01-12,MANDI007,Cotton,6829.404753384242,6620.0,1,0
2026-01-12,MANDI013,Wheat,2233.0,2275.0,1,1
2026-01-12,MANDI015,Rice,2274.53,2183.0,1,0
2026-01-12,MANDI015,Wheat,2431.5387527534917,2275.0,1,0
2026-01-12,MANDI019,Wheat,2272.08,2275.0,1,1
2026-01-12,MANDI021,Mustard,5323.0,5650.0,1,1
2026-01-12,MANDI023,Sugarcane,3341.0,3500.0,1,1
2026-01-12,MANDI024,Rice,2366.63,2183.0,1,0
2026-01-12,MANDI027,Mustard,5126.19,5650.0,1,1
2026-01-12,MANDI038,Wheat,2325.0,2275.0,1,0
2026-01-12,MANDI042,Basmati,2263.0,2183.0,1,0
2026-01-12,MANDI042,Narma,7480.62,6620.0,1,0
2026-01-12,MANDI052,Wheat,2556.38,2275.0,1,0
2026-01-12,MANDI054,Rice,2521.0,2183.0,1,0
2026-01-12,MANDI057,Narma,6855.17,6620.0,1,0
2026-01-13,MANDI002,Wheat,2078.672030697876,2275.0,1,1
2026-01-13,MANDI005,Mustard,6276.32,5650.0,1,0
2026-01-13,MANDI006,Cotton,7046.55,6620.0,1,0
2026-01-13,MANDI009,Narma,6898.75,6620.0,1,0
2026-01-13,MANDI014,Mustard,5255.90074029971,5650.0,1,1
2026-01-13,MANDI016,Rice,2142.0,2183.0,1,1
2026-01-13,MANDI016,Wheat,2209.01,2275.0,1,1
2026-01-13,MANDI017,Maize,2133.0,2090.0,1,0
2026-01-13,MANDI017,Rice,2135.0,2183.0,1,1
2026-01-13,MANDI018,Wheat,2569.77,2275.0,1,0
2026-01-13,MANDI020,Maize,2158.42,2090.0,1,0
2026-01-13,MANDI023,Basmati,2379.0,2183.0,1,0
2026-01-13,MANDI023,Cotton,7004.79,6620.0,1,0
2026-01-13,MANDI023,Maize,1975.71,2090.0,1,1
2026-01-13,MANDI024,Sugarcane,3474.04,3500.0,1,1
2026-01-13,MANDI026,Wheat,2297.82,2275.0,1,0
2026-01-13,MANDI029,Sugarcane,3647.282533754086,3500.0,1,0
2026-01-13,MANDI030,Wheat,2261.75,2275.0,1,1
2026-01-13,MANDI032,Rice,2347.568951094236,2183.0,1,0
2026-01-13,MANDI034,Sugarcane,3377.8,3500.0,1,1
2026-01-13,MANDI035,Wheat,2085.7771355989203,2275.0,1,1
2026-01-13,MANDI037,Maize,2241.0,2090.0,1,0
2026-01-13,MANDI037,Narma,6076.58,6620.0,1,1
2026-01-13,MANDI038,Cotton,7165.0,6620.0,1,0
2026-01-13,MANDI039,Sugarcane,3745.98,3500.0,1,0
2026-01-13,MANDI043,Sugarcane,3337.66580929671,3500.0,1,1
2026-01-13,MANDI044,Cotton,6759.48692613094,6620.0,1,0
2026-01-13,MANDI045,Sugarcane,3549.22,3500.0,1,0
2026-01-13,MANDI047,Cotton,5935.2706875709255,6620.0,1,1
2026-01-13,MANDI047,Maize,1973.57,2090.0,1,1
2026-01-13,MANDI048,Cotton,6840.0,6620.0,1,0
2026-01-13,MANDI050,Rice,2015.0,2183.0,1,1
2026-01-13,MANDI051,Mustard,5717.18,5650.0,1,0
2026-01-13,MANDI053,Rice,2121.0,2183.0,1,1
2026-01-13,MANDI054,Cotton,6010.46,6620.0,1,1
2026-01-13,MANDI054,Maize,2238.49,2090.0,1,0
2026-01-13,MANDI054,Rice,2099.51,2183.0,1,1
2026-01-14,MANDI001,Mustard,5439.21,5650.0,1,1
2026-01-14,MANDI001,Sugarcane,3749.19,3500.0,1,0
2026-01-14,MANDI002,Wheat,2452.0,2275.0,1,0
2026-01-14,MANDI005,Cotton,6326.092116595704,6620.0,1,1
2026-01-14,MANDI005,Sugarcane,3237.93,3500.0,1,1
2026-01-14,MANDI006,Rice,2111.61,2183.0,1,1
2026-01-14,MANDI007,Basmati,2056.5,2183.0,1,1
2026-01-14,MANDI009,Rice,2164.5550000000003,2183.0,2,1
2026-01-14,MANDI011,Cotton,6362.77,6620.0,1,1
2026-01-14,MANDI011,Rice,2058.0,2183.0,1,1
2026-01-14,MANDI012,Sugarcane,3570.84,3500.0,1,0
2026-01-14,MANDI013,Wheat,2285.0,2275.0,1,0
2026-01-14,MANDI016,Mustard,5714.0,5650.0,1,0
2026-01-14,MANDI017,Rice,2434.567193891161,2183.0,1,0
2026-01-14,MANDI019,Mustard,5705.13,5650.0,1,0
2026-01-14,MANDI019,Sugarcane,3429.7494696122694,3500.0,1,1
2026-01-14,MANDI021,Mustard,5497.07,5650.0,1,1
2026-01-14,MANDI025,Maize,1903.0,2090.0,1,1
2026-01-14,MANDI025,Sugarcane,3778.4329373973833,3500.0,1,0
2026-01-14,MANDI027,Wheat,2565.18,2275.0,1,0
2026-01-14,MANDI028,Sugarcane,3496.31,3500.0,1,1
2026-01-14,MANDI030,Mustard,5583.15,5650.0,2,1
2026-01-14,MANDI030,Wheat,2140.5,2275.0,1,1
2026-01-14,MANDI031,Maize,2046.0,2090.0,1,1
2026-01-14,MANDI037,Wheat,2500.7081730012005,2275.0,1,0
2026-01-14,MANDI039,Maize,2094.07,2090.0,1,0
2026-01-14,MANDI039,Mustard,6336.59,5650.0,1,0
2026-01-14,MANDI039,Sugarcane,3212.250525058389,3500.0,1,1
2026-01-14,MANDI045,Rice,2152.45,2183.0,1,1
2026-01-14,MANDI046,Cotton,7294.38,6620.0,1,0
2026-01-14,MANDI047,Cotton,7628.707615799716,6620.0,1,0
2026-01-14,MANDI047,Mustard,5784.0,5650.0,1,0
2026-01-14,MANDI052,Sugarcane,3734.0,3500.0,1,0
2026-01-14,MANDI055,Mustard,6007.0,5650.0,1,0
2026-01-15,MANDI001,Sugarcane,3398.82,3500.0,1,1
2026-01-15,MANDI005,Maize,2285.946187089387,2090.0,1,0
2026-01-15,MANDI006,Rice,2170.2706915572244,2183.0,1,1
2026-01-15,MANDI013,Maize,2243.193687730549,2090.0,1,0
2026-01-15,MANDI014,Sugarcane,3385.0814045175466,3500.0,1,1
2026-01-15,MANDI015,Sugarcane,3501.0,3500.0,1,0
2026-01-15,MANDI018,Rice,2010.81,2183.0,1,1
2026-01-15,MANDI018,Wheat,2418.0,2275.0,1,0
2026-01-15,MANDI019,Mustard,5584.58,5650.0,1,1
2026-01-15,MANDI021,Rice,2213.08,2183.0,1,0
2026-01-15,MANDI022,Maize,2173.51,2090.0,1,0
2026-01-15,MANDI023,Mustard,6277.92,5650.0,1,0
2026-01-15,MANDI025,Cotton,6559.64,6620.0,1,1
2026-01-15,MANDI026,Cotton,7024.0,6620.0,1,0
2026-01-15,MANDI028,Rice,2198.69,2183.0,1,0
2026-01-15,MANDI030,Mustard,5129.208231076435,5650.0,1,1
2026-01-15,MANDI030,Sugarcane,3555.05,3500.0,1,0
2026-01-15,MANDI031,Cotton,6620.0,6620.0,1,0
2026-01-15,MANDI037,Basmati,2283.0,2183.0,1,0
2026-01-15,MANDI038,Wheat,2245.7957222542923,2275.0,1,1
2026-01-15,MANDI039,Mustard,6178.91,5650.0,1,0
2026-01-15,MANDI040,Cotton,6251.59,6620.0,1,1
2026-01-15,MANDI044,Maize,2152.0,2090.0,1,0
2026-01-15,MANDI044,Wheat,2170.0,2275.0,1,1
2026-01-15,MANDI047,Cotton,7319.07,6620.0,1,0
2026-01-15,MANDI048,Mustard,6374.9,5650.0,1,0
2026-01-15,MANDI050,Maize,2407.0,2090.0,1,0
2026-01-15,MANDI053,Mustard,5491.5,5650.0,1,1
2026-01-15,MANDI055,Mustard,5614.080663381963,5650.0,1,1
2026-01-15,MANDI057,Mustard,6048.0,5650.0,1,0
2026-01-16,MANDI003,Wheat,2564.0,2275.0,1,0
2026-01-16,MANDI007,Rice,1989.82,2183.0,1,1
2026-01-16,MANDI012,Cotton,7579.28,6620.0,1,0
2026-01-16,MANDI015,Maize,2319.0,2090.0,1,0
2026-01-16,MANDI016,Rice,2394.0,2183.0,1,0
2026-01-16,MANDI017,Maize,1901.43,2090.0,1,1
2026-01-16,MANDI018,Maize,2381.71,2090.0,1,0
2026-01-16,MANDI019,Basmati,2172.66,2183.0,1,1
2026-01-16,MANDI019,Mustard,6444.53,5650.0,1,0
2026-01-16,MANDI021,Mustard,5094.34,5650.0,1,1
2026-01-16,MANDI022,Rice,2473.82,2183.0,1,0
2026-01-16,MANDI023,Mustard,5200.0,5650.0,1,1
2026-01-16,MANDI025,Wheat,2210.13,2275.0,1,1
2026-01-16,MANDI027,Mustard,5343.71,5650.0,1,1
2026-01-16,MANDI029,Cotton,7467.56,6620.0,1,0
2026-01-16,MANDI029,Sugarcane,3529.0,3500.0,1,0
2026-01-16,MANDI032,Sugarcane,3726.33,3500.0,1,0
2026-01-16,MANDI033,Cotton,7708.345531386338,6620.0,1,0
2026-01-16,MANDI033,Sugarcane,3493.92,3500.0,2,1
2026-01-16,MANDI038,Maize,2234.64,2090.0,1,0
2026-01-16,MANDI039,Cotton,7222.32,6620.0,1,0
2026-01-16,MANDI039,Rice,2327.09,2183.0,1,0
2026-01-16,MANDI041,Maize,2266.095589454159,2090.0,1,0
2026-01-16,MANDI042,Wheat,2219.0,2275.0,1,1
2026-01-16,MANDI044,Maize,2122.3,2090.0,1,0
2026-01-16,MANDI046,Wheat,2503.0,2275.0,1,0
2026-01-16,MANDI047,Cotton,6471.55,6620.0,1,1
2026-01-16,MANDI051,Maize,2129.0,2090.0,1,0
2026-01-16,MANDI056,Mustard,6123.79,5650.0,1,0
2026-01-17,MANDI007,Wheat,2102.52,2275.0,1,1
2026-01-17,MANDI009,Maize,2209.0,2090.0,1,0
2026-01-17,MANDI009,Wheat,2197.04,2275.0,1,1
2026-01-17,MANDI010,Cotton,6601.0,6620.0,1,1
2026-01-17,MANDI012,Maize,2132.33,2090.0,1,0
2026-01-17,MANDI013,Cotton,7182.0,6620.0,1,0
2026-01-17,MANDI014,Mustard,6202.31,5650.0,1,0
2026-01-17,MANDI014,Sugarcane,3795.0,3500.0,1,0
2026-01-17,MANDI015,Mustard,6266.35766198528,5650.0,1,0
2026-01-17,MANDI015,Rice,2123.89,2183.0,1,1
2026-01-17,MANDI015,Sugarcane,3687.0,3500.0,1,0
2026-01-17,MANDI016,Rice,2489.51,2183.0,1,0
2026-01-17,MANDI016,Wheat,2384.0,2275.0,1,0
2026-01-17,MANDI017,Narma,6600.37,6620.0,1,1
2026-01-17,MANDI023,Mustard,5627.52,5650.0,1,1
2026-01-17,MANDI023,Wheat,2474.0,2275.0,1,0
2026-01-17,MANDI025,Rice,2216.418077559846,2183.0,2,1
2026-01-17,MANDI029,Rice,2196.0,2183.0,1,0
2026-01-17,MANDI030,Cotton,6478.21,6620.0,1,1
2026-01-17,MANDI031,Mustard,6144.549398620808,5650.0,1,0
2026-01-17,MANDI031,Narma,7474.56,6620.0,1,0
2026-01-17,MANDI033,Cotton,6252.07,6620.0,1,1
2026-01-17,MANDI033,Sugarcane,3793.0,3500.0,1,0
2026-01-17,MANDI034,Mustard,5609.0,5650.0,1,1
2026-01-17,MANDI036,Maize,2150.553795147408,2090.0,1,0
2026-01-17,MANDI039,Wheat,2266.0,2275.0,1,1
2026-01-17,MANDI040,Sugarcane,3425.45,3500.0,1,1
2026-01-17,MANDI041,Rice,2290.475138286652,2183.0,1,0
2026-01-17,MANDI044,Mustard,5142.0,5650.0,1,1
2026-01-17,MANDI044,Sugarcane,3736.0,3500.0,1,0
2026-01-17,MANDI048,Sugarcane,3611.75,3500.0,1,0
2026-01-17,MANDI049,Sugarcane,3425.23,3500.0,1,1
2026-01-17,MANDI051,Sugarcane,3732.58,3500.0,1,0
2026-01-17,MANDI053,Maize,2244.0,2090.0,1,0
2026-01-17,MANDI054,Sugarcane,3443.485439373989,3500.0,1,1
2026-01-17,MANDI056,Wheat,2566.0,2275.0,1,0
2026-01-17,MANDI057,Mustard,5975.49,5650.0,1,0
2026-01-18,MANDI009,Sugarcane,3464.31,3500.0,1,1
2026-01-18,MANDI011,Maize,2079.0,2090.0,1,1
2026-01-18,MANDI015,Maize,2079.04,2090.0,1,1
2026-01-18,MANDI017,Rice,2226.0,2183.0,1,0
2026-01-18,MANDI018,Wheat,2307.5550000000003,2275.0,2,0
2026-01-18,MANDI022,Maize,2329.02,2090.0,1,0
2026-01-18,MANDI025,Cotton,7245.627812981074,6620.0,1,0
2026-01-18,MANDI025,Rice,2026.74,2183.0,1,1
2026-01-18,MANDI027,Wheat,2151.53,2275.0,1,1
2026-01-18,MANDI028,Sugarcane,3619.0,3500.0,1,0
2026-01-18,MANDI028,Wheat,2402.0,2275.0,1,0
2026-01-18,MANDI032,Sugarcane,3515.86,3500.0,1,0
2026-01-18,MANDI036,Mustard,6339.0,5650.0,1,0
2026-01-18,MANDI038,Cotton,6328.95,6620.0,1,1
2026-01-18,MANDI038,Mustard,6298.0,5650.0,1,0
2026-01-18,MANDI038,Rice,2088.1203902369325,2183.0,1,1
2026-01-18,MANDI041,Cotton,6696.86,6620.0,1,0
2026-01-18,MANDI043,Mustard,6101.0,5650.0,1,0
2026-01-18,MANDI043,Rice,2047.7442376016663,2183.0,1,1
2026-01-18,MANDI044,Cotton,6583.0,6620.0,1,1
2026-01-18,MANDI047,Mustard,5929.77,5650.0,1,0
2026-01-18,MANDI048,Rice,2463.89,2183.0,1,0
2026-01-18,MANDI049,Maize,2136.7766666666666,2090.0,3,0
2026-01-18,MANDI052,Sugarcane,3224.26,3500.0,1,1
2026-01-18,MANDI054,Cotton,6378.78,6620.0,1,1
2026-01-18,MANDI057,Wheat,2305.02,2275.0,1,0
2026-01-19,MANDI001,Sugarcane,3916.64,3500.0,1,0
2026-01-19,MANDI003,Cotton,6922.0,6620.0,1,0
2026-01-19,MANDI005,Wheat,2430.16,2275.0,1,0
2026-01-19,MANDI007,Mustard,6177.5,5650.0,1,0
2026-01-19,MANDI007,Wheat,2488.4189085988382,2275.0,1,0
2026-01-19,MANDI014,Mustard,5442.04,5650.0,1,1
2026-01-19,MANDI017,Wheat,2131.34,2275.0,1,1
2026-01-19,MANDI018,Rice,2202.31,2183.0,1,0
2026-01-19,MANDI019,Maize,1938.23,2090.0,1,1
2026-01-19,MANDI020,Wheat,2213.67,2275.0,1,1
2026-01-19,MANDI022,Mustard,6160.92,5650.0,1,0
2026-01-19,MANDI025,Rice,2282.82,2183.0,1,0
2026-01-19,MANDI026,Wheat,2542.539422821384,2275.0,1,0
2026-01-19,MANDI029,Sugarcane,3658.17,3500.0,1,0
2026-01-19,MANDI030,Wheat,2325.68,2275.0,1,0
2026-01-19,MANDI033,Mustard,5462.9,5650.0,1,1
2026-01-19,MANDI034,Sugarcane,3144.76,3500.0,1,1
2026-01-19,MANDI035,Basmati,2365.61,2183.0,1,0
2026-01-19,MANDI036,Maize,2381.73,2090.0,1,0
2026-01-19,MANDI038,Narma,6474.35,6620.0,1,1
2026-01-19,MANDI040,Maize,2210.25,2090.0,1,0
2026-01-19,MANDI040,Wheat,2070.43,2275.0,1,1
2026-01-19,MANDI041,Rice,2071.0,2183.0,1,1
2026-01-19,MANDI043,Wheat,2384.0,2275.0,1,0
2026-01-19,MANDI044,Sugarcane,3572.0,3500.0,1,0
2026-01-19,MANDI045,Wheat,2348.37,2275.0,1,0
2026-01-19,MANDI046,Mustard,5634.48,5650.0,1,1
2026-01-19,MANDI046,Sugarcane,3357.26,3500.0,1,1
2026-01-19,MANDI048,Wheat,2121.6038359502472,2275.0,2,2
2026-01-19,MANDI049,Cotton,6673.8,6620.0,1,0
2026-01-19,MANDI049,Mustard,5996.0,5650.0,1,0
2026-01-19,MANDI052,Sugarcane,3528.56,3500.0,1,0
2026-01-19,MANDI054,Maize,1917.87,2090.0,1,1
2026-01-19,MANDI055,Sugarcane,3526.0,3500.0,1,0
2026-01-20,MANDI002,Cotton,7407.64,6620.0,1,0
2026-01-20,MANDI004,Mustard,5739.63,5650.0,1,0
2026-01-20,MANDI005,Maize,2015.68,2090.0,1,1
2026-01-20,MANDI006,Mustard,5350.13,5650.0,1,1
2026-01-20,MANDI009,Mustard,5683.0,5650.0,1,0
2026-01-20,MANDI010,Rice,2102.27,2183.0,1,1
2026-01-20,MANDI012,Cotton,7237.88,6620.0,1,0
2026-01-20,MANDI012,Maize,2252.0,2090.0,1,0
2026-01-20,MANDI013,Maize,2189.0,2090.0,1,0
2026-01-20,MANDI014,Cotton,6953.4,6620.0,1,0
2026-01-20,MANDI017,Rice,2196.0,2183.0,1,0
2026-01-20,MANDI023,Maize,1972.0,2090.0,1,1
2026-01-20,MANDI024,Basmati,2328.0,2183.0,1,0
2026-01-20,MANDI028,Mustard,5170.663184856179,5650.0,1,1
2026-01-20,MANDI028,Wheat,2340.686598809227,2275.0,2,1
2026-01-20,MANDI030,Maize,2313.65,2090.0,1,0
2026-01-20,MANDI038,Narma,7296.0,6620.0,1,0
2026-01-20,MANDI039,Cotton,6428.56,6620.0,1,1
2026-01-20,MANDI039,Narma,6595.51,6620.0,1,1
2026-01-20,MANDI040,Sugarcane,3762.52,3500.0,1,0
2026-01-20,MANDI043,Sugarcane,3447.43,3500.0,1,1
2026-01-20,MANDI047,Rice,2172.0,2183.0,1,1
2026-01-20,MANDI050,Maize,1974.0,2090.0,1,1
2026-01-20,MANDI052,Wheat,2441.0,2275.0,1,0
2026-01-21,MANDI002,Maize,2214.94,2090.0,1,0
2026-01-21,MANDI014,Cotton,6491.05,6620.0,1,1
2026-01-21,MANDI017,Maize,2259.0,2090.0,1,0
2026-01-21,MANDI022,Maize,1882.05,2090.0,1,1
2026-01-21,MANDI023,Mustard,6100.3150000000005,5650.0,2,0
2026-01-21,MANDI026,Narma,6066.0,6620.0,1,1
2026-01-21,MANDI029,Mustard,5963.0,5650.0,1,0
2026-01-21,MANDI029,Wheat,2322.04,2275.0,1,0
2026-01-21,MANDI030,Narma,6839.61,6620.0,2,1
2026-01-21,MANDI030,Wheat,2589.0,2275.0,1,0
2026-01-21,MANDI034,Mustard,6372.0,5650.0,1,0
2026-01-21,MANDI034,Wheat,2068.0,2275.0,1,1
2026-01-21,MANDI035,Cotton,6535.86,6620.0,1,1
2026-01-21,MANDI036,Mustard,5969.0,5650.0,1,0
2026-01-21,MANDI037,Wheat,2400.44,2275.0,1,0
2026-01-21,MANDI039,Rice,2028.37,2183.0,1,1
2026-01-21,MANDI039,Sugarcane,3785.0,3500.0,1,0
2026-01-21,MANDI040,Sugarcane,3662.29,3500.0,1,0
2026-01-21,MANDI042,Sugarcane,3786.06,3500.0,1,0
2026-01-21,MANDI042,Wheat,2460.025444240063,2275.0,1,0
2026-01-21,MANDI043,Maize,2327.0,2090.0,1,0
2026-01-21,MANDI043,Sugarcane,3949.1,3500.0,1,0
2026-01-21,MANDI044,Cotton,7218.139999999999,6620.0,3,0
2026-01-21,MANDI046,Maize,2384.52,2090.0,1,0
2026-01-21,MANDI046,Narma,6811.202457213281,6620.0,1,0
2026-01-21,MANDI047,Cotton,7302.0,6620.0,1,0
2026-01-21,MANDI050,Cotton,7101.31881856467,6620.0,1,0
2026-01-21,MANDI050,Mustard,6007.0,5650.0,1,0
2026-01-21,MANDI052,Narma,5975.0,6620.0,1,1
2026-01-21,MANDI053,Mustard,6181.05,5650.0,1,0
2026-01-21,MANDI054,Wheat,2333.53,2275.0,1,0
2026-01-21,MANDI056,Sugarcane,3602.0,3500.0,1,0
2026-01-22,MANDI001,Rice,1929.12,2183.0,1,1
2026-01-22,MANDI002,Sugarcane,3754.0,3500.0,1,0
2026-01-22,MANDI004,Maize,2296.6364023074475,2090.0,2,0
2026-01-22,MANDI004,Wheat,2262.1200000000003,2275.0,3,1
2026-01-22,MANDI012,Wheat,2178.0,2275.0,1,1
2026-01-22,MANDI013,Rice,2245.0,2183.0,1,0
2026-01-22,MANDI013,Sugarcane,3284.35,3500.0,1,1
2026-01-22,MANDI015,Cotton,7128.81,6620.0,1,0
2026-01-22,MANDI015,Rice,2462.0,2183.0,1,0
2026-01-22,MANDI017,Cotton,7071.95,6620.0,1,0
2026-01-22,MANDI017,Wheat,2597.27,2275.0,1,0
2026-01-22,MANDI018,Wheat,2534.0,2275.0,1,0
2026-01-22,MANDI019,Basmati,2353.05,2183.0,1,0
2026-01-22,MANDI019,Rice,2100.32,2183.0,1,1
2026-01-22,MANDI020,Wheat,2290.0,2275.0,1,0
2026-01-22,MANDI023,Maize,2134.895,2090.0,2,1
2026-01-22,MANDI024,Maize,2143.0,2090.0,1,0
2026-01-22,MANDI026,Rice,2114.0,2183.0,1,1
2026-01-22,MANDI027,Wheat,2454.0,2275.0,1,0
2026-01-22,MANDI029,Cotton,6583.35,6620.0,1,1
2026-01-22,MANDI029,Narma,6686.0,6620.0,1,0
2026-01-22,MANDI031,Sugarcane,3688.95,3500.0,1,0
2026-01-22,MANDI034,Maize,1903.81,2090.0,2,2
2026-01-22,MANDI034,Mustard,5886.27,5650.0,1,0
2026-01-22,MANDI035,Mustard,5777.0,5650.0,1,0
2026-01-22,MANDI041,Cotton,6980.0,6620.0,1,0
2026-01-22,MANDI042,Mustard,6391.78,5650.0,1,0
2026-01-22,MANDI043,Sugarcane,3375.0,3500.0,1,1
2026-01-22,MANDI045,Rice,2199.06,2183.0,1,0
2026-01-22,MANDI055,Mustard,5251.0,5650.0,1,1
2026-01-23,MANDI001,Mustard,6036.83,5650.0,1,0
2026-01-23,MANDI002,Mustard,5174.0,5650.0,1,1
2026-01-23,MANDI003,Sugarcane,3842.0,3500.0,1,0
2026-01-23,MANDI003,Wheat,2290.0,2275.0,1,0
2026-01-23,MANDI005,Maize,2389.7,2090.0,1,0
2026-01-23,MANDI006,Sugarcane,3363.79,3500.0,1,1
2026-01-23,MANDI008,Cotton,6995.0,6620.0,1,0
2026-01-23,MANDI008,Rice,2313.99,2183.0,1,0
2026-01-23,MANDI009,Maize,2019.6,2090.0,1,1
2026-01-23,MANDI010,Maize,2077.0,2090.0,1,1
2026-01-23,MANDI014,Wheat,2437.0748013846523,2275.0,1,0
2026-01-23,MANDI015,Wheat,2500.87,2275.0,1,0
2026-01-23,MANDI016,Cotton,6918.61,6620.0,1,0
2026-01-23,MANDI016,Maize,2161.0,2090.0,1,0
2026-01-23,MANDI016,Rice,2354.0,2183.0,1,0
2026-01-23,MANDI019,Maize,2226.22,2090.0,1,0
2026-01-23,MANDI021,Cotton,7142.0,6620.0,1,0
2026-01-23,MANDI023,Narma,6003.91,6620.0,1,1
2026-01-23,MANDI023,Rice,2238.99,2183.0,1,0
2026-01-23,MANDI026,Mustard,6500.19,5650.0,1,0
2026-01-23,MANDI029,Wheat,2163.0,2275.0,1,1
2026-01-23,MANDI034,Rice,2505.767343259394,2183.0,1,0
2026-01-23,MANDI039,Basmati,2030.1705849471616,2183.0,1,1
2026-01-23,MANDI042,Maize,2055.48,2090.0,1,1
2026-01-23,MANDI043,Mustard,6031.0,5650.0,1,0
2026-01-23,MANDI044,Maize,1937.7217176784588,2090.0,1,1
2026-01-23,MANDI045,Maize,2189.66,2090.0,1,0
2026-01-23,MANDI047,Maize,1954.185,2090.0,2,2
2026-01-23,MANDI048,Sugarcane,3516.0,3500.0,1,0
2026-01-23,MANDI049,Cotton,7647.0,6620.0,1,0
2026-01-23,MANDI049,Rice,2191.0,2183.0,1,0
2026-01-23,MANDI053,Cotton,7227.31,6620.0,1,0
2026-01-23,MANDI053,Maize,2219.8163900662234,2090.0,1,0
2026-01-24,MANDI001,Sugarcane,3301.38,3500.0,1,1
2026-01-24,MANDI006,Rice,2201.91,2183.0,1,0
2026-01-24,MANDI007,Cotton,6733.78,6620.0,1,0
2026-01-24,MANDI007,Maize,2137.9049999999997,2090.0,2,1
2026-01-24,MANDI007,Wheat,2187.25,2275.0,1,1
2026-01-24,MANDI008,Mustard,5681.0,5650.0,1,0
2026-01-24,MANDI009,Wheat,2071.0,2275.0,1,1
2026-01-24,MANDI014,Maize,2026.06,2090.0,1,1
2026-01-24,MANDI014,Wheat,2333.12,2275.0,1,0
2026-01-24,MANDI017,Mustard,5239.69,5650.0,1,1
2026-01-24,MANDI022,Cotton,5792.35,6620.0,1,1
2026-01-24,MANDI025,Maize,1934.83,2090.0,1,1
2026-01-24,MANDI034,Maize,2200.5,2090.0,2,1
2026-01-24,MANDI034,Rice,2067.22,2183.0,1,1
2026-01-24,MANDI035,Sugarcane,4060.0,3500.0,1,0
2026-01-24,MANDI037,Wheat,2401.33,2275.0,1,0
2026-01-24,MANDI038,Wheat,2056.0,2275.0,1,1
2026-01-24,MANDI040,Cotton,6602.47,6620.0,1,1
2026-01-24,MANDI040,Mustard,5326.640849083175,5650.0,1,1
2026-01-24,MANDI041,Rice,2302.52,2183.0,1,0
2026-01-24,MANDI042,Maize,2324.0,2090.0,1,0
2026-01-24,MANDI043,Basmati,2457.75,2183.0,1,0
2026-01-24,MANDI043,Rice,2303.861807881144,2183.0,1,0
2026-01-24,MANDI047,Maize,2056.0,2090.0,1,1
2026-01-24,MANDI048,Sugarcane,3301.6905648535494,3500.0,1,1
2026-01-24,MANDI053,Cotton,7257.68,6620.0,1,0
2026-01-24,MANDI054,Mustard,6118.0,5650.0,1,0
2026-01-24,MANDI054,Sugarcane,3676.67,3500.0,1,0
2026-01-25,MANDI001,Maize,2019.0,2090.0,1,1
2026-01-25,MANDI007,Cotton,6399.0,6620.0,1,1
2026-01-25,MANDI007,Maize,2089.28,2090.0,1,1
2026-01-25,MANDI007,Wheat,2365.0,2275.0,1,0
2026-01-25,MANDI009,Rice,2401.81,2183.0,1,0
2026-01-25,MANDI009,Wheat,2255.06,2275.0,1,1
2026-01-25,MANDI011,Rice,2371.0,2183.0,1,0
2026-01-25,MANDI011,Wheat,2446.0,2275.0,1,0
2026-01-25,MANDI014,Mustard,6107.0,5650.0,1,0
2026-01-25,MANDI014,Rice,2211.7432910901234,2183.0,1,0
2026-01-25,MANDI014,Sugarcane,3478.81,3500.0,1,1
2026-01-25,MANDI015,Rice,2308.0,2183.0,1,0
2026-01-25,MANDI018,Rice,2045.0,2183.0,1,1
2026-01-25,MANDI019,Wheat,2476.62,2275.0,1,0
2026-01-25,MANDI020,Sugarcane,3948.02,3500.0,1,0
2026-01-25,MANDI022,Wheat,2271.95,2275.0,1,1
2026-01-25,MANDI026,Cotton,6369.0,6620.0,1,1
2026-01-25,MANDI026,Mustard,6209.77,5650.0,1,0
2026-01-25,MANDI028,Mustard,6042.59,5650.0,1,0
2026-01-25,MANDI028,Narma,6583.070807446889,6620.0,1,1
2026-01-25,MANDI028,Rice,2351.48,2183.0,1,0
2026-01-25,MANDI029,Sugarcane,3698.96,3500.0,1,0
2026-01-25,MANDI030,Wheat,2269.073042785604,2275.0,1,1
2026-01-25,MANDI031,Mustard,5819.99,5650.0,1,0
2026-01-25,MANDI032,Sugarcane,3621.0,3500.0,1,0
2026-01-25,MANDI036,Maize,2160.8264320500416,2090.0,2,1
2026-01-25,MANDI045,Cotton,7235.86,6620.0,1,0
2026-01-25,MANDI045,Mustard,5081.69,5650.0,1,1
2026-01-25,MANDI046,Sugarcane,3310.57,3500.0,1,1
2026-01-25,MANDI046,Wheat,2455.93,2275.0,1,0
2026-01-25,MANDI050,Mustard,5995.26,5650.0,1,0
2026-01-25,MANDI053,Sugarcane,3221.95,3500.0,2,2
2026-01-25,MANDI056,Maize,2257.0,2090.0,1,0
2026-01-25,MANDI056,Mustard,5813.83,5650.0,1,0
2026-01-26,MANDI003,Maize,2258.52,2090.0,1,0
2026-01-26,MANDI004,Maize,1923.78,2090.0,1,1
2026-01-26,MANDI005,Cotton,6220.25,6620.0,1,1
2026-01-26,MANDI008,Cotton,7009.0,6620.0,1,0
2026-01-26,MANDI009,Sugarcane,3640.82,3500.0,1,0
2026-01-26,MANDI013,Basmati,2220.0,2183.0,1,0
2026-01-26,MANDI014,Rice,2315.73,2183.0,1,0
2026-01-26,MANDI017,Mustard,5866.545099467126,5650.0,1,0
2026-01-26,MANDI018,Cotton,7117.1,6620.0,1,0
2026-01-26,MANDI019,Sugarcane,4043.99,3500.0,1,0
2026-01-26,MANDI020,Mustard,6202.27,5650.0,1,0
2026-01-26,MANDI021,Rice,2388.0,2183.0,1,0
2026-01-26,MANDI023,Cotton,7422.72,6620.0,1,0
2026-01-26,MANDI026,Wheat,2337.0,2275.0,1,0
2026-01-26,MANDI027,Maize,2080.6,2090.0,1,1
2026-01-26,MANDI028,Mustard,5518.111724822183,5650.0,1,1
2026-01-26,MANDI030,Maize,1971.49,2090.0,1,1
2026-01-26,MANDI031,Mustard,5060.0,5650.0,1,1
2026-01-26,MANDI038,Cotton,6728.03,6620.0,1,0
2026-01-26,MANDI039,Rice,2323.4,2183.0,1,0
2026-01-26,MANDI041,Cotton,7254.08,6620.0,1,0
2026-01-26,MANDI042,Maize,1939.05,2090.0,1,1
2026-01-26,MANDI046,Mustard,6048.77,5650.0,1,0
2026-01-26,MANDI054,Sugarcane,3583.432660856703,3500.0,1,0
2026-01-27,MANDI002,Narma,6748.0,6620.0,1,0
2026-01-27,MANDI003,Sugarcane,3714.55,3500.0,1,0
2026-01-27,MANDI003,Wheat,2503.84,2275.0,1,0
2026-01-27,MANDI004,Maize,2156.78,2090.0,1,0
2026-01-27,MANDI004,Rice,1987.7,2183.0,1,1
2026-01-27,MANDI005,Wheat,2278.0,2275.0,1,0
2026-01-27,MANDI007,Wheat,2355.0,2275.0,1,0
2026-01-27,MANDI012,Maize,1867.5,2090.0,1,1
2026-01-27,MANDI014,Cotton,6309.57,6620.0,1,1
2026-01-27,MANDI014,Sugarcane,3650.83,3500.0,1,0
2026-01-27,MANDI015,Maize,1989.93,2090.0,1,1
2026-01-27,MANDI015,Sugarcane,3587.86,3500.0,1,0
2026-01-27,MANDI017,Mustard,6272.95,5650.0,2,0
2026-01-27,MANDI019,Narma,5987.54,6620.0,1,1
2026-01-27,MANDI020,Mustard,5864.6,5650.0,1,0
2026-01-27,MANDI021,Wheat,2308.45,2275.0,1,0
2026-01-27,MANDI023,Maize,1946.58,2090.0,1,1
2026-01-27,MANDI023,Rice,2217.18,2183.0,1,0
2026-01-27,MANDI024,Maize,2013.8355828904769,2090.0,1,1
2026-01-27,MANDI024,Rice,2446.0,2183.0,1,0
2026-01-27,MANDI026,Cotton,6586.28,6620.0,1,1
2026-01-27,MANDI026,Sugarcane,3261.24,3500.0,1,1
2026-01-27,MANDI028,Rice,1970.0,2183.0,1,1
2026-01-27,MANDI029,Maize,2054.4,2090.0,1,1
2026-01-27,MANDI030,Mustard,5560.78,5650.0,1,1
2026-01-27,MANDI032,Rice,2235.0,2183.0,1,0
2026-01-27,MANDI037,Rice,2034.0,2183.0,1,1
2026-01-27,MANDI044,Maize,2048.45,2090.0,1,1
2026-01-27,MANDI045,Wheat,2417.0,2275.0,1,0
2026-01-27,MANDI048,Mustard,5325.27,5650.0,2,2
2026-01-27,MANDI049,Rice,2352.02,2183.0,1,0
2026-01-27,MANDI049,Wheat,2178.89,2275.0,1,1
2026-01-27,MANDI051,Maize,2378.0,2090.0,1,0
2026-01-27,MANDI051,Narma,6617.41,6620.0,1,1
2026-01-27,MANDI052,Mustard,5403.154086614334,5650.0,1,1
2026-01-27,MANDI052,Rice,2302.4926528794317,2183.0,1,0
2026-01-27,MANDI053,Maize,2114.0,2090.0,1,0
2026-01-27,MANDI053,Rice,2247.71,2183.0,1,0
2026-01-27,MANDI055,Cotton,6868.0,6620.0,1,0
2026-01-27,MANDI055,Wheat,2077.0,2275.0,1,1
2026-01-27,MANDI056,Rice,2134.74,2183.0,1,1
2026-01-27,MANDI057,Wheat,2308.07,2275.0,1,0
2026-01-28,MANDI001,Mustard,5584.47,5650.0,1,1
2026-01-28,MANDI001,Rice,2054.0,2183.0,1,1
2026-01-28,MANDI002,Maize,2000.0,2090.0,1,1
2026-01-28,MANDI004,Sugarcane,3758.4,3500.0,1,0
2026-01-28,MANDI006,Rice,2289.66,2183.0,1,0
2026-01-28,MANDI007,Rice,2280.28,2183.0,1,0
2026-01-28,MANDI010,Basmati,2485.0,2183.0,1,0
2026-01-28,MANDI011,Maize,2040.94,2090.0,1,1
2026-01-28,MANDI011,Wheat,2136.0,2275.0,1,1
2026-01-28,MANDI012,Basmati,2158.97,2183.0,1,1
2026-01-28,MANDI012,Mustard,5445.0,5650.0,1,1
2026-01-28,MANDI014,Maize,2053.0,2090.0,1,1
2026-01-28,MANDI014,Narma,6309.496509002236,6620.0,1,1
2026-01-28,MANDI015,Maize,1989.95,2090.0,2,2
2026-01-28,MANDI015,Rice,2073.29,2183.0,1,1
2026-01-28,MANDI020,Rice,2342.42,2183.0,1,0
2026-01-28,MANDI020,Sugarcane,3430.21,3500.0,1,1
2026-01-28,MANDI023,Sugarcane,3431.0,3500.0,1,1
2026-01-28,MANDI027,Sugarcane,3580.0,3500.0,1,0
2026-01-28,MANDI031,Cotton,7015.957047571515,6620.0,1,0
2026-01-28,MANDI032,Sugarcane,3266.5,3500.0,1,1
2026-01-28,MANDI034,Sugarcane,3458.0,3500.0,1,1
2026-01-28,MANDI035,Wheat,2612.6,2275.0,1,0
2026-01-28,MANDI036,Wheat,2160.563264852437,2275.0,1,1
2026-01-28,MANDI037,Cotton,7067.99,6620.0,1,0
2026-01-28,MANDI038,Rice,2255.74,2183.0,1,0
2026-01-28,MANDI044,Rice,2244.683762340035,2183.0,1,0
2026-01-28,MANDI045,Maize,2150.0,2090.0,1,0
2026-01-28,MANDI045,Rice,2220.17,2183.0,1,0
2026-01-28,MANDI046,Maize,2298.24,2090.0,1,0
2026-01-28,MANDI046,Wheat,2427.9718917654327,2275.0,1,0
2026-01-28,MANDI049,Rice,1959.24,2183.0,1,1
2026-01-28,MANDI050,Sugarcane,3535.1549999999997,3500.0,2,1
2026-01-28,MANDI051,Maize,2332.8,2090.0,1,0
2026-01-28,MANDI051,Mustard,5375.19,5650.0,1,1
2026-01-28,MANDI052,Mustard,5345.21,5650.0,1,1
2026-01-28,MANDI053,Wheat,2187.15,2275.0,1,1
2026-01-29,MANDI003,Narma,6467.62,6620.0,1,1
2026-01-29,MANDI003,Rice,2517.45,2183.0,1,0
2026-01-29,MANDI004,Cotton,6079.76,6620.0,1,1
2026-01-29,MANDI014,Mustard,5721.0,5650.0,1,0
2026-01-29,MANDI017,Mustard,6270.1,5650.0,1,0
2026-01-29,MANDI020,Mustard,5402.76,5650.0,1,1
2026-01-29,MANDI020,Sugarcane,3716.0,3500.0,1,0
2026-01-29,MANDI022,Cotton,7446.09,6620.0,1,0
2026-01-29,MANDI027,Rice,2021.25,2183.0,1,1
2026-01-29,MANDI029,Wheat,2413.63,2275.0,1,0
2026-01-29,MANDI032,Cotton,6611.21,6620.0,1,1
2026-01-29,MANDI033,Narma,6785.0,6620.0,1,0
2026-01-29,MANDI034,Cotton,5942.33,6620.0,1,1
2026-01-29,MANDI037,Sugarcane,3263.0,3500.0,1,1
2026-01-29,MANDI043,Sugarcane,3756.0,3500.0,1,0
2026-01-29,MANDI048,Rice,2096.77,2183.0,1,1
2026-01-29,MANDI049,Rice,2270.31,2183.0,1,0
2026-01-29,MANDI050,Sugarcane,3701.43,3500.0,1,0
2026-01-29,MANDI051,Sugarcane,3599.3771789897564,3500.0,3,1
2026-01-29,MANDI052,Wheat,2170.49,2275.0,1,1
2026-01-29,MANDI053,Maize,1933.0,2090.0,1,1
2026-01-29,MANDI053,Sugarcane,3834.94,3500.0,1,0
2026-01-29,MANDI054,Maize,2260.0,2090.0,1,0
2026-01-29,MANDI055,Cotton,6861.02,6620.0,1,0
2026-01-29,MANDI055,Wheat,2640.12,2275.0,1,0
2026-01-29,MANDI056,Cotton,7023.91,6620.0,1,0
2026-01-29,MANDI056,Rice,2382.0,2183.0,1,0
2026-01-29,MANDI056,Wheat,2217.04,2275.0,1,1
2026-01-30,MANDI007,Sugarcane,4063.14,3500.0,1,0
2026-01-30,MANDI010,Rice,2521.1,2183.0,1,0
2026-01-30,MANDI010,Wheat,2349.0,2275.0,1,0
2026-01-30,MANDI012,Mustard,6165.4,5650.0,1,0
2026-01-30,MANDI022,Sugarcane,3432.0,3500.0,1,1
2026-01-30,MANDI023,Rice,2372.39,2183.0,1,0
2026-01-30,MANDI026,Rice,2159.94,2183.0,1,1
2026-01-30,MANDI026,Wheat,2299.1931612785925,2275.0,1,0
2026-01-30,MANDI027,Sugarcane,3181.0,3500.0,1,1
2026-01-30,MANDI028,Cotton,7318.18,6620.0,1,0
2026-01-30,MANDI029,Sugarcane,3827.57,3500.0,1,0
2026-01-30,MANDI033,Maize,2382.045,2090.0,2,0
2026-01-30,MANDI034,Cotton,7675.46,6620.0,1,0
2026-01-30,MANDI034,Narma,6611.07,6620.0,1,1
2026-01-30,MANDI036,Maize,2022.29,2090.0,1,1
2026-01-30,MANDI036,Wheat,2526.7,2275.0,1,0
2026-01-30,MANDI037,Cotton,7131.16,6620.0,1,0
2026-01-30,MANDI038,Basmati,2386.83,2183.0,1,0
2026-01-30,MANDI039,Maize,2072.0,2090.0,1,1
2026-01-30,MANDI041,Sugarcane,3272.0,3500.0,1,1
2026-01-30,MANDI041,Wheat,2101.47680291683,2275.0,1,1
2026-01-30,MANDI048,Sugarcane,3650.0,3500.0,1,0
2026-01-30,MANDI052,Mustard,6081.63,5650.0,1,0
2026-01-30,MANDI053,Maize,2101.3,2090.0,1,0
2026-01-30,MANDI056,Rice,2212.780620310624,2183.0,1,0
2026-01-31,MANDI001,Rice,2129.52,2183.0,1,1
2026-01-31,MANDI001,Wheat,2346.39,2275.0,1,0
2026-01-31,MANDI006,Maize,2278.65,2090.0,1,0
2026-01-31,MANDI008,Mustard,5605.469999999999,5650.0,2,1
2026-01-31,MANDI011,Maize,2051.32,2090.0,1,1
2026-01-31,MANDI011,Wheat,2431.045,2275.0,2,1
2026-01-31,MANDI013,Mustard,5689.39,5650.0,1,0
2026-01-31,MANDI014,Mustard,5670.9,5650.0,1,0
2026-01-31,MANDI014,Rice,2127.9743581320763,2183.0,1,1
2026-01-31,MANDI015,Maize,2201.0,2090.0,1,0
2026-01-31,MANDI022,Maize,2109.72,2090.0,1,0
2026-01-31,MANDI022,Wheat,2121.09,2275.0,1,1
2026-01-31,MANDI024,Rice,2300.0,2183.0,1,0
2026-01-31,MANDI025,Narma,6813.9,6620.0,1,0
2026-01-31,MANDI026,Wheat,2466.61,2275.0,1,0
2026-01-31,MANDI027,Rice,2192.0,2183.0,1,0
2026-01-31,MANDI028,Mustard,5731.16,5650.0,1,0
2026-01-31,MANDI028,Sugarcane,3336.0,3500.0,1,1
2026-01-31,MANDI030,Maize,1949.0,2090.0,1,1
2026-01-31,MANDI032,Maize,2113.0,2090.0,1,0
2026-01-31,MANDI032,Narma,6179.87,6620.0,1,1
2026-01-31,MANDI033,Maize,2093.07,2090.0,1,0
2026-01-31,MANDI035,Mustard,5570.0,5650.0,1,1
2026-01-31,MANDI036,Mustard,6337.17,5650.0,1,0
2026-01-31,MANDI037,Mustard,6012.92,5650.0,1,0
2026-01-31,MANDI045,Mustard,5050.413892702856,5650.0,1,1
2026-01-31,MANDI045,Rice,2368.48,2183.0,1,0
2026-01-31,MANDI054,Wheat,2222.6,2275.0,1,1
2026-01-31,MANDI055,Rice,2403.71,2183.0,1,0
2026-01-31,MANDI057,Maize,2138.52,2090.0,1,0
2026-02-01,MANDI002,Sugarcane,3333.525062273998,3500.0,1,1
2026-02-01,MANDI007,Maize,1950.2604491026545,2090.0,2,2
2026-02-01,MANDI007,Sugarcane,3513.46,3500.0,2,1
2026-02-01,MANDI008,Rice,2087.26,2183.0,1,1
2026-02-01,MANDI008,Sugarcane,3539.44,3500.0,1,0
2026-02-01,MANDI013,Cotton,6592.0,6620.0,1,1
2026-02-01,MANDI015,Cotton,6217.0,6620.0,1,1
2026-02-01,MANDI015,Maize,2212.54,2090.0,1,0
2026-02-01,MANDI022,Wheat,2496.6798718708983,2275.0,1,0
2026-02-01,MANDI029,Sugarcane,3555.91,3500.0,1,0
2026-02-01,MANDI031,Cotton,6224.51,6620.0,1,1
2026-02-01,MANDI031,Wheat,2528.235,2275.0,2,0
2026-02-01,MANDI036,Narma,6689.31,6620.0,1,0
2026-02-01,MANDI036,Wheat,2624.85,2275.0,1,0
2026-02-01,MANDI041,Wheat,2388.0,2275.0,1,0
2026-02-01,MANDI042,Sugarcane,3591.0,3500.0,1,0
2026-02-01,MANDI045,Mustard,5960.43,5650.0,1,0
2026-02-01,MANDI051,Sugarcane,3980.06,3500.0,1,0
2026-02-02,MANDI002,Wheat,2410.1566666666663,2275.0,3,0
2026-02-02,MANDI003,Maize,2029.2,2090.0,1,1
2026-02-02,MANDI003,Mustard,5307.63,5650.0,1,1
2026-02-02,MANDI006,Sugarcane,3285.14,3500.0,1,1
2026-02-02,MANDI007,Mustard,5839.09,5650.0,1,0
2026-02-02,MANDI009,Sugarcane,3381.205433665751,3500.0,1,1
2026-02-02,MANDI010,Cotton,7006.0,6620.0,1,0
2026-02-02,MANDI013,Wheat,2188.968577299104,2275.0,1,1
2026-02-02,MANDI015,Wheat,2307.67,2275.0,1,0
2026-02-02,MANDI016,Mustard,6122.0,5650.0,1,0
2026-02-02,MANDI019,Rice,1961.0,2183.0,1,1
2026-02-02,MANDI020,Sugarcane,3863.0,3500.0,1,0
2026-02-02,MANDI022,Wheat,2419.0,2275.0,1,0
2026-02-02,MANDI023,Rice,2123.21,2183.0,1,1
2026-02-02,MANDI025,Rice,2130.26,2183.0,1,1
2026-02-02,MANDI025,Sugarcane,3730.41,3500.0,1,0
2026-02-02,MANDI025,Wheat,2184.0,2275.0,1,1
2026-02-02,MANDI026,Wheat,2328.43,2275.0,1,0
2026-02-02,MANDI027,Rice,2448.52,2183.0,1,0
2026-02-02,MANDI028,Maize,1864.32,2090.0,1,1
2026-02-02,MANDI028,Wheat,2264.95,2275.0,1,1
2026-02-02,MANDI029,Cotton,7467.626311185693,6620.0,1,0
2026-02-02,MANDI029,Maize,1909.0,2090.0,1,1
2026-02-02,MANDI030,Cotton,6366.78,6620.0,1,1
2026-02-02,MANDI030,Maize,2012.05,2090.0,1,1
2026-02-02,MANDI030,Wheat,2477.8,2275.0,1,0
2026-02-02,MANDI032,Maize,2222.0,2090.0,1,0
2026-02-02,MANDI032,Rice,2076.0,2183.0,1,1
2026-02-02,MANDI034,Mustard,5330.0,5650.0,1,1
2026-02-02,MANDI037,Maize,2351.11,2090.0,1,0
2026-02-02,MANDI038,Maize,2248.08,2090.0,1,0
2026-02-02,MANDI039,Maize,2163.64,2090.0,1,0
2026-02-02,MANDI039,Sugarcane,3719.96,3500.0,1,0
2026-02-02,MANDI042,Mustard,5452.03,5650.0,1,1
2026-02-02,MANDI046,Maize,2168.59,2090.0,1,0
2026-02-02,MANDI048,Sugarcane,3655.2,3500.0,1,0
2026-02-02,MANDI049,Cotton,6352.0,6620.0,1,1
2026-02-02,MANDI050,Maize,1899.57,2090.0,1,1
2026-02-02,MANDI050,Rice,2070.8,2183.0,1,1
2026-02-02,MANDI050,Sugarcane,3142.86,3500.0,1,1
2026-02-02,MANDI051,Cotton,7196.642329402614,6620.0,1,0
2026-02-02,MANDI051,Sugarcane,3410.0,3500.0,1,1
2026-02-02,MANDI057,Mustard,5795.945,5650.0,2,0
2026-02-03,MANDI001,Sugarcane,3585.16,3500.0,1,0
2026-02-03,MANDI004,Narma,6429.0,6620.0,1,1
2026-02-03,MANDI009,Sugarcane,3735.35,3500.0,3,0
2026-02-03,MANDI012,Wheat,2527.05,2275.0,1,0
2026-02-03,MANDI013,Sugarcane,3348.9,3500.0,1,1
2026-02-03,MANDI014,Sugarcane,3485.0,3500.0,1,1
2026-02-03,MANDI017,Maize,2326.93,2090.0,1,0
2026-02-03,MANDI018,Mustard,6198.97,5650.0,1,0
2026-02-03,MANDI019,Wheat,2421.72,2275.0,1,0
2026-02-03,MANDI020,Mustard,5462.0,5650.0,1,1
2026-02-03,MANDI020,Rice,2104.0,2183.0,1,1
2026-02-03,MANDI020,Wheat,2244.19,2275.0,1,1
2026-02-03,MANDI021,Maize,2140.05,2090.0,1,0
2026-02-03,MANDI021,Rice,2215.0,2183.0,1,0
2026-02-03,MANDI023,Mustard,5684.58,5650.0,1,0
2026-02-03,MANDI025,Mustard,6213.1,5650.0,1,0
2026-02-03,MANDI026,Wheat,2210.0,2275.0,1,1
2026-02-03,MANDI029,Sugarcane,3982.0,3500.0,1,0
2026-02-03,MANDI033,Cotton,7055.0,6620.0,1,0
2026-02-03,MANDI033,Wheat,2463.31,2275.0,1,0
2026-02-03,MANDI034,Rice,2339.09,2183.0,1,0
2026-02-03,MANDI036,Basmati,2399.4,2183.0,1,0
2026-02-03,MANDI038,Mustard,6045.57,5650.0,1,0
2026-02-03,MANDI039,Rice,2390.0,2183.0,1,0
2026-02-03,MANDI039,Wheat,2477.08,2275.0,1,0
2026-02-03,MANDI041,Cotton,6504.52,6620.0,1,1
2026-02-03,MANDI041,Wheat,2186.03,2275.0,1,1
2026-02-03,MANDI043,Mustard,5168.54,5650.0,1,1
2026-02-03,MANDI044,Sugarcane,3968.0,3500.0,1,0
2026-02-03,MANDI046,Sugarcane,3524.89,3500.0,1,0
2026-02-03,MANDI047,Maize,1837.7,2090.0,1,1
2026-02-03,MANDI047,Mustard,6581.0,5650.0,1,0
2026-02-03,MANDI050,Sugarcane,3341.9849999999997,3500.0,2,1
2026-02-03,MANDI052,Sugarcane,3436.57,3500.0,1,1
2026-02-03,MANDI052,Wheat,2172.83,2275.0,1,1
2026-02-03,MANDI055,Wheat,2669.87,2275.0,1,0
2026-02-03,MANDI057,Rice,2193.25,2183.0,1,0
2026-02-04,MANDI001,Wheat,2441.1,2275.0,1,0
2026-02-04,MANDI007,Rice,2175.02,2183.0,1,1
2026-02-04,MANDI008,Rice,2443.3,2183.0,1,0
2026-02-04,MANDI010,Rice,2261.12,2183.0,1,0
2026-02-04,MANDI011,Basmati,2131.0,2183.0,1,1
2026-02-04,MANDI012,Cotton,7365.29,6620.0,1,0
2026-02-04,MANDI012,Maize,2226.64,2090.0,1,0
2026-02-04,MANDI012,Mustard,6334.78,5650.0,1,0
2026-02-04,MANDI014,Maize,2091.71,2090.0,1,0
2026-02-04,MANDI016,Maize,1942.51,2090.0,1,1
2026-02-04,MANDI017,Rice,2382.69,2183.0,1,0
2026-02-04,MANDI018,Wheat,2156.8,2275.0,1,1
2026-02-04,MANDI020,Maize,2114.47,2090.0,1,0
2026-02-04,MANDI020,Sugarcane,3851.3,3500.0,1,0
2026-02-04,MANDI021,Mustard,5390.0,5650.0,1,1
2026-02-04,MANDI022,Mustard,6473.0,5650.0,1,0
2026-02-04,MANDI024,Cotton,6872.0,6620.0,1,0
2026-02-04,MANDI026,Mustard,5641.17,5650.0,1,1
2026-02-04,MANDI026,Rice,2136.0,2183.0,1,1
2026-02-04,MANDI028,Rice,2385.0,2183.0,1,0
2026-02-04,MANDI031,Cotton,7167.4,6620.0,1,0
2026-02-04,MANDI031,Mustard,5351.44,5650.0,1,1
2026-02-04,MANDI032,Cotton,6334.48,6620.0,1,1
2026-02-04,MANDI032,Wheat,2216.71,2275.0,1,1
2026-02-04,MANDI033,Rice,2196.11,2183.0,1,0
2026-02-04,MANDI033,Sugarcane,3170.0,3500.0,1,1
2026-02-04,MANDI035,Rice,2290.0,2183.0,1,0
2026-02-04,MANDI035,Sugarcane,3513.09,3500.0,1,0
2026-02-04,MANDI036,Mustard,6247.0,5650.0,1,0
2026-02-04,MANDI036,Narma,7257.49,6620.0,1,0
2026-02-04,MANDI037,Maize,2074.0,2090.0,1,1
2026-02-04,MANDI037,Narma,6608.0,6620.0,1,1
2026-02-04,MANDI038,Sugarcane,3312.35,3500.0,1,1
2026-02-04,MANDI039,Cotton,6355.59,6620.0,1,1
2026-02-04,MANDI040,Wheat,2243.95,2275.0,1,1
2026-02-04,MANDI041,Maize,2097.0,2090.0,2,1
2026-02-04,MANDI041,Sugarcane,3577.0,3500.0,1,0
2026-02-04,MANDI042,Maize,2323.0,2090.0,1,0
2026-02-04,MANDI046,Narma,6544.93,6620.0,1,1
2026-02-04,MANDI049,Wheat,2295.0,2275.0,1,0
2026-02-04,MANDI054,Rice,2163.53,2183.0,1,1
2026-02-05,MANDI001,Cotton,6683.469999999999,6620.0,2,1
2026-02-05,MANDI001,Maize,2147.0,2090.0,1,0
2026-02-05,MANDI003,Cotton,7080.0,6620.0,1,0
2026-02-05,MANDI004,Sugarcane,3496.0,3500.0,1,1
2026-02-05,MANDI007,Maize,2222.3757554672397,2090.0,2,0
2026-02-05,MANDI011,Wheat,2247.13,2275.0,1,1
2026-02-05,MANDI012,Cotton,7587.95,6620.0,1,0
2026-02-05,MANDI014,Maize,2235.05,2090.0,1,0
2026-02-05,MANDI022,Cotton,7543.0,6620.0,1,0
2026-02-05,MANDI022,Maize,1947.69,2090.0,1,1
2026-02-05,MANDI025,Narma,6808.0,6620.0,1,0
2026-02-05,MANDI025,Sugarcane,3353.0,3500.0,1,1
2026-02-05,MANDI026,Narma,6672.0,6620.0,1,0
2026-02-05,MANDI027,Rice,2146.17,2183.0,1,1
2026-02-05,MANDI029,Wheat,2236.96,2275.0,1,1
2026-02-05,MANDI030,Wheat,2170.12,2275.0,1,1
2026-02-05,MANDI031,Cotton,7081.0,6620.0,1,0
2026-02-05,MANDI032,Mustard,6056.0,5650.0,1,0
2026-02-05,MANDI032,Wheat,2161.3,2275.0,1,1
2026-02-05,MANDI038,Wheat,2076.53,2275.0,1,1
2026-02-05,MANDI039,Cotton,6863.495,6620.0,2,0
2026-02-05,MANDI043,Mustard,5910.94,5650.0,1,0
2026-02-05,MANDI046,Cotton,7447.940480963256,6620.0,1,0
2026-02-05,MANDI047,Rice,2091.15,2183.0,1,1
2026-02-05,MANDI050,Maize,2181.0,2090.0,1,0
2026-02-05,MANDI051,Rice,2170.0,2183.0,1,1
2026-02-05,MANDI052,Sugarcane,3545.75,3500.0,1,0
2026-02-05,MANDI053,Maize,1924.2,2090.0,1,1
2026-02-05,MANDI053,Wheat,2090.0,2275.0,1,1
2026-02-05,MANDI055,Mustard,5657.479968939649,5650.0,1,0
2026-02-05,MANDI056,Sugarcane,3750.19,3500.0,1,0
2026-02-06,MANDI001,Basmati,2130.045,2183.0,2,1
2026-02-06,MANDI004,Maize,2149.4183013856286,2090.0,1,0
2026-02-06,MANDI009,Maize,1977.96,2090.0,1,1
2026-02-06,MANDI009,Wheat,2267.0,2275.0,1,1
2026-02-06,MANDI012,Maize,2068.0,2090.0,1,1
2026-02-06,MANDI013,Mustard,5767.54424882374,5650.0,1,0
2026-02-06,MANDI013,Narma,6265.65,6620.0,1,1
2026-02-06,MANDI014,Mustard,5580.81,5650.0,1,1
2026-02-06,MANDI016,Cotton,6882.085,6620.0,2,1
2026-02-06,MANDI016,Rice,2544.97,2183.0,1,0
2026-02-06,MANDI017,Sugarcane,3481.77,3500.0,1,1
2026-02-06,MANDI018,Maize,1929.69,2090.0,1,1
2026-02-06,MANDI019,Mustard,5523.26,5650.0,1,1
2026-02-06,MANDI020,Sugarcane,3492.77,3500.0,1,1
2026-02-06,MANDI020,Wheat,2384.9320895772785,2275.0,1,0
2026-02-06,MANDI021,Mustard,5333.29,5650.0,1,1
2026-02-06,MANDI022,Maize,2366.02,2090.0,1,0
2026-02-06,MANDI022,Sugarcane,3581.5174689977093,3500.0,1,0
2026-02-06,MANDI025,Sugarcane,3152.26,3500.0,1,1
2026-02-06,MANDI027,Maize,2158.96,2090.0,1,0
2026-02-06,MANDI029,Mustard,5467.915749373407,5650.0,1,1
2026-02-06,MANDI029,Wheat,2245.49,2275.0,1,1
2026-02-06,MANDI031,Maize,2050.435380890844,2090.0,1,1
2026-02-06,MANDI032,Mustard,5300.83,5650.0,1,1
2026-02-06,MANDI032,Sugarcane,3533.0,3500.0,1,0
2026-02-06,MANDI032,Wheat,2506.26,2275.0,1,0
2026-02-06,MANDI035,Wheat,2291.43,2275.0,1,0
2026-02-06,MANDI037,Rice,1963.0,2183.0,1,1
2026-02-06,MANDI039,Maize,2375.0,2090.0,1,0
2026-02-06,MANDI050,Mustard,6244.03,5650.0,1,0
2026-02-06,MANDI050,Wheat,2139.483982924019,2275.0,1,1
2026-02-06,MANDI051,Rice,2394.51,2183.0,1,0
2026-02-06,MANDI057,Maize,2393.52,2090.0,1,0
2026-02-07,MANDI001,Sugarcane,3936.03,3500.0,1,0
2026-02-07,MANDI002,Mustard,5843.0,5650.0,1,0
2026-02-07,MANDI004,Mustard,6188.0,5650.0,1,0
2026-02-07,MANDI008,Maize,2263.6,2090.0,1,0
2026-02-07,MANDI009,Sugarcane,3303.9168825397246,3500.0,1,1
2026-02-07,MANDI010,Cotton,6423.88,6620.0,1,1
2026-02-07,MANDI016,Wheat,2297.0,2275.0,1,0
2026-02-07,MANDI017,Wheat,2241.0,2275.0,1,1
2026-02-07,MANDI022,Cotton,6637.26,6620.0,1,0
2026-02-07,MANDI024,Cotton,6293.45,6620.0,1,1
2026-02-07,MANDI027,Sugarcane,3788.0,3500.0,1,0
2026-02-07,MANDI028,Mustard,5568.01,5650.0,1,1
2026-02-07,MANDI028,Wheat,2091.41,2275.0,1,1
2026-02-07,MANDI029,Maize,2252.97,2090.0,1,0
2026-02-07,MANDI030,Mustard,6081.8522347052185,5650.0,2,0
2026-02-07,MANDI031,Wheat,2408.75,2275.0,1,0
2026-02-07,MANDI038,Sugarcane,3466.0,3500.0,1,1
2026-02-07,MANDI041,Cotton,6591.9,6620.0,1,1
2026-02-07,MANDI043,Maize,2112.0,2090.0,1,0
2026-02-07,MANDI048,Maize,2286.7333324971087,2090.0,1,0
2026-02-07,MANDI050,Mustard,5181.34,5650.0,1,1
2026-02-07,MANDI051,Rice,2277.72,2183.0,1,0
2026-02-07,MANDI051,Sugarcane,3807.91,3500.0,1,0
2026-02-07,MANDI052,Mustard,5416.47,5650.0,1,1
2026-02-07,MANDI055,Mustard,5709.19,5650.0,1,0
2026-02-07,MANDI057,Rice,2394.39,2183.0,1,0
2026-02-07,MANDI057,Sugarcane,3709.36,3500.0,1,0
2026-02-08,MANDI001,Sugarcane,3547.7685253549425,3500.0,1,0
2026-02-08,MANDI004,Mustard,6026.96,5650.0,1,0
2026-02-08,MANDI005,Sugarcane,3709.21,3500.0,1,0
2026-02-08,MANDI010,Cotton,6442.0,6620.0,1,1
2026-02-08,MANDI011,Mustard,6229.53,5650.0,1,0
2026-02-08,MANDI012,Wheat,2420.0,2275.0,1,0
2026-02-08,MANDI014,Cotton,7336.54,6620.0,1,0
2026-02-08,MANDI017,Sugarcane,3574.06,3500.0,1,0
2026-02-08,MANDI020,Basmati,2386.0,2183.0,1,0
2026-02-08,MANDI020,Rice,2356.0,2183.0,1,0
2026-02-08,MANDI024,Cotton,6937.04,6620.0,1,0
2026-02-08,MANDI024,Narma,7316.33,6620.0,1,0
2026-02-08,MANDI024,Rice,2003.89,2183.0,1,1
2026-02-08,MANDI027,Maize,1978.33,2090.0,1,1
2026-02-08,MANDI028,Maize,1948.2,2090.0,1,1
2026-02-08,MANDI028,Wheat,2238.0,2275.0,1,1
2026-02-08,MANDI029,Maize,2264.28,2090.0,1,0
2026-02-08,MANDI030,Sugarcane,3466.0,3500.0,1,1
2026-02-08,MANDI032,Basmati,2099.060163296088,2183.0,1,1
2026-02-08,MANDI032,Mustard,5524.0,5650.0,1,1
2026-02-08,MANDI033,Mustard,5832.37,5650.0,1,0
2026-02-08,MANDI035,Sugarcane,3799.42,3500.0,1,0
2026-02-08,MANDI037,Rice,2495.7021680762264,2183.0,1,0
2026-02-08,MANDI038,Mustard,5307.353404135047,5650.0,1,1
2026-02-08,MANDI041,Maize,2444.4412950422384,2090.0,1,0
2026-02-08,MANDI046,Maize,2038.25,2090.0,1,1
2026-02-08,MANDI048,Sugarcane,3885.86,3500.0,1,0
2026-02-08,MANDI050,Mustard,5157.844999999999,5650.0,2,2
2026-02-08,MANDI051,Rice,2180.89,2183.0,1,1
2026-02-08,MANDI052,Sugarcane,3874.65,3500.0,1,0
2026-02-08,MANDI053,Mustard,5864.116654059802,5650.0,1,0
2026-02-08,MANDI056,Mustard,5052.29,5650.0,1,1
2026-02-09,MANDI001,Narma,6620.75,6620.0,1,0
2026-02-09,MANDI001,Rice,2094.75,2183.0,1,1
2026-02-09,MANDI001,Sugarcane,3752.0,3500.0,1,0
2026-02-09,MANDI005,Mustard,6075.0,5650.0,1,0
2026-02-09,MANDI005,Wheat,2263.94,2275.0,1,1
2026-02-09,MANDI007,Maize,2174.5,2090.0,2,0
2026-02-09,MANDI007,Wheat,2448.9120558584546,2275.0,1,0
2026-02-09,MANDI009,Mustard,6228.47,5650.0,1,0
2026-02-09,MANDI011,Sugarcane,3825.83,3500.0,1,0
2026-02-09,MANDI011,Wheat,2558.0,2275.0,1,0
2026-02-09,MANDI012,Cotton,7165.0,6620.0,1,0
2026-02-09,MANDI015,Mustard,5363.12,5650.0,1,1
2026-02-09,MANDI017,Wheat,2322.304484993924,2275.0,1,0
2026-02-09,MANDI021,Rice,2475.0,2183.0,1,0
2026-02-09,MANDI022,Maize,2237.733769433642,2090.0,1,0
2026-02-09,MANDI024,Sugarcane,3982.99,3500.0,1,0
2026-02-09,MANDI025,Wheat,2189.13,2275.0,1,1
2026-02-09,MANDI027,Maize,2276.85,2090.0,1,0
2026-02-09,MANDI030,Wheat,2302.0,2275.0,1,0
2026-02-09,MANDI031,Rice,2140.62,2183.0,1,1
2026-02-09,MANDI032,Sugarcane,4012.0,3500.0,1,0
2026-02-09,MANDI038,Rice,2225.08,2183.0,1,0
2026-02-09,MANDI039,Narma,7249.07,6620.0,1,0
2026-02-09,MANDI040,Narma,7313.66,6620.0,1,0
2026-02-09,MANDI041,Mustard,5485.209338488114,5650.0,2,1
2026-02-09,MANDI047,Maize,2187.22,2090.0,1,0
2026-02-09,MANDI049,Mustard,5663.0,5650.0,1,0
2026-02-09,MANDI052,Mustard,6347.33,5650.0,2,0
2026-02-09,MANDI054,Maize,2267.247561348595,2090.0,1,0
2026-02-09,MANDI054,Narma,6291.3,6620.0,1,1
2026-02-09,MANDI054,Rice,2139.95,2183.0,1,1
2026-02-09,MANDI055,Rice,2314.8,2183.0,1,0
2026-02-09,MANDI056,Sugarcane,3614.0,3500.0,1,0
2026-02-10,MANDI002,Maize,2029.0,2090.0,1,1
2026-02-10,MANDI004,Maize,2041.17,2090.0,1,1
2026-02-10,MANDI008,Cotton,6834.0,6620.0,1,0
2026-02-10,MANDI011,Maize,2200.0,2090.0,1,0
2026-02-10,MANDI011,Wheat,2364.0,2275.0,1,0
2026-02-10,MANDI014,Rice,2364.0,2183.0,1,0
2026-02-10,MANDI015,Maize,2250.0,2090.0,1,0
2026-02-10,MANDI015,Sugarcane,3591.0,3500.0,1,0
2026-02-10,MANDI018,Wheat,2107.82,2275.0,1,1
2026-02-10,MANDI026,Wheat,2170.0,2275.0,1,1
2026-02-10,MANDI030,Sugarcane,3674.55,3500.0,1,0
2026-02-10,MANDI032,Rice,2050.0,2183.0,1,1
2026-02-10,MANDI033,Sugarcane,3142.15,3500.0,1,1
2026-02-10,MANDI035,Cotton,6769.1,6620.0,1,0
2026-02-10,MANDI036,Wheat,2201.27,2275.0,1,1
2026-02-10,MANDI041,Maize,2261.0,2090.0,1,0
2026-02-10,MANDI048,Sugarcane,4018.45,3500.0,1,0
2026-02-11,MANDI003,Wheat,2200.0,2275.0,1,1
2026-02-11,MANDI009,Mustard,5667.0,5650.0,1,0
2026-02-11,MANDI011,Rice,2122.59,2183.0,1,1
2026-02-11,MANDI011,Sugarcane,3593.77,3500.0,1,0
2026-02-11,MANDI014,Mustard,5948.91,5650.0,1,0
2026-02-11,MANDI021,Sugarcane,3487.73,3500.0,1,1
2026-02-11,MANDI028,Rice,2065.0,2183.0,1,1
2026-02-11,MANDI033,Mustard,5813.945862160526,5650.0,1,0
2026-02-11,MANDI035,Rice,2092.84,2183.0,1,1
2026-02-11,MANDI035,Wheat,2147.84,2275.0,1,1
2026-02-11,MANDI036,Mustard,5707.45,5650.0,1,0
2026-02-11,MANDI040,Sugarcane,3414.1337467024077,3500.0,1,1
2026-02-11,MANDI044,Sugarcane,3795.75,3500.0,1,0
2026-02-11,MANDI044,Wheat,2433.25,2275.0,1,0
2026-02-11,MANDI048,Mustard,5380.0,5650.0,1,1
2026-02-11,MANDI052,Sugarcane,3816.0,3500.0,1,0
2026-02-11,MANDI057,Mustard,5775.5,5650.0,1,0
2026-02-11,MANDI057,Wheat,2116.590744840276,2275.0,1,1
2026-02-12,MANDI003,Cotton,6001.31,6620.0,1,1
2026-02-12,MANDI004,Mustard,5533.62,5650.0,1,1
2026-02-12,MANDI005,Sugarcane,3878.0,3500.0,1,0
2026-02-12,MANDI006,Mustard,6087.81861842975,5650.0,1,0
2026-02-12,MANDI009,Narma,7577.87,6620.0,1,0
2026-02-12,MANDI011,Rice,2240.05,2183.0,1,0
2026-02-12,MANDI011,Wheat,2262.0,2275.0,1,1
2026-02-12,MANDI017,Mustard,5770.0,5650.0,1,0
2026-02-12,MANDI024,Maize,2000.18,2090.0,1,1
2026-02-12,MANDI026,Wheat,2408.87,2275.0,1,0
2026-02-12,MANDI029,Sugarcane,3803.91,3500.0,1,0
2026-02-12,MANDI033,Maize,2050.862853424056,2090.0,1,1
2026-02-12,MANDI034,Maize,2052.73,2090.0,1,1
2026-02-12,MANDI037,Mustard,6238.74,5650.0,1,0
2026-02-12,MANDI043,Mustard,5825.96950521827,5650.0,1,0
2026-02-12,MANDI043,Wheat,2034.0,2275.0,1,1
2026-02-12,MANDI044,Cotton,6465.3,6620.0,1,1
2026-02-12,MANDI045,Mustard,5945.597686100972,5650.0,1,0
2026-02-12,MANDI046,Narma,6381.950717698559,6620.0,1,1
2026-02-12,MANDI047,Maize,1827.41,2090.0,1,1
2026-02-12,MANDI047,Sugarcane,3503.125272293878,3500.0,1,0
2026-02-12,MANDI050,Wheat,2488.13,2275.0,1,0
2026-02-12,MANDI051,Rice,2322.63,2183.0,1,0
2026-02-12,MANDI051,Wheat,2271.61,2275.0,1,1
2026-02-12,MANDI054,Mustard,5925.0,5650.0,1,0
2026-02-13,MANDI001,Basmati,2384.39,2183.0,1,0
2026-02-13,MANDI004,Mustard,6287.45,5650.0,1,0
2026-02-13,MANDI007,Maize,2130.14,2090.0,1,0
2026-02-13,MANDI008,Cotton,6788.81,6620.0,1,0
2026-02-13,MANDI008,Wheat,2090.0,2275.0,1,1
2026-02-13,MANDI013,Maize,2112.0,2090.0,1,0
2026-02-13,MANDI014,Rice,2413.0,2183.0,1,0
2026-02-13,MANDI015,Rice,2020.86,2183.0,1,1
2026-02-13,MANDI019,Maize,2317.0,2090.0,1,0
2026-02-13,MANDI020,Cotton,6503.0,6620.0,1,1
2026-02-13,MANDI020,Mustard,5036.0,5650.0,1,1
2026-02-13,MANDI022,Maize,2168.0,2090.0,1,0
2026-02-13,MANDI026,Cotton,6988.379101675256,6620.0,2,1
2026-02-13,MANDI026,Mustard,5669.0,5650.0,1,0
2026-02-13,MANDI028,Maize,1923.26,2090.0,1,1
2026-02-13,MANDI029,Wheat,2372.09,2275.0,1,0
2026-02-13,MANDI030,Wheat,2458.0,2275.0,1,0
2026-02-13,MANDI031,Mustard,5945.0,5650.0,1,0
2026-02-13,MANDI032,Mustard,6425.0,5650.0,1,0
2026-02-13,MANDI034,Cotton,7554.53,6620.0,1,0
2026-02-13,MANDI034,Sugarcane,4029.0,3500.0,1,0
2026-02-13,MANDI037,Sugarcane,3619.27,3500.0,1,0
2026-02-13,MANDI042,Narma,6584.4313280426095,6620.0,1,1
2026-02-13,MANDI046,Mustard,6225.98,5650.0,1,0
2026-02-13,MANDI050,Mustard,5507.31,5650.0,1,1
2026-02-13,MANDI050,Rice,2399.0,2183.0,1,0
2026-02-13,MANDI051,Cotton,6749.63,6620.0,1,0
2026-02-13,MANDI054,Rice,2095.08,2183.0,1,1
2026-02-13,MANDI055,Rice,2158.294930463491,2183.0,1,1
2026-02-14,MANDI004,Mustard,5096.54,5650.0,1,1
2026-02-14,MANDI006,Mustard,6127.0,5650.0,1,0
2026-02-14,MANDI007,Narma,6342.03,6620.0,1,1
2026-02-14,MANDI008,Maize,2000.21,2090.0,1,1
2026-02-14,MANDI013,Sugarcane,3847.0,3500.0,1,0
2026-02-14,MANDI018,Rice,2342.0,2183.0,1,0
2026-02-14,MANDI020,Narma,6619.43,6620.0,1,1
2026-02-14,MANDI021,Maize,2325.63,2090.0,1,0
2026-02-14,MANDI021,Rice,2162.48,2183.0,1,1
2026-02-14,MANDI023,Sugarcane,3679.55,3500.0,1,0
2026-02-14,MANDI029,Cotton,6896.0,6620.0,1,0
2026-02-14,MANDI029,Maize,2394.7,2090.0,1,0
2026-02-14,MANDI029,Rice,2458.55,2183.0,1,0
2026-02-14,MANDI029,Wheat,2129.5,2275.0,1,1
2026-02-14,MANDI031,Wheat,2402.71,2275.0,1,0
2026-02-14,MANDI033,Mustard,6086.32,5650.0,1,0
2026-02-14,MANDI034,Wheat,2438.71,2275.0,1,0
2026-02-14,MANDI036,Rice,2264.0,2183.0,1,0
2026-02-14,MANDI037,Sugarcane,3329.65,3500.0,1,1
2026-02-14,MANDI047,Rice,2384.52,2183.0,1,0
2026-02-14,MANDI049,Maize,1958.7,2090.0,2,2
2026-02-14,MANDI049,Sugarcane,3232.0,3500.0,1,1
2026-02-14,MANDI053,Maize,1918.0,2090.0,1,1
2026-02-14,MANDI054,Narma,7303.87,6620.0,1,0
2026-02-14,MANDI056,Cotton,7175.0,6620.0,1,0
2026-02-14,MANDI057,Wheat,2385.0,2275.0,1,0
2026-02-15,MANDI003,Mustard,5797.77,5650.0,1,0
2026-02-15,MANDI003,Rice,2085.574883590212,2183.0,1,1
2026-02-15,MANDI005,Sugarcane,3844.46,3500.0,1,0
2026-02-15,MANDI007,Sugarcane,3314.85,3500.0,1,1
2026-02-15,MANDI008,Cotton,6898.115703781709,6620.0,1,0
2026-02-15,MANDI009,Sugarcane,3741.82,3500.0,1,0
2026-02-15,MANDI011,Sugarcane,3894.5,3500.0,1,0
2026-02-15,MANDI014,Maize,2093.0,2090.0,1,0
2026-02-15,MANDI014,Rice,2399.92,2183.0,1,0
2026-02-15,MANDI014,Sugarcane,3355.0,3500.0,1,1
2026-02-15,MANDI015,Rice,2018.54,2183.0,1,1
2026-02-15,MANDI016,Basmati,2298.34,2183.0,1,0
2026-02-15,MANDI016,Maize,2140.85,2090.0,1,0
2026-02-15,MANDI016,Mustard,5602.93,5650.0,1,1
2026-02-15,MANDI017,Mustard,5840.6,5650.0,1,0
2026-02-15,MANDI019,Cotton,7642.99,6620.0,1,0
2026-02-15,MANDI021,Basmati,2067.05,2183.0,1,1
2026-02-15,MANDI021,Wheat,2318.91,2275.0,1,0
2026-02-15,MANDI024,Basmati,2422.7428201281605,2183.0,1,0
2026-02-15,MANDI024,Rice,2401.0,2183.0,1,0
2026-02-15,MANDI026,Sugarcane,3515.0,3500.0,1,0
2026-02-15,MANDI028,Sugarcane,3907.19,3500.0,1,0
2026-02-15,MANDI029,Maize,2082.0,2090.0,1,1
2026-02-15,MANDI029,Rice,2300.0,2183.0,1,0
2026-02-15,MANDI029,Sugarcane,3480.0,3500.0,1,1
2026-02-15,MANDI030,Maize,2102.67,2090.0,1,0
2026-02-15,MANDI031,Rice,2333.91,2183.0,1,0
2026-02-15,MANDI031,Sugarcane,3310.0,3500.0,1,1
2026-02-15,MANDI035,Maize,2324.2737078282125,2090.0,1,0
2026-02-15,MANDI035,Rice,2308.0,2183.0,1,0
2026-02-15,MANDI036,Cotton,7325.58,6620.0,1,0
2026-02-15,MANDI036,Narma,6754.55,6620.0,1,0
2026-02-15,MANDI038,Rice,2023.1,2183.0,1,1
2026-02-15,MANDI039,Wheat,2272.0,2275.0,1,1
2026-02-15,MANDI043,Cotton,7204.0,6620.0,1,0
2026-02-15,MANDI043,Sugarcane,3738.33089820915,3500.0,1,0
2026-02-15,MANDI044,Rice,2240.56,2183.0,1,0
2026-02-15,MANDI045,Mustard,6084.0,5650.0,1,0
2026-02-15,MANDI046,Mustard,5544.56,5650.0,1,1
2026-02-15,MANDI053,Sugarcane,3257.62,3500.0,1,1
2026-02-16,MANDI001,Cotton,6246.15,6620.0,1,1
2026-02-16,MANDI003,Rice,2053.0,2183.0,1,1
2026-02-16,MANDI004,Maize,1994.24,2090.0,1,1
2026-02-16,MANDI005,Basmati,1993.0,2183.0,1,1
2026-02-16,MANDI005,Cotton,7261.0,6620.0,1,0
2026-02-16,MANDI005,Mustard,5137.0,5650.0,1,1
2026-02-16,MANDI006,Maize,2027.0,2090.0,1,1
2026-02-16,MANDI006,Mustard,5303.484164054503,5650.0,1,1
2026-02-16,MANDI008,Rice,2425.41,2183.0,1,0
2026-02-16,MANDI009,Cotton,6401.0,6620.0,1,1
2026-02-16,MANDI011,Wheat,2155.0,2275.0,1,1
2026-02-16,MANDI014,Mustard,5882.0,5650.0,1,0
2026-02-16,MANDI014,Wheat,2412.0,2275.0,1,0
2026-02-16,MANDI015,Basmati,2258.0,2183.0,1,0
2026-02-16,MANDI015,Maize,1864.56,2090.0,1,1
2026-02-16,MANDI015,Mustard,5882.62,5650.0,1,0
2026-02-16,MANDI018,Rice,2390.0,2183.0,1,0
2026-02-16,MANDI018,Wheat,2104.0,2275.0,1,1
2026-02-16,MANDI020,Cotton,6573.0,6620.0,1,1
2026-02-16,MANDI025,Cotton,7159.8,6620.0,1,0
2026-02-16,MANDI025,Rice,2438.0,2183.0,1,0
2026-02-16,MANDI027,Maize,2099.0,2090.0,1,0
2026-02-16,MANDI028,Wheat,2360.24,2275.0,1,0
2026-02-16,MANDI029,Rice,2058.06,2183.0,1,1
2026-02-16,MANDI029,Sugarcane,3374.0,3500.0,1,1
2026-02-16,MANDI029,Wheat,2460.69,2275.0,1,0
2026-02-16,MANDI032,Mustard,5522.688282965513,5650.0,1,1
2026-02-16,MANDI032,Rice,2330.0,2183.0,1,0
2026-02-16,MANDI034,Wheat,2158.63,2275.0,1,1
2026-02-16,MANDI035,Cotton,7168.0,6620.0,1,0
2026-02-16,MANDI040,Cotton,6342.87,6620.0,1,1
2026-02-16,MANDI043,Rice,2369.54,2183.0,1,0
2026-02-16,MANDI045,Cotton,7068.0,6620.0,1,0
2026-02-16,MANDI045,Maize,2108.15,2090.0,1,0
2026-02-16,MANDI045,Mustard,5932.57,5650.0,1,0
2026-02-17,MANDI002,Cotton,6958.54,6620.0,1,0
2026-02-17,MANDI002,Rice,2429.89,2183.0,1,0
2026-02-17,MANDI004,Wheat,2602.0,2275.0,1,0
2026-02-17,MANDI008,Maize,1962.0,2090.0,1,1
2026-02-17,MANDI009,Cotton,7048.67,6620.0,1,0
2026-02-17,MANDI010,Wheat,2213.0,2275.0,1,1
2026-02-17,MANDI012,Wheat,2594.4,2275.0,1,0
2026-02-17,MANDI013,Maize,1956.38,2090.0,1,1
2026-02-17,MANDI016,Maize,2218.09,2090.0,1,0
2026-02-17,MANDI019,Wheat,2442.3,2275.0,1,0
2026-02-17,MANDI023,Maize,2096.0,2090.0,1,0
2026-02-17,MANDI023,Wheat,2621.0,2275.0,1,0
2026-02-17,MANDI024,Wheat,2220.05,2275.0,1,1
2026-02-17,MANDI026,Narma,6560.12,6620.0,1,1
2026-02-17,MANDI027,Maize,1999.0,2090.0,1,1
2026-02-17,MANDI028,Mustard,5119.29,5650.0,1,1
2026-02-17,MANDI030,Sugarcane,3482.43,3500.0,1,1
2026-02-17,MANDI030,Wheat,2312.93,2275.0,1,0
2026-02-17,MANDI031,Mustard,5505.0,5650.0,2,2
2026-02-17,MANDI032,Sugarcane,3794.3,3500.0,1,0
2026-02-17,MANDI036,Cotton,6154.0,6620.0,1,1
2026-02-17,MANDI036,Mustard,5577.0,5650.0,1,1
2026-02-17,MANDI037,Mustard,6204.11,5650.0,1,0
2026-02-17,MANDI039,Wheat,2331.22,2275.0,1,0
2026-02-17,MANDI043,Cotton,5991.0,6620.0,1,1
2026-02-17,MANDI043,Wheat,2057.3,2275.0,1,1
2026-02-17,MANDI050,Maize,2284.78,2090.0,1,0
2026-02-17,MANDI052,Wheat,2204.29,2275.0,1,1
2026-02-17,MANDI053,Sugarcane,3202.1,3500.0,1,1
2026-02-18,MANDI001,Mustard,5980.0,5650.0,1,0
2026-02-18,MANDI001,Wheat,2312.89,2275.0,1,0
2026-02-18,MANDI002,Rice,2238.5161932770234,2183.0,1,0
2026-02-18,MANDI004,Mustard,5666.719999999999,5650.0,2,1
2026-02-18,MANDI006,Rice,2212.62,2183.0,1,0
2026-02-18,MANDI006,Sugarcane,3596.42,3500.0,1,0
2026-02-18,MANDI007,Rice,2171.89,2183.0,1,1
2026-02-18,MANDI008,Cotton,7392.0,6620.0,1,0
2026-02-18,MANDI008,Wheat,2157.3171070910457,2275.0,1,1
2026-02-18,MANDI011,Mustard,6158.85,5650.0,1,0
2026-02-18,MANDI015,Sugarcane,3529.0,3500.0,1,0
2026-02-18,MANDI020,Narma,7245.0,6620.0,1,0
2026-02-18,MANDI020,Rice,2316.66,2183.0,1,0
2026-02-18,MANDI023,Rice,2115.88,2183.0,1,1
2026-02-18,MANDI030,Cotton,7023.0,6620.0,1,0
2026-02-18,MANDI031,Wheat,2225.5,2275.0,1,1
2026-02-18,MANDI032,Maize,2101.02,2090.0,1,0
2026-02-18,MANDI035,Sugarcane,3849.55,3500.0,1,0
2026-02-18,MANDI037,Wheat,2028.31,2275.0,1,1
2026-02-18,MANDI038,Mustard,6302.7,5650.0,1,0
2026-02-18,MANDI039,Maize,1929.0,2090.0,1,1
2026-02-18,MANDI041,Sugarcane,3899.04,3500.0,1,0
2026-02-18,MANDI042,Maize,2083.73,2090.0,1,1
2026-02-18,MANDI042,Rice,2376.81,2183.0,1,0
2026-02-18,MANDI042,Wheat,2212.25,2275.0,1,1
2026-02-18,MANDI044,Sugarcane,3885.0,3500.0,1,0
2026-02-18,MANDI046,Maize,1914.0,2090.0,1,1
2026-02-18,MANDI047,Mustard,6253.73,5650.0,1,0
2026-02-18,MANDI049,Sugarcane,3319.45,3500.0,1,1
2026-02-18,MANDI052,Sugarcane,3378.22,3500.0,1,1
2026-02-18,MANDI052,Wheat,2424.900257694685,2275.0,1,0
2026-02-18,MANDI055,Wheat,2172.33,2275.0,1,1
2026-02-18,MANDI057,Rice,2138.79,2183.0,1,1
2026-02-19,MANDI001,Maize,2219.0,2090.0,1,0
2026-02-19,MANDI002,Mustard,5417.78,5650.0,1,1
2026-02-19,MANDI007,Maize,2354.83,2090.0,1,0
2026-02-19,MANDI010,Maize,2300.527665388,2090.0,1,0
2026-02-19,MANDI010,Mustard,6472.0,5650.0,1,0
2026-02-19,MANDI010,Wheat,2436.0,2275.0,1,0
2026-02-19,MANDI011,Rice,2535.37,2183.0,1,0
2026-02-19,MANDI012,Maize,2270.665047656248,2090.0,1,0
2026-02-19,MANDI013,Mustard,5747.5,5650.0,1,0
2026-02-19,MANDI015,Mustard,5471.0,5650.0,1,1
2026-02-19,MANDI017,Maize,2247.22,2090.0,1,0
2026-02-19,MANDI018,Sugarcane,3413.14,3500.0,1,1
2026-02-19,MANDI018,Wheat,2116.0,2275.0,1,1
2026-02-19,MANDI022,Wheat,2291.75,2275.0,1,0
2026-02-19,MANDI024,Rice,2328.0,2183.0,1,0
2026-02-19,MANDI025,Wheat,2493.301577089794,2275.0,1,0
2026-02-19,MANDI026,Narma,7226.82,6620.0,1,0
2026-02-19,MANDI029,Cotton,6559.673066764204,6620.0,1,1
2026-02-19,MANDI030,Rice,2217.8,2183.0,1,0
2026-02-19,MANDI032,Sugarcane,3865.5,3500.0,1,0
2026-02-19,MANDI033,Mustard,5704.0,5650.0,1,0
2026-02-19,MANDI035,Rice,2109.0,2183.0,1,1
2026-02-19,MANDI035,Sugarcane,3312.43,3500.0,1,1
2026-02-19,MANDI036,Maize,2045.14,2090.0,1,1
2026-02-19,MANDI038,Maize,2243.65,2090.0,1,0
2026-02-19,MANDI043,Wheat,2374.0,2275.0,1,0
2026-02-19,MANDI045,Maize,2024.56,2090.0,1,1
2026-02-19,MANDI048,Rice,2134.97,2183.0,1,1
2026-02-19,MANDI049,Sugarcane,3472.56,3500.0,1,1
2026-02-19,MANDI055,Rice,1978.28,2183.0,1,1
2026-02-19,MANDI055,Sugarcane,3656.11,3500.0,1,0
2026-02-19,MANDI055,Wheat,2316.0,2275.0,1,0
2026-02-19,MANDI056,Cotton,7679.0,6620.0,1,0
2026-02-19,MANDI056,Rice,2224.0,2183.0,1,0
2026-02-19,MANDI057,Wheat,2288.67,2275.0,1,0
2026-02-20,MANDI002,Sugarcane,3378.4500000000003,3500.0,3,2
2026-02-20,MANDI005,Mustard,5426.0,5650.0,1,1
2026-02-20,MANDI005,Sugarcane,3891.84,3500.0,1,0
2026-02-20,MANDI006,Cotton,6479.971606473403,6620.0,1,1
2026-02-20,MANDI007,Cotton,7207.0,6620.0,1,0
2026-02-20,MANDI007,Mustard,6298.0,5650.0,1,0
2026-02-20,MANDI007,Rice,2340.714182031212,2183.0,1,0
2026-02-20,MANDI010,Basmati,2300.6,2183.0,1,0
2026-02-20,MANDI010,Mustard,6383.47,5650.0,1,0
2026-02-20,MANDI011,Sugarcane,3942.12,3500.0,1,0
2026-02-20,MANDI012,Wheat,2083.63,2275.0,1,1
2026-02-20,MANDI014,Sugarcane,3218.0,3500.0,1,1
2026-02-20,MANDI015,Maize,2337.0,2090.0,1,0
2026-02-20,MANDI018,Maize,1952.68,2090.0,1,1
2026-02-20,MANDI020,Mustard,5787.61,5650.0,1,0
2026-02-20,MANDI023,Maize,2159.52,2090.0,1,0
2026-02-20,MANDI024,Wheat,2184.92,2275.0,1,1
2026-02-20,MANDI025,Rice,2152.42,2183.0,1,1
2026-02-20,MANDI026,Cotton,6518.13,6620.0,1,1
2026-02-20,MANDI027,Wheat,2359.0,2275.0,1,0
2026-02-20,MANDI042,Maize,2130.43,2090.0,1,0
2026-02-20,MANDI042,Mustard,6009.61,5650.0,1,0
2026-02-20,MANDI043,Mustard,5958.38,5650.0,1,0
2026-02-20,MANDI044,Sugarcane,3725.6112781956017,3500.0,1,0
2026-02-21,MANDI002,Rice,2288.05,2183.0,1,0
2026-02-21,MANDI006,Mustard,5989.98,5650.0,1,0
2026-02-21,MANDI007,Cotton,6633.56,6620.0,1,0
2026-02-21,MANDI007,Sugarcane,3360.2,3500.0,1,1
2026-02-21,MANDI012,Wheat,2040.0,2275.0,1,1
2026-02-21,MANDI013,Cotton,6436.03,6620.0,1,1
2026-02-21,MANDI013,Maize,1960.76,2090.0,1,1
2026-02-21,MANDI013,Rice,2319.46,2183.0,1,0
2026-02-21,MANDI016,Cotton,7363.79,6620.0,1,0
2026-02-21,MANDI016,Sugarcane,3796.68,3500.0,1,0
2026-02-21,MANDI017,Wheat,2148.63,2275.0,1,1
2026-02-21,MANDI021,Maize,2328.506623908538,2090.0,1,0
2026-02-21,MANDI021,Rice,2253.054325318163,2183.0,1,0
2026-02-21,MANDI023,Rice,2149.69,2183.0,2,1
2026-02-21,MANDI024,Wheat,2525.47,2275.0,1,0
2026-02-21,MANDI027,Narma,7100.92,6620.0,1,0
2026-02-21,MANDI034,Wheat,2228.14,2275.0,2,2
2026-02-21,MANDI037,Narma,6916.0,6620.0,1,0
2026-02-21,MANDI038,Mustard,4977.0,5650.0,1,1
2026-02-21,MANDI038,Sugarcane,3607.26,3500.0,1,0
2026-02-21,MANDI039,Rice,2419.62,2183.0,1,0
2026-02-21,MANDI039,Wheat,2211.42,2275.0,1,1
2026-02-21,MANDI040,Mustard,6225.295243169459,5650.0,1,0
2026-02-21,MANDI042,Rice,2472.0,2183.0,1,0
2026-02-21,MANDI043,Rice,1998.73,2183.0,1,1
2026-02-21,MANDI044,Wheat,2089.0,2275.0,1,1
2026-02-21,MANDI045,Wheat,2102.08,2275.0,1,1
2026-02-21,MANDI050,Basmati,2197.55,2183.0,1,0
2026-02-21,MANDI056,Sugarcane,4042.0,3500.0,1,0
2026-02-22,MANDI004,Cotton,6519.79,6620.0,1,1
2026-02-22,MANDI007,Wheat,2292.95,2275.0,1,0
2026-02-22,MANDI011,Maize,2208.4849999999997,2090.0,2,0
2026-02-22,MANDI013,Mustard,5763.21,5650.0,1,0
2026-02-22,MANDI014,Sugarcane,3805.0,3500.0,1,0
2026-02-22,MANDI018,Narma,6099.34,6620.0,1,1
2026-02-22,MANDI021,Mustard,5677.46,5650.0,1,0
2026-02-22,MANDI021,Sugarcane,3455.0,3500.0,1,1
2026-02-22,MANDI022,Wheat,2380.0,2275.0,1,0
2026-02-22,MANDI026,Cotton,6485.42,6620.0,1,1
2026-02-22,MANDI028,Mustard,5486.3,5650.0,1,1
2026-02-22,MANDI030,Sugarcane,3282.67,3500.0,1,1
2026-02-22,MANDI032,Sugarcane,3907.0,3500.0,1,0
2026-02-22,MANDI035,Wheat,2670.25,2275.0,1,0
2026-02-22,MANDI036,Rice,2149.0,2183.0,1,1
2026-02-22,MANDI040,Maize,2115.82,2090.0,1,0
2026-02-22,MANDI042,Rice,2067.0,2183.0,1,1
2026-02-22,MANDI045,Mustard,5371.87,5650.0,1,1
2026-02-22,MANDI046,Rice,2107.69,2183.0,1,1
2026-02-22,MANDI047,Maize,1902.1,2090.0,1,1
2026-02-22,MANDI049,Rice,2259.9,2183.0,1,0
2026-02-22,MANDI050,Wheat,2313.515,2275.0,2,1
2026-02-22,MANDI051,Maize,2268.66,2090.0,1,0
2026-02-22,MANDI051,Mustard,5488.0,5650.0,1,1
2026-02-22,MANDI053,Maize,2019.07,2090.0,1,1
2026-02-23,MANDI002,Mustard,5373.0,5650.0,1,1
2026-02-23,MANDI004,Sugarcane,3539.809957302685,3500.0,1,0
2026-02-23,MANDI004,Wheat,2169.48,2275.0,1,1
2026-02-23,MANDI006,Wheat,2430.0,2275.0,1,0
2026-02-23,MANDI008,Mustard,5656.21285687023,5650.0,2,1
2026-02-23,MANDI013,Rice,2308.0,2183.0,1,0
2026-02-23,MANDI013,Wheat,2128.0,2275.0,1,1
2026-02-23,MANDI014,Maize,2012.0,2090.0,1,1
2026-02-23,MANDI019,Maize,2384.69,2090.0,1,0
2026-02-23,MANDI019,Wheat,2257.0,2275.0,1,1
2026-02-23,MANDI023,Sugarcane,3585.69,3500.0,1,0
2026-02-23,MANDI028,Maize,2193.82,2090.0,1,0
2026-02-23,MANDI029,Sugarcane,3695.0,3500.0,1,0
2026-02-23,MANDI031,Maize,1961.9,2090.0,2,2
2026-02-23,MANDI032,Cotton,6108.0,6620.0,1,1
2026-02-23,MANDI033,Mustard,6232.37,5650.0,1,0
2026-02-23,MANDI036,Mustard,6427.0,5650.0,1,0
2026-02-23,MANDI037,Mustard,6190.73,5650.0,1,0
2026-02-23,MANDI039,Maize,2145.145,2090.0,2,1
2026-02-23,MANDI044,Maize,1999.0149999999999,2090.0,2,1
2026-02-23,MANDI046,Wheat,2219.75,2275.0,1,1
2026-02-23,MANDI050,Sugarcane,3262.58,3500.0,1,1
2026-02-23,MANDI052,Wheat,2487.0,2275.0,1,0
2026-02-23,MANDI057,Maize,1998.49,2090.0,1,1
2026-02-24,MANDI002,Cotton,6418.0,6620.0,1,1
2026-02-24,MANDI005,Sugarcane,3987.0,3500.0,1,0
2026-02-24,MANDI007,Mustard,6570.0,5650.0,1,0
2026-02-24,MANDI007,Wheat,2365.0,2275.0,1,0
2026-02-24,MANDI010,Cotton,6781.0,6620.0,1,0
2026-02-24,MANDI011,Maize,2229.0,2090.0,1,0
2026-02-24,MANDI011,Sugarcane,3559.71,3500.0,1,0
2026-02-24,MANDI013,Maize,1975.67,2090.0,1,1
2026-02-24,MANDI013,Wheat,2407.0,2275.0,1,0
2026-02-24,MANDI017,Wheat,2064.0,2275.0,1,1
2026-02-24,MANDI022,Mustard,5117.94,5650.0,1,1
2026-02-24,MANDI024,Mustard,5999.0,5650.0,1,0
2026-02-24,MANDI024,Sugarcane,3324.27,3500.0,1,1
2026-02-24,MANDI027,Maize,2062.7,2090.0,1,1
2026-02-24,MANDI030,Mustard,6194.58,5650.0,1,0
2026-02-24,MANDI030,Wheat,2585.0,2275.0,1,0
2026-02-24,MANDI032,Wheat,2180.0,2275.0,1,1
2026-02-24,MANDI033,Cotton,7116.480501300202,6620.0,1,0
2026-02-24,MANDI034,Cotton,7285.71,6620.0,1,0
2026-02-24,MANDI034,Wheat,2381.0,2275.0,1,0
2026-02-24,MANDI037,Basmati,1988.81,2183.0,1,1
2026-02-24,MANDI039,Cotton,5990.0,6620.0,1,1
2026-02-24,MANDI039,Mustard,5909.44,5650.0,1,0
2026-02-24,MANDI040,Narma,7496.286001764193,6620.0,1,0
2026-02-24,MANDI043,Rice,2339.03,2183.0,1,0
2026-02-24,MANDI044,Mustard,5516.42,5650.0,1,1
2026-02-24,MANDI044,Wheat,2160.85,2275.0,1,1
2026-02-24,MANDI046,Sugarcane,3626.47,3500.0,1,0
2026-02-24,MANDI046,Wheat,2165.82,2275.0,1,1
2026-02-24,MANDI047,Maize,2396.0,2090.0,1,0
2026-02-24,MANDI049,Rice,2260.49,2183.0,1,0
2026-02-24,MANDI051,Rice,2036.87,2183.0,1,1
2026-02-24,MANDI051,Sugarcane,3297.6,3500.0,1,1
2026-02-24,MANDI056,Mustard,5224.0,5650.0,1,1
2026-02-25,MANDI001,Maize,2088.91,2090.0,1,1
2026-02-25,MANDI005,Maize,2116.67,2090.0,1,0
2026-02-25,MANDI007,Mustard,5873.215,5650.0,2,0
2026-02-25,MANDI008,Sugarcane,3572.0,3500.0,1,0
2026-02-25,MANDI012,Cotton,6249.0,6620.0,1,1
2026-02-25,MANDI012,Sugarcane,3336.0,3500.0,1,1
2026-02-25,MANDI012,Wheat,2173.21,2275.0,1,1
2026-02-25,MANDI014,Basmati,2328.98,2183.0,1,0
2026-02-25,MANDI017,Sugarcane,3854.6,3500.0,1,0
2026-02-25,MANDI017,Wheat,2159.0,2275.0,2,2
2026-02-25,MANDI018,Maize,2101.66,2090.0,1,0
2026-02-25,MANDI021,Sugarcane,3520.73,3500.0,1,0
2026-02-25,MANDI024,Maize,2330.82,2090.0,1,0
2026-02-25,MANDI024,Sugarcane,3571.0,3500.0,1,0
2026-02-25,MANDI025,Cotton,6929.0,6620.0,1,0
2026-02-25,MANDI026,Maize,1925.7,2090.0,1,1
2026-02-25,MANDI027,Mustard,5441.98,5650.0,1,1
2026-02-25,MANDI027,Wheat,2251.46,2275.0,1,1
2026-02-25,MANDI028,Wheat,2299.94,2275.0,1,0
2026-02-25,MANDI031,Cotton,7213.0,6620.0,1,0
2026-02-25,MANDI031,Wheat,2303.0,2275.0,1,0
2026-02-25,MANDI033,Maize,2099.81,2090.0,1,0
2026-02-25,MANDI034,Wheat,2318.0,2275.0,1,0
2026-02-25,MANDI035,Mustard,5172.4,5650.0,1,1
2026-02-25,MANDI035,Rice,2471.0,2183.0,1,0
2026-02-25,MANDI035,Wheat,2371.2,2275.0,1,0
2026-02-25,MANDI037,Wheat,2332.0,2275.0,1,0
2026-02-25,MANDI038,Basmati,2140.27,2183.0,1,1
2026-02-25,MANDI040,Maize,2003.0,2090.0,1,1
2026-02-25,MANDI040,Mustard,5232.0,5650.0,1,1
2026-02-25,MANDI044,Cotton,6176.0,6620.0,1,1
2026-02-25,MANDI047,Rice,2329.24,2183.0,1,0
2026-02-25,MANDI049,Sugarcane,3840.26,3500.0,1,0
2026-02-25,MANDI050,Cotton,6271.23,6620.0,1,1
2026-02-25,MANDI050,Maize,2180.3,2090.0,1,0
2026-02-25,MANDI051,Mustard,6027.0,5650.0,1,0
2026-02-25,MANDI054,Cotton,6419.0,6620.0,1,1
2026-02-25,MANDI056,Cotton,6604.54,6620.0,1,1
2026-02-25,MANDI057,Wheat,2494.86,2275.0,1,0
2026-02-26,MANDI008,Cotton,6475.0,6620.0,1,1
2026-02-26,MANDI008,Mustard,6349.0,5650.0,1,0
2026-02-26,MANDI012,Mustard,5730.88,5650.0,1,0
2026-02-26,MANDI013,Maize,2256.135,2090.0,2,0
2026-02-26,MANDI015,Maize,2196.0,2090.0,1,0
2026-02-26,MANDI019,Narma,7652.53,6620.0,1,0
2026-02-26,MANDI024,Mustard,6200.0,5650.0,1,0
2026-02-26,MANDI025,Wheat,2280.0,2275.0,1,0
2026-02-26,MANDI027,Cotton,6447.77,6620.0,1,1
2026-02-26,MANDI028,Rice,2340.0,2183.0,1,0
2026-02-26,MANDI029,Wheat,2426.81,2275.0,1,0
2026-02-26,MANDI031,Rice,2009.0,2183.0,1,1
2026-02-26,MANDI035,Basmati,2145.5984923508267,2183.0,1,1
2026-02-26,MANDI041,Maize,2245.885,2090.0,2,0
2026-02-26,MANDI049,Maize,2357.0,2090.0,1,0
2026-02-26,MANDI049,Mustard,5345.0,5650.0,1,1
2026-02-26,MANDI051,Cotton,7384.92,6620.0,1,0
2026-02-26,MANDI053,Rice,2219.89,2183.0,1,0
2026-02-26,MANDI054,Maize,2286.0,2090.0,1,0
2026-02-26,MANDI057,Maize,2212.0,2090.0,1,0
2026-02-27,MANDI001,Mustard,5223.86,5650.0,1,1
2026-02-27,MANDI002,Sugarcane,3520.34,3500.0,1,0
2026-02-27,MANDI003,Rice,2263.55,2183.0,1,0
2026-02-27,MANDI007,Mustard,5692.0,5650.0,1,0
2026-02-27,MANDI007,Sugarcane,3864.54,3500.0,1,0
2026-02-27,MANDI008,Mustard,5574.14,5650.0,1,1
2026-02-27,MANDI008,Sugarcane,3121.0,3500.0,1,1
2026-02-27,MANDI011,Mustard,6137.63,5650.0,1,0
2026-02-27,MANDI013,Wheat,2181.0,2275.0,1,1
2026-02-27,MANDI015,Sugarcane,3799.0,3500.0,1,0
2026-02-27,MANDI017,Maize,2204.73,2090.0,1,0
2026-02-27,MANDI019,Maize,1993.57,2090.0,1,1
2026-02-27,MANDI022,Maize,1885.0,2090.0,1,1
2026-02-27,MANDI026,Wheat,2409.48,2275.0,1,0
2026-02-27,MANDI027,Mustard,5920.42,5650.0,1,0
2026-02-27,MANDI030,Maize,1883.0,2090.0,1,1
2026-02-27,MANDI035,Mustard,6189.0,5650.0,1,0
2026-02-27,MANDI043,Rice,2153.17,2183.0,1,1
2026-02-27,MANDI045,Maize,2108.3611647734087,2090.0,1,0
2026-02-27,MANDI045,Rice,2432.39,2183.0,1,0
2026-02-27,MANDI046,Cotton,7691.76,6620.0,1,0
2026-02-27,MANDI049,Cotton,6544.0,6620.0,1,1
2026-02-27,MANDI054,Cotton,6502.42,6620.0,1,1
2026-02-27,MANDI055,Maize,2157.425,2090.0,2,1
2026-02-27,MANDI055,Mustard,6501.62,5650.0,1,0
2026-02-27,MANDI057,Mustard,5083.930669728417,5650.0,1,1
2026-02-27,MANDI057,Narma,6583.0,6620.0,1,1
2026-02-28,MANDI002,Mustard,6429.56,5650.0,1,0
2026-02-28,MANDI003,Basmati,1943.0,2183.0,1,1
2026-02-28,MANDI003,Maize,2321.22,2090.0,1,0
2026-02-28,MANDI008,Maize,2010.41,2090.0,1,1
2026-02-28,MANDI010,Wheat,2514.91,2275.0,1,0
2026-02-28,MANDI015,Cotton,6178.0,6620.0,1,1
2026-02-28,MANDI015,Sugarcane,3529.53,3500.0,1,0
2026-02-28,MANDI017,Wheat,2234.0,2275.0,1,1
2026-02-28,MANDI018,Cotton,6329.51,6620.0,1,1
2026-02-28,MANDI018,Sugarcane,3924.83,3500.0,1,0
2026-02-28,MANDI023,Mustard,5798.99,5650.0,1,0
2026-02-28,MANDI024,Basmati,2130.0,2183.0,1,1
2026-02-28,MANDI026,Sugarcane,3740.06,3500.0,1,0
2026-02-28,MANDI029,Wheat,2415.6,2275.0,1,0
2026-02-28,MANDI033,Cotton,6364.49,6620.0,1,1
2026-02-28,MANDI034,Maize,2261.95,2090.0,1,0
2026-02-28,MANDI034,Mustard,5610.36,5650.0,1,1
2026-02-28,MANDI037,Sugarcane,3512.29,3500.0,1,0
2026-02-28,MANDI039,Cotton,6763.0,6620.0,1,0
2026-02-28,MANDI039,Mustard,5355.7508132854855,5650.0,1,1
2026-02-28,MANDI043,Maize,1851.0,2090.0,1,1
2026-02-28,MANDI043,Sugarcane,4010.75,3500.0,1,0
2026-02-28,MANDI045,Maize,2151.0,2090.0,1,0
2026-02-28,MANDI045,Sugarcane,3412.0,3500.0,1,1
2026-02-28,MANDI048,Cotton,6021.41,6620.0,1,1
2026-02-28,MANDI049,Mustard,5155.0,5650.0,1,1
2026-02-28,MANDI053,Maize,2246.74,2090.0,1,0
2026-02-28,MANDI054,Basmati,2211.0,2183.0,1,0
2026-03-01,MANDI002,Mustard,6351.38,5650.0,1,0
2026-03-01,MANDI004,Cotton,7097.900917351039,6620.0,1,0
2026-03-01,MANDI008,Sugarcane,3404.8529140117957,3500.0,1,1
2026-03-01,MANDI009,Wheat,2343.59,2275.0,1,0
2026-03-01,MANDI016,Narma,7386.3,6620.0,1,0
2026-03-01,MANDI019,Rice,2130.7,2183.0,1,1
2026-03-01,MANDI021,Cotton,6564.0,6620.0,1,1
2026-03-01,MANDI022,Wheat,2107.59,2275.0,1,1
2026-03-01,MANDI024,Sugarcane,3939.0,3500.0,1,0
2026-03-01,MANDI025,Wheat,2425.37,2275.0,1,0
2026-03-01,MANDI033,Cotton,7311.81,6620.0,1,0
2026-03-01,MANDI037,Maize,2153.55,2090.0,1,0
2026-03-01,MANDI039,Basmati,2037.0,2183.0,1,1
2026-03-01,MANDI041,Rice,2315.0,2183.0,1,0
2026-03-01,MANDI042,Mustard,5869.2,5650.0,1,0
2026-03-01,MANDI043,Rice,2041.0,2183.0,1,1
2026-03-01,MANDI049,Cotton,6009.49,6620.0,1,1
2026-03-01,MANDI050,Wheat,2211.86,2275.0,1,1
2026-03-01,MANDI051,Maize,2018.27,2090.0,1,1
2026-03-01,MANDI051,Rice,2226.08,2183.0,1,0
2026-03-01,MANDI052,Maize,2092.6528396932986,2090.0,1,0
2026-03-01,MANDI057,Rice,2231.27,2183.0,2,1
2026-03-02,MANDI002,Maize,2076.57,2090.0,1,1
2026-03-02,MANDI003,Mustard,6006.0,5650.0,1,0
2026-03-02,MANDI005,Maize,2349.55,2090.0,1,0
2026-03-02,MANDI006,Wheat,2460.47,2275.0,1,0
2026-03-02,MANDI007,Maize,2099.5,2090.0,2,1
2026-03-02,MANDI007,Mustard,5924.7,5650.0,1,0
2026-03-02,MANDI008,Mustard,5938.51,5650.0,2,0
2026-03-02,MANDI010,Mustard,5324.0,5650.0,1,1
2026-03-02,MANDI011,Mustard,5825.22,5650.0,1,0
2026-03-02,MANDI012,Sugarcane,3606.92,3500.0,1,0
2026-03-02,MANDI013,Sugarcane,3688.0,3500.0,1,0
2026-03-02,MANDI014,Mustard,5780.0,5650.0,1,0
2026-03-02,MANDI015,Maize,2064.1,2090.0,1,1
2026-03-02,MANDI016,Sugarcane,3427.46,3500.0,1,1
2026-03-02,MANDI017,Mustard,5188.68,5650.0,1,1
2026-03-02,MANDI020,Mustard,6164.89,5650.0,1,0
2026-03-02,MANDI020,Rice,2191.24,2183.0,1,0
2026-03-02,MANDI022,Wheat,2407.95,2275.0,1,0
2026-03-02,MANDI023,Cotton,6133.21,6620.0,1,1
2026-03-02,MANDI025,Sugarcane,3616.73,3500.0,1,0
2026-03-02,MANDI027,Mustard,5734.227430862055,5650.0,1,0
2026-03-02,MANDI028,Maize,2157.84,2090.0,2,1
2026-03-02,MANDI028,Mustard,5141.0,5650.0,1,1
2026-03-02,MANDI028,Rice,2488.87,2183.0,1,0
2026-03-02,MANDI029,Maize,2104.68,2090.0,1,0
2026-03-02,MANDI032,Sugarcane,3813.0,3500.0,1,0
2026-03-02,MANDI033,Wheat,2201.0,2275.0,1,1
2026-03-02,MANDI035,Mustard,5757.0,5650.0,1,0
2026-03-02,MANDI040,Wheat,2345.96,2275.0,2,1
2026-03-02,MANDI041,Sugarcane,3374.0,3500.0,1,1
2026-03-02,MANDI044,Mustard,5860.369272887745,5650.0,1,0
2026-03-02,MANDI046,Mustard,5387.81,5650.0,1,1
2026-03-02,MANDI048,Mustard,5462.5,5650.0,2,2
2026-03-02,MANDI050,Mustard,5484.0,5650.0,1,1
2026-03-02,MANDI055,Cotton,6845.0,6620.0,1,0
2026-03-02,MANDI056,Rice,2180.0,2183.0,1,1
2026-03-02,MANDI057,Mustard,5087.99,5650.0,1,1
2026-03-03,MANDI006,Mustard,6012.0,5650.0,1,0
2026-03-03,MANDI006,Rice,1940.38,2183.0,1,1
2026-03-03,MANDI006,Sugarcane,3757.8055531114624,3500.0,1,0
2026-03-03,MANDI008,Sugarcane,3841.0,3500.0,1,0
2026-03-03,MANDI009,Maize,2373.65,2090.0,1,0
2026-03-03,MANDI010,Mustard,6100.47,5650.0,1,0
2026-03-03,MANDI010,Narma,5882.83,6620.0,1,1
2026-03-03,MANDI011,Wheat,2363.41,2275.0,1,0
2026-03-03,MANDI015,Maize,2291.0,2090.0,1,0
2026-03-03,MANDI016,Rice,2215.88,2183.0,1,0
2026-03-03,MANDI018,Maize,1947.0,2090.0,1,1
2026-03-03,MANDI018,Mustard,5858.49,5650.0,1,0
2026-03-03,MANDI018,Sugarcane,3656.0,3500.0,1,0
2026-03-03,MANDI019,Mustard,5727.58,5650.0,1,0
2026-03-03,MANDI020,Maize,1964.27,2090.0,1,1
2026-03-03,MANDI023,Rice,2017.0,2183.0,1,1
2026-03-03,MANDI025,Sugarcane,3316.57,3500.0,1,1
2026-03-03,MANDI027,Maize,2245.31,2090.0,1,0
2026-03-03,MANDI027,Wheat,2167.815,2275.0,2,1
2026-03-03,MANDI029,Maize,1999.29,2090.0,1,1
2026-03-03,MANDI029,Rice,2175.0,2183.0,1,1
2026-03-03,MANDI034,Maize,2034.560788996152,2090.0,1,1
2026-03-03,MANDI036,Narma,6669.77,6620.0,1,0
2026-03-03,MANDI037,Wheat,2411.31,2275.0,1,0
2026-03-03,MANDI045,Wheat,2201.78,2275.0,1,1
2026-03-03,MANDI047,Mustard,5374.0,5650.0,1,1
2026-03-03,MANDI047,Sugarcane,3293.07,3500.0,1,1
2026-03-03,MANDI051,Rice,2228.4257371533145,2183.0,1,0
2026-03-03,MANDI052,Sugarcane,3556.48,3500.0,1,0
2026-03-03,MANDI053,Wheat,2368.828527057596,2275.0,1,0
2026-03-03,MANDI054,Mustard,5552.0,5650.0,1,1
2026-03-03,MANDI057,Sugarcane,3374.76,3500.0,1,1
2026-03-04,MANDI002,Cotton,7454.99,6620.0,1,0
2026-03-04,MANDI004,Wheat,1988.0,2275.0,1,1
2026-03-04,MANDI005,Mustard,5881.211468764498,5650.0,1,0
2026-03-04,MANDI008,Rice,2481.16,2183.0,1,0
2026-03-04,MANDI009,Narma,7533.0,6620.0,1,0
2026-03-04,MANDI009,Wheat,2372.77,2275.0,1,0
2026-03-04,MANDI012,Rice,2352.04,2183.0,1,0
2026-03-04,MANDI014,Cotton,7038.0,6620.0,1,0
2026-03-04,MANDI014,Rice,2055.0,2183.0,1,1
2026-03-04,MANDI014,Wheat,2240.51,2275.0,1,1
2026-03-04,MANDI015,Rice,1934.19,2183.0,1,1
2026-03-04,MANDI016,Maize,2001.71,2090.0,1,1
2026-03-04,MANDI017,Sugarcane,3929.0,3500.0,1,0
2026-03-04,MANDI017,Wheat,2480.46,2275.0,1,0
2026-03-04,MANDI021,Maize,2155.0,2090.0,1,0
2026-03-04,MANDI021,Mustard,5756.3,5650.0,1,0
2026-03-04,MANDI021,Rice,2355.0,2183.0,1,0
2026-03-04,MANDI026,Mustard,6102.19,5650.0,1,0
2026-03-04,MANDI032,Cotton,6099.0,6620.0,1,1
2026-03-04,MANDI032,Wheat,2446.4,2275.0,1,0
2026-03-04,MANDI033,Rice,2311.57,2183.0,1,0
2026-03-04,MANDI033,Sugarcane,3632.29,3500.0,1,0
2026-03-04,MANDI033,Wheat,2011.000270364541,2275.0,1,1
2026-03-04,MANDI035,Rice,1979.22,2183.0,1,1
2026-03-04,MANDI036,Wheat,2475.02,2275.0,1,0
2026-03-04,MANDI043,Narma,6512.0,6620.0,1,1
2026-03-04,MANDI044,Basmati,2102.69,2183.0,1,1
2026-03-04,MANDI044,Cotton,6414.44,6620.0,1,1
2026-03-04,MANDI048,Cotton,6894.07,6620.0,1,0
2026-03-04,MANDI049,Rice,2306.49,2183.0,1,0
2026-03-04,MANDI054,Cotton,7002.57,6620.0,1,0
2026-03-04,MANDI054,Narma,7377.82,6620.0,1,0
2026-03-04,MANDI055,Rice,2137.82,2183.0,1,1
2026-03-04,MANDI056,Maize,2065.56,2090.0,1,1
2026-03-04,MANDI057,Mustard,6448.35,5650.0,1,0
2026-03-05,MANDI001,Rice,2481.41,2183.0,1,0
2026-03-05,MANDI007,Mustard,6188.469999999999,5650.0,2,0
2026-03-05,MANDI010,Maize,2160.0,2090.0,1,0
2026-03-05,MANDI012,Mustard,5681.0,5650.0,1,0
2026-03-05,MANDI014,Rice,1997.05,2183.0,1,1
2026-03-05,MANDI015,Rice,2311.0,2183.0,1,0
2026-03-05,MANDI015,Sugarcane,3417.68,3500.0,1,1
2026-03-05,MANDI021,Mustard,6018.92,5650.0,1,0
2026-03-05,MANDI022,Sugarcane,3641.64,3500.0,1,0
2026-03-05,MANDI025,Sugarcane,3512.47,3500.0,1,0
2026-03-05,MANDI026,Cotton,6686.32,6620.0,1,0
2026-03-05,MANDI026,Wheat,2367.0,2275.0,1,0
2026-03-05,MANDI028,Rice,2385.0,2183.0,1,0
2026-03-05,MANDI029,Rice,2433.0,2183.0,1,0
2026-03-05,MANDI033,Cotton,6515.481696875984,6620.0,1,1
2026-03-05,MANDI033,Sugarcane,3325.0,3500.0,1,1
2026-03-05,MANDI035,Mustard,5160.721308630724,5650.0,1,1
2026-03-05,MANDI038,Cotton,6718.081797531991,6620.0,1,0
2026-03-05,MANDI039,Cotton,7098.07,6620.0,1,0
2026-03-05,MANDI041,Maize,2348.02,2090.0,1,0
2026-03-05,MANDI041,Wheat,2462.35,2275.0,1,0
2026-03-05,MANDI042,Cotton,6085.21,6620.0,1,1
2026-03-05,MANDI042,Rice,2108.0,2183.0,1,1
2026-03-05,MANDI044,Rice,2432.45,2183.0,1,0
2026-03-05,MANDI046,Maize,2099.33,2090.0,1,0
2026-03-05,MANDI049,Cotton,6996.577029678353,6620.0,2,0
2026-03-05,MANDI049,Mustard,5437.41,5650.0,1,1
2026-03-05,MANDI049,Narma,6788.0,6620.0,1,0
2026-03-05,MANDI051,Wheat,2209.9528743337296,2275.0,2,2
2026-03-05,MANDI052,Maize,2423.0,2090.0,1,0
2026-03-05,MANDI052,Wheat,2471.79,2275.0,1,0
2026-03-05,MANDI054,Mustard,5910.0,5650.0,1,0
2026-03-05,MANDI055,Rice,2157.0,2183.0,1,1
2026-03-06,MANDI003,Cotton,6993.3,6620.0,1,0
2026-03-06,MANDI004,Maize,2103.63,2090.0,1,0
2026-03-06,MANDI005,Cotton,6173.53,6620.0,1,1
2026-03-06,MANDI009,Rice,2146.0,2183.0,1,1
2026-03-06,MANDI013,Maize,2170.03,2090.0,1,0
2026-03-06,MANDI014,Cotton,5934.0,6620.0,1,1
2026-03-06,MANDI014,Rice,2236.0,2183.0,1,0
2026-03-06,MANDI015,Rice,2060.98,2183.0,1,1
2026-03-06,MANDI015,Sugarcane,3551.33,3500.0,1,0
2026-03-06,MANDI020,Maize,2042.0,2090.0,1,1
2026-03-06,MANDI021,Sugarcane,3708.0,3500.0,1,0
2026-03-06,MANDI022,Sugarcane,3947.0,3500.0,1,0
2026-03-06,MANDI022,Wheat,2252.03,2275.0,1,1
2026-03-06,MANDI024,Mustard,5337.81,5650.0,1,1
2026-03-06,MANDI026,Cotton,6955.96,6620.0,1,0
2026-03-06,MANDI026,Rice,2014.0,2183.0,1,1
2026-03-06,MANDI028,Sugarcane,3569.0,3500.0,1,0
2026-03-06,MANDI030,Wheat,2300.8,2275.0,1,0
2026-03-06,MANDI031,Wheat,2361.27,2275.0,1,0
2026-03-06,MANDI036,Sugarcane,3360.54,3500.0,1,1
2026-03-06,MANDI036,Wheat,2199.2,2275.0,1,1
2026-03-06,MANDI037,Cotton,6727.14,6620.0,1,0
2026-03-06,MANDI039,Cotton,7240.33,6620.0,1,0
2026-03-06,MANDI039,Mustard,5367.0,5650.0,1,1
2026-03-06,MANDI039,Wheat,2230.0,2275.0,1,1
2026-03-06,MANDI041,Rice,1955.25,2183.0,1,1
2026-03-06,MANDI041,Sugarcane,3765.09,3500.0,1,0
2026-03-06,MANDI044,Cotton,6798.71,6620.0,1,0
2026-03-06,MANDI048,Maize,1938.0,2090.0,1,1
2026-03-06,MANDI050,Mustard,5766.2,5650.0,1,0
2026-03-06,MANDI050,Sugarcane,3834.99,3500.0,1,0
2026-03-06,MANDI051,Mustard,5563.625010925354,5650.0,1,1
2026-03-06,MANDI053,Maize,2180.44,2090.0,1,0
2026-03-06,MANDI056,Basmati,2052.752691213524,2183.0,1,1
2026-03-06,MANDI057,Rice,2374.0,2183.0,1,0
2026-03-07,MANDI001,Maize,2031.06,2090.0,1,1
2026-03-07,MANDI010,Cotton,7105.83,6620.0,1,0
2026-03-07,MANDI011,Rice,2391.31,2183.0,1,0
2026-03-07,MANDI015,Sugarcane,3156.31,3500.0,1,1
2026-03-07,MANDI023,Mustard,6244.91,5650.0,1,0
2026-03-07,MANDI025,Sugarcane,3473.0,3500.0,1,1
2026-03-07,MANDI026,Mustard,6497.0,5650.0,1,0
2026-03-07,MANDI027,Basmati,2395.32,2183.0,1,0
2026-03-07,MANDI032,Mustard,5969.33,5650.0,1,0
2026-03-07,MANDI033,Wheat,2128.0,2275.0,1,1
2026-03-07,MANDI036,Mustard,6038.64,5650.0,1,0
2026-03-07,MANDI041,Cotton,6092.714633890475,6620.0,1,1
2026-03-07,MANDI041,Maize,2250.09,2090.0,1,0
2026-03-07,MANDI041,Sugarcane,4022.59,3500.0,1,0
2026-03-07,MANDI042,Mustard,5396.0,5650.0,1,1
2026-03-07,MANDI043,Narma,6298.71,6620.0,1,1
2026-03-07,MANDI043,Rice,2239.0,2183.0,1,0
2026-03-07,MANDI043,Wheat,2534.0,2275.0,1,0
2026-03-07,MANDI045,Basmati,2061.91,2183.0,1,1
2026-03-07,MANDI046,Wheat,2329.0,2275.0,1,0
2026-03-07,MANDI048,Wheat,2270.0,2275.0,1,1
2026-03-07,MANDI049,Wheat,2152.3953130585405,2275.0,1,1
2026-03-07,MANDI050,Maize,2099.47,2090.0,1,0
2026-03-07,MANDI054,Maize,2394.0,2090.0,1,0
2026-03-08,MANDI003,Cotton,7031.09,6620.0,1,0
2026-03-08,MANDI004,Narma,7306.8,6620.0,1,0
2026-03-08,MANDI006,Sugarcane,3314.0,3500.0,1,1
2026-03-08,MANDI008,Rice,2033.06,2183.0,1,1
2026-03-08,MANDI009,Mustard,5425.52,5650.0,1,1
2026-03-08,MANDI011,Wheat,2535.24,2275.0,1,0
2026-03-08,MANDI013,Maize,2221.88,2090.0,1,0
2026-03-08,MANDI015,Maize,2069.02,2090.0,1,1
2026-03-08,MANDI018,Maize,2108.74,2090.0,1,0
2026-03-08,MANDI019,Mustard,6600.581244930174,5650.0,1,0
2026-03-08,MANDI022,Wheat,2230.58,2275.0,1,1
2026-03-08,MANDI025,Rice,2067.0,2183.0,1,1
2026-03-08,MANDI026,Wheat,2257.652286792024,2275.0,1,1
2026-03-08,MANDI027,Cotton,7309.48,6620.0,1,0
2026-03-08,MANDI031,Cotton,6863.44,6620.0,1,0
2026-03-08,MANDI031,Maize,2030.98,2090.0,1,1
2026-03-08,MANDI031,Sugarcane,3150.555177607025,3500.0,1,1
2026-03-08,MANDI032,Maize,2025.01,2090.0,1,1
2026-03-08,MANDI034,Wheat,2632.0,2275.0,1,0
2026-03-08,MANDI035,Wheat,2202.6,2275.0,1,1
2026-03-08,MANDI039,Mustard,5389.26,5650.0,1,1
2026-03-08,MANDI046,Rice,2028.32,2183.0,1,1
2026-03-08,MANDI048,Cotton,6483.0,6620.0,1,1
2026-03-08,MANDI050,Rice,2079.88,2183.0,1,1
2026-03-08,MANDI051,Sugarcane,3615.73,3500.0,1,0
2026-03-08,MANDI056,Cotton,6224.452479232326,6620.0,1,1
2026-03-08,MANDI056,Maize,1901.0,2090.0,1,1
2026-03-09,MANDI002,Sugarcane,3528.43,3500.0,1,0
2026-03-09,MANDI004,Maize,2323.23,2090.0,1,0
2026-03-09,MANDI004,Sugarcane,3263.165,3500.0,2,2
2026-03-09,MANDI004,Wheat,2415.08,2275.0,1,0
2026-03-09,MANDI005,Cotton,7479.92,6620.0,1,0
2026-03-09,MANDI007,Cotton,6830.0,6620.0,1,0
2026-03-09,MANDI012,Narma,6426.94,6620.0,1,1
2026-03-09,MANDI013,Mustard,5338.0,5650.0,1,1
2026-03-09,MANDI017,Rice,2161.1,2183.0,1,1
2026-03-09,MANDI020,Mustard,5803.0,5650.0,1,0
2026-03-09,MANDI023,Mustard,5602.57,5650.0,1,1
2026-03-09,MANDI025,Cotton,6546.44,6620.0,1,1
2026-03-09,MANDI029,Maize,2233.0,2090.0,1,0
2026-03-09,MANDI031,Rice,2325.2810151042013,2183.0,1,0
2026-03-09,MANDI031,Sugarcane,3366.02,3500.0,1,1
2026-03-09,MANDI032,Cotton,7139.55,6620.0,1,0
2026-03-09,MANDI034,Sugarcane,3703.82,3500.0,1,0
2026-03-09,MANDI036,Mustard,5406.0,5650.0,1,1
2026-03-09,MANDI038,Mustard,5144.73,5650.0,1,1
2026-03-09,MANDI039,Rice,2273.21,2183.0,1,0
2026-03-09,MANDI040,Wheat,2387.0,2275.0,1,0
2026-03-09,MANDI041,Wheat,2007.57,2275.0,1,1
2026-03-09,MANDI043,Cotton,6944.94,6620.0,1,0
2026-03-09,MANDI043,Maize,2377.0,2090.0,1,0
2026-03-09,MANDI044,Wheat,2314.57,2275.0,1,0
2026-03-09,MANDI046,Maize,2232.0,2090.0,1,0
2026-03-09,MANDI053,Cotton,7340.22,6620.0,1,0
2026-03-09,MANDI053,Mustard,5917.0,5650.0,1,0
2026-03-09,MANDI054,Cotton,6228.0,6620.0,1,1
2026-03-09,MANDI055,Cotton,7575.479620090854,6620.0,1,0
2026-03-09,MANDI055,Rice,2192.0,2183.0,1,0
2026-03-09,MANDI055,Sugarcane,3421.0,3500.0,1,1
2026-03-09,MANDI056,Cotton,6103.53017698785,6620.0,1,1
2026-03-10,MANDI001,Rice,2136.13,2183.0,1,1
2026-03-10,MANDI002,Cotton,6141.12,6620.0,1,1
2026-03-10,MANDI006,Maize,2298.85,2090.0,1,0
2026-03-10,MANDI009,Wheat,2040.0,2275.0,1,1
2026-03-10,MANDI016,Wheat,2307.25,2275.0,1,0
2026-03-10,MANDI018,Wheat,2126.47,2275.0,1,1
2026-03-10,MANDI030,Cotton,6718.6,6620.0,1,0
2026-03-10,MANDI034,Mustard,6234.14,5650.0,1,0
2026-03-10,MANDI040,Mustard,5980.42,5650.0,1,0
2026-03-10,MANDI041,Maize,2108.27,2090.0,1,0
2026-03-10,MANDI041,Wheat,2060.55,2275.0,1,1
2026-03-10,MANDI047,Wheat,2320.19,2275.0,1,0
2026-03-10,MANDI049,Mustard,5713.0,5650.0,1,0
2026-03-10,MANDI050,Narma,6422.0,6620.0,1,1
2026-03-10,MANDI053,Mustard,5916.0,5650.0,1,0
2026-03-10,MANDI053,Wheat,2574.791747759472,2275.0,1,0
2026-03-10,MANDI054,Cotton,7151.37,6620.0,1,0
2026-03-10,MANDI055,Rice,2194.92,2183.0,1,0
2026-03-10,MANDI056,Mustard,5462.0,5650.0,1,1
2026-03-10,MANDI057,Mustard,5422.42,5650.0,1,1
2026-03-11,MANDI002,Rice,2200.505,2183.0,2,0
2026-03-11,MANDI010,Sugarcane,3609.0,3500.0,1,0
2026-03-11,MANDI022,Wheat,2090.33,2275.0,1,1
2026-03-11,MANDI028,Wheat,2173.0,2275.0,1,1
2026-03-11,MANDI029,Cotton,6811.99,6620.0,1,0
2026-03-11,MANDI039,Mustard,5959.0,5650.0,1,0
2026-03-11,MANDI041,Sugarcane,3266.38,3500.0,1,1
2026-03-11,MANDI053,Cotton,7092.18,6620.0,1,0
2026-03-11,MANDI054,Maize,2160.0,2090.0,1,0
2026-03-11,MANDI055,Cotton,6342.74,6620.0,1,1
2026-03-12,MANDI003,Basmati,2319.19,2183.0,1,0
2026-03-12,MANDI007,Cotton,6702.0,6620.0,1,0
2026-03-12,MANDI010,Basmati,2045.0,2183.0,1,1
2026-03-12,MANDI013,Wheat,2554.0,2275.0,1,0
2026-03-12,MANDI022,Maize,2302.071049754937,2090.0,2,0
2026-03-12,MANDI027,Sugarcane,3749.43,3500.0,1,0
2026-03-12,MANDI033,Mustard,5520.0,5650.0,1,1
2026-03-12,MANDI033,Wheat,2330.0,2275.0,1,0
2026-03-12,MANDI039,Sugarcane,3783.35,3500.0,1,0
2026-03-12,MANDI043,Mustard,5582.0,5650.0,1,1
2026-03-12,MANDI046,Maize,1959.0,2090.0,1,1
2026-03-12,MANDI046,Wheat,2444.04,2275.0,1,0
2026-03-12,MANDI057,Maize,2280.0,2090.0,2,0
2026-03-13,MANDI001,Maize,2119.0,2090.0,1,0
2026-03-13,MANDI002,Rice,2042.8293940353508,2183.0,1,1
2026-03-13,MANDI007,Cotton,7414.0,6620.0,1,0
2026-03-13,MANDI008,Sugarcane,3640.41,3500.0,1,0
2026-03-13,MANDI010,Maize,2285.93,2090.0,1,0
2026-03-13,MANDI013,Mustard,6273.1,5650.0,1,0
2026-03-13,MANDI014,Sugarcane,3393.0,3500.0,1,1
2026-03-13,MANDI024,Sugarcane,3590.57,3500.0,1,0
2026-03-13,MANDI026,Mustard,6399.28,5650.0,1,0
2026-03-13,MANDI028,Cotton,6666.41,6620.0,1,0
2026-03-13,MANDI033,Rice,2352.0,2183.0,1,0
2026-03-13,MANDI034,Mustard,5487.82,5650.0,1,1
2026-03-13,MANDI036,Narma,7652.15,6620.0,1,0
2026-03-13,MANDI037,Maize,2208.2349999999997,2090.0,2,0
2026-03-13,MANDI039,Mustard,5133.0,5650.0,1,1
2026-03-13,MANDI040,Basmati,2377.47,2183.0,1,0
2026-03-13,MANDI041,Narma,6381.81,6620.0,1,1
2026-03-13,MANDI042,Maize,2084.553251605842,2090.0,1,1
2026-03-13,MANDI042,Rice,2371.72,2183.0,1,0
2026-03-13,MANDI043,Mustard,5944.347660523605,5650.0,1,0
2026-03-13,MANDI043,Rice,2288.895,2183.0,2,0
2026-03-13,MANDI046,Cotton,6110.32,6620.0,1,1
2026-03-13,MANDI048,Rice,2261.0,2183.0,1,0
2026-03-13,MANDI050,Maize,2040.26,2090.0,1,1
2026-03-13,MANDI052,Mustard,5833.0,5650.0,1,0
2026-03-13,MANDI054,Wheat,2322.27,2275.0,1,0
2026-03-13,MANDI055,Maize,2034.99,2090.0,1,1
2026-03-14,MANDI001,Maize,1945.84,2090.0,1,1
2026-03-14,MANDI002,Maize,2359.31,2090.0,1,0
2026-03-14,MANDI003,Cotton,7589.55,6620.0,1,0
2026-03-14,MANDI003,Mustard,6027.31,5650.0,1,0
2026-03-14,MANDI003,Wheat,2536.66,2275.0,1,0
2026-03-14,MANDI004,Rice,2298.89,2183.0,1,0
2026-03-14,MANDI004,Wheat,2591.0,2275.0,1,0
2026-03-14,MANDI006,Sugarcane,3294.26,3500.0,1,1
2026-03-14,MANDI008,Sugarcane,3605.44,3500.0,1,0
2026-03-14,MANDI012,Wheat,2403.65,2275.0,1,0
2026-03-14,MANDI013,Maize,2209.1549999999997,2090.0,2,0
2026-03-14,MANDI013,Rice,2200.84,2183.0,1,0
2026-03-14,MANDI014,Wheat,2410.0,2275.0,1,0
2026-03-14,MANDI016,Maize,2188.0,2090.0,1,0
2026-03-14,MANDI017,Mustard,5555.0,5650.0,1,1
2026-03-14,MANDI017,Wheat,2451.35,2275.0,1,0
2026-03-14,MANDI020,Mustard,5791.0,5650.0,1,0
2026-03-14,MANDI021,Cotton,7066.98,6620.0,1,0
2026-03-14,MANDI023,Mustard,5712.48,5650.0,1,0
2026-03-14,MANDI023,Sugarcane,3454.38,3500.0,1,1
2026-03-14,MANDI025,Cotton,6882.029714017117,6620.0,1,0
2026-03-14,MANDI025,Rice,2459.79,2183.0,1,0
2026-03-14,MANDI026,Maize,2336.443122701112,2090.0,1,0
2026-03-14,MANDI026,Sugarcane,3590.15,3500.0,1,0
2026-03-14,MANDI028,Cotton,7319.63,6620.0,1,0
2026-03-14,MANDI028,Wheat,2332.0,2275.0,1,0
2026-03-14,MANDI031,Cotton,7539.0,6620.0,1,0
2026-03-14,MANDI031,Rice,2208.33,2183.0,1,0
2026-03-14,MANDI032,Sugarcane,3571.0,3500.0,1,0
2026-03-14,MANDI033,Sugarcane,3514.0,3500.0,1,0
2026-03-14,MANDI034,Narma,6585.43,6620.0,1,1
2026-03-14,MANDI034,Sugarcane,3184.87,3500.0,1,1
2026-03-14,MANDI037,Wheat,2426.31,2275.0,1,0
2026-03-14,MANDI043,Maize,1989.72,2090.0,1,1
2026-03-14,MANDI043,Mustard,5938.0,5650.0,1,0
2026-03-14,MANDI044,Wheat,2276.98,2275.0,1,0
2026-03-14,MANDI045,Maize,2394.2585118304733,2090.0,1,0
2026-03-14,MANDI048,Sugarcane,3430.59,3500.0,1,1
2026-03-14,MANDI056,Rice,2287.0,2183.0,1,0
2026-03-14,MANDI057,Wheat,2059.15,2275.0,1,1
2026-03-15,MANDI003,Sugarcane,3866.492345205889,3500.0,1,0
2026-03-15,MANDI004,Cotton,6813.0,6620.0,1,0
2026-03-15,MANDI005,Basmati,2246.0,2183.0,2,1
2026-03-15,MANDI005,Narma,7297.34,6620.0,1,0
2026-03-15,MANDI006,Sugarcane,3570.3,3500.0,1,0
2026-03-15,MANDI008,Maize,2376.93,2090.0,1,0
2026-03-15,MANDI008,Narma,6677.0,6620.0,1,0
2026-03-15,MANDI008,Sugarcane,3635.0,3500.0,1,0
2026-03-15,MANDI008,Wheat,2403.0,2275.0,1,0
2026-03-15,MANDI013,Sugarcane,3314.84,3500.0,1,1
2026-03-15,MANDI016,Rice,2110.0,2183.0,1,1
2026-03-15,MANDI017,Sugarcane,3904.0,3500.0,1,0
2026-03-15,MANDI018,Cotton,7104.16,6620.0,1,0
2026-03-15,MANDI019,Sugarcane,3601.0,3500.0,1,0
2026-03-15,MANDI021,Maize,2004.5,2090.0,2,2
2026-03-15,MANDI023,Sugarcane,3389.7971787552606,3500.0,1,1
2026-03-15,MANDI024,Cotton,7095.0,6620.0,1,0
2026-03-15,MANDI024,Mustard,5061.287209196804,5650.0,1,1
2026-03-15,MANDI025,Mustard,6054.0,5650.0,1,0
2026-03-15,MANDI025,Rice,2290.0,2183.0,1,0
2026-03-15,MANDI026,Mustard,5366.665,5650.0,2,2
2026-03-15,MANDI031,Rice,2271.49,2183.0,1,0
2026-03-15,MANDI036,Mustard,6072.21350186591,5650.0,1,0
2026-03-15,MANDI036,Sugarcane,3537.69,3500.0,1,0
2026-03-15,MANDI038,Basmati,2209.72,2183.0,1,0
2026-03-15,MANDI041,Narma,6877.0,6620.0,1,0
2026-03-15,MANDI042,Maize,2079.0,2090.0,1,1
2026-03-15,MANDI042,Rice,2341.0,2183.0,1,0
2026-03-15,MANDI043,Wheat,2488.965222250645,2275.0,1,0
2026-03-15,MANDI049,Wheat,2182.6,2275.0,1,1
2026-03-15,MANDI052,Sugarcane,3416.98,3500.0,1,1
2026-03-15,MANDI054,Sugarcane,3196.9724274017744,3500.0,1,1
2026-03-15,MANDI055,Maize,2031.12,2090.0,1,1
2026-03-15,MANDI056,Cotton,6681.74,6620.0,1,0
2026-03-16,MANDI004,Cotton,7545.0,6620.0,1,0
2026-03-16,MANDI005,Mustard,5227.38,5650.0,1,1
2026-03-16,MANDI009,Mustard,5774.0,5650.0,1,0
2026-03-16,MANDI010,Cotton,6705.0,6620.0,1,0
2026-03-16,MANDI010,Maize,2111.22,2090.0,1,0
2026-03-16,MANDI011,Maize,2177.914335602605,2090.0,1,0
2026-03-16,MANDI013,Cotton,5985.0,6620.0,1,1
2026-03-16,MANDI020,Wheat,2211.94,2275.0,1,1
2026-03-16,MANDI022,Cotton,6903.0,6620.0,1,0
2026-03-16,MANDI022,Maize,1987.0,2090.0,1,1
2026-03-16,MANDI022,Rice,2305.79,2183.0,1,0
2026-03-16,MANDI023,Sugarcane,3917.69,3500.0,1,0
2026-03-16,MANDI026,Maize,1991.13,2090.0,1,1
2026-03-16,MANDI027,Maize,2102.64,2090.0,1,0
2026-03-16,MANDI028,Basmati,1979.0,2183.0,1,1
2026-03-16,MANDI028,Rice,1997.0,2183.0,1,1
2026-03-16,MANDI031,Sugarcane,3792.0,3500.0,1,0
2026-03-16,MANDI041,Cotton,6386.0,6620.0,1,1
2026-03-16,MANDI041,Maize,1963.39,2090.0,1,1
2026-03-16,MANDI041,Rice,2370.88,2183.0,1,0
2026-03-16,MANDI043,Wheat,2562.62,2275.0,1,0
2026-03-16,MANDI047,Mustard,5471.7,5650.0,1,1
2026-03-16,MANDI047,Wheat,2300.9,2275.0,1,0
2026-03-16,MANDI048,Sugarcane,3745.93,3500.0,1,0
2026-03-16,MANDI049,Mustard,5372.0,5650.0,1,1
2026-03-16,MANDI050,Rice,2187.0724774743258,2183.0,1,0
2026-03-16,MANDI052,Mustard,6310.63,5650.0,1,0
2026-03-16,MANDI054,Maize,2165.65,2090.0,1,0
2026-03-16,MANDI057,Wheat,2382.0,2275.0,1,0
2026-03-17,MANDI003,Rice,1953.0,2183.0,1,1
2026-03-17,MANDI004,Cotton,6663.0,6620.0,1,0
2026-03-17,MANDI006,Sugarcane,3742.0,3500.0,1,0
2026-03-17,MANDI008,Maize,2304.31,2090.0,1,0
2026-03-17,MANDI008,Mustard,5493.6,5650.0,1,1
2026-03-17,MANDI009,Wheat,2191.0,2275.0,1,1
2026-03-17,MANDI011,Mustard,5500.0,5650.0,1,1
2026-03-17,MANDI013,Rice,2179.39,2183.0,1,1
2026-03-17,MANDI014,Maize,1953.0,2090.0,1,1
2026-03-17,MANDI015,Sugarcane,3689.0,3500.0,1,0
2026-03-17,MANDI016,Sugarcane,3582.45,3500.0,1,0
2026-03-17,MANDI018,Maize,2053.29,2090.0,1,1
2026-03-17,MANDI018,Mustard,6023.01,5650.0,1,0
2026-03-17,MANDI018,Rice,2274.0,2183.0,1,0
2026-03-17,MANDI018,Wheat,2306.13,2275.0,1,0
2026-03-17,MANDI020,Sugarcane,3528.44,3500.0,1,0
2026-03-17,MANDI021,Cotton,6421.48,6620.0,1,1
2026-03-17,MANDI026,Narma,6856.73,6620.0,1,0
2026-03-17,MANDI029,Cotton,6072.24,6620.0,1,1
2026-03-17,MANDI029,Sugarcane,3608.0,3500.0,1,0
2026-03-17,MANDI030,Maize,2224.0,2090.0,1,0
2026-03-17,MANDI033,Rice,2116.628160794807,2183.0,1,1
2026-03-17,MANDI037,Basmati,2184.78,2183.0,1,0
2026-03-17,MANDI038,Mustard,5988.0,5650.0,1,0
2026-03-17,MANDI038,Rice,2418.76,2183.0,1,0
2026-03-17,MANDI038,Wheat,2553.99,2275.0,1,0
2026-03-17,MANDI041,Maize,2244.0,2090.0,1,0
2026-03-17,MANDI042,Maize,2170.0,2090.0,1,0
2026-03-17,MANDI043,Mustard,5936.81,5650.0,1,0
2026-03-17,MANDI044,Sugarcane,3490.15,3500.0,1,1
2026-03-17,MANDI049,Cotton,6453.37,6620.0,1,1
2026-03-17,MANDI049,Maize,2247.87,2090.0,1,0
2026-03-17,MANDI050,Maize,2011.68,2090.0,1,1
2026-03-17,MANDI056,Rice,2146.74,2183.0,1,1
2026-03-18,MANDI006,Maize,2083.94,2090.0,1,1
2026-03-18,MANDI007,Rice,2003.15,2183.0,1,1
2026-03-18,MANDI014,Maize,2191.0,2090.0,1,0
2026-03-18,MANDI017,Sugarcane,3755.31,3500.0,1,0
2026-03-18,MANDI022,Rice,2302.44,2183.0,1,0
2026-03-18,MANDI024,Wheat,2184.66,2275.0,1,1
2026-03-18,MANDI025,Wheat,2615.321019972532,2275.0,1,0
2026-03-18,MANDI026,Sugarcane,3923.65,3500.0,1,0
2026-03-18,MANDI030,Sugarcane,3624.0,3500.0,1,0
2026-03-18,MANDI033,Mustard,5240.58,5650.0,1,1
2026-03-18,MANDI036,Cotton,6120.25,6620.0,1,1
2026-03-18,MANDI038,Sugarcane,3527.65,3500.0,1,0
2026-03-18,MANDI039,Rice,2433.07,2183.0,1,0
2026-03-18,MANDI043,Maize,2160.21,2090.0,1,0
2026-03-18,MANDI043,Rice,2146.04,2183.0,1,1
2026-03-18,MANDI044,Mustard,6305.41,5650.0,1,0
2026-03-18,MANDI044,Wheat,2333.31,2275.0,1,0
2026-03-18,MANDI046,Mustard,5752.26,5650.0,1,0
2026-03-18,MANDI046,Sugarcane,3324.2290346228497,3500.0,1,1
2026-03-18,MANDI046,Wheat,2507.0,2275.0,1,0
2026-03-18,MANDI048,Wheat,2424.0,2275.0,1,0
2026-03-18,MANDI050,Wheat,2574.410545664054,2275.0,1,0
2026-03-18,MANDI052,Cotton,6849.0,6620.0,1,0
2026-03-18,MANDI052,Wheat,2657.0,2275.0,1,0
2026-03-18,MANDI055,Sugarcane,3715.4,3500.0,1,0
2026-03-19,MANDI002,Mustard,5639.19,5650.0,1,1
2026-03-19,MANDI004,Cotton,7254.135686931819,6620.0,1,0
2026-03-19,MANDI004,Maize,2113.0,2090.0,1,0
2026-03-19,MANDI005,Cotton,6407.83,6620.0,1,1
2026-03-19,MANDI006,Basmati,2449.0,2183.0,1,0
2026-03-19,MANDI006,Maize,1988.610438096391,2090.0,1,1
2026-03-19,MANDI006,Rice,2351.13,2183.0,1,0
2026-03-19,MANDI010,Rice,2033.38,2183.0,1,1
2026-03-19,MANDI010,Wheat,2359.34,2275.0,1,0
2026-03-19,MANDI011,Mustard,5266.17,5650.0,1,1
2026-03-19,MANDI014,Mustard,5887.7,5650.0,1,0
2026-03-19,MANDI014,Rice,2344.69,2183.0,1,0
2026-03-19,MANDI015,Maize,2062.05,2090.0,1,1
2026-03-19,MANDI020,Cotton,6719.0,6620.0,1,0
2026-03-19,MANDI021,Mustard,6398.0,5650.0,1,0
2026-03-19,MANDI022,Narma,7559.0,6620.0,1,0
2026-03-19,MANDI022,Wheat,2337.08,2275.0,1,0
2026-03-19,MANDI026,Cotton,6978.0,6620.0,1,0
2026-03-19,MANDI027,Cotton,7402.0,6620.0,1,0
2026-03-19,MANDI027,Maize,2080.71,2090.0,1,1
2026-03-19,MANDI029,Mustard,5154.79,5650.0,1,1
2026-03-19,MANDI030,Maize,1991.92,2090.0,1,1
2026-03-19,MANDI033,Maize,1921.0,2090.0,1,1
2026-03-19,MANDI038,Sugarcane,3837.0,3500.0,1,0
2026-03-19,MANDI040,Sugarcane,3227.12,3500.0,1,1
2026-03-19,MANDI041,Maize,2316.45,2090.0,1,0
2026-03-19,MANDI043,Cotton,6591.940674390551,6620.0,1,1
2026-03-19,MANDI044,Basmati,1957.0,2183.0,1,1
2026-03-19,MANDI044,Cotton,7237.0,6620.0,1,0
2026-03-19,MANDI044,Wheat,2337.07,2275.0,1,0
2026-03-19,MANDI045,Cotton,6927.639311970666,6620.0,1,0
2026-03-19,MANDI046,Maize,2170.97,2090.0,1,0
2026-03-19,MANDI048,Maize,2369.99,2090.0,1,0
2026-03-19,MANDI049,Sugarcane,3744.13,3500.0,1,0
2026-03-19,MANDI051,Basmati,1940.7479708321328,2183.0,1,1
2026-03-19,MANDI052,Sugarcane,3503.93,3500.0,1,0
2026-03-19,MANDI054,Rice,2196.59,2183.0,1,0
2026-03-19,MANDI055,Mustard,6417.631030897395,5650.0,1,0
2026-03-19,MANDI057,Rice,2239.0,2183.0,1,0
2026-03-20,MANDI005,Wheat,2393.2,2275.0,1,0
2026-03-20,MANDI007,Narma,6936.565449385815,6620.0,1,0
2026-03-20,MANDI007,Rice,1940.0,2183.0,1,1
2026-03-20,MANDI008,Rice,2161.0,2183.0,1,1
2026-03-20,MANDI009,Rice,2462.0,2183.0,1,0
2026-03-20,MANDI010,Sugarcane,3798.264151212772,3500.0,1,0
2026-03-20,MANDI015,Wheat,2402.0,2275.0,1,0
2026-03-20,MANDI021,Sugarcane,3695.81,3500.0,1,0
2026-03-20,MANDI024,Cotton,7109.42,6620.0,1,0
2026-03-20,MANDI026,Wheat,2168.66,2275.0,1,1
2026-03-20,MANDI032,Mustard,6098.6,5650.0,1,0
2026-03-20,MANDI032,Wheat,2336.0,2275.0,1,0
2026-03-20,MANDI035,Wheat,2171.03,2275.0,1,1
2026-03-20,MANDI036,Rice,2006.06,2183.0,1,1
2026-03-20,MANDI039,Rice,2401.87,2183.0,1,0
2026-03-20,MANDI039,Wheat,2477.74,2275.0,1,0
2026-03-20,MANDI040,Wheat,2234.51,2275.0,1,1
2026-03-20,MANDI041,Cotton,7039.58,6620.0,1,0
2026-03-20,MANDI042,Narma,7036.64,6620.0,1,0
2026-03-20,MANDI045,Cotton,6462.94,6620.0,1,1
2026-03-21,MANDI001,Rice,2172.33,2183.0,1,1
2026-03-21,MANDI001,Wheat,2129.95,2275.0,1,1
2026-03-21,MANDI002,Mustard,5642.34,5650.0,1,1
2026-03-21,MANDI003,Sugarcane,4099.0,3500.0,1,0
2026-03-21,MANDI008,Wheat,2156.36,2275.0,1,1
2026-03-21,MANDI012,Cotton,7461.2,6620.0,1,0
2026-03-21,MANDI017,Cotton,6777.0,6620.0,1,0
2026-03-21,MANDI017,Mustard,5599.182009109562,5650.0,1,1
2026-03-21,MANDI018,Rice,2052.0,2183.0,1,1
2026-03-21,MANDI020,Cotton,7336.270257145445,6620.0,1,0
2026-03-21,MANDI020,Maize,1906.47,2090.0,1,1
2026-03-21,MANDI020,Sugarcane,3751.54,3500.0,1,0
2026-03-21,MANDI021,Sugarcane,3513.0,3500.0,1,0
2026-03-21,MANDI022,Sugarcane,3645.0,3500.0,1,0
2026-03-21,MANDI027,Maize,1968.0,2090.0,1,1
2026-03-21,MANDI030,Maize,2272.44,2090.0,1,0
2026-03-21,MANDI032,Basmati,2126.15,2183.0,1,1
2026-03-21,MANDI032,Rice,2399.43,2183.0,1,0
2026-03-21,MANDI033,Basmati,2503.0,2183.0,1,0
2026-03-21,MANDI035,Maize,2250.0,2090.0,1,0
2026-03-21,MANDI039,Narma,7567.713145003912,6620.0,1,0
2026-03-21,MANDI040,Wheat,2378.52,2275.0,1,0
2026-03-21,MANDI041,Mustard,6153.95,5650.0,1,0
2026-03-21,MANDI043,Sugarcane,3366.0,3500.0,1,1
2026-03-21,MANDI043,Wheat,2064.75,2275.0,1,1
2026-03-21,MANDI046,Rice,2178.645477996416,2183.0,1,1
2026-03-21,MANDI049,Cotton,6112.57,6620.0,1,1
2026-03-21,MANDI049,Mustard,6062.0,5650.0,1,0
2026-03-21,MANDI050,Mustard,5281.0,5650.0,1,1
2026-03-21,MANDI056,Cotton,7168.92,6620.0,1,0
2026-03-21,MANDI057,Sugarcane,3555.9917799935947,3500.0,1,0
2026-03-22,MANDI003,Maize,2037.2,2090.0,1,1
2026-03-22,MANDI003,Rice,2390.43,2183.0,1,0
2026-03-22,MANDI004,Sugarcane,3214.0,3500.0,1,1
2026-03-22,MANDI005,Rice,2115.23,2183.0,1,1
2026-03-22,MANDI008,Mustard,5887.61,5650.0,1,0
2026-03-22,MANDI009,Sugarcane,3863.74,3500.0,1,0
2026-03-22,MANDI011,Mustard,6263.0,5650.0,1,0
2026-03-22,MANDI012,Rice,2152.88,2183.0,1,1
2026-03-22,MANDI013,Narma,6032.12,6620.0,1,1
2026-03-22,MANDI014,Maize,2301.67,2090.0,1,0
2026-03-22,MANDI014,Mustard,5613.58,5650.0,1,1
2026-03-22,MANDI016,Mustard,6340.423136404105,5650.0,1,0
2026-03-22,MANDI019,Maize,1850.93,2090.0,1,1
2026-03-22,MANDI020,Cotton,6162.96,6620.0,1,1
2026-03-22,MANDI020,Sugarcane,3540.0,3500.0,1,0
2026-03-22,MANDI021,Mustard,5687.68,5650.0,1,0
2026-03-22,MANDI021,Rice,2426.0,2183.0,1,0
2026-03-22,MANDI021,Wheat,2345.0,2275.0,1,0
2026-03-22,MANDI022,Wheat,2269.78,2275.0,1,1
2026-03-22,MANDI030,Mustard,6321.0,5650.0,1,0
2026-03-22,MANDI032,Sugarcane,3572.0,3500.0,1,0
2026-03-22,MANDI034,Rice,2501.99,2183.0,1,0
2026-03-22,MANDI034,Wheat,2332.04,2275.0,1,0
2026-03-22,MANDI036,Rice,2356.3,2183.0,1,0
2026-03-22,MANDI036,Wheat,2361.05,2275.0,1,0
2026-03-22,MANDI037,Cotton,7029.55,6620.0,1,0
2026-03-22,MANDI037,Rice,2071.6,2183.0,1,1
2026-03-22,MANDI039,Mustard,5636.0,5650.0,1,1
2026-03-22,MANDI040,Rice,2384.0,2183.0,1,0
2026-03-22,MANDI042,Maize,1952.98,2090.0,1,1
2026-03-22,MANDI044,Mustard,5746.0,5650.0,1,0
2026-03-22,MANDI046,Mustard,5984.0,5650.0,1,0
2026-03-22,MANDI049,Wheat,2528.5,2275.0,2,0
2026-03-22,MANDI050,Cotton,6147.0,6620.0,1,1
2026-03-22,MANDI051,Mustard,6034.07,5650.0,1,0
2026-03-22,MANDI054,Maize,2068.0,2090.0,1,1
2026-03-22,MANDI055,Sugarcane,3318.065179320653,3500.0,1,1
2026-03-22,MANDI055,Wheat,2259.32,2275.0,1,1
2026-03-23,MANDI002,Maize,2000.38,2090.0,1,1
2026-03-23,MANDI004,Rice,2120.881064355186,2183.0,1,1
2026-03-23,MANDI004,Wheat,2181.28,2275.0,1,1
2026-03-23,MANDI005,Wheat,2369.21,2275.0,1,0
2026-03-23,MANDI008,Wheat,2223.0,2275.0,1,1
2026-03-23,MANDI010,Rice,2471.0,2183.0,1,0
2026-03-23,MANDI010,Wheat,2327.48,2275.0,1,0
2026-03-23,MANDI012,Maize,2189.0,2090.0,1,0
2026-03-23,MANDI013,Rice,2047.0,2183.0,1,1
2026-03-23,MANDI013,Wheat,2318.444050248994,2275.0,1,0
2026-03-23,MANDI016,Wheat,2424.0,2275.0,1,0
2026-03-23,MANDI017,Maize,2331.16,2090.0,1,0
2026-03-23,MANDI018,Rice,2181.0,2183.0,1,1
2026-03-23,MANDI019,Sugarcane,3467.97,3500.0,1,1
2026-03-23,MANDI024,Mustard,5941.86,5650.0,1,0
2026-03-23,MANDI025,Narma,7025.77,6620.0,1,0
2026-03-23,MANDI031,Sugarcane,3152.32,3500.0,1,1
2026-03-23,MANDI031,Wheat,2576.0,2275.0,1,0
2026-03-23,MANDI032,Mustard,5407.64,5650.0,1,1
2026-03-23,MANDI033,Maize,2436.633812263321,2090.0,1,0
2026-03-23,MANDI035,Mustard,6072.742983619948,5650.0,1,0
2026-03-23,MANDI036,Rice,2263.0,2183.0,1,0
2026-03-23,MANDI039,Sugarcane,3497.88,3500.0,1,1
2026-03-23,MANDI042,Mustard,6313.88,5650.0,1,0
2026-03-23,MANDI042,Sugarcane,3462.0,3500.0,1,1
2026-03-23,MANDI046,Maize,1909.976077483709,2090.0,1,1
2026-03-23,MANDI048,Cotton,6432.11,6620.0,1,1
2026-03-23,MANDI048,Maize,2012.44,2090.0,1,1
2026-03-23,MANDI049,Wheat,2253.9749293359555,2275.0,1,1
2026-03-23,MANDI050,Sugarcane,3714.6,3500.0,1,0
2026-03-23,MANDI051,Cotton,6365.0,6620.0,1,1
2026-03-23,MANDI051,Mustard,6444.361079104825,5650.0,1,0
2026-03-23,MANDI053,Mustard,6414.52,5650.0,1,0
2026-03-23,MANDI054,Cotton,6712.5447106446645,6620.0,1,0
2026-03-23,MANDI056,Mustard,6072.0,5650.0,1,0
2026-03-23,MANDI057,Wheat,2545.926340138799,2275.0,1,0
2026-03-24,MANDI001,Cotton,6444.0,6620.0,1,1
2026-03-24,MANDI001,Rice,2107.05,2183.0,1,1
2026-03-24,MANDI004,Cotton,6466.0,6620.0,1,1
2026-03-24,MANDI009,Mustard,6104.17,5650.0,1,0
2026-03-24,MANDI009,Sugarcane,3708.87,3500.0,1,0
2026-03-24,MANDI012,Maize,1938.357505963629,2090.0,1,1
2026-03-24,MANDI015,Sugarcane,3295.56,3500.0,1,1
2026-03-24,MANDI018,Rice,2467.0438953450166,2183.0,1,0
2026-03-24,MANDI020,Cotton,6881.83,6620.0,2,1
2026-03-24,MANDI021,Wheat,2440.25,2275.0,1,0
2026-03-24,MANDI022,Mustard,6037.7,5650.0,1,0
2026-03-24,MANDI022,Rice,1995.3074203373908,2183.0,1,1
2026-03-24,MANDI022,Sugarcane,3657.0,3500.0,1,0
2026-03-24,MANDI024,Sugarcane,3269.5,3500.0,1,1
2026-03-24,MANDI026,Maize,2176.0,2090.0,1,0
2026-03-24,MANDI029,Cotton,7083.374191616854,6620.0,1,0
2026-03-24,MANDI029,Maize,2119.0857107342417,2090.0,1,0
2026-03-24,MANDI029,Wheat,2162.19,2275.0,1,1
2026-03-24,MANDI031,Maize,2337.0,2090.0,1,0
2026-03-24,MANDI035,Mustard,5453.0,5650.0,1,1
2026-03-24,MANDI040,Wheat,2477.83,2275.0,1,0
2026-03-24,MANDI043,Cotton,6328.0,6620.0,1,1
2026-03-24,MANDI043,Wheat,2241.843367358935,2275.0,1,1
2026-03-24,MANDI046,Basmati,2286.54,2183.0,1,0
2026-03-24,MANDI047,Mustard,6184.59,5650.0,2,0
2026-03-24,MANDI049,Maize,1913.0,2090.0,1,1
2026-03-24,MANDI049,Mustard,5432.47,5650.0,1,1
2026-03-24,MANDI049,Sugarcane,3401.0,3500.0,1,1
2026-03-24,MANDI055,Mustard,5591.393333333333,5650.0,3,2
2026-03-24,MANDI055,Wheat,2553.56,2275.0,1,0
2026-03-25,MANDI001,Sugarcane,3485.49,3500.0,1,1
2026-03-25,MANDI003,Sugarcane,3685.213530682864,3500.0,2,0
2026-03-25,MANDI004,Maize,1964.75,2090.0,1,1
2026-03-25,MANDI005,Cotton,6173.0,6620.0,1,1
2026-03-25,MANDI005,Maize,2241.926227252412,2090.0,1,0
2026-03-25,MANDI008,Mustard,6491.08,5650.0,1,0
2026-03-25,MANDI008,Rice,2002.2,2183.0,1,1
2026-03-25,MANDI008,Sugarcane,3966.28,3500.0,1,0
2026-03-25,MANDI009,Basmati,2025.0443179076103,2183.0,1,1
2026-03-25,MANDI011,Wheat,2384.0,2275.0,1,0
2026-03-25,MANDI023,Cotton,6326.28,6620.0,1,1
2026-03-25,MANDI024,Sugarcane,3229.0,3500.0,1,1
2026-03-25,MANDI029,Maize,2101.701898487153,2090.0,1,0
2026-03-25,MANDI029,Mustard,5931.0,5650.0,1,0
2026-03-25,MANDI032,Wheat,2462.5,2275.0,2,0
2026-03-25,MANDI033,Wheat,2352.7,2275.0,1,0
2026-03-25,MANDI036,Cotton,7508.21,6620.0,1,0
2026-03-25,MANDI045,Cotton,6322.24,6620.0,1,1
2026-03-25,MANDI047,Narma,6773.16,6620.0,1,0
2026-03-25,MANDI048,Cotton,7051.42,6620.0,1,0
2026-03-25,MANDI048,Wheat,2267.33,2275.0,1,1
2026-03-25,MANDI049,Cotton,7227.0,6620.0,1,0
2026-03-25,MANDI049,Sugarcane,3355.646762382341,3500.0,1,1
2026-03-25,MANDI053,Sugarcane,3809.81,3500.0,1,0
2026-03-25,MANDI054,Sugarcane,3817.45,3500.0,1,0
2026-03-25,MANDI055,Wheat,2203.9,2275.0,1,1
2026-03-25,MANDI056,Sugarcane,3687.91,3500.0,1,0
2026-03-25,MANDI056,Wheat,2347.01,2275.0,1,0
2026-03-26,MANDI002,Mustard,6124.71,5650.0,1,0
2026-03-26,MANDI003,Sugarcane,3350.2663941028313,3500.0,2,2
2026-03-26,MANDI006,Cotton,7111.64235879425,6620.0,1,0
2026-03-26,MANDI009,Rice,2252.03,2183.0,1,0
2026-03-26,MANDI011,Sugarcane,3621.48,3500.0,1,0
2026-03-26,MANDI016,Cotton,6580.0,6620.0,1,1
2026-03-26,MANDI016,Narma,5919.92,6620.0,1,1
2026-03-26,MANDI016,Rice,2384.841860781103,2183.0,1,0
2026-03-26,MANDI017,Cotton,6355.091760102543,6620.0,1,1
2026-03-26,MANDI018,Maize,2141.94,2090.0,1,0
2026-03-26,MANDI018,Wheat,2101.0,2275.0,1,1
2026-03-26,MANDI020,Cotton,6876.68,6620.0,1,0
2026-03-26,MANDI022,Cotton,5958.51,6620.0,1,1
2026-03-26,MANDI022,Sugarcane,3490.010488664116,3500.0,1,1
2026-03-26,MANDI031,Maize,2098.0,2090.0,1,0
2026-03-26,MANDI033,Rice,2566.68,2183.0,1,0
2026-03-26,MANDI036,Cotton,6734.06,6620.0,1,0
2026-03-26,MANDI036,Maize,2101.0,2090.0,1,0
2026-03-26,MANDI038,Narma,6215.46,6620.0,1,1
2026-03-26,MANDI038,Sugarcane,3411.67,3500.0,1,1
2026-03-26,MANDI042,Sugarcane,3317.49,3500.0,1,1
2026-03-26,MANDI046,Maize,2030.0,2090.0,1,1
2026-03-26,MANDI046,Wheat,2281.0,2275.0,1,0
2026-03-26,MANDI052,Rice,2372.0,2183.0,1,0
2026-03-26,MANDI055,Maize,2114.0,2090.0,1,0
2026-03-26,MANDI056,Maize,2182.0,2090.0,1,0
2026-03-27,MANDI001,Cotton,6468.98,6620.0,1,1
2026-03-27,MANDI001,Sugarcane,3736.62,3500.0,1,0
2026-03-27,MANDI003,Wheat,2442.71,2275.0,1,0
2026-03-27,MANDI006,Wheat,2457.12,2275.0,1,0
2026-03-27,MANDI007,Wheat,2615.90684628943,2275.0,1,0
2026-03-27,MANDI009,Cotton,7139.818982247361,6620.0,2,0
2026-03-27,MANDI009,Rice,2119.19,2183.0,1,1
2026-03-27,MANDI010,Rice,2356.835,2183.0,2,0
2026-03-27,MANDI015,Sugarcane,3740.1566666666663,3500.0,3,1
2026-03-27,MANDI016,Wheat,2324.37,2275.0,1,0
2026-03-27,MANDI019,Mustard,6107.83,5650.0,1,0
2026-03-27,MANDI021,Cotton,6419.9,6620.0,1,1
2026-03-27,MANDI024,Sugarcane,3570.74,3500.0,1,0
2026-03-27,MANDI025,Maize,2272.59,2090.0,1,0
2026-03-27,MANDI025,Wheat,2553.48,2275.0,1,0
2026-03-27,MANDI026,Cotton,6144.76,6620.0,1,1
2026-03-27,MANDI026,Narma,7327.088484063634,6620.0,1,0
2026-03-27,MANDI030,Mustard,6232.0,5650.0,1,0
2026-03-27,MANDI031,Narma,6632.84,6620.0,1,0
2026-03-27,MANDI031,Wheat,2109.18,2275.0,1,1
2026-03-27,MANDI033,Mustard,6507.8,5650.0,1,0
2026-03-27,MANDI034,Maize,1908.3017529212843,2090.0,1,1
2026-03-27,MANDI034,Sugarcane,4046.73,3500.0,1,0
2026-03-27,MANDI036,Cotton,6829.0,6620.0,1,0
2026-03-27,MANDI038,Cotton,6965.104486794689,6620.0,1,0
2026-03-27,MANDI038,Sugarcane,4001.0,3500.0,1,0
2026-03-27,MANDI039,Narma,7188.0,6620.0,1,0
2026-03-27,MANDI040,Maize,1882.5439351740845,2090.0,1,1
2026-03-27,MANDI042,Sugarcane,3853.57,3500.0,1,0
2026-03-27,MANDI045,Cotton,6999.0,6620.0,1,0
2026-03-27,MANDI045,Sugarcane,4030.98,3500.0,1,0
2026-03-27,MANDI047,Maize,2343.08,2090.0,1,0
2026-03-27,MANDI052,Wheat,2508.0,2275.0,1,0
2026-03-27,MANDI054,Sugarcane,3862.09,3500.0,1,0
2026-03-27,MANDI054,Wheat,2299.23,2275.0,1,0
2026-03-28,MANDI001,Cotton,5991.35,6620.0,1,1
2026-03-28,MANDI004,Rice,2294.33,2183.0,1,0
2026-03-28,MANDI009,Rice,2408.55,2183.0,1,0
2026-03-28,MANDI012,Wheat,2599.78,2275.0,1,0
2026-03-28,MANDI015,Basmati,2236.0,2183.0,1,0
2026-03-28,MANDI016,Cotton,7681.0,6620.0,1,0
2026-03-28,MANDI016,Sugarcane,3670.0,3500.0,1,0
2026-03-28,MANDI017,Rice,2183.0,2183.0,1,0
2026-03-28,MANDI019,Cotton,6470.96,6620.0,1,1
2026-03-28,MANDI020,Wheat,2190.45,2275.0,1,1
2026-03-28,MANDI023,Cotton,6925.05,6620.0,1,0
2026-03-28,MANDI026,Cotton,6418.9232845389415,6620.0,1,1
2026-03-28,MANDI028,Maize,2267.0740542762046,2090.0,1,0
2026-03-28,MANDI029,Cotton,6882.0,6620.0,1,0
2026-03-28,MANDI030,Wheat,2391.0,2275.0,1,0
2026-03-28,MANDI039,Sugarcane,3992.48,3500.0,1,0
2026-03-28,MANDI039,Wheat,2165.21,2275.0,1,1
2026-03-28,MANDI040,Sugarcane,3486.0,3500.0,1,1
2026-03-28,MANDI042,Cotton,6576.57,6620.0,1,1
2026-03-28,MANDI042,Sugarcane,3549.01,3500.0,1,0
2026-03-28,MANDI045,Rice,2148.0382950610697,2183.0,1,1
2026-03-28,MANDI048,Rice,2098.0,2183.0,1,1
2026-03-28,MANDI051,Narma,7202.08,6620.0,1,0
2026-03-28,MANDI053,Cotton,6867.93,6620.0,1,0
2026-03-28,MANDI053,Maize,2040.0,2090.0,1,1
2026-03-28,MANDI057,Mustard,6036.0,5650.0,2,0
2026-03-28,MANDI057,Sugarcane,3646.82,3500.0,1,0
2026-03-29,MANDI001,Maize,2256.0,2090.0,2,0
2026-03-29,MANDI007,Sugarcane,3806.0,3500.0,1,0
2026-03-29,MANDI010,Narma,6396.0,6620.0,1,1
2026-03-29,MANDI018,Mustard,5392.01,5650.0,1,1
2026-03-29,MANDI018,Sugarcane,3690.63,3500.0,1,0
2026-03-29,MANDI019,Maize,2060.0,2090.0,1,1
2026-03-29,MANDI021,Cotton,5974.82,6620.0,1,1
2026-03-29,MANDI022,Cotton,6101.0,6620.0,1,1
2026-03-29,MANDI024,Wheat,2220.7,2275.0,1,1
2026-03-29,MANDI025,Narma,6406.77,6620.0,1,1
2026-03-29,MANDI025,Sugarcane,3752.0,3500.0,1,0
2026-03-29,MANDI026,Wheat,2473.0,2275.0,1,0
2026-03-29,MANDI034,Wheat,2324.82,2275.0,1,0
2026-03-29,MANDI035,Sugarcane,3535.24,3500.0,1,0
2026-03-29,MANDI036,Cotton,6596.0,6620.0,1,1
2026-03-29,MANDI038,Rice,2195.71,2183.0,1,0
2026-03-29,MANDI040,Maize,2202.035,2090.0,2,0
2026-03-29,MANDI040,Rice,2361.0,2183.0,1,0
2026-03-29,MANDI044,Cotton,7164.84,6620.0,1,0
2026-03-29,MANDI044,Wheat,2268.83,2275.0,1,1
2026-03-29,MANDI046,Maize,2300.0,2090.0,1,0
2026-03-29,MANDI047,Basmati,2135.0,2183.0,1,1
2026-03-29,MANDI052,Mustard,6185.49,5650.0,1,0
2026-03-29,MANDI052,Sugarcane,3674.420324847011,3500.0,2,0
2026-03-29,MANDI053,Cotton,6536.65,6620.0,1,1
2026-03-29,MANDI055,Basmati,2393.69,2183.0,1,0
2026-03-29,MANDI056,Maize,2121.4,2090.0,1,0
2026-03-30,MANDI001,Rice,2345.91,2183.0,1,0
2026-03-30,MANDI001,Wheat,2128.5,2275.0,1,1
2026-03-30,MANDI004,Sugarcane,3805.0,3500.0,1,0
2026-03-30,MANDI005,Cotton,7196.035,6620.0,2,0
2026-03-30,MANDI006,Cotton,7334.992674167929,6620.0,1,0
2026-03-30,MANDI009,Sugarcane,3772.185321091014,3500.0,1,0
2026-03-30,MANDI010,Cotton,6964.425,6620.0,2,0
2026-03-30,MANDI010,Maize,2038.92,2090.0,1,1
2026-03-30,MANDI014,Rice,1968.0,2183.0,1,1
2026-03-30,MANDI015,Cotton,6109.02,6620.0,1,1
2026-03-30,MANDI015,Mustard,6106.94,5650.0,1,0
2026-03-30,MANDI017,Sugarcane,3170.61,3500.0,1,1
2026-03-30,MANDI019,Maize,2061.0,2090.0,2,1
2026-03-30,MANDI019,Rice,2353.0,2183.0,1,0
2026-03-30,MANDI020,Sugarcane,3610.0,3500.0,1,0
2026-03-30,MANDI021,Mustard,6573.0,5650.0,1,0
2026-03-30,MANDI023,Wheat,2403.27,2275.0,1,0
2026-03-30,MANDI024,Wheat,2532.31,2275.0,1,0
2026-03-30,MANDI025,Narma,6880.63,6620.0,1,0
2026-03-30,MANDI027,Mustard,4978.0,5650.0,1,1
2026-03-30,MANDI028,Cotton,6364.08,6620.0,1,1
2026-03-30,MANDI042,Cotton,7065.0,6620.0,1,0
2026-03-30,MANDI042,Wheat,2205.48,2275.0,1,1
2026-03-30,MANDI043,Rice,2233.0,2183.0,1,0
2026-03-30,MANDI045,Mustard,5510.354120114909,5650.0,2,2
2026-03-30,MANDI045,Rice,1976.95,2183.0,1,1
2026-03-30,MANDI047,Maize,2184.28,2090.0,1,0
2026-03-30,MANDI048,Mustard,5997.758149340441,5650.0,1,0
2026-03-30,MANDI051,Sugarcane,3332.07,3500.0,1,1
2026-03-30,MANDI053,Cotton,7238.4,6620.0,1,0
2026-03-30,MANDI053,Mustard,5180.29,5650.0,1,1
2026-03-30,MANDI054,Maize,2116.91,2090.0,1,0
2026-03-30,MANDI056,Sugarcane,3773.93,3500.0,1,0
2026-03-30,MANDI057,Basmati,2315.0,2183.0,1,0
2026-03-30,MANDI057,Wheat,2400.0,2275.0,1,0
2026-03-31,MANDI001,Mustard,6099.0,5650.0,1,0
2026-03-31,MANDI002,Maize,2078.84,2090.0,1,1
2026-03-31,MANDI002,Wheat,2392.0,2275.0,1,0
2026-03-31,MANDI008,Mustard,6085.421865133236,5650.0,1,0
2026-03-31,MANDI015,Sugarcane,3605.92,3500.0,1,0
2026-03-31,MANDI017,Rice,2104.0,2183.0,1,1
2026-03-31,MANDI018,Mustard,5646.885,5650.0,2,1
2026-03-31,MANDI018,Wheat,2133.58,2275.0,1,1
2026-03-31,MANDI020,Cotton,7440.950799836379,6620.0,1,0
2026-03-31,MANDI021,Cotton,6505.0,6620.0,1,1
2026-03-31,MANDI022,Wheat,2253.88,2275.0,1,1
2026-03-31,MANDI025,Cotton,6877.45,6620.0,1,0
2026-03-31,MANDI025,Wheat,2256.65,2275.0,1,1
2026-03-31,MANDI029,Maize,2295.15,2090.0,1,0
2026-03-31,MANDI032,Maize,1919.0,2090.0,1,1
2026-03-31,MANDI033,Mustard,5646.0,5650.0,1,1
2026-03-31,MANDI035,Mustard,5280.79,5650.0,1,1
2026-03-31,MANDI035,Sugarcane,3319.0,3500.0,1,1
2026-03-31,MANDI037,Rice,2373.6050503720357,2183.0,1,0
2026-03-31,MANDI039,Narma,5878.0,6620.0,1,1
2026-03-31,MANDI045,Rice,2193.39,2183.0,1,0
2026-03-31,MANDI047,Wheat,2440.79,2275.0,1,0
2026-03-31,MANDI048,Sugarcane,3460.0,3500.0,1,1
2026-03-31,MANDI051,Cotton,7048.39,6620.0,1,0
2026-03-31,MANDI051,Wheat,2151.424364169544,2275.0,1,1
2026-03-31,MANDI055,Cotton,6541.455,6620.0,2,1
2026-03-31,MANDI055,Sugarcane,3425.23,3500.0,1,1
2026-04-01,MANDI005,Mustard,6307.9312294265,5650.0,1,0
2026-04-01,MANDI007,Sugarcane,3434.59,3500.0,1,1
2026-04-01,MANDI015,Cotton,7555.0,6620.0,1,0
2026-04-01,MANDI015,Sugarcane,4068.0,3500.0,1,0
2026-04-01,MANDI016,Wheat,2455.0,2275.0,1,0
2026-04-01,MANDI018,Mustard,6038.98,5650.0,1,0
2026-04-01,MANDI023,Mustard,6178.0,5650.0,1,0
2026-04-01,MANDI030,Maize,2121.0,2090.0,1,0
2026-04-01,MANDI030,Sugarcane,3554.0,3500.0,1,0
2026-04-01,MANDI031,Wheat,2413.0,2275.0,1,0
2026-04-01,MANDI032,Sugarcane,3605.87,3500.0,1,0
2026-04-01,MANDI034,Narma,6419.212491353923,6620.0,1,1
2026-04-01,MANDI035,Maize,2361.97,2090.0,1,0
2026-04-01,MANDI037,Narma,6273.0,6620.0,1,1
2026-04-01,MANDI038,Maize,2042.27,2090.0,1,1
2026-04-01,MANDI041,Mustard,6117.63,5650.0,1,0
2026-04-01,MANDI041,Rice,2465.39,2183.0,1,0
2026-04-01,MANDI045,Rice,1956.9225828071544,2183.0,1,1
2026-04-01,MANDI046,Cotton,6267.32,6620.0,1,1
2026-04-01,MANDI049,Cotton,7176.01,6620.0,1,0
2026-04-01,MANDI049,Maize,2321.42,2090.0,1,0
2026-04-01,MANDI052,Cotton,6135.0,6620.0,1,1
2026-04-01,MANDI052,Mustard,5572.020515082537,5650.0,1,1
2026-04-01,MANDI053,Mustard,5937.88,5650.0,1,0
2026-04-01,MANDI053,Rice,2352.1,2183.0,1,0
2026-04-01,MANDI055,Wheat,2215.0,2275.0,1,1
2026-04-01,MANDI056,Narma,6237.0,6620.0,1,1
2026-04-02,MANDI002,Maize,2089.235,2090.0,2,1
2026-04-02,MANDI002,Wheat,2388.0,2275.0,1,0
2026-04-02,MANDI009,Cotton,6920.82,6620.0,1,0
2026-04-02,MANDI016,Narma,7263.84,6620.0,1,0
2026-04-02,MANDI016,Sugarcane,3386.525,3500.0,2,2
2026-04-02,MANDI017,Mustard,5646.419649967847,5650.0,1,1
2026-04-02,MANDI019,Maize,1937.0,2090.0,1,1
2026-04-02,MANDI022,Wheat,2435.0,2275.0,1,0
2026-04-02,MANDI023,Mustard,6142.27,5650.0,1,0
2026-04-02,MANDI024,Sugarcane,3400.02,3500.0,1,1
2026-04-02,MANDI025,Mustard,6149.68,5650.0,1,0
2026-04-02,MANDI029,Mustard,5854.0,5650.0,1,0
2026-04-02,MANDI029,Sugarcane,3670.21,3500.0,1,0
2026-04-02,MANDI031,Mustard,5580.394156518776,5650.0,1,1
2026-04-02,MANDI032,Narma,6412.64,6620.0,1,1
2026-04-02,MANDI037,Sugarcane,3600.96,3500.0,1,0
2026-04-02,MANDI037,Wheat,2140.0,2275.0,1,1
2026-04-02,MANDI038,Rice,2136.26,2183.0,1,1
2026-04-02,MANDI039,Mustard,5322.0,5650.0,1,1
2026-04-02,MANDI042,Maize,2403.54,2090.0,1,0
2026-04-02,MANDI043,Cotton,6557.35,6620.0,1,1
2026-04-02,MANDI047,Cotton,6224.33,6620.0,1,1
2026-04-02,MANDI047,Sugarcane,3561.74,3500.0,1,0
2026-04-02,MANDI049,Maize,2127.66,2090.0,1,0
2026-04-02,MANDI049,Sugarcane,3519.0,3500.0,1,0
2026-04-02,MANDI049,Wheat,2279.0,2275.0,1,0
2026-04-02,MANDI051,Rice,2497.0,2183.0,1,0
2026-04-02,MANDI053,Mustard,5222.8,5650.0,1,1
2026-04-02,MANDI056,Wheat,2147.0,2275.0,1,1
2026-04-02,MANDI057,Maize,2223.0,2090.0,1,0
2026-04-02,MANDI057,Rice,2187.32,2183.0,1,0
2026-04-03,MANDI001,Rice,2399.786636958348,2183.0,1,0
2026-04-03,MANDI002,Mustard,5756.15,5650.0,1,0
2026-04-03,MANDI002,Sugarcane,3756.0,3500.0,1,0
2026-04-03,MANDI003,Mustard,5012.89,5650.0,1,1
2026-04-03,MANDI003,Wheat,2352.2,2275.0,1,0
2026-04-03,MANDI005,Maize,2008.181763454364,2090.0,1,1
2026-04-03,MANDI006,Wheat,2228.04,2275.0,1,1
2026-04-03,MANDI008,Cotton,6555.0,6620.0,1,1
2026-04-03,MANDI008,Mustard,5489.0,5650.0,1,1
2026-04-03,MANDI009,Narma,7282.659136141401,6620.0,1,0
2026-04-03,MANDI010,Wheat,2370.87,2275.0,1,0
2026-04-03,MANDI011,Rice,2421.56,2183.0,1,0
2026-04-03,MANDI013,Maize,2129.59,2090.0,1,0
2026-04-03,MANDI013,Wheat,2079.0,2275.0,1,1
2026-04-03,MANDI020,Wheat,2006.66,2275.0,1,1
2026-04-03,MANDI022,Wheat,2492.59,2275.0,1,0
2026-04-03,MANDI023,Sugarcane,3707.86,3500.0,1,0
2026-04-03,MANDI026,Wheat,2272.89,2275.0,1,1
2026-04-03,MANDI027,Wheat,2119.32,2275.0,1,1
2026-04-03,MANDI028,Rice,2350.18,2183.0,1,0
2026-04-03,MANDI029,Rice,2241.34,2183.0,1,0
2026-04-03,MANDI030,Maize,2089.26,2090.0,1,1
2026-04-03,MANDI033,Maize,2042.58,2090.0,1,1
2026-04-03,MANDI034,Cotton,6066.49,6620.0,1,1
2026-04-03,MANDI035,Maize,2193.0,2090.0,1,0
2026-04-03,MANDI036,Cotton,6233.66,6620.0,1,1
2026-04-03,MANDI036,Maize,2157.65,2090.0,1,0
2026-04-03,MANDI039,Wheat,2450.94,2275.0,1,0
2026-04-03,MANDI041,Rice,2238.0,2183.0,1,0
2026-04-03,MANDI044,Sugarcane,3463.25,3500.0,1,1
2026-04-03,MANDI045,Mustard,5567.0,5650.0,1,1
2026-04-03,MANDI046,Basmati,2168.0,2183.0,1,1
2026-04-03,MANDI046,Maize,2015.94,2090.0,1,1
2026-04-03,MANDI048,Maize,2069.59,2090.0,1,1
2026-04-03,MANDI048,Wheat,2409.56,2275.0,1,0
2026-04-03,MANDI052,Wheat,2156.96,2275.0,1,1
2026-04-03,MANDI054,Maize,2229.85,2090.0,1,0
2026-04-03,MANDI054,Rice,2218.08,2183.0,1,0
2026-04-03,MANDI056,Wheat,2223.0,2275.0,1,1
2026-04-04,MANDI002,Rice,2137.42,2183.0,1,1
2026-04-04,MANDI002,Sugarcane,3270.93,3500.0,1,1
2026-04-04,MANDI003,Sugarcane,3571.28,3500.0,1,0
2026-04-04,MANDI005,Sugarcane,3590.86,3500.0,1,0
2026-04-04,MANDI006,Maize,2008.6,2090.0,1,1
2026-04-04,MANDI010,Maize,2307.0,2090.0,1,0
2026-04-04,MANDI010,Rice,2284.774327602282,2183.0,1,0
2026-04-04,MANDI011,Maize,2246.49,2090.0,1,0
2026-04-04,MANDI014,Rice,2376.01,2183.0,1,0
2026-04-04,MANDI017,Cotton,6740.64,6620.0,1,0
2026-04-04,MANDI018,Sugarcane,3275.0,3500.0,1,1
2026-04-04,MANDI022,Mustard,5797.35,5650.0,1,0
2026-04-04,MANDI025,Mustard,5970.290000000001,5650.0,2,1
2026-04-04,MANDI029,Sugarcane,3351.0,3500.0,1,1
2026-04-04,MANDI032,Cotton,6786.814039585832,6620.0,1,0
2026-04-04,MANDI032,Sugarcane,3772.86,3500.0,1,0
2026-04-04,MANDI033,Rice,2201.0217256997257,2183.0,1,0
2026-04-04,MANDI034,Maize,1891.080101039492,2090.0,1,1
2026-04-04,MANDI034,Rice,2488.92,2183.0,1,0
2026-04-04,MANDI035,Wheat,2193.91,2275.0,1,1
2026-04-04,MANDI037,Basmati,2467.0,2183.0,1,0
2026-04-04,MANDI039,Cotton,7391.0,6620.0,1,0
2026-04-04,MANDI039,Narma,7206.0,6620.0,1,0
2026-04-04,MANDI040,Maize,2287.0,2090.0,1,0
2026-04-04,MANDI046,Wheat,2189.0,2275.0,1,1
2026-04-04,MANDI047,Mustard,5552.72,5650.0,1,1
2026-04-04,MANDI049,Sugarcane,3514.0,3500.0,1,0
2026-04-04,MANDI055,Sugarcane,3892.58,3500.0,1,0
2026-04-04,MANDI057,Mustard,6445.44,5650.0,1,0
2026-04-05,MANDI001,Rice,2261.16,2183.0,1,0
2026-04-05,MANDI002,Maize,1982.13,2090.0,1,1
2026-04-05,MANDI003,Maize,1975.16,2090.0,2,2
2026-04-05,MANDI005,Cotton,6899.09,6620.0,2,0
2026-04-05,MANDI005,Rice,2235.0,2183.0,1,0
2026-04-05,MANDI006,Maize,2282.79,2090.0,1,0
2026-04-05,MANDI006,Rice,2301.554657486673,2183.0,1,0
2026-04-05,MANDI008,Rice,2086.84,2183.0,1,1
2026-04-05,MANDI008,Wheat,2301.0,2275.0,1,0
2026-04-05,MANDI009,Maize,2102.58,2090.0,1,0
2026-04-05,MANDI011,Maize,1984.74,2090.0,1,1
2026-04-05,MANDI012,Wheat,2320.0,2275.0,1,0
2026-04-05,MANDI024,Mustard,5133.271377671124,5650.0,1,1
2026-04-05,MANDI025,Rice,2498.0,2183.0,1,0
2026-04-05,MANDI028,Sugarcane,3798.0,3500.0,1,0
2026-04-05,MANDI029,Cotton,6140.15,6620.0,1,1
2026-04-05,MANDI030,Cotton,7397.22,6620.0,1,0
2026-04-05,MANDI031,Cotton,7341.48,6620.0,1,0
2026-04-05,MANDI032,Mustard,5094.0,5650.0,1,1
2026-04-05,MANDI033,Cotton,7158.9,6620.0,1,0
2026-04-05,MANDI034,Mustard,6227.65,5650.0,1,0
2026-04-05,MANDI038,Sugarcane,3393.43,3500.0,1,1
2026-04-05,MANDI039,Wheat,2303.077169994178,2275.0,1,0
2026-04-05,MANDI040,Maize,1911.0,2090.0,1,1
2026-04-05,MANDI040,Rice,2185.95,2183.0,1,0
2026-04-05,MANDI042,Rice,2141.11,2183.0,1,1
2026-04-05,MANDI046,Wheat,2517.0,2275.0,1,0
2026-04-05,MANDI051,Cotton,6597.0,6620.0,1,1
2026-04-05,MANDI051,Sugarcane,3722.18,3500.0,1,0
2026-04-05,MANDI054,Maize,2322.12,2090.0,1,0
2026-04-05,MANDI055,Maize,2281.94,2090.0,1,0
2026-04-05,MANDI056,Wheat,2237.0,2275.0,1,1
2026-04-05,MANDI057,Basmati,2410.47,2183.0,1,0
2026-04-06,MANDI003,Sugarcane,3466.8326738814385,3500.0,1,1
2026-04-06,MANDI009,Sugarcane,3372.9,3500.0,1,1
2026-04-06,MANDI010,Narma,6778.17,6620.0,1,0
2026-04-06,MANDI011,Sugarcane,3721.091153985609,3500.0,1,0
2026-04-06,MANDI011,Wheat,2228.12,2275.0,1,1
2026-04-06,MANDI013,Sugarcane,3683.54,3500.0,1,0
2026-04-06,MANDI015,Mustard,6014.93,5650.0,1,0
2026-04-06,MANDI015,Rice,2466.77,2183.0,1,0
2026-04-06,MANDI016,Wheat,2447.24,2275.0,1,0
2026-04-06,MANDI019,Sugarcane,3464.6,3500.0,1,1
2026-04-06,MANDI027,Cotton,6806.0,6620.0,1,0
2026-04-06,MANDI027,Sugarcane,3174.48,3500.0,1,1
2026-04-06,MANDI031,Maize,1931.58,2090.0,1,1
2026-04-06,MANDI033,Mustard,6051.0,5650.0,1,0
2026-04-06,MANDI034,Sugarcane,3564.75,3500.0,1,0
2026-04-06,MANDI036,Mustard,6537.0,5650.0,1,0
2026-04-06,MANDI037,Wheat,2307.48,2275.0,1,0
2026-04-06,MANDI038,Maize,2027.0,2090.0,1,1
2026-04-06,MANDI038,Wheat,2170.0,2275.0,1,1
2026-04-06,MANDI039,Sugarcane,3623.0,3500.0,1,0
2026-04-06,MANDI041,Mustard,5916.77,5650.0,1,0
2026-04-06,MANDI041,Narma,7341.2,6620.0,1,0
2026-04-06,MANDI044,Cotton,6321.746279937421,6620.0,1,1
2026-04-06,MANDI046,Wheat,2579.5355788650804,2275.0,1,0
2026-04-06,MANDI047,Mustard,5936.0,5650.0,1,0
2026-04-06,MANDI048,Sugarcane,3572.32,3500.0,1,0
2026-04-06,MANDI050,Sugarcane,3804.0,3500.0,1,0
2026-04-06,MANDI056,Sugarcane,3788.0,3500.0,1,0
2026-04-06,MANDI057,Mustard,6298.831329735454,5650.0,1,0
2026-04-06,MANDI057,Sugarcane,3816.34,3500.0,2,0
2026-04-07,MANDI001,Wheat,2648.0,2275.0,1,0
2026-04-07,MANDI002,Cotton,7228.0,6620.0,1,0
2026-04-07,MANDI002,Maize,2049.79,2090.0,1,1
2026-04-07,MANDI003,Mustard,5551.46,5650.0,1,1
2026-04-07,MANDI003,Rice,2026.5,2183.0,1,1
2026-04-07,MANDI004,Mustard,5505.67,5650.0,1,1
2026-04-07,MANDI004,Sugarcane,3382.0,3500.0,1,1
2026-04-07,MANDI006,Cotton,6436.0,6620.0,1,1
2026-04-07,MANDI007,Sugarcane,3384.94,3500.0,1,1
2026-04-07,MANDI010,Mustard,5158.85,5650.0,1,1
2026-04-07,MANDI011,Rice,2181.3,2183.0,1,1
2026-04-07,MANDI013,Cotton,7067.0,6620.0,1,0
2026-04-07,MANDI013,Wheat,2022.0,2275.0,1,1
2026-04-07,MANDI015,Maize,2452.0,2090.0,1,0
2026-04-07,MANDI016,Rice,2064.73,2183.0,1,1
2026-04-07,MANDI020,Cotton,6556.71,6620.0,1,1
2026-04-07,MANDI020,Rice,2147.03,2183.0,1,1
2026-04-07,MANDI024,Maize,2193.95,2090.0,1,0
2026-04-07,MANDI027,Rice,2074.67,2183.0,1,1
2026-04-07,MANDI029,Rice,2460.56,2183.0,1,0
2026-04-07,MANDI030,Cotton,7106.16,6620.0,1,0
2026-04-07,MANDI031,Sugarcane,3100.77,3500.0,1,1
2026-04-07,MANDI032,Sugarcane,3323.85,3500.0,1,1
2026-04-07,MANDI035,Wheat,2197.0,2275.0,1,1
2026-04-07,MANDI037,Rice,1973.73,2183.0,1,1
2026-04-07,MANDI038,Maize,1930.5,2090.0,1,1
2026-04-07,MANDI040,Maize,2066.0,2090.0,1,1
2026-04-07,MANDI041,Sugarcane,3447.0,3500.0,1,1
2026-04-07,MANDI043,Mustard,5542.72,5650.0,1,1
2026-04-07,MANDI044,Rice,1968.0,2183.0,1,1
2026-04-07,MANDI046,Cotton,6088.61,6620.0,1,1
2026-04-07,MANDI047,Maize,2097.0,2090.0,1,0
2026-04-07,MANDI051,Rice,2304.0,2183.0,1,0
2026-04-07,MANDI053,Wheat,2204.275,2275.0,2,2
2026-04-07,MANDI056,Mustard,5968.58,5650.0,1,0
2026-04-07,MANDI056,Wheat,2261.45,2275.0,1,1
2026-04-08,MANDI002,Basmati,1936.86,2183.0,1,1
2026-04-08,MANDI002,Rice,1988.31,2183.0,1,1
2026-04-08,MANDI007,Mustard,5419.0,5650.0,1,1
2026-04-08,MANDI008,Maize,1896.0,2090.0,1,1
2026-04-08,MANDI008,Rice,2408.0333673481773,2183.0,1,0
2026-04-08,MANDI009,Sugarcane,3374.09,3500.0,1,1
2026-04-08,MANDI010,Mustard,5932.52,5650.0,1,0
2026-04-08,MANDI012,Maize,1959.045,2090.0,2,2
2026-04-08,MANDI013,Maize,2182.63,2090.0,1,0
2026-04-08,MANDI014,Mustard,5989.91680396172,5650.0,1,0
2026-04-08,MANDI015,Sugarcane,3501.0,3500.0,1,0
2026-04-08,MANDI017,Mustard,5307.0,5650.0,1,1
2026-04-08,MANDI018,Cotton,6828.0,6620.0,1,0
2026-04-08,MANDI018,Rice,2106.0,2183.0,1,1
2026-04-08,MANDI019,Maize,1984.0,2090.0,1,1
2026-04-08,MANDI019,Mustard,5822.77,5650.0,1,0
2026-04-08,MANDI019,Wheat,2420.06,2275.0,1,0
2026-04-08,MANDI020,Cotton,7072.73,6620.0,1,0
2026-04-08,MANDI020,Mustard,6094.0,5650.0,1,0
2026-04-08,MANDI021,Wheat,2520.9,2275.0,1,0
2026-04-08,MANDI022,Mustard,5866.0,5650.0,1,0
2026-04-08,MANDI022,Narma,7562.0,6620.0,1,0
2026-04-08,MANDI024,Maize,2142.54,2090.0,1,0
2026-04-08,MANDI025,Wheat,2425.0,2275.0,1,0
2026-04-08,MANDI026,Basmati,2008.0,2183.0,1,1
2026-04-08,MANDI026,Maize,2133.0,2090.0,1,0
2026-04-08,MANDI026,Sugarcane,3400.0,3500.0,1,1
2026-04-08,MANDI028,Rice,2075.76,2183.0,1,1
2026-04-08,MANDI029,Rice,2010.8,2183.0,1,1
2026-04-08,MANDI030,Cotton,7296.0,6620.0,1,0
2026-04-08,MANDI031,Mustard,5628.36,5650.0,1,1
2026-04-08,MANDI034,Basmati,2332.57,2183.0,1,0
2026-04-08,MANDI034,Rice,2337.0,2183.0,1,0
2026-04-08,MANDI035,Mustard,5473.0,5650.0,1,1
2026-04-08,MANDI035,Wheat,2014.0,2275.0,1,1
2026-04-08,MANDI036,Maize,2234.26,2090.0,1,0
2026-04-08,MANDI037,Maize,2086.3,2090.0,1,1
2026-04-08,MANDI037,Sugarcane,3191.07,3500.0,1,1
2026-04-08,MANDI038,Wheat,2510.04,2275.0,1,0
2026-04-08,MANDI040,Rice,2316.0,2183.0,1,0
2026-04-08,MANDI040,Wheat,2008.0,2275.0,1,1
2026-04-08,MANDI041,Cotton,6960.1,6620.0,1,0
2026-04-08,MANDI049,Sugarcane,3695.41,3500.0,1,0
2026-04-08,MANDI050,Sugarcane,3370.0,3500.0,1,1
2026-04-08,MANDI051,Mustard,5246.74,5650.0,1,1
2026-04-08,MANDI052,Wheat,2253.52,2275.0,1,1
2026-04-08,MANDI055,Mustard,5821.83,5650.0,1,0
2026-04-08,MANDI055,Narma,6232.809097933323,6620.0,1,1
2026-04-08,MANDI055,Wheat,2331.21,2275.0,1,0
2026-04-09,MANDI003,Wheat,2291.0,2275.0,1,0
2026-04-09,MANDI005,Basmati,2520.0,2183.0,1,0
2026-04-09,MANDI005,Rice,2408.35,2183.0,1,0
2026-04-09,MANDI007,Wheat,2533.2,2275.0,1,0
2026-04-09,MANDI008,Mustard,5426.0,5650.0,1,1
2026-04-09,MANDI010,Mustard,6400.735000000001,5650.0,2,0
2026-04-09,MANDI013,Sugarcane,3687.0,3500.0,1,0
2026-04-09,MANDI015,Sugarcane,3856.73,3500.0,1,0
2026-04-09,MANDI016,Maize,2079.0,2090.0,1,1
2026-04-09,MANDI017,Mustard,5346.43,5650.0,1,1
2026-04-09,MANDI017,Rice,2065.0,2183.0,1,1
2026-04-09,MANDI019,Cotton,6600.06,6620.0,1,1
2026-04-09,MANDI021,Cotton,7525.555490820452,6620.0,1,0
2026-04-09,MANDI024,Rice,2014.98,2183.0,1,1
2026-04-09,MANDI026,Cotton,6749.79,6620.0,1,0
2026-04-09,MANDI030,Cotton,7068.88,6620.0,1,0
2026-04-09,MANDI030,Maize,2134.0,2090.0,1,0
2026-04-09,MANDI031,Mustard,5902.59,5650.0,1,0
2026-04-09,MANDI032,Maize,2398.0,2090.0,1,0
2026-04-09,MANDI034,Mustard,6376.21,5650.0,1,0
2026-04-09,MANDI035,Cotton,7123.1807915499285,6620.0,1,0
2026-04-09,MANDI035,Rice,2095.09,2183.0,1,1
2026-04-09,MANDI035,Wheat,2242.07,2275.0,1,1
2026-04-09,MANDI037,Cotton,6016.86,6620.0,1,1
2026-04-09,MANDI037,Narma,6970.0,6620.0,1,0
2026-04-09,MANDI042,Cotton,6638.43,6620.0,1,0
2026-04-09,MANDI044,Maize,2044.384126688834,2090.0,1,1
2026-04-09,MANDI044,Wheat,2164.44,2275.0,1,1
2026-04-09,MANDI045,Rice,2135.28,2183.0,1,1
2026-04-09,MANDI045,Wheat,2369.6361614306643,2275.0,1,0
2026-04-09,MANDI046,Rice,2210.1,2183.0,1,0
2026-04-09,MANDI046,Wheat,2223.33,2275.0,1,1
2026-04-09,MANDI051,Maize,2173.0,2090.0,1,0
2026-04-09,MANDI051,Wheat,2320.03,2275.0,1,0
2026-04-09,MANDI055,Cotton,7036.23,6620.0,1,0
2026-04-09,MANDI056,Rice,2422.48,2183.0,1,0
2026-04-10,MANDI004,Mustard,5438.16,5650.0,1,1
2026-04-10,MANDI007,Narma,6843.0,6620.0,1,0
2026-04-10,MANDI013,Maize,2116.0,2090.0,1,0
2026-04-10,MANDI015,Mustard,5668.0,5650.0,1,0
2026-04-10,MANDI021,Cotton,5962.0,6620.0,1,1
2026-04-10,MANDI025,Maize,2131.0,2090.0,1,0
2026-04-10,MANDI025,Sugarcane,3928.0,3500.0,1,0
2026-04-10,MANDI033,Sugarcane,3231.3,3500.0,1,1
2026-04-10,MANDI037,Maize,2347.84,2090.0,1,0
2026-04-10,MANDI038,Sugarcane,3224.0,3500.0,1,1
2026-04-10,MANDI039,Maize,2092.0,2090.0,1,0
2026-04-10,MANDI040,Wheat,2075.96,2275.0,1,1
2026-04-10,MANDI042,Basmati,2148.0,2183.0,1,1
2026-04-10,MANDI042,Sugarcane,4044.0,3500.0,1,0
2026-04-10,MANDI043,Rice,2313.2099969867386,2183.0,1,0
2026-04-10,MANDI045,Rice,2067.33,2183.0,1,1
2026-04-10,MANDI048,Mustard,5660.737743596241,5650.0,1,0
2026-04-10,MANDI051,Mustard,6471.19,5650.0,1,0
2026-04-11,MANDI001,Mustard,6105.0,5650.0,1,0
2026-04-11,MANDI008,Sugarcane,3399.21,3500.0,1,1
2026-04-11,MANDI010,Mustard,5350.0,5650.0,1,1
2026-04-11,MANDI011,Sugarcane,3880.03,3500.0,1,0
2026-04-11,MANDI014,Mustard,6058.0,5650.0,1,0
2026-04-11,MANDI015,Wheat,2229.03,2275.0,1,1
2026-04-11,MANDI020,Sugarcane,3593.0,3500.0,1,0
2026-04-11,MANDI022,Cotton,6396.15,6620.0,1,1
2026-04-11,MANDI027,Mustard,5048.0,5650.0,1,1
2026-04-11,MANDI027,Sugarcane,3536.57,3500.0,1,0
2026-04-11,MANDI029,Wheat,2321.49,2275.0,1,0
2026-04-11,MANDI032,Narma,6870.37,6620.0,1,0
2026-04-11,MANDI034,Wheat,2555.0,2275.0,1,0
2026-04-11,MANDI040,Sugarcane,3739.0,3500.0,1,0
2026-04-11,MANDI043,Wheat,2262.37,2275.0,1,1
2026-04-11,MANDI045,Narma,6479.57,6620.0,1,1
2026-04-11,MANDI048,Wheat,2013.708986476543,2275.0,1,1
2026-04-11,MANDI049,Maize,2021.55,2090.0,1,1
2026-04-11,MANDI052,Narma,7101.33,6620.0,1,0
2026-04-12,MANDI008,Mustard,5396.86,5650.0,1,1
2026-04-12,MANDI010,Wheat,2257.57,2275.0,1,1
2026-04-12,MANDI013,Rice,2384.93,2183.0,1,0
2026-04-12,MANDI014,Maize,2213.86,2090.0,1,0
2026-04-12,MANDI019,Maize,2027.24,2090.0,1,1
2026-04-12,MANDI020,Wheat,2200.7,2275.0,1,1
2026-04-12,MANDI029,Rice,2041.2247864659728,2183.0,1,1
2026-04-12,MANDI037,Maize,1966.66,2090.0,1,1
2026-04-12,MANDI038,Cotton,7049.0,6620.0,1,0
2026-04-12,MANDI039,Maize,2131.54,2090.0,2,1
2026-04-12,MANDI040,Maize,1972.47,2090.0,1,1
2026-04-12,MANDI042,Sugarcane,3423.23,3500.0,1,1
2026-04-12,MANDI046,Wheat,2429.01,2275.0,1,0
2026-04-12,MANDI053,Rice,2230.68,2183.0,1,0
2026-04-12,MANDI057,Sugarcane,3694.42,3500.0,1,0
2026-04-12,MANDI057,Wheat,2386.0,2275.0,1,0
2026-04-13,MANDI002,Maize,2274.41,2090.0,1,0
2026-04-13,MANDI004,Mustard,5749.3,5650.0,2,1
2026-04-13,MANDI007,Rice,2112.09,2183.0,1,1
2026-04-13,MANDI008,Wheat,2184.25,2275.0,1,1
2026-04-13,MANDI010,Cotton,7258.618468957931,6620.0,1,0
2026-04-13,MANDI011,Narma,6783.0,6620.0,1,0
2026-04-13,MANDI014,Mustard,5692.724554367788,5650.0,1,0
2026-04-13,MANDI016,Basmati,2155.29,2183.0,1,1
2026-04-13,MANDI016,Cotton,7379.59,6620.0,1,0
2026-04-13,MANDI017,Mustard,5322.0,5650.0,1,1
2026-04-13,MANDI017,Sugarcane,3369.0664566962764,3500.0,1,1
2026-04-13,MANDI019,Mustard,5778.0,5650.0,1,0
2026-04-13,MANDI020,Cotton,6252.804223391551,6620.0,1,1
2026-04-13,MANDI023,Cotton,6754.23,6620.0,1,0
2026-04-13,MANDI023,Rice,2434.2,2183.0,1,0
2026-04-13,MANDI023,Sugarcane,3454.0,3500.0,1,1
2026-04-13,MANDI026,Maize,2192.37,2090.0,1,0
2026-04-13,MANDI026,Sugarcane,3320.95,3500.0,1,1
2026-04-13,MANDI029,Maize,2062.55,2090.0,1,1
2026-04-13,MANDI029,Rice,2146.0,2183.0,1,1
2026-04-13,MANDI030,Wheat,2506.535,2275.0,2,0
2026-04-13,MANDI031,Cotton,6666.0,6620.0,1,0
2026-04-13,MANDI031,Maize,1937.0,2090.0,1,1
2026-04-13,MANDI031,Wheat,2189.8,2275.0,1,1
2026-04-13,MANDI033,Wheat,2044.0,2275.0,1,1
2026-04-13,MANDI034,Maize,2251.0,2090.0,1,0
2026-04-13,MANDI036,Mustard,6265.235000000001,5650.0,2,0
2026-04-13,MANDI036,Sugarcane,3809.794482115488,3500.0,1,0
2026-04-13,MANDI038,Mustard,6225.8528077937735,5650.0,1,0
2026-04-13,MANDI038,Sugarcane,3192.27,3500.0,1,1
2026-04-13,MANDI044,Maize,2339.0,2090.0,1,0
2026-04-13,MANDI044,Rice,2077.41,2183.0,1,1
2026-04-13,MANDI045,Cotton,7409.11,6620.0,1,0
2026-04-13,MANDI047,Narma,6322.33,6620.0,1,1
2026-04-13,MANDI051,Cotton,7018.0,6620.0,1,0
2026-04-13,MANDI052,Maize,2097.45,2090.0,1,0
2026-04-13,MANDI056,Mustard,6039.0,5650.0,1,0
2026-04-13,MANDI056,Sugarcane,3702.04,3500.0,1,0
2026-04-14,MANDI004,Cotton,6547.0,6620.0,1,1
2026-04-14,MANDI004,Rice,2375.0,2183.0,1,0
2026-04-14,MANDI004,Sugarcane,3871.25,3500.0,1,0
2026-04-14,MANDI007,Cotton,6328.0,6620.0,1,1
2026-04-14,MANDI010,Maize,2166.251663165921,2090.0,1,0
2026-04-14,MANDI013,Mustard,5263.05,5650.0,1,1
2026-04-14,MANDI017,Sugarcane,3511.0,3500.0,1,0
2026-04-14,MANDI024,Narma,6703.56,6620.0,1,0
2026-04-14,MANDI031,Cotton,6010.5,6620.0,1,1
2026-04-14,MANDI031,Wheat,2380.51,2275.0,1,0
2026-04-14,MANDI033,Wheat,2279.81,2275.0,1,0
2026-04-14,MANDI034,Cotton,6663.04,6620.0,1,0
2026-04-14,MANDI035,Sugarcane,3075.97,3500.0,1,1
2026-04-14,MANDI040,Rice,2063.53,2183.0,1,1
2026-04-14,MANDI041,Rice,2044.0,2183.0,1,1
2026-04-14,MANDI041,Sugarcane,3117.0,3500.0,1,1
2026-04-14,MANDI045,Cotton,6212.62,6620.0,1,1
2026-04-14,MANDI047,Maize,2003.01,2090.0,1,1
2026-04-14,MANDI048,Maize,1892.1,2090.0,1,1
2026-04-14,MANDI049,Maize,2226.0,2090.0,1,0
2026-04-14,MANDI049,Rice,2447.42,2183.0,1,0
2026-04-14,MANDI055,Cotton,6481.59,6620.0,1,1
2026-04-14,MANDI056,Maize,2285.52,2090.0,1,0
2026-04-14,MANDI056,Mustard,5435.62,5650.0,1,1
2026-04-15,MANDI003,Cotton,6562.0,6620.0,1,1
2026-04-15,MANDI003,Rice,1975.33,2183.0,1,1
2026-04-15,MANDI008,Maize,2097.3,2090.0,1,0
2026-04-15,MANDI010,Sugarcane,4097.321782324898,3500.0,1,0
2026-04-15,MANDI012,Maize,2287.2706193480853,2090.0,1,0
2026-04-15,MANDI014,Mustard,5468.39,5650.0,1,1
2026-04-15,MANDI017,Cotton,7133.0,6620.0,1,0
2026-04-15,MANDI019,Wheat,2256.0,2275.0,1,1
2026-04-15,MANDI022,Maize,2148.76,2090.0,1,0
2026-04-15,MANDI022,Wheat,2255.0,2275.0,1,1
2026-04-15,MANDI024,Cotton,7195.0,6620.0,1,0
2026-04-15,MANDI025,Rice,2255.4162009942806,2183.0,1,0
2026-04-15,MANDI028,Cotton,6301.62,6620.0,1,1
2026-04-15,MANDI028,Sugarcane,3373.84,3500.0,1,1
2026-04-15,MANDI029,Cotton,6475.0,6620.0,1,1
2026-04-15,MANDI030,Rice,2482.1199029651616,2183.0,1,0
2026-04-15,MANDI034,Wheat,2363.38,2275.0,1,0
2026-04-15,MANDI036,Rice,2178.14,2183.0,1,1
2026-04-15,MANDI037,Basmati,2120.62,2183.0,1,1
2026-04-15,MANDI040,Cotton,6960.86,6620.0,1,0
2026-04-15,MANDI041,Cotton,6829.09,6620.0,1,0
2026-04-15,MANDI041,Mustard,5980.0,5650.0,1,0
2026-04-15,MANDI044,Cotton,7664.66,6620.0,1,0
2026-04-15,MANDI046,Maize,2154.0,2090.0,1,0
2026-04-15,MANDI047,Wheat,2392.7336664829472,2275.0,1,0
2026-04-15,MANDI050,Sugarcane,3593.79,3500.0,1,0
2026-04-15,MANDI050,Wheat,2132.37,2275.0,1,1
2026-04-15,MANDI051,Sugarcane,3364.0,3500.0,1,1
2026-04-15,MANDI054,Maize,2249.0,2090.0,1,0
2026-04-16,MANDI004,Cotton,6456.28108863687,6620.0,1,1
2026-04-16,MANDI006,Rice,2285.95,2183.0,1,0
2026-04-16,MANDI006,Wheat,2255.56,2275.0,1,1
2026-04-16,MANDI007,Mustard,6238.0,5650.0,1,0
2026-04-16,MANDI008,Rice,2139.0,2183.0,1,1
2026-04-16,MANDI015,Cotton,6649.0,6620.0,1,0
2026-04-16,MANDI015,Wheat,2489.32,2275.0,1,0
2026-04-16,MANDI016,Sugarcane,3766.24,3500.0,1,0
2026-04-16,MANDI020,Maize,2159.0,2090.0,1,0
2026-04-16,MANDI023,Rice,2332.29,2183.0,1,0
2026-04-16,MANDI026,Sugarcane,3126.0,3500.0,1,1
2026-04-16,MANDI027,Sugarcane,3907.31,3500.0,1,0
2026-04-16,MANDI028,Cotton,6889.377680854337,6620.0,1,0
2026-04-16,MANDI031,Sugarcane,3674.51,3500.0,1,0
2026-04-16,MANDI032,Maize,2237.75,2090.0,1,0
2026-04-16,MANDI033,Sugarcane,3729.31,3500.0,1,0
2026-04-16,MANDI034,Mustard,6272.0,5650.0,1,0
2026-04-16,MANDI034,Wheat,2230.56,2275.0,1,1
2026-04-16,MANDI036,Maize,1999.0,2090.0,1,1
2026-04-16,MANDI037,Wheat,2402.89,2275.0,1,0
2026-04-16,MANDI042,Rice,2436.0,2183.0,1,0
2026-04-16,MANDI042,Wheat,2384.0,2275.0,1,0
2026-04-16,MANDI043,Sugarcane,3180.59,3500.0,1,1
2026-04-16,MANDI044,Maize,2046.03,2090.0,1,1
2026-04-16,MANDI044,Wheat,2397.67,2275.0,1,0
2026-04-16,MANDI049,Wheat,2137.1,2275.0,1,1
2026-04-16,MANDI051,Cotton,6750.41,6620.0,1,0
2026-04-16,MANDI051,Rice,2399.4972425012525,2183.0,1,0
2026-04-16,MANDI051,Wheat,2366.12,2275.0,1,0
2026-04-16,MANDI052,Rice,2025.0,2183.0,1,1
2026-04-16,MANDI054,Cotton,6470.0,6620.0,1,1
2026-04-16,MANDI056,Cotton,7221.04,6620.0,1,0
2026-04-16,MANDI056,Mustard,5358.0,5650.0,1,1
2026-04-16,MANDI057,Mustard,6267.91,5650.0,1,0
2026-04-17,MANDI004,Maize,2147.28487140294,2090.0,1,0
2026-04-17,MANDI004,Mustard,5197.26,5650.0,1,1
2026-04-17,MANDI007,Maize,2065.2472369714933,2090.0,1,1
2026-04-17,MANDI007,Sugarcane,3912.0,3500.0,1,0
2026-04-17,MANDI013,Cotton,6122.37,6620.0,1,1
2026-04-17,MANDI013,Wheat,2385.51,2275.0,1,0
2026-04-17,MANDI016,Cotton,6112.7618412174015,6620.0,1,1
2026-04-17,MANDI016,Sugarcane,3763.59,3500.0,1,0
2026-04-17,MANDI018,Narma,6493.0,6620.0,1,1
2026-04-17,MANDI019,Cotton,6258.0,6620.0,1,1
2026-04-17,MANDI019,Maize,1917.9,2090.0,1,1
2026-04-17,MANDI022,Rice,2147.0,2183.0,1,1
2026-04-17,MANDI023,Maize,2068.0,2090.0,1,1
2026-04-17,MANDI023,Sugarcane,3259.7,3500.0,1,1
2026-04-17,MANDI027,Mustard,5656.0,5650.0,1,0
2026-04-17,MANDI032,Cotton,7230.09,6620.0,1,0
2026-04-17,MANDI033,Rice,2217.06,2183.0,1,0
2026-04-17,MANDI034,Rice,2271.99,2183.0,1,0
2026-04-17,MANDI036,Wheat,2371.85,2275.0,1,0
2026-04-17,MANDI040,Rice,2171.33,2183.0,1,1
2026-04-17,MANDI042,Mustard,5897.0,5650.0,1,0
2026-04-17,MANDI043,Basmati,2048.38,2183.0,1,1
2026-04-17,MANDI044,Cotton,6251.61,6620.0,1,1
2026-04-17,MANDI046,Mustard,5950.41,5650.0,1,0
2026-04-17,MANDI047,Rice,2288.0,2183.0,1,0
2026-04-17,MANDI047,Wheat,2280.65,2275.0,1,0
2026-04-17,MANDI053,Narma,6672.5,6620.0,1,0
2026-04-17,MANDI053,Rice,2197.02,2183.0,2,0
2026-04-17,MANDI053,Sugarcane,3674.0,3500.0,1,0
2026-04-17,MANDI054,Rice,2046.78,2183.0,1,1
2026-04-17,MANDI057,Cotton,7463.38,6620.0,1,0
2026-04-17,MANDI057,Rice,2253.63,2183.0,1,0
2026-04-17,MANDI057,Wheat,2305.0,2275.0,1,0
2026-04-18,MANDI002,Maize,2200.7873462420553,2090.0,2,0
2026-04-18,MANDI002,Wheat,2596.88,2275.0,1,0
2026-04-18,MANDI003,Maize,2236.86,2090.0,1,0
2026-04-18,MANDI004,Basmati,2343.22,2183.0,1,0
2026-04-18,MANDI004,Sugarcane,3493.95,3500.0,1,1
2026-04-18,MANDI006,Narma,7285.05,6620.0,1,0
2026-04-18,MANDI007,Cotton,7218.0,6620.0,1,0
2026-04-18,MANDI007,Maize,2213.99,2090.0,1,0
2026-04-18,MANDI008,Mustard,6041.31,5650.0,1,0
2026-04-18,MANDI008,Wheat,2352.0,2275.0,1,0
2026-04-18,MANDI009,Wheat,2226.61,2275.0,1,1
2026-04-18,MANDI010,Wheat,2083.0,2275.0,1,1
2026-04-18,MANDI012,Cotton,7071.292567242997,6620.0,1,0
2026-04-18,MANDI012,Mustard,5853.99,5650.0,1,0
2026-04-18,MANDI015,Mustard,5418.716113400174,5650.0,1,1
2026-04-18,MANDI015,Sugarcane,3609.0,3500.0,1,0
2026-04-18,MANDI017,Maize,1948.0,2090.0,1,1
2026-04-18,MANDI018,Rice,2204.85,2183.0,1,0
2026-04-18,MANDI019,Wheat,2463.92,2275.0,1,0
2026-04-18,MANDI021,Maize,2285.0,2090.0,1,0
2026-04-18,MANDI021,Wheat,2218.29,2275.0,1,1
2026-04-18,MANDI022,Cotton,7219.0,6620.0,1,0
2026-04-18,MANDI023,Rice,2061.0,2183.0,1,1
2026-04-18,MANDI024,Maize,2347.0,2090.0,1,0
2026-04-18,MANDI024,Rice,2099.968695814477,2183.0,1,1
2026-04-18,MANDI025,Mustard,5342.51,5650.0,1,1
2026-04-18,MANDI027,Mustard,6158.08,5650.0,1,0
2026-04-18,MANDI028,Cotton,6095.35,6620.0,1,1
2026-04-18,MANDI028,Rice,2098.44,2183.0,1,1
2026-04-18,MANDI029,Mustard,6080.59,5650.0,1,0
2026-04-18,MANDI030,Basmati,2187.7,2183.0,1,0
2026-04-18,MANDI030,Wheat,2376.3267705795365,2275.0,1,0
2026-04-18,MANDI031,Cotton,6091.6,6620.0,1,1
2026-04-18,MANDI032,Sugarcane,3291.67,3500.0,1,1
2026-04-18,MANDI033,Sugarcane,3912.0,3500.0,1,0
2026-04-18,MANDI035,Maize,2039.52,2090.0,1,1
2026-04-18,MANDI037,Maize,2119.39,2090.0,1,0
2026-04-18,MANDI038,Basmati,2272.196527136316,2183.0,1,0
2026-04-18,MANDI038,Maize,1942.38,2090.0,1,1
2026-04-18,MANDI040,Maize,2250.52,2090.0,1,0
2026-04-18,MANDI045,Wheat,2225.145,2275.0,2,1
2026-04-18,MANDI046,Mustard,5394.9,5650.0,1,1
2026-04-18,MANDI046,Sugarcane,3802.0,3500.0,1,0
2026-04-18,MANDI047,Sugarcane,3205.75,3500.0,1,1
2026-04-18,MANDI048,Wheat,2105.75,2275.0,1,1
2026-04-18,MANDI049,Sugarcane,3893.39,3500.0,1,0
2026-04-18,MANDI050,Maize,2260.97,2090.0,1,0
2026-04-18,MANDI050,Mustard,5284.0,5650.0,1,1
2026-04-18,MANDI053,Mustard,5805.0,5650.0,1,0
2026-04-18,MANDI055,Maize,1932.42,2090.0,1,1
2026-04-19,MANDI001,Cotton,6581.64,6620.0,1,1
2026-04-19,MANDI001,Rice,2434.0,2183.0,1,0
2026-04-19,MANDI005,Sugarcane,4022.47,3500.0,1,0
2026-04-19,MANDI006,Maize,2150.095,2090.0,2,1
2026-04-19,MANDI006,Mustard,5896.09,5650.0,1,0
2026-04-19,MANDI008,Mustard,5685.35,5650.0,1,0
2026-04-19,MANDI008,Rice,2323.1262066551326,2183.0,2,0
2026-04-19,MANDI008,Wheat,2233.0,2275.0,1,1
2026-04-19,MANDI010,Wheat,2241.53,2275.0,1,1
2026-04-19,MANDI011,Sugarcane,3293.32,3500.0,1,1
2026-04-19,MANDI014,Rice,2168.36,2183.0,1,1
2026-04-19,MANDI016,Mustard,6221.13,5650.0,1,0
2026-04-19,MANDI018,Mustard,5783.93,5650.0,1,0
2026-04-19,MANDI018,Rice,2115.508823896639,2183.0,1,1
2026-04-19,MANDI019,Mustard,5387.25,5650.0,1,1
2026-04-19,MANDI032,Cotton,7033.0,6620.0,1,0
2026-04-19,MANDI033,Mustard,6051.06,5650.0,1,0
2026-04-19,MANDI033,Wheat,2231.0,2275.0,1,1
2026-04-19,MANDI036,Narma,7058.157799637411,6620.0,1,0
2026-04-19,MANDI036,Wheat,2283.0,2275.0,1,0
2026-04-19,MANDI041,Mustard,5764.51,5650.0,1,0
2026-04-19,MANDI044,Narma,6921.25764987882,6620.0,1,0
2026-04-19,MANDI048,Sugarcane,3608.78,3500.0,1,0
2026-04-19,MANDI050,Narma,6390.38,6620.0,1,1
2026-04-19,MANDI050,Rice,2473.0,2183.0,1,0
2026-04-19,MANDI051,Rice,2270.83,2183.0,1,0
2026-04-19,MANDI053,Maize,2041.11,2090.0,1,1
2026-04-19,MANDI053,Wheat,2452.53,2275.0,1,0
2026-04-19,MANDI054,Wheat,2524.51,2275.0,1,0
2026-04-19,MANDI056,Maize,2342.52025392837,2090.0,1,0
2026-04-19,MANDI057,Cotton,6796.0,6620.0,1,0
2026-04-20,MANDI002,Mustard,6128.84,5650.0,1,0
2026-04-20,MANDI003,Mustard,5607.45,5650.0,1,1
2026-04-20,MANDI005,Sugarcane,3305.68,3500.0,1,1
2026-04-20,MANDI006,Maize,2146.0,2090.0,1,0
2026-04-20,MANDI006,Wheat,2388.79,2275.0,1,0
2026-04-20,MANDI008,Rice,2304.140502020905,2183.0,1,0
2026-04-20,MANDI020,Cotton,6125.0,6620.0,1,1
2026-04-20,MANDI021,Rice,2427.41,2183.0,1,0
2026-04-20,MANDI024,Rice,2447.220700763857,2183.0,1,0
2026-04-20,MANDI026,Sugarcane,3784.53,3500.0,1,0
2026-04-20,MANDI027,Mustard,6423.0,5650.0,1,0
2026-04-20,MANDI030,Cotton,6375.69,6620.0,1,1
2026-04-20,MANDI033,Mustard,6042.0,5650.0,1,0
2026-04-20,MANDI034,Mustard,5881.0,5650.0,1,0
2026-04-20,MANDI034,Wheat,2628.0,2275.0,1,0
2026-04-20,MANDI041,Mustard,5854.0,5650.0,2,1
2026-04-20,MANDI044,Sugarcane,3723.06,3500.0,1,0
2026-04-20,MANDI049,Mustard,5619.94,5650.0,1,1
2026-04-20,MANDI051,Cotton,6778.437679799967,6620.0,2,1
2026-04-20,MANDI051,Mustard,5871.423172883025,5650.0,2,0
2026-04-20,MANDI055,Mustard,5802.9,5650.0,1,0
2026-04-20,MANDI056,Mustard,6509.07,5650.0,1,0
2026-04-20,MANDI057,Cotton,6824.0,6620.0,1,0
2026-04-21,MANDI002,Maize,2235.977276828525,2090.0,1,0
2026-04-21,MANDI002,Mustard,5256.39,5650.0,1,1
2026-04-21,MANDI005,Cotton,5850.2,6620.0,1,1
2026-04-21,MANDI007,Narma,6239.7,6620.0,1,1
2026-04-21,MANDI008,Mustard,5681.05,5650.0,1,0
2026-04-21,MANDI008,Sugarcane,3679.24,3500.0,1,0
2026-04-21,MANDI009,Sugarcane,3562.71,3500.0,1,0
2026-04-21,MANDI011,Sugarcane,3520.7731620419927,3500.0,1,0
2026-04-21,MANDI012,Basmati,2234.21,2183.0,1,0
2026-04-21,MANDI013,Mustard,6180.3,5650.0,1,0
2026-04-21,MANDI014,Maize,2137.11,2090.0,1,0
2026-04-21,MANDI015,Maize,2295.49,2090.0,1,0
2026-04-21,MANDI015,Sugarcane,3863.5,3500.0,1,0
2026-04-21,MANDI020,Wheat,2139.0,2275.0,1,1
2026-04-21,MANDI024,Maize,2192.0,2090.0,1,0
2026-04-21,MANDI024,Wheat,2275.32,2275.0,1,0
2026-04-21,MANDI025,Wheat,2417.0,2275.0,1,0
2026-04-21,MANDI026,Cotton,7200.0,6620.0,1,0
2026-04-21,MANDI027,Cotton,6695.01,6620.0,1,0
2026-04-21,MANDI034,Maize,2064.64,2090.0,1,1
2026-04-21,MANDI036,Sugarcane,3850.73,3500.0,1,0
2026-04-21,MANDI039,Maize,2324.59,2090.0,1,0
2026-04-21,MANDI039,Mustard,5260.0,5650.0,1,1
2026-04-21,MANDI043,Wheat,2025.0,2275.0,1,1
2026-04-21,MANDI053,Cotton,6268.79,6620.0,1,1
2026-04-21,MANDI054,Wheat,2210.22,2275.0,1,1
2026-04-21,MANDI055,Wheat,2201.43,2275.0,1,1
2026-04-22,MANDI007,Mustard,5895.0,5650.0,1,0
2026-04-22,MANDI007,Narma,7486.22,6620.0,1,0
2026-04-22,MANDI009,Rice,2322.0,2183.0,1,0
2026-04-22,MANDI012,Sugarcane,3813.26,3500.0,1,0
2026-04-22,MANDI013,Rice,2212.0,2183.0,1,0
2026-04-22,MANDI013,Sugarcane,3809.57,3500.0,1,0
2026-04-22,MANDI016,Mustard,5931.08,5650.0,1,0
2026-04-22,MANDI018,Rice,2043.0,2183.0,1,1
2026-04-22,MANDI020,Cotton,6861.0,6620.0,1,0
2026-04-22,MANDI020,Mustard,5684.63,5650.0,1,0
2026-04-22,MANDI023,Maize,2292.4387843825234,2090.0,1,0
2026-04-22,MANDI024,Rice,2170.49,2183.0,1,1
2026-04-22,MANDI026,Rice,1957.61,2183.0,1,1
2026-04-22,MANDI028,Rice,1990.0,2183.0,1,1
2026-04-22,MANDI030,Rice,2384.55,2183.0,1,0
2026-04-22,MANDI030,Sugarcane,3463.0,3500.0,1,1
2026-04-22,MANDI031,Rice,2114.36,2183.0,1,1
2026-04-22,MANDI032,Cotton,6792.24,6620.0,1,0
2026-04-22,MANDI034,Cotton,7000.82,6620.0,1,0
2026-04-22,MANDI034,Narma,7628.52,6620.0,1,0
2026-04-22,MANDI035,Wheat,2443.0,2275.0,1,0
2026-04-22,MANDI036,Mustard,5352.77,5650.0,1,1
2026-04-22,MANDI037,Cotton,7291.0,6620.0,1,0
2026-04-22,MANDI039,Cotton,6518.67,6620.0,1,1
2026-04-22,MANDI040,Sugarcane,3792.88,3500.0,1,0
2026-04-22,MANDI042,Cotton,5887.65,6620.0,1,1
2026-04-22,MANDI044,Sugarcane,3865.41,3500.0,1,0
2026-04-22,MANDI045,Rice,2340.5550000000003,2183.0,2,0
2026-04-22,MANDI046,Rice,2159.0,2183.0,1,1
2026-04-22,MANDI047,Sugarcane,3456.38,3500.0,1,1
2026-04-22,MANDI047,Wheat,2102.282925652455,2275.0,1,1
2026-04-22,MANDI051,Maize,2131.88,2090.0,1,0
2026-04-22,MANDI052,Rice,2446.27,2183.0,1,0
2026-04-22,MANDI057,Sugarcane,3222.83,3500.0,1,1
2026-04-23,MANDI002,Rice,2309.35,2183.0,1,0
2026-04-23,MANDI005,Cotton,6457.0,6620.0,1,1
2026-04-23,MANDI008,Maize,2073.26,2090.0,1,1
2026-04-23,MANDI009,Rice,2125.0,2183.0,1,1
2026-04-23,MANDI010,Cotton,6431.3,6620.0,1,1
2026-04-23,MANDI010,Wheat,2423.62,2275.0,1,0
2026-04-23,MANDI012,Rice,2313.0,2183.0,1,0
2026-04-23,MANDI013,Maize,1932.0,2090.0,1,1
2026-04-23,MANDI014,Sugarcane,3577.3116320015224,3500.0,2,0
2026-04-23,MANDI015,Mustard,5143.0,5650.0,1,1
2026-04-23,MANDI016,Maize,2003.0,2090.0,1,1
2026-04-23,MANDI016,Wheat,2139.31,2275.0,1,1
2026-04-23,MANDI022,Mustard,5510.0,5650.0,1,1
2026-04-23,MANDI023,Rice,2411.16,2183.0,2,0
2026-04-23,MANDI025,Maize,2357.37,2090.0,1,0
2026-04-23,MANDI030,Narma,7687.58,6620.0,1,0
2026-04-23,MANDI033,Maize,2106.57,2090.0,1,0
2026-04-23,MANDI034,Mustard,5943.03,5650.0,1,0
2026-04-23,MANDI035,Mustard,6237.0,5650.0,1,0
2026-04-23,MANDI037,Mustard,5170.26964708067,5650.0,1,1
2026-04-23,MANDI037,Rice,2270.4848000327515,2183.0,1,0
2026-04-23,MANDI041,Mustard,6466.24,5650.0,1,0
2026-04-23,MANDI041,Rice,2379.5719710772973,2183.0,1,0
2026-04-23,MANDI041,Sugarcane,3443.64,3500.0,1,1
2026-04-23,MANDI042,Sugarcane,3911.0,3500.0,1,0
2026-04-23,MANDI043,Maize,2192.12,2090.0,1,0
2026-04-23,MANDI045,Wheat,2233.28,2275.0,1,1
2026-04-23,MANDI046,Mustard,5884.83,5650.0,1,0
2026-04-23,MANDI047,Mustard,5451.0,5650.0,1,1
2026-04-23,MANDI048,Cotton,6512.0,6620.0,1,1
2026-04-23,MANDI051,Rice,2344.0,2183.0,1,0
2026-04-23,MANDI053,Sugarcane,3846.2401066512393,3500.0,1,0
2026-04-23,MANDI055,Cotton,7157.42,6620.0,1,0
2026-04-23,MANDI056,Maize,2127.18,2090.0,1,0
2026-04-23,MANDI056,Sugarcane,3096.1,3500.0,1,1
2026-04-23,MANDI056,Wheat,2442.0,2275.0,1,0
2026-04-24,MANDI001,Wheat,2287.46,2275.0,1,0
2026-04-24,MANDI006,Mustard,6331.0,5650.0,1,0
2026-04-24,MANDI007,Sugarcane,3694.0,3500.0,1,0
2026-04-24,MANDI008,Cotton,7232.77,6620.0,1,0
2026-04-24,MANDI009,Cotton,6363.0,6620.0,2,2
2026-04-24,MANDI010,Cotton,6303.33,6620.0,1,1
2026-04-24,MANDI010,Wheat,2450.0,2275.0,1,0
2026-04-24,MANDI012,Mustard,5595.25,5650.0,1,1
2026-04-24,MANDI014,Cotton,6235.08,6620.0,1,1
2026-04-24,MANDI016,Maize,1953.85,2090.0,1,1
2026-04-24,MANDI017,Wheat,2417.0,2275.0,1,0
2026-04-24,MANDI019,Wheat,2153.7581169903106,2275.0,1,1
2026-04-24,MANDI020,Basmati,1971.0,2183.0,1,1
2026-04-24,MANDI025,Wheat,2191.0,2275.0,1,1
2026-04-24,MANDI026,Wheat,2391.0,2275.0,1,0
2026-04-24,MANDI031,Wheat,2104.842885469231,2275.0,2,2
2026-04-24,MANDI032,Maize,2215.0,2090.0,1,0
2026-04-24,MANDI033,Cotton,7692.9,6620.0,1,0
2026-04-24,MANDI033,Maize,1920.6210452103287,2090.0,1,1
2026-04-24,MANDI034,Rice,2167.2,2183.0,1,1
2026-04-24,MANDI035,Mustard,6150.96,5650.0,1,0
2026-04-24,MANDI036,Maize,2134.21,2090.0,1,0
2026-04-24,MANDI038,Rice,2205.23,2183.0,1,0
2026-04-24,MANDI041,Sugarcane,3393.0,3500.0,1,1
2026-04-24,MANDI043,Maize,2318.27,2090.0,1,0
2026-04-24,MANDI043,Rice,2076.0,2183.0,1,1
2026-04-24,MANDI044,Sugarcane,3411.13,3500.0,1,1
2026-04-24,MANDI049,Narma,5835.78,6620.0,1,1
2026-04-24,MANDI052,Cotton,6616.0,6620.0,1,1
2026-04-24,MANDI054,Maize,2019.52,2090.0,1,1
2026-04-25,MANDI002,Cotton,6055.19,6620.0,1,1
2026-04-25,MANDI008,Sugarcane,3672.15,3500.0,1,0
2026-04-25,MANDI012,Maize,2106.81,2090.0,1,0
2026-04-25,MANDI015,Maize,2083.06,2090.0,1,1
2026-04-25,MANDI015,Wheat,2124.0,2275.0,1,1
2026-04-25,MANDI016,Sugarcane,3633.0,3500.0,1,0
2026-04-25,MANDI018,Sugarcane,3598.435,3500.0,2,1
2026-04-25,MANDI019,Sugarcane,3873.0,3500.0,1,0
2026-04-25,MANDI020,Mustard,6037.0,5650.0,1,0
2026-04-25,MANDI020,Narma,7126.0,6620.0,1,0
2026-04-25,MANDI023,Wheat,2246.0,2275.0,1,1
2026-04-25,MANDI024,Cotton,6044.45,6620.0,1,1
2026-04-25,MANDI024,Sugarcane,3747.91,3500.0,1,0
2026-04-25,MANDI027,Rice,2257.0,2183.0,1,0
2026-04-25,MANDI028,Wheat,2460.91,2275.0,1,0
2026-04-25,MANDI030,Mustard,5061.81,5650.0,1,1
2026-04-25,MANDI031,Basmati,2124.86,2183.0,1,1
2026-04-25,MANDI033,Mustard,5911.0,5650.0,1,0
2026-04-25,MANDI033,Narma,6703.61,6620.0,1,0
2026-04-25,MANDI033,Rice,2023.0,2183.0,1,1
2026-04-25,MANDI035,Maize,2076.95,2090.0,1,1
2026-04-25,MANDI035,Narma,7155.04,6620.0,1,0
2026-04-25,MANDI035,Rice,2500.18,2183.0,1,0
2026-04-25,MANDI035,Sugarcane,3527.08,3500.0,1,0
2026-04-25,MANDI037,Mustard,5655.772330737962,5650.0,1,0
2026-04-25,MANDI039,Rice,2461.27,2183.0,1,0
2026-04-25,MANDI040,Rice,2248.0,2183.0,1,0
2026-04-25,MANDI041,Mustard,5407.37,5650.0,1,1
2026-04-25,MANDI042,Wheat,2390.0,2275.0,1,0
2026-04-25,MANDI043,Cotton,6418.0,6620.0,1,1
2026-04-25,MANDI044,Cotton,6932.0,6620.0,1,0
2026-04-25,MANDI046,Cotton,6531.0,6620.0,1,1
2026-04-25,MANDI048,Maize,1930.0,2090.0,1,1
2026-04-25,MANDI051,Narma,7113.15,6620.0,1,0
2026-04-25,MANDI055,Maize,1934.0,2090.0,1,1
2026-04-26,MANDI001,Maize,1958.6068949349915,2090.0,1,1
2026-04-26,MANDI001,Sugarcane,3890.0,3500.0,1,0
2026-04-26,MANDI002,Sugarcane,3590.0,3500.0,1,0
2026-04-26,MANDI006,Wheat,2374.0,2275.0,1,0
2026-04-26,MANDI010,Sugarcane,3220.27,3500.0,1,1
2026-04-26,MANDI012,Cotton,6761.75,6620.0,1,0
2026-04-26,MANDI014,Maize,2149.07,2090.0,1,0
2026-04-26,MANDI014,Mustard,5580.84,5650.0,1,1
2026-04-26,MANDI014,Wheat,2130.22,2275.0,1,1
2026-04-26,MANDI016,Mustard,5188.0,5650.0,1,1
2026-04-26,MANDI019,Sugarcane,3627.0,3500.0,1,0
2026-04-26,MANDI020,Maize,2086.889270365044,2090.0,1,1
2026-04-26,MANDI022,Cotton,6663.86,6620.0,1,0
2026-04-26,MANDI024,Mustard,5669.0,5650.0,1,0
2026-04-26,MANDI024,Sugarcane,3416.0,3500.0,1,1
2026-04-26,MANDI025,Sugarcane,3575.0,3500.0,1,0
2026-04-26,MANDI027,Sugarcane,3384.0,3500.0,1,1
2026-04-26,MANDI029,Rice,2363.0,2183.0,1,0
2026-04-26,MANDI030,Maize,1990.69,2090.0,1,1
2026-04-26,MANDI030,Sugarcane,3373.246804091013,3500.0,1,1
2026-04-26,MANDI036,Maize,2281.0,2090.0,1,0
2026-04-26,MANDI037,Mustard,5925.3,5650.0,1,0
2026-04-26,MANDI039,Maize,2144.0,2090.0,1,0
2026-04-26,MANDI044,Maize,2173.74,2090.0,1,0
2026-04-26,MANDI044,Wheat,2306.0,2275.0,1,0
2026-04-26,MANDI048,Rice,2274.0,2183.0,1,0
2026-04-26,MANDI051,Maize,2027.0,2090.0,1,1
2026-04-26,MANDI052,Mustard,6221.0,5650.0,1,0
2026-04-26,MANDI055,Rice,2468.97,2183.0,1,0
2026-04-26,MANDI057,Sugarcane,3680.0,3500.0,1,0
2026-04-27,MANDI001,Wheat,2449.46,2275.0,1,0
2026-04-27,MANDI002,Mustard,5597.52,5650.0,1,1
2026-04-27,MANDI003,Maize,1913.0,2090.0,1,1
2026-04-27,MANDI004,Narma,6853.775377951746,6620.0,1,0
2026-04-27,MANDI005,Sugarcane,3823.0,3500.0,1,0
2026-04-27,MANDI006,Mustard,6118.01,5650.0,1,0
2026-04-27,MANDI007,Mustard,6522.02,5650.0,1,0
2026-04-27,MANDI010,Sugarcane,3698.0,3500.0,1,0
2026-04-27,MANDI011,Wheat,2287.3,2275.0,1,0
2026-04-27,MANDI012,Cotton,7082.77,6620.0,1,0
2026-04-27,MANDI015,Maize,2046.77,2090.0,1,1
2026-04-27,MANDI015,Mustard,4941.90529763399,5650.0,1,1
2026-04-27,MANDI017,Maize,2305.972753379783,2090.0,1,0
2026-04-27,MANDI020,Mustard,5898.0,5650.0,1,0
2026-04-27,MANDI021,Wheat,2280.467887115089,2275.0,1,0
2026-04-27,MANDI023,Maize,2002.75,2090.0,1,1
2026-04-27,MANDI024,Maize,2322.0,2090.0,1,0
2026-04-27,MANDI024,Mustard,6288.39,5650.0,1,0
2026-04-27,MANDI025,Sugarcane,3273.89,3500.0,1,1
2026-04-27,MANDI026,Mustard,5583.88,5650.0,1,1
2026-04-27,MANDI032,Sugarcane,3390.0,3500.0,1,1
2026-04-27,MANDI032,Wheat,2407.0,2275.0,1,0
2026-04-27,MANDI034,Maize,1950.24,2090.0,1,1
2026-04-27,MANDI035,Cotton,6461.47,6620.0,1,1
2026-04-27,MANDI035,Maize,2034.28,2090.0,1,1
2026-04-27,MANDI040,Cotton,6608.0,6620.0,1,1
2026-04-27,MANDI042,Maize,2122.2200000000003,2090.0,2,1
2026-04-27,MANDI043,Wheat,2107.0,2275.0,1,1
2026-04-27,MANDI047,Wheat,2229.3,2275.0,1,1
2026-04-27,MANDI048,Mustard,6105.83,5650.0,1,0
2026-04-27,MANDI049,Cotton,6932.71,6620.0,1,0
2026-04-27,MANDI052,Sugarcane,3158.52,3500.0,1,1
2026-04-27,MANDI053,Maize,2395.94,2090.0,1,0
2026-04-27,MANDI054,Wheat,2134.48,2275.0,1,1
2026-04-27,MANDI056,Sugarcane,3244.67,3500.0,1,1
2026-04-27,MANDI056,Wheat,2537.0,2275.0,1,0
2026-04-28,MANDI003,Wheat,2254.17,2275.0,1,1
2026-04-28,MANDI008,Maize,2210.53,2090.0,1,0
2026-04-28,MANDI008,Mustard,6426.13,5650.0,1,0
2026-04-28,MANDI008,Narma,6172.0,6620.0,1,1
2026-04-28,MANDI009,Maize,2171.86,2090.0,1,0
2026-04-28,MANDI016,Cotton,6797.63,6620.0,1,0
2026-04-28,MANDI018,Mustard,6385.0,5650.0,1,0
2026-04-28,MANDI018,Sugarcane,3474.0,3500.0,1,1
2026-04-28,MANDI019,Rice,2212.0,2183.0,1,0
2026-04-28,MANDI020,Maize,2253.0,2090.0,1,0
2026-04-28,MANDI022,Sugarcane,3712.0,3500.0,1,0
2026-04-28,MANDI023,Sugarcane,3632.0,3500.0,1,0
2026-04-28,MANDI029,Cotton,6541.0,6620.0,1,1
2026-04-28,MANDI029,Rice,2323.0,2183.0,1,0
2026-04-28,MANDI030,Mustard,6287.04,5650.0,1,0
2026-04-28,MANDI031,Maize,2294.2646682511104,2090.0,1,0
2026-04-28,MANDI034,Rice,2456.99,2183.0,1,0
2026-04-28,MANDI037,Cotton,6203.0,6620.0,1,1
2026-04-28,MANDI038,Cotton,6889.84,6620.0,1,0
2026-04-28,MANDI040,Wheat,2098.94,2275.0,1,1
2026-04-28,MANDI041,Sugarcane,3648.25,3500.0,1,0
2026-04-28,MANDI042,Rice,2149.0,2183.0,1,1
2026-04-28,MANDI044,Narma,5895.17,6620.0,1,1
2026-04-28,MANDI045,Maize,2028.11,2090.0,1,1
2026-04-28,MANDI046,Maize,2142.41,2090.0,1,0
2026-04-28,MANDI046,Mustard,5986.26,5650.0,1,0
2026-04-28,MANDI047,Rice,2170.0,2183.0,1,1
2026-04-28,MANDI048,Rice,2302.0,2183.0,1,0
2026-04-28,MANDI050,Narma,6231.0,6620.0,1,1
2026-04-28,MANDI053,Basmati,2495.28,2183.0,1,0
2026-04-28,MANDI055,Cotton,6565.05,6620.0,1,1
2026-04-28,MANDI056,Cotton,6881.0,6620.0,1,0
2026-04-29,MANDI002,Sugarcane,3330.0,3500.0,1,1
2026-04-29,MANDI003,Wheat,2544.65,2275.0,1,0
2026-04-29,MANDI004,Cotton,6394.29736264755,6620.0,1,1
2026-04-29,MANDI005,Mustard,5898.09,5650.0,1,0
2026-04-29,MANDI006,Cotton,7357.0,6620.0,1,0
2026-04-29,MANDI006,Maize,1972.95,2090.0,1,1
2026-04-29,MANDI010,Rice,2439.34,2183.0,1,0
2026-04-29,MANDI010,Sugarcane,3471.0849138980343,3500.0,1,1
2026-04-29,MANDI011,Maize,2276.82,2090.0,1,0
2026-04-29,MANDI013,Rice,2166.0,2183.0,1,1
2026-04-29,MANDI014,Maize,2271.96,2090.0,2,0
2026-04-29,MANDI019,Mustard,6094.54,5650.0,1,0
2026-04-29,MANDI020,Cotton,6623.85,6620.0,1,0
2026-04-29,MANDI020,Rice,2096.0,2183.0,1,1
2026-04-29,MANDI020,Sugarcane,3957.230974116456,3500.0,1,0
2026-04-29,MANDI025,Sugarcane,3531.8,3500.0,1,0
2026-04-29,MANDI026,Maize,1868.0,2090.0,1,1
2026-04-29,MANDI027,Maize,2129.6908497399845,2090.0,1,0
2026-04-29,MANDI027,Mustard,6518.804169831982,5650.0,1,0
2026-04-29,MANDI028,Sugarcane,3256.589194568678,3500.0,1,1
2026-04-29,MANDI029,Maize,2263.0557381300277,2090.0,1,0
2026-04-29,MANDI029,Narma,7360.0,6620.0,1,0
2026-04-29,MANDI029,Wheat,2046.1375738426748,2275.0,1,1
2026-04-29,MANDI031,Rice,2259.87,2183.0,1,0
2026-04-29,MANDI033,Rice,2346.0,2183.0,1,0
2026-04-29,MANDI034,Cotton,7464.0,6620.0,1,0
2026-04-29,MANDI034,Mustard,6487.21,5650.0,1,0
2026-04-29,MANDI036,Cotton,6680.05,6620.0,1,0
2026-04-29,MANDI036,Rice,2246.66,2183.0,2,1
2026-04-29,MANDI038,Cotton,6793.0,6620.0,1,0
2026-04-29,MANDI040,Maize,2032.06,2090.0,1,1
2026-04-29,MANDI040,Rice,2293.7,2183.0,1,0
2026-04-29,MANDI042,Wheat,2312.0,2275.0,1,0
2026-04-29,MANDI043,Basmati,2152.88,2183.0,1,1
2026-04-29,MANDI043,Mustard,5920.465661658699,5650.0,1,0
2026-04-29,MANDI049,Maize,2344.88,2090.0,1,0
2026-04-29,MANDI054,Mustard,6457.64,5650.0,1,0
2026-04-29,MANDI054,Narma,7033.873426177075,6620.0,1,0
2026-04-29,MANDI057,Rice,2273.1521814996595,2183.0,1,0
2026-04-30,MANDI001,Rice,2252.55,2183.0,1,0
2026-04-30,MANDI003,Narma,6790.0,6620.0,1,0
2026-04-30,MANDI003,Rice,2190.7,2183.0,1,0
2026-04-30,MANDI003,Wheat,2267.2729576839497,2275.0,1,1
2026-04-30,MANDI010,Basmati,2063.0300455919432,2183.0,1,1
2026-04-30,MANDI011,Maize,2316.0,2090.0,1,0
2026-04-30,MANDI013,Maize,2062.84,2090.0,1,1
2026-04-30,MANDI014,Maize,2192.02,2090.0,1,0
2026-04-30,MANDI014,Rice,2170.0,2183.0,1,1
2026-04-30,MANDI016,Cotton,6893.47,6620.0,1,0
2026-04-30,MANDI020,Cotton,7328.41,6620.0,1,0
2026-04-30,MANDI025,Mustard,6151.28,5650.0,1,0
2026-04-30,MANDI027,Sugarcane,3464.57,3500.0,1,1
2026-04-30,MANDI028,Wheat,2268.866198822103,2275.0,1,1
2026-04-30,MANDI029,Maize,2091.1,2090.0,1,0
2026-04-30,MANDI032,Cotton,6657.38,6620.0,1,0
2026-04-30,MANDI034,Cotton,6368.53,6620.0,1,1
2026-04-30,MANDI034,Sugarcane,3915.0,3500.0,1,0
2026-04-30,MANDI035,Sugarcane,3801.0,3500.0,1,0
2026-04-30,MANDI036,Narma,6651.42,6620.0,1,0
2026-04-30,MANDI039,Maize,2195.89,2090.0,1,0
2026-04-30,MANDI045,Wheat,2084.06,2275.0,1,1
2026-04-30,MANDI048,Wheat,2201.2376574353766,2275.0,1,1
2026-04-30,MANDI049,Mustard,6010.626347941649,5650.0,1,0
2026-04-30,MANDI055,Sugarcane,3308.0,3500.0,1,1
2026-04-30,MANDI056,Narma,6583.0,6620.0,1,1
2026-04-30,MANDI056,Rice,2219.6,2183.0,1,0
2026-04-30,MANDI057,Cotton,7491.7,6620.0,1,0
2026-05-01,MANDI002,Maize,1969.0,2090.0,1,1
2026-05-01,MANDI002,Wheat,2147.19,2275.0,1,1
2026-05-01,MANDI003,Cotton,7648.437578132193,6620.0,1,0
2026-05-01,MANDI003,Maize,2230.27,2090.0,1,0
2026-05-01,MANDI003,Mustard,5225.99,5650.0,1,1
2026-05-01,MANDI006,Rice,2085.49,2183.0,1,1
2026-05-01,MANDI010,Rice,2167.41,2183.0,1,1
2026-05-01,MANDI012,Mustard,5932.0,5650.0,1,0
2026-05-01,MANDI013,Cotton,6786.88,6620.0,1,0
2026-05-01,MANDI013,Wheat,2304.0,2275.0,1,0
2026-05-01,MANDI015,Cotton,7417.42,6620.0,1,0
2026-05-01,MANDI015,Sugarcane,3573.0,3500.0,1,0
2026-05-01,MANDI016,Maize,2196.75,2090.0,1,0
2026-05-01,MANDI016,Rice,2347.0,2183.0,1,0
2026-05-01,MANDI017,Rice,2135.87,2183.0,1,1
2026-05-01,MANDI021,Wheat,2217.0,2275.0,1,1
2026-05-01,MANDI023,Wheat,2276.94,2275.0,1,0
2026-05-01,MANDI025,Wheat,2233.62,2275.0,1,1
2026-05-01,MANDI026,Wheat,2272.59,2275.0,1,1
2026-05-01,MANDI027,Cotton,6077.39,6620.0,1,1
2026-05-01,MANDI027,Mustard,5110.0,5650.0,1,1
2026-05-01,MANDI028,Rice,2179.0,2183.0,1,1
2026-05-01,MANDI030,Maize,2374.01,2090.0,1,0
2026-05-01,MANDI030,Sugarcane,3588.32,3500.0,1,0
2026-05-01,MANDI034,Sugarcane,3764.06,3500.0,1,0
2026-05-01,MANDI035,Wheat,2470.25,2275.0,2,0
2026-05-01,MANDI036,Rice,2390.25,2183.0,1,0
2026-05-01,MANDI047,Cotton,6059.380366149355,6620.0,1,1
2026-05-01,MANDI048,Mustard,5303.0,5650.0,1,1
2026-05-01,MANDI056,Cotton,6046.72,6620.0,1,1
2026-05-01,MANDI056,Sugarcane,3761.0,3500.0,1,0
2026-05-01,MANDI056,Wheat,2319.59,2275.0,1,0
2026-05-02,MANDI001,Rice,2330.67,2183.0,1,0
2026-05-02,MANDI003,Basmati,2513.0,2183.0,1,0
2026-05-02,MANDI005,Maize,2395.27,2090.0,1,0
2026-05-02,MANDI006,Cotton,6524.3,6620.0,1,1
2026-05-02,MANDI008,Sugarcane,3355.04,3500.0,1,1
2026-05-02,MANDI011,Wheat,2329.44,2275.0,1,0
2026-05-02,MANDI012,Cotton,6578.34,6620.0,1,1
2026-05-02,MANDI016,Wheat,2440.3513929418864,2275.0,1,0
2026-05-02,MANDI018,Mustard,6262.56,5650.0,1,0
2026-05-02,MANDI018,Wheat,2534.62,2275.0,1,0
2026-05-02,MANDI022,Mustard,6147.314099837197,5650.0,1,0
2026-05-02,MANDI023,Rice,2399.466903251863,2183.0,1,0
2026-05-02,MANDI025,Mustard,6040.62,5650.0,3,1
2026-05-02,MANDI025,Wheat,2609.01,2275.0,1,0
2026-05-02,MANDI027,Cotton,7012.239741972245,6620.0,1,0
2026-05-02,MANDI027,Wheat,2161.12,2275.0,1,1
2026-05-02,MANDI030,Basmati,2137.17,2183.0,1,1
2026-05-02,MANDI030,Cotton,7085.54,6620.0,1,0
2026-05-02,MANDI031,Cotton,7005.34,6620.0,2,0
2026-05-02,MANDI034,Mustard,5525.96,5650.0,1,1
2026-05-02,MANDI035,Maize,2131.82,2090.0,1,0
2026-05-02,MANDI036,Maize,2215.895,2090.0,2,0
2026-05-02,MANDI044,Basmati,2097.0,2183.0,1,1
2026-05-02,MANDI046,Cotton,6984.91,6620.0,1,0
2026-05-02,MANDI050,Maize,1975.0,2090.0,1,1
2026-05-02,MANDI054,Wheat,2527.831269494633,2275.0,1,0
2026-05-02,MANDI056,Wheat,2065.7944935927894,2275.0,1,1
2026-05-02,MANDI057,Rice,2021.25,2183.0,1,1
2026-05-02,MANDI057,Wheat,2005.08,2275.0,1,1
2026-05-03,MANDI002,Mustard,5566.16,5650.0,1,1
2026-05-03,MANDI004,Rice,1986.5,2183.0,1,1
2026-05-03,MANDI005,Sugarcane,3909.99,3500.0,1,0
2026-05-03,MANDI016,Mustard,6249.0,5650.0,1,0
2026-05-03,MANDI016,Wheat,2396.0,2275.0,1,0
2026-05-03,MANDI017,Sugarcane,3286.19,3500.0,1,1
2026-05-03,MANDI021,Rice,2225.0,2183.0,1,0
2026-05-03,MANDI023,Sugarcane,3597.0,3500.0,1,0
2026-05-03,MANDI027,Mustard,5876.7,5650.0,1,0
2026-05-03,MANDI029,Rice,2537.72,2183.0,1,0
2026-05-03,MANDI030,Maize,2191.83,2090.0,1,0
2026-05-03,MANDI030,Wheat,2576.96,2275.0,1,0
2026-05-03,MANDI031,Rice,2395.0,2183.0,1,0
2026-05-03,MANDI033,Sugarcane,3753.0,3500.0,1,0
2026-05-03,MANDI033,Wheat,2186.99,2275.0,1,1
2026-05-03,MANDI035,Wheat,2418.33,2275.0,1,0
2026-05-03,MANDI039,Cotton,6399.64,6620.0,1,1
2026-05-03,MANDI040,Mustard,5521.36,5650.0,1,1
2026-05-03,MANDI040,Sugarcane,3292.91,3500.0,1,1
2026-05-03,MANDI040,Wheat,2069.0,2275.0,1,1
2026-05-03,MANDI042,Sugarcane,3824.98,3500.0,1,0
2026-05-03,MANDI043,Mustard,5937.225805756197,5650.0,2,0
2026-05-03,MANDI046,Maize,2038.31,2090.0,1,1
2026-05-03,MANDI047,Cotton,6729.82,6620.0,1,0
2026-05-03,MANDI049,Maize,2208.83,2090.0,1,0
2026-05-03,MANDI055,Cotton,6178.0,6620.0,1,1
2026-05-03,MANDI056,Cotton,6924.521578944961,6620.0,1,0
2026-05-03,MANDI056,Mustard,6188.13,5650.0,1,0
2026-05-03,MANDI057,Rice,2092.0,2183.0,1,1
2026-05-04,MANDI002,Rice,2187.19,2183.0,1,0
2026-05-04,MANDI009,Cotton,6639.0,6620.0,1,0
2026-05-04,MANDI009,Maize,2360.930259193685,2090.0,2,0
2026-05-04,MANDI009,Rice,2377.0,2183.0,1,0
2026-05-04,MANDI009,Sugarcane,3611.99,3500.0,1,0
2026-05-04,MANDI010,Maize,2339.69,2090.0,1,0
2026-05-04,MANDI010,Narma,6627.08,6620.0,1,0
2026-05-04,MANDI011,Maize,1964.46,2090.0,1,1
2026-05-04,MANDI012,Mustard,6267.8,5650.0,1,0
2026-05-04,MANDI014,Maize,2107.02,2090.0,1,0
2026-05-04,MANDI014,Narma,6637.37,6620.0,1,0
2026-05-04,MANDI020,Cotton,7626.52,6620.0,1,0
2026-05-04,MANDI020,Sugarcane,3262.0,3500.0,1,1
2026-05-04,MANDI023,Cotton,7110.0,6620.0,1,0
2026-05-04,MANDI023,Mustard,5591.0,5650.0,1,1
2026-05-04,MANDI023,Sugarcane,3785.0,3500.0,1,0
2026-05-04,MANDI026,Cotton,7020.93,6620.0,1,0
2026-05-04,MANDI026,Sugarcane,3685.638698481784,3500.0,1,0
2026-05-04,MANDI027,Mustard,6289.800671089331,5650.0,1,0
2026-05-04,MANDI030,Mustard,5894.85,5650.0,1,0
2026-05-04,MANDI030,Rice,2366.16,2183.0,1,0
2026-05-04,MANDI032,Narma,7133.31,6620.0,1,0
2026-05-04,MANDI032,Rice,1987.26,2183.0,1,1
2026-05-04,MANDI033,Sugarcane,3856.0,3500.0,1,0
2026-05-04,MANDI035,Cotton,7431.0,6620.0,1,0
2026-05-04,MANDI037,Maize,1885.1988089448855,2090.0,1,1
2026-05-04,MANDI038,Maize,2320.0,2090.0,1,0
2026-05-04,MANDI042,Cotton,6230.12,6620.0,1,1
2026-05-04,MANDI043,Sugarcane,3562.42,3500.0,1,0
2026-05-04,MANDI047,Wheat,2288.0,2275.0,1,0
2026-05-04,MANDI048,Maize,2046.893235992456,2090.0,1,1
2026-05-04,MANDI051,Maize,2040.15,2090.0,1,1
2026-05-04,MANDI056,Wheat,2191.0,2275.0,1,1
2026-05-04,MANDI057,Narma,7221.602462186487,6620.0,1,0
2026-05-04,MANDI057,Rice,2242.29,2183.0,1,0
2026-05-05,MANDI002,Maize,2178.592773315609,2090.0,1,0
2026-05-05,MANDI004,Mustard,6136.0,5650.0,1,0
2026-05-05,MANDI006,Maize,1925.0,2090.0,1,1
2026-05-05,MANDI006,Sugarcane,3791.7831096325262,3500.0,1,0
2026-05-05,MANDI010,Sugarcane,3433.0,3500.0,1,1
2026-05-05,MANDI014,Mustard,5568.03,5650.0,1,1
2026-05-05,MANDI017,Maize,2320.28,2090.0,1,0
2026-05-05,MANDI017,Wheat,2205.0,2275.0,1,1
2026-05-05,MANDI020,Mustard,5572.82,5650.0,1,1
2026-05-05,MANDI021,Wheat,2260.46,2275.0,1,1
2026-05-05,MANDI027,Sugarcane,3126.02,3500.0,1,1
2026-05-05,MANDI028,Rice,1976.51,2183.0,1,1
2026-05-05,MANDI031,Narma,5931.922622032161,6620.0,1,1
2026-05-05,MANDI031,Sugarcane,3816.1,3500.0,1,0
2026-05-05,MANDI035,Sugarcane,3238.24,3500.0,1,1
2026-05-05,MANDI037,Cotton,6655.0,6620.0,1,0
2026-05-05,MANDI037,Wheat,2547.0,2275.0,1,0
2026-05-05,MANDI042,Wheat,2185.8,2275.0,1,1
2026-05-05,MANDI044,Rice,2393.74,2183.0,1,0
2026-05-05,MANDI045,Cotton,6681.07,6620.0,1,0
2026-05-05,MANDI047,Mustard,5554.0,5650.0,2,1
2026-05-05,MANDI049,Cotton,6364.75,6620.0,1,1
2026-05-05,MANDI050,Basmati,2494.0,2183.0,1,0
2026-05-06,MANDI001,Mustard,5771.0,5650.0,1,0
2026-05-06,MANDI002,Mustard,5752.04,5650.0,1,0
2026-05-06,MANDI002,Sugarcane,3790.84,3500.0,1,0
2026-05-06,MANDI006,Cotton,5881.0,6620.0,1,1
2026-05-06,MANDI007,Wheat,2289.61,2275.0,1,0
2026-05-06,MANDI009,Sugarcane,3956.96,3500.0,1,0
2026-05-06,MANDI011,Maize,2095.38,2090.0,1,0
2026-05-06,MANDI017,Narma,6397.82,6620.0,1,1
2026-05-06,MANDI018,Rice,2521.0,2183.0,1,0
2026-05-06,MANDI019,Wheat,2306.0,2275.0,1,0
2026-05-06,MANDI020,Maize,1973.8,2090.0,1,1
2026-05-06,MANDI021,Cotton,7050.39,6620.0,1,0
2026-05-06,MANDI023,Mustard,6222.86,5650.0,1,0
2026-05-06,MANDI025,Sugarcane,3250.37,3500.0,1,1
2026-05-06,MANDI026,Wheat,2364.48,2275.0,1,0
2026-05-06,MANDI027,Cotton,6478.024139185776,6620.0,1,1
2026-05-06,MANDI029,Cotton,6726.13,6620.0,1,0
2026-05-06,MANDI030,Rice,2107.65,2183.0,1,1
2026-05-06,MANDI034,Maize,2124.45,2090.0,1,0
2026-05-06,MANDI038,Rice,2357.0,2183.0,1,0
2026-05-06,MANDI039,Maize,2297.59,2090.0,1,0
2026-05-06,MANDI040,Basmati,2019.9710035852677,2183.0,1,1
2026-05-06,MANDI040,Maize,2187.21,2090.0,1,0
2026-05-06,MANDI046,Mustard,5631.36,5650.0,1,1
2026-05-06,MANDI050,Sugarcane,3550.79,3500.0,1,0
2026-05-06,MANDI056,Sugarcane,3520.36,3500.0,1,0
2026-05-07,MANDI002,Mustard,5367.0,5650.0,2,2
2026-05-07,MANDI003,Mustard,5328.13,5650.0,1,1
2026-05-07,MANDI003,Sugarcane,3506.49,3500.0,1,0
2026-05-07,MANDI005,Rice,2374.0,2183.0,1,0
2026-05-07,MANDI010,Sugarcane,3450.57,3500.0,1,1
2026-05-07,MANDI014,Wheat,2244.43,2275.0,1,1
2026-05-07,MANDI020,Sugarcane,3724.77,3500.0,1,0
2026-05-07,MANDI024,Sugarcane,3982.44,3500.0,1,0
2026-05-07,MANDI025,Maize,2074.03,2090.0,1,1
2026-05-07,MANDI025,Narma,6407.923989855025,6620.0,1,1
2026-05-07,MANDI027,Rice,2204.36,2183.0,1,0
2026-05-07,MANDI029,Maize,1945.0,2090.0,1,1
2026-05-07,MANDI031,Maize,1982.0,2090.0,1,1
2026-05-07,MANDI033,Sugarcane,3306.17,3500.0,1,1
2026-05-07,MANDI037,Mustard,5563.068334158452,5650.0,1,1
2026-05-07,MANDI037,Rice,2039.88,2183.0,1,1
2026-05-07,MANDI038,Wheat,2135.22,2275.0,1,1
2026-05-07,MANDI040,Sugarcane,3531.0,3500.0,1,0
2026-05-07,MANDI041,Maize,2174.68,2090.0,1,0
2026-05-07,MANDI043,Maize,2022.0,2090.0,1,1
2026-05-07,MANDI044,Mustard,6503.98,5650.0,1,0
2026-05-07,MANDI049,Mustard,6362.4,5650.0,1,0
2026-05-07,MANDI052,Narma,7063.95,6620.0,1,0
2026-05-07,MANDI055,Sugarcane,3592.5,3500.0,2,0
2026-05-08,MANDI001,Sugarcane,3579.47,3500.0,1,0
2026-05-08,MANDI004,Sugarcane,3868.95,3500.0,1,0
2026-05-08,MANDI010,Mustard,5909.63,5650.0,1,0
2026-05-08,MANDI013,Maize,2042.7549999999999,2090.0,2,1
2026-05-08,MANDI013,Wheat,2136.04,2275.0,1,1
2026-05-08,MANDI015,Maize,2074.87,2090.0,1,1
2026-05-08,MANDI018,Maize,2063.97,2090.0,1,1
2026-05-08,MANDI020,Mustard,5902.42,5650.0,1,0
2026-05-08,MANDI020,Rice,2206.0,2183.0,1,0
2026-05-08,MANDI021,Sugarcane,3619.01,3500.0,1,0
2026-05-08,MANDI024,Mustard,5777.0,5650.0,2,1
2026-05-08,MANDI025,Maize,2278.0,2090.0,1,0
2026-05-08,MANDI026,Cotton,6147.56,6620.0,1,1
2026-05-08,MANDI026,Mustard,5788.035583833335,5650.0,1,0
2026-05-08,MANDI028,Narma,7307.44,6620.0,1,0
2026-05-08,MANDI030,Mustard,6120.57,5650.0,1,0
2026-05-08,MANDI030,Wheat,2311.79,2275.0,1,0
2026-05-08,MANDI031,Cotton,6634.810684331878,6620.0,1,0
2026-05-08,MANDI040,Maize,2343.96,2090.0,1,0
2026-05-08,MANDI041,Sugarcane,3426.0,3500.0,1,1
2026-05-08,MANDI043,Cotton,6966.57,6620.0,1,0
2026-05-08,MANDI044,Maize,1932.2400218168784,2090.0,1,1
2026-05-08,MANDI046,Mustard,6518.0,5650.0,1,0
2026-05-08,MANDI050,Cotton,7338.0,6620.0,1,0
2026-05-08,MANDI052,Mustard,5501.05,5650.0,1,1
2026-05-08,MANDI052,Wheat,2223.0,2275.0,1,1
2026-05-08,MANDI054,Mustard,6061.0,5650.0,1,0
2026-05-08,MANDI057,Maize,2396.9475603359533,2090.0,1,0
2026-05-08,MANDI057,Mustard,5104.65,5650.0,1,1
2026-05-09,MANDI004,Rice,2216.8499026816016,2183.0,1,0
2026-05-09,MANDI005,Rice,2139.41,2183.0,1,1
2026-05-09,MANDI015,Maize,2019.0,2090.0,1,1
2026-05-09,MANDI017,Basmati,2472.0,2183.0,1,0
2026-05-09,MANDI019,Mustard,5686.17,5650.0,1,0
2026-05-09,MANDI020,Wheat,2194.0,2275.0,1,1
2026-05-09,MANDI022,Rice,2273.98,2183.0,1,0
2026-05-09,MANDI024,Wheat,2385.0,2275.0,1,0
2026-05-09,MANDI027,Sugarcane,3796.0,3500.0,1,0
2026-05-09,MANDI039,Sugarcane,3563.0,3500.0,1,0
2026-05-09,MANDI040,Maize,2129.025833676267,2090.0,1,0
2026-05-09,MANDI041,Wheat,2102.6339005752125,2275.0,1,1
2026-05-09,MANDI042,Maize,2058.88,2090.0,1,1
2026-05-09,MANDI043,Maize,2115.2,2090.0,1,0
2026-05-09,MANDI048,Narma,6820.33,6620.0,1,0
2026-05-09,MANDI052,Wheat,2455.25,2275.0,1,0
2026-05-09,MANDI053,Maize,2086.54,2090.0,1,1
2026-05-09,MANDI055,Maize,2311.04,2090.0,1,0
2026-05-09,MANDI055,Rice,2226.22,2183.0,1,0
2026-05-09,MANDI055,Sugarcane,3839.41,3500.0,1,0
2026-05-10,MANDI001,Rice,2303.42,2183.0,1,0
2026-05-10,MANDI008,Maize,2245.19,2090.0,1,0
2026-05-10,MANDI009,Sugarcane,4037.017411331887,3500.0,1,0
2026-05-10,MANDI009,Wheat,2458.0,2275.0,1,0
2026-05-10,MANDI012,Rice,2192.0,2183.0,1,0
2026-05-10,MANDI017,Maize,2095.0,2090.0,1,0
2026-05-10,MANDI017,Wheat,2353.53,2275.0,1,0
2026-05-10,MANDI026,Narma,6367.0,6620.0,1,1
2026-05-10,MANDI028,Mustard,5783.05,5650.0,1,0
2026-05-10,MANDI028,Sugarcane,3476.0,3500.0,1,1
2026-05-10,MANDI034,Mustard,5308.61,5650.0,1,1
2026-05-10,MANDI037,Sugarcane,3558.93,3500.0,1,0
2026-05-10,MANDI039,Maize,2081.67,2090.0,1,1
2026-05-10,MANDI041,Maize,2162.0,2090.0,1,0
2026-05-10,MANDI042,Maize,2292.52,2090.0,1,0
2026-05-10,MANDI043,Cotton,7218.0,6620.0,1,0
2026-05-10,MANDI046,Cotton,6101.0,6620.0,1,1
2026-05-10,MANDI051,Rice,2222.15,2183.0,1,0
2026-05-10,MANDI052,Rice,2433.2,2183.0,1,0
2026-05-10,MANDI053,Sugarcane,3712.0,3500.0,1,0
2026-05-11,MANDI002,Cotton,6582.0,6620.0,1,1
2026-05-11,MANDI003,Narma,6721.92,6620.0,1,0
2026-05-11,MANDI005,Wheat,2453.61,2275.0,1,0
2026-05-11,MANDI006,Sugarcane,3939.98,3500.0,1,0
2026-05-11,MANDI014,Cotton,7020.03,6620.0,1,0
2026-05-11,MANDI017,Maize,2056.105,2090.0,2,2
2026-05-11,MANDI018,Wheat,2312.0,2275.0,1,0
2026-05-11,MANDI022,Cotton,6556.0,6620.0,1,1
2026-05-11,MANDI023,Maize,2339.0,2090.0,1,0
2026-05-11,MANDI027,Rice,2115.0,2183.0,1,1
2026-05-11,MANDI030,Mustard,5271.38,5650.0,1,1
2026-05-11,MANDI032,Mustard,6204.49,5650.0,1,0
2026-05-11,MANDI034,Rice,2360.0,2183.0,1,0
2026-05-11,MANDI048,Sugarcane,3621.42,3500.0,1,0
2026-05-11,MANDI049,Maize,2128.67,2090.0,1,0
2026-05-11,MANDI050,Wheat,2460.0,2275.0,2,0
2026-05-11,MANDI052,Maize,1986.99,2090.0,1,1
2026-05-12,MANDI002,Sugarcane,3286.46,3500.0,1,1
2026-05-12,MANDI005,Mustard,5339.093562711641,5650.0,1,1
2026-05-12,MANDI008,Wheat,2305.237282163217,2275.0,1,0
2026-05-12,MANDI009,Sugarcane,3572.15,3500.0,1,0
2026-05-12,MANDI010,Mustard,5967.0,5650.0,1,0
2026-05-12,MANDI010,Wheat,2281.84,2275.0,1,0
2026-05-12,MANDI014,Cotton,6884.95975132869,6620.0,1,0
2026-05-12,MANDI018,Sugarcane,3641.76,3500.0,1,0
2026-05-12,MANDI020,Wheat,2247.5550000000003,2275.0,2,1
2026-05-12,MANDI029,Mustard,6496.9,5650.0,1,0
2026-05-12,MANDI030,Rice,2242.02,2183.0,1,0
2026-05-12,MANDI036,Wheat,2184.34,2275.0,1,1
2026-05-12,MANDI037,Wheat,2220.594105653546,2275.0,1,1
2026-05-12,MANDI040,Cotton,6824.0,6620.0,1,0
2026-05-12,MANDI049,Sugarcane,3320.98,3500.0,1,1
2026-05-12,MANDI051,Mustard,6277.46,5650.0,1,0
2026-05-12,MANDI052,Rice,2164.54,2183.0,1,1
2026-05-12,MANDI053,Mustard,5746.0,5650.0,1,0
2026-05-12,MANDI054,Sugarcane,3506.66,3500.0,1,0
2026-05-13,MANDI002,Sugarcane,3431.9049999999997,3500.0,2,2
2026-05-13,MANDI003,Sugarcane,3667.33,3500.0,1,0
2026-05-13,MANDI005,Maize,1995.53,2090.0,1,1
2026-05-13,MANDI005,Mustard,5599.63,5650.0,1,1
2026-05-13,MANDI010,Maize,2094.38,2090.0,1,0
2026-05-13,MANDI010,Rice,2073.0,2183.0,1,1
2026-05-13,MANDI014,Maize,1922.89,2090.0,1,1
2026-05-13,MANDI014,Mustard,6097.98,5650.0,1,0
2026-05-13,MANDI014,Narma,6935.1,6620.0,1,0
2026-05-13,MANDI019,Sugarcane,3628.28,3500.0,1,0
2026-05-13,MANDI022,Mustard,5256.0,5650.0,1,1
2026-05-13,MANDI023,Wheat,2296.53,2275.0,1,0
2026-05-13,MANDI024,Maize,1959.19,2090.0,1,1
2026-05-13,MANDI026,Wheat,2168.18,2275.0,1,1
2026-05-13,MANDI032,Cotton,6930.48,6620.0,1,0
2026-05-13,MANDI034,Cotton,7137.34825788008,6620.0,1,0
2026-05-13,MANDI036,Basmati,1984.0,2183.0,1,1
2026-05-13,MANDI039,Maize,2073.1,2090.0,1,1
2026-05-13,MANDI040,Mustard,5844.0,5650.0,1,0
2026-05-13,MANDI041,Sugarcane,3330.19,3500.0,2,2
2026-05-13,MANDI042,Cotton,6853.29,6620.0,1,0
2026-05-13,MANDI042,Narma,6498.07,6620.0,1,1
2026-05-13,MANDI043,Mustard,5150.4,5650.0,1,1
2026-05-13,MANDI043,Rice,2442.0,2183.0,1,0
2026-05-13,MANDI043,Sugarcane,3256.77,3500.0,1,1
2026-05-13,MANDI044,Narma,7306.465295267262,6620.0,1,0
2026-05-13,MANDI047,Basmati,2421.0,2183.0,1,0
2026-05-13,MANDI048,Mustard,6024.06,5650.0,1,0
2026-05-13,MANDI048,Sugarcane,3646.93,3500.0,1,0
2026-05-13,MANDI051,Maize,2113.87,2090.0,2,1
2026-05-13,MANDI053,Mustard,5461.32,5650.0,1,1
2026-05-13,MANDI054,Narma,7109.96,6620.0,1,0
2026-05-13,MANDI055,Sugarcane,3179.07,3500.0,1,1
2026-05-13,MANDI056,Mustard,6310.93,5650.0,1,0
2026-05-14,MANDI003,Mustard,5406.912270305746,5650.0,1,1
2026-05-14,MANDI003,Rice,2422.26,2183.0,1,0
2026-05-14,MANDI003,Sugarcane,3451.0,3500.0,1,1
2026-05-14,MANDI005,Maize,2264.98,2090.0,1,0
2026-05-14,MANDI005,Wheat,2093.58,2275.0,1,1
2026-05-14,MANDI009,Mustard,6430.33,5650.0,1,0
2026-05-14,MANDI010,Wheat,2422.0070941510457,2275.0,1,0
2026-05-14,MANDI012,Maize,1984.0,2090.0,1,1
2026-05-14,MANDI013,Narma,6642.0,6620.0,1,0
2026-05-14,MANDI015,Rice,1971.0,2183.0,1,1
2026-05-14,MANDI017,Sugarcane,3285.06,3500.0,1,1
2026-05-14,MANDI018,Cotton,7478.0,6620.0,1,0
2026-05-14,MANDI019,Wheat,2021.0,2275.0,1,1
2026-05-14,MANDI022,Maize,2150.0,2090.0,1,0
2026-05-14,MANDI022,Wheat,2333.34,2275.0,1,0
2026-05-14,MANDI025,Sugarcane,3996.5874717008646,3500.0,1,0
2026-05-14,MANDI029,Rice,2166.92,2183.0,1,1
2026-05-14,MANDI032,Mustard,6063.67,5650.0,1,0
2026-05-14,MANDI035,Sugarcane,3528.0,3500.0,1,0
2026-05-14,MANDI036,Rice,2030.0,2183.0,1,1
2026-05-14,MANDI037,Narma,7498.0,6620.0,1,0
2026-05-14,MANDI038,Wheat,2436.7,2275.0,1,0
2026-05-14,MANDI039,Cotton,6372.45,6620.0,1,1
2026-05-14,MANDI045,Wheat,2386.77,2275.0,1,0
2026-05-14,MANDI049,Sugarcane,4003.0,3500.0,1,0
2026-05-14,MANDI052,Cotton,6241.0,6620.0,1,1
2026-05-14,MANDI052,Maize,2068.39,2090.0,1,1
2026-05-14,MANDI054,Sugarcane,3231.87,3500.0,1,1
2026-05-14,MANDI055,Rice,2436.73,2183.0,1,0
2026-05-14,MANDI057,Mustard,5893.0,5650.0,1,0
2026-05-15,MANDI002,Mustard,5270.0,5650.0,1,1
2026-05-15,MANDI005,Maize,2254.47,2090.0,1,0
2026-05-15,MANDI007,Cotton,6750.0,6620.0,1,0
2026-05-15,MANDI008,Cotton,6186.01,6620.0,1,1
2026-05-15,MANDI013,Maize,2072.33,2090.0,1,1
2026-05-15,MANDI015,Rice,2403.51,2183.0,1,0
2026-05-15,MANDI017,Maize,1871.94,2090.0,1,1
2026-05-15,MANDI018,Maize,2236.0,2090.0,1,0
2026-05-15,MANDI020,Sugarcane,3765.0,3500.0,1,0
2026-05-15,MANDI021,Mustard,5787.17,5650.0,1,0
2026-05-15,MANDI022,Wheat,2313.2571307272865,2275.0,1,0
2026-05-15,MANDI026,Maize,2218.0,2090.0,1,0
2026-05-15,MANDI026,Sugarcane,3779.0,3500.0,1,0
2026-05-15,MANDI032,Rice,2057.22,2183.0,1,1
2026-05-15,MANDI032,Sugarcane,3290.9,3500.0,1,1
2026-05-15,MANDI037,Rice,2098.0,2183.0,1,1
2026-05-15,MANDI038,Maize,1899.0,2090.0,1,1
2026-05-15,MANDI044,Maize,1989.2640535659093,2090.0,1,1
2026-05-15,MANDI044,Wheat,2528.0,2275.0,1,0
2026-05-15,MANDI046,Maize,1972.3277649779109,2090.0,1,1
2026-05-15,MANDI048,Sugarcane,3540.0,3500.0,1,0
2026-05-15,MANDI051,Mustard,6164.0,5650.0,1,0
2026-05-15,MANDI052,Mustard,6092.386088092027,5650.0,1,0
2026-05-15,MANDI052,Sugarcane,3872.0,3500.0,1,0
2026-05-15,MANDI053,Maize,2158.0,2090.0,1,0
2026-05-16,MANDI001,Maize,2193.07,2090.0,1,0
2026-05-16,MANDI002,Mustard,6106.463993392803,5650.0,1,0
2026-05-16,MANDI004,Mustard,5674.0,5650.0,1,0
2026-05-16,MANDI004,Sugarcane,3694.27,3500.0,1,0
2026-05-16,MANDI006,Wheat,2349.29,2275.0,1,0
2026-05-16,MANDI010,Sugarcane,3705.07,3500.0,1,0
2026-05-16,MANDI011,Maize,2205.5752856725803,2090.0,2,1
2026-05-16,MANDI012,Cotton,6861.32,6620.0,1,0
2026-05-16,MANDI014,Cotton,7088.55,6620.0,1,0
2026-05-16,MANDI017,Cotton,7268.0,6620.0,1,0
2026-05-16,MANDI017,Sugarcane,3746.0,3500.0,1,0
2026-05-16,MANDI018,Rice,2367.56,2183.0,1,0
2026-05-16,MANDI019,Rice,2521.89,2183.0,1,0
2026-05-16,MANDI021,Rice,1985.94,2183.0,1,1
2026-05-16,MANDI025,Cotton,6682.0,6620.0,1,0
2026-05-16,MANDI026,Cotton,6712.87,6620.0,1,0
2026-05-16,MANDI028,Maize,2134.8,2090.0,2,0
2026-05-16,MANDI029,Rice,2144.26,2183.0,1,1
2026-05-16,MANDI034,Cotton,7045.66,6620.0,1,0
2026-05-16,MANDI035,Narma,6335.2,6620.0,1,1
2026-05-16,MANDI036,Maize,2299.53,2090.0,1,0
2026-05-16,MANDI037,Maize,1932.0,2090.0,1,1
2026-05-16,MANDI038,Rice,2136.53,2183.0,1,1
2026-05-16,MANDI038,Sugarcane,3253.42333471898,3500.0,1,1
2026-05-16,MANDI046,Wheat,2507.62,2275.0,1,0
2026-05-16,MANDI047,Maize,1959.06,2090.0,1,1
2026-05-16,MANDI052,Cotton,6309.56,6620.0,1,1
2026-05-16,MANDI052,Sugarcane,3813.75,3500.0,1,0
2026-05-16,MANDI055,Sugarcane,3537.0,3500.0,1,0
2026-05-16,MANDI056,Rice,1993.31,2183.0,1,1
2026-05-17,MANDI005,Wheat,2502.57,2275.0,1,0
2026-05-17,MANDI008,Mustard,5052.08,5650.0,1,1
2026-05-17,MANDI012,Mustard,5786.0,5650.0,1,0
2026-05-17,MANDI012,Narma,6490.0,6620.0,1,1
2026-05-17,MANDI014,Cotton,6362.47528263049,6620.0,1,1
2026-05-17,MANDI014,Sugarcane,3594.71,3500.0,1,0
2026-05-17,MANDI021,Sugarcane,3850.0,3500.0,1,0
2026-05-17,MANDI021,Wheat,2518.0,2275.0,1,0
2026-05-17,MANDI027,Cotton,6930.818807678319,6620.0,1,0
2026-05-17,MANDI028,Rice,2417.06,2183.0,1,0
2026-05-17,MANDI029,Sugarcane,3395.0,3500.0,1,1
2026-05-17,MANDI033,Maize,2243.12,2090.0,1,0
2026-05-17,MANDI033,Mustard,5422.6,5650.0,1,1
2026-05-17,MANDI034,Wheat,2567.33,2275.0,1,0
2026-05-17,MANDI036,Cotton,7060.088880584394,6620.0,1,0
2026-05-17,MANDI036,Mustard,5690.03,5650.0,1,0
2026-05-17,MANDI036,Wheat,2132.11,2275.0,1,1
2026-05-17,MANDI037,Maize,2212.43,2090.0,1,0
2026-05-17,MANDI038,Cotton,7050.51,6620.0,1,0
2026-05-17,MANDI038,Sugarcane,3590.27,3500.0,1,0
2026-05-17,MANDI040,Cotton,6350.908377606398,6620.0,1,1
2026-05-17,MANDI041,Maize,2265.72,2090.0,1,0
2026-05-17,MANDI042,Cotton,7082.82,6620.0,1,0
2026-05-17,MANDI042,Rice,2146.5252322449583,2183.0,1,1
2026-05-17,MANDI047,Mustard,5368.0,5650.0,1,1
2026-05-17,MANDI048,Rice,2326.13,2183.0,1,0
2026-05-17,MANDI049,Basmati,2224.59,2183.0,1,0
2026-05-17,MANDI049,Maize,1998.34,2090.0,1,1
2026-05-17,MANDI051,Maize,2395.3191716795477,2090.0,1,0
2026-05-17,MANDI051,Sugarcane,3583.0,3500.0,1,0
2026-05-17,MANDI051,Wheat,2274.77,2275.0,1,1
2026-05-17,MANDI052,Rice,2366.67,2183.0,1,0
2026-05-17,MANDI054,Maize,1867.08,2090.0,1,1
2026-05-17,MANDI055,Maize,2430.76,2090.0,1,0
2026-05-17,MANDI055,Narma,6592.0,6620.0,1,1
2026-05-17,MANDI056,Cotton,6499.0,6620.0,1,1
2026-05-17,MANDI056,Mustard,6308.0,5650.0,1,0
2026-05-18,MANDI007,Cotton,7571.13,6620.0,1,0
2026-05-18,MANDI020,Maize,2009.0,2090.0,1,1
2026-05-18,MANDI020,Sugarcane,3897.0,3500.0,1,0
2026-05-18,MANDI020,Wheat,2447.241178979527,2275.0,1,0
2026-05-18,MANDI023,Mustard,5853.755,5650.0,2,0
2026-05-18,MANDI023,Wheat,2490.04,2275.0,1,0
2026-05-18,MANDI024,Narma,7420.0,6620.0,1,0
2026-05-18,MANDI024,Sugarcane,3799.21,3500.0,2,0
2026-05-18,MANDI026,Rice,2141.64,2183.0,1,1
2026-05-18,MANDI032,Rice,2291.52,2183.0,1,0
2026-05-18,MANDI035,Mustard,5716.14,5650.0,1,0
2026-05-18,MANDI038,Mustard,6481.0,5650.0,1,0
2026-05-18,MANDI039,Basmati,2176.0,2183.0,1,1
2026-05-18,MANDI042,Cotton,6926.29,6620.0,1,0
2026-05-18,MANDI043,Wheat,2372.07,2275.0,1,0
2026-05-18,MANDI046,Sugarcane,3487.555,3500.0,2,1
2026-05-18,MANDI046,Wheat,2385.1110245314703,2275.0,2,1
2026-05-18,MANDI048,Maize,2172.0,2090.0,1,0
2026-05-18,MANDI048,Mustard,6026.63,5650.0,1,0
2026-05-18,MANDI051,Cotton,6568.0,6620.0,1,1
2026-05-18,MANDI052,Sugarcane,3142.62,3500.0,1,1
2026-05-18,MANDI054,Sugarcane,3899.0,3500.0,1,0
2026-05-18,MANDI054,Wheat,2279.89,2275.0,1,0
2026-05-18,MANDI057,Maize,2125.53,2090.0,1,0
2026-05-19,MANDI002,Narma,7560.0,6620.0,1,0
2026-05-19,MANDI002,Rice,2134.25,2183.0,1,1
2026-05-19,MANDI010,Wheat,2367.26,2275.0,1,0
2026-05-19,MANDI013,Mustard,6161.07,5650.0,1,0
2026-05-19,MANDI014,Rice,2232.0,2183.0,1,0
2026-05-19,MANDI019,Rice,2315.41,2183.0,1,0
2026-05-19,MANDI020,Cotton,6986.34,6620.0,1,0
2026-05-19,MANDI023,Cotton,5961.62,6620.0,1,1
2026-05-19,MANDI023,Maize,2374.0,2090.0,1,0
2026-05-19,MANDI023,Wheat,2404.865508286929,2275.0,1,0
2026-05-19,MANDI024,Cotton,7130.24,6620.0,1,0
2026-05-19,MANDI032,Wheat,2137.51,2275.0,1,1
2026-05-19,MANDI035,Maize,2341.26,2090.0,1,0
2026-05-19,MANDI035,Sugarcane,3478.07,3500.0,1,1
2026-05-19,MANDI036,Sugarcane,3398.9,3500.0,1,1
2026-05-19,MANDI037,Sugarcane,3538.39,3500.0,1,0
2026-05-19,MANDI039,Maize,2074.25,2090.0,1,1
2026-05-19,MANDI039,Wheat,2534.0725356537014,2275.0,1,0
2026-05-19,MANDI040,Maize,2218.52,2090.0,1,0
2026-05-19,MANDI042,Cotton,7006.0,6620.0,1,0
2026-05-19,MANDI044,Mustard,6360.42,5650.0,1,0
2026-05-19,MANDI045,Rice,2219.0,2183.0,1,0
2026-05-19,MANDI048,Wheat,2514.55,2275.0,1,0
2026-05-19,MANDI051,Narma,7002.41,6620.0,1,0
2026-05-19,MANDI052,Cotton,7086.0,6620.0,1,0
2026-05-19,MANDI052,Narma,6189.0,6620.0,1,1
2026-05-19,MANDI053,Cotton,7147.32,6620.0,1,0
2026-05-19,MANDI056,Cotton,6381.0,6620.0,1,1
2026-05-20,MANDI003,Maize,2255.0,2090.0,1,0
2026-05-20,MANDI007,Wheat,2400.0,2275.0,1,0
2026-05-20,MANDI008,Rice,2166.76,2183.0,1,1
2026-05-20,MANDI010,Mustard,6235.28,5650.0,1,0
2026-05-20,MANDI012,Maize,2027.28,2090.0,1,1
2026-05-20,MANDI015,Wheat,2276.625,2275.0,2,1
2026-05-20,MANDI016,Maize,2382.99,2090.0,2,0
2026-05-20,MANDI023,Maize,2222.57,2090.0,1,0
2026-05-20,MANDI025,Sugarcane,3481.33,3500.0,1,1
2026-05-20,MANDI026,Cotton,6328.28,6620.0,1,1
2026-05-20,MANDI026,Mustard,5285.68,5650.0,1,1
2026-05-20,MANDI029,Maize,2258.66,2090.0,1,0
2026-05-20,MANDI031,Maize,1965.0,2090.0,1,1
2026-05-20,MANDI031,Wheat,2559.0,2275.0,1,0
2026-05-20,MANDI032,Sugarcane,3335.0,3500.0,1,1
2026-05-20,MANDI032,Wheat,2519.235294837771,2275.0,1,0
2026-05-20,MANDI036,Wheat,2420.9020006745213,2275.0,1,0
2026-05-20,MANDI039,Wheat,2104.72,2275.0,1,1
2026-05-20,MANDI040,Rice,2370.0,2183.0,1,0
2026-05-20,MANDI041,Rice,1935.63,2183.0,1,1
2026-05-20,MANDI043,Rice,2028.0,2183.0,1,1
2026-05-20,MANDI043,Sugarcane,3735.03,3500.0,1,0
2026-05-20,MANDI044,Sugarcane,3465.52,3500.0,1,1
2026-05-20,MANDI045,Maize,2153.7,2090.0,1,0
2026-05-20,MANDI046,Sugarcane,3383.91,3500.0,1,1
2026-05-20,MANDI047,Maize,1990.53,2090.0,1,1
2026-05-20,MANDI047,Sugarcane,3194.11,3500.0,1,1
2026-05-20,MANDI047,Wheat,2341.67,2275.0,1,0
2026-05-20,MANDI048,Sugarcane,3785.0,3500.0,1,0
2026-05-20,MANDI050,Cotton,5873.346491861148,6620.0,2,2
2026-05-20,MANDI052,Maize,2179.06,2090.0,1,0
2026-05-20,MANDI054,Wheat,2345.71,2275.0,1,0
2026-05-20,MANDI057,Sugarcane,3583.92,3500.0,1,0
2026-05-21,MANDI001,Sugarcane,3418.0,3500.0,1,1
2026-05-21,MANDI002,Narma,6618.3,6620.0,1,1
2026-05-21,MANDI008,Maize,2176.26,2090.0,1,0
2026-05-21,MANDI009,Maize,2213.54,2090.0,1,0
2026-05-21,MANDI012,Mustard,5464.51,5650.0,1,1
2026-05-21,MANDI013,Narma,6755.309971928591,6620.0,1,0
2026-05-21,MANDI018,Basmati,2017.33,2183.0,1,1
2026-05-21,MANDI019,Cotton,6170.52,6620.0,1,1
2026-05-21,MANDI020,Basmati,2267.0,2183.0,1,0
2026-05-21,MANDI022,Cotton,7613.0,6620.0,1,0
2026-05-21,MANDI023,Cotton,6115.0,6620.0,1,1
2026-05-21,MANDI026,Basmati,2181.87,2183.0,1,1
2026-05-21,MANDI029,Mustard,6025.81,5650.0,1,0
2026-05-21,MANDI029,Narma,7385.16,6620.0,1,0
2026-05-21,MANDI029,Wheat,2342.0,2275.0,1,0
2026-05-21,MANDI031,Cotton,6662.39,6620.0,1,0
2026-05-21,MANDI031,Wheat,2217.72,2275.0,1,1
2026-05-21,MANDI033,Mustard,5059.55,5650.0,1,1
2026-05-21,MANDI042,Mustard,5892.65,5650.0,1,0
2026-05-21,MANDI043,Mustard,6514.0,5650.0,1,0
2026-05-21,MANDI043,Wheat,2597.0,2275.0,1,0
2026-05-21,MANDI044,Rice,2085.73,2183.0,1,1
2026-05-21,MANDI045,Sugarcane,3874.59,3500.0,1,0
2026-05-21,MANDI049,Cotton,7020.77,6620.0,1,0
2026-05-21,MANDI053,Maize,2145.33,2090.0,1,0
2026-05-21,MANDI055,Rice,2518.69,2183.0,1,0
2026-05-21,MANDI055,Sugarcane,3679.9661433643087,3500.0,2,0
2026-05-22,MANDI001,Rice,2315.2263590828775,2183.0,2,0
2026-05-22,MANDI010,Cotton,6642.37,6620.0,1,0
2026-05-22,MANDI013,Cotton,7506.1,6620.0,1,0
2026-05-22,MANDI015,Cotton,6680.82,6620.0,1,0
2026-05-22,MANDI015,Rice,2095.3053061912256,2183.0,1,1
2026-05-22,MANDI019,Wheat,2533.0,2275.0,1,0
2026-05-22,MANDI021,Rice,2298.08,2183.0,1,0
2026-05-22,MANDI022,Maize,1932.0,2090.0,1,1
2026-05-22,MANDI023,Wheat,2560.86,2275.0,1,0
2026-05-22,MANDI026,Maize,2214.0,2090.0,1,0
2026-05-22,MANDI026,Sugarcane,3476.23,3500.0,1,1
2026-05-22,MANDI029,Cotton,6346.775,6620.0,2,2
2026-05-22,MANDI031,Mustard,5779.27,5650.0,1,0
2026-05-22,MANDI031,Sugarcane,3658.0,3500.0,1,0
2026-05-22,MANDI032,Wheat,2048.39,2275.0,1,1
2026-05-22,MANDI035,Maize,2303.0,2090.0,1,0
2026-05-22,MANDI036,Mustard,5695.87,5650.0,1,0
2026-05-22,MANDI037,Sugarcane,3432.21,3500.0,1,1
2026-05-22,MANDI038,Rice,2406.99,2183.0,1,0
2026-05-22,MANDI040,Mustard,5985.749135321687,5650.0,1,0
2026-05-22,MANDI041,Rice,1983.0,2183.0,1,1
2026-05-22,MANDI046,Rice,2140.63,2183.0,1,1
2026-05-22,MANDI047,Rice,2246.42,2183.0,1,0
2026-05-22,MANDI049,Maize,2081.315,2090.0,2,1
2026-05-22,MANDI049,Mustard,5472.0,5650.0,1,1
2026-05-22,MANDI051,Wheat,2184.0,2275.0,1,1
2026-05-22,MANDI052,Wheat,2219.27,2275.0,1,1
2026-05-22,MANDI054,Mustard,5293.0,5650.0,1,1
2026-05-22,MANDI055,Wheat,2225.0,2275.0,1,1
2026-05-22,MANDI056,Sugarcane,4004.44,3500.0,1,0
2026-05-23,MANDI003,Sugarcane,3576.88,3500.0,1,0
2026-05-23,MANDI006,Cotton,7122.75,6620.0,1,0
2026-05-23,MANDI007,Wheat,2267.55,2275.0,1,1
2026-05-23,MANDI009,Wheat,2203.67,2275.0,1,1
2026-05-23,MANDI011,Maize,2346.2159729650166,2090.0,1,0
2026-05-23,MANDI011,Sugarcane,3413.11,3500.0,1,1
2026-05-23,MANDI015,Narma,6156.46,6620.0,1,1
2026-05-23,MANDI015,Sugarcane,3573.91,3500.0,1,0
2026-05-23,MANDI017,Cotton,7114.17,6620.0,1,0
2026-05-23,MANDI018,Cotton,6141.85,6620.0,1,1
2026-05-23,MANDI018,Wheat,2579.0,2275.0,1,0
2026-05-23,MANDI019,Maize,2285.46,2090.0,1,0
2026-05-23,MANDI020,Cotton,6748.39381789961,6620.0,1,0
2026-05-23,MANDI021,Mustard,5903.88,5650.0,1,0
2026-05-23,MANDI024,Wheat,2191.78,2275.0,1,1
2026-05-23,MANDI026,Rice,2445.08,2183.0,1,0
2026-05-23,MANDI027,Cotton,6561.28,6620.0,1,1
2026-05-23,MANDI028,Narma,6709.72,6620.0,1,0
2026-05-23,MANDI031,Rice,2060.9,2183.0,1,1
2026-05-23,MANDI031,Sugarcane,3696.05,3500.0,2,0
2026-05-23,MANDI032,Mustard,6615.51,5650.0,1,0
2026-05-23,MANDI033,Rice,1972.03,2183.0,1,1
2026-05-23,MANDI033,Wheat,2473.7584028310966,2275.0,1,0
2026-05-23,MANDI034,Wheat,2146.0,2275.0,1,1
2026-05-23,MANDI035,Sugarcane,3311.511309071975,3500.0,1,1
2026-05-23,MANDI038,Sugarcane,3443.97,3500.0,1,1
2026-05-23,MANDI040,Mustard,5281.35,5650.0,1,1
2026-05-23,MANDI040,Wheat,2201.0,2275.0,1,1
2026-05-23,MANDI041,Rice,2366.46853694976,2183.0,1,0
2026-05-23,MANDI041,Wheat,2184.0,2275.0,1,1
2026-05-23,MANDI042,Maize,2337.0,2090.0,1,0
2026-05-23,MANDI043,Narma,7093.0,6620.0,1,0
2026-05-23,MANDI045,Wheat,2644.0,2275.0,1,0
2026-05-23,MANDI048,Cotton,6119.19,6620.0,1,1
2026-05-23,MANDI048,Rice,2090.0,2183.0,1,1
2026-05-23,MANDI049,Cotton,7306.96,6620.0,1,0
2026-05-23,MANDI049,Wheat,2386.9,2275.0,1,0
2026-05-23,MANDI053,Basmati,2096.12,2183.0,1,1
2026-05-23,MANDI054,Sugarcane,3283.97,3500.0,1,1
2026-05-23,MANDI054,Wheat,2269.24,2275.0,1,1
2026-05-23,MANDI056,Cotton,5927.945782553126,6620.0,1,1
2026-05-24,MANDI002,Maize,2212.4,2090.0,1,0
2026-05-24,MANDI002,Wheat,2133.25,2275.0,1,1
2026-05-24,MANDI006,Sugarcane,3720.54,3500.0,1,0
2026-05-24,MANDI007,Mustard,5777.5,5650.0,2,1
2026-05-24,MANDI010,Maize,2208.89,2090.0,1,0
2026-05-24,MANDI011,Sugarcane,3812.25,3500.0,1,0
2026-05-24,MANDI012,Maize,1930.0,2090.0,1,1
2026-05-24,MANDI013,Maize,2100.92,2090.0,1,0
2026-05-24,MANDI013,Sugarcane,3690.08,3500.0,1,0
2026-05-24,MANDI013,Wheat,2054.16,2275.0,1,1
2026-05-24,MANDI014,Wheat,2403.0,2275.0,1,0
2026-05-24,MANDI017,Cotton,6803.02,6620.0,2,1
2026-05-24,MANDI019,Maize,1971.78,2090.0,1,1
2026-05-24,MANDI021,Basmati,2284.0,2183.0,1,0
2026-05-24,MANDI024,Cotton,6736.0,6620.0,1,0
2026-05-24,MANDI026,Basmati,2276.38,2183.0,1,0
2026-05-24,MANDI026,Mustard,5494.4,5650.0,1,1
2026-05-24,MANDI026,Rice,2160.83,2183.0,1,1
2026-05-24,MANDI028,Mustard,6113.2,5650.0,1,0
2026-05-24,MANDI030,Rice,1973.0,2183.0,1,1
2026-05-24,MANDI030,Sugarcane,3197.74,3500.0,1,1
2026-05-24,MANDI035,Rice,2059.67,2183.0,1,1
2026-05-24,MANDI035,Wheat,2540.73,2275.0,1,0
2026-05-24,MANDI036,Rice,2044.87,2183.0,1,1
2026-05-24,MANDI038,Mustard,6056.0,5650.0,1,0
2026-05-24,MANDI038,Wheat,2168.4540773333456,2275.0,2,2
2026-05-24,MANDI039,Mustard,5528.7,5650.0,1,1
2026-05-24,MANDI040,Mustard,5756.918180337378,5650.0,1,0
2026-05-24,MANDI041,Mustard,5765.02,5650.0,1,0
2026-05-24,MANDI045,Sugarcane,3322.0,3500.0,1,1
2026-05-24,MANDI047,Mustard,6193.0,5650.0,1,0
2026-05-24,MANDI049,Sugarcane,3493.3,3500.0,1,1
2026-05-24,MANDI050,Maize,2185.52,2090.0,1,0
2026-05-24,MANDI051,Wheat,2436.0,2275.0,1,0
2026-05-24,MANDI052,Rice,2390.0,2183.0,1,0
2026-05-24,MANDI053,Sugarcane,3711.64,3500.0,1,0
2026-05-24,MANDI054,Mustard,5739.335604800961,5650.0,1,0
2026-05-24,MANDI056,Sugarcane,3951.25,3500.0,1,0
2026-05-25,MANDI001,Maize,2375.77,2090.0,1,0
2026-05-25,MANDI001,Sugarcane,3791.0,3500.0,1,0
2026-05-25,MANDI001,Wheat,2485.82,2275.0,1,0
2026-05-25,MANDI004,Rice,2088.0,2183.0,1,1
2026-05-25,MANDI005,Rice,2163.5875135019123,2183.0,1,1
2026-05-25,MANDI005,Wheat,2513.23,2275.0,1,0
2026-05-25,MANDI007,Narma,6398.028734083424,6620.0,1,1
2026-05-25,MANDI007,Sugarcane,3440.42,3500.0,1,1
2026-05-25,MANDI009,Mustard,6340.21,5650.0,1,0
2026-05-25,MANDI010,Maize,2000.95,2090.0,1,1
2026-05-25,MANDI014,Rice,2029.8357632073885,2183.0,1,1
2026-05-25,MANDI015,Basmati,2267.9,2183.0,1,0
2026-05-25,MANDI015,Mustard,5318.875,5650.0,2,2
2026-05-25,MANDI018,Cotton,6544.19,6620.0,1,1
2026-05-25,MANDI020,Rice,2107.7306257333853,2183.0,1,1
2026-05-25,MANDI020,Sugarcane,3252.06,3500.0,1,1
2026-05-25,MANDI023,Maize,2194.938154697901,2090.0,1,0
2026-05-25,MANDI023,Rice,2106.88,2183.0,1,1
2026-05-25,MANDI024,Sugarcane,3967.43,3500.0,1,0
2026-05-25,MANDI025,Narma,6399.3,6620.0,1,1
2026-05-25,MANDI026,Mustard,5994.455824860666,5650.0,1,0
2026-05-25,MANDI026,Sugarcane,3346.96,3500.0,1,1
2026-05-25,MANDI027,Wheat,2151.33,2275.0,1,1
2026-05-25,MANDI028,Sugarcane,3630.9045053008913,3500.0,1,0
2026-05-25,MANDI030,Mustard,5122.0,5650.0,1,1
2026-05-25,MANDI031,Basmati,2111.0,2183.0,1,1
2026-05-25,MANDI033,Mustard,5347.84,5650.0,1,1
2026-05-25,MANDI035,Maize,1937.0,2090.0,1,1
2026-05-25,MANDI036,Maize,2322.0,2090.0,1,0
2026-05-25,MANDI037,Maize,1952.43,2090.0,1,1
2026-05-25,MANDI039,Mustard,5465.0,5650.0,1,1
2026-05-25,MANDI049,Rice,2361.36,2183.0,1,0
2026-05-25,MANDI052,Rice,2258.265217198218,2183.0,1,0
2026-05-25,MANDI054,Mustard,6123.0,5650.0,1,0
2026-05-26,MANDI004,Rice,2389.39,2183.0,1,0
2026-05-26,MANDI005,Mustard,5365.5,5650.0,1,1
2026-05-26,MANDI006,Maize,2002.35,2090.0,1,1
2026-05-26,MANDI006,Mustard,5929.0,5650.0,1,0
2026-05-26,MANDI007,Cotton,7151.48,6620.0,1,0
2026-05-26,MANDI010,Maize,2211.62,2090.0,1,0
2026-05-26,MANDI011,Rice,2316.41,2183.0,1,0
2026-05-26,MANDI011,Wheat,2137.0,2275.0,1,1
2026-05-26,MANDI012,Wheat,2256.18,2275.0,1,1
2026-05-26,MANDI021,Cotton,7262.28,6620.0,1,0
2026-05-26,MANDI021,Maize,2067.5,2090.0,2,1
2026-05-26,MANDI021,Narma,7145.17,6620.0,1,0
2026-05-26,MANDI022,Mustard,5754.06,5650.0,1,0
2026-05-26,MANDI023,Maize,2282.32,2090.0,1,0
2026-05-26,MANDI023,Rice,2520.761665322855,2183.0,1,0
2026-05-26,MANDI023,Wheat,2306.19,2275.0,1,0
2026-05-26,MANDI025,Wheat,2282.15,2275.0,1,0
2026-05-26,MANDI026,Rice,2220.74,2183.0,1,0
2026-05-26,MANDI028,Mustard,5525.28,5650.0,1,1
2026-05-26,MANDI029,Cotton,6125.38,6620.0,1,1
2026-05-26,MANDI036,Cotton,6738.0,6620.0,1,0
2026-05-26,MANDI036,Wheat,2520.3485676096034,2275.0,1,0
2026-05-26,MANDI039,Mustard,5801.2,5650.0,1,0
2026-05-26,MANDI040,Sugarcane,3927.08,3500.0,1,0
2026-05-26,MANDI041,Maize,2165.0,2090.0,1,0
2026-05-26,MANDI044,Sugarcane,3532.4518140958485,3500.0,1,0
2026-05-26,MANDI045,Cotton,7511.0,6620.0,1,0
2026-05-26,MANDI045,Rice,1982.0,2183.0,1,1
2026-05-26,MANDI046,Rice,2122.0682507842284,2183.0,1,1
2026-05-26,MANDI048,Rice,2212.0,2183.0,1,0
2026-05-26,MANDI049,Rice,2350.13,2183.0,1,0
2026-05-26,MANDI053,Wheat,2359.0,2275.0,1,0
2026-05-27,MANDI004,Wheat,2449.56,2275.0,1,0
2026-05-27,MANDI008,Maize,2234.11,2090.0,1,0
2026-05-27,MANDI009,Cotton,6496.49,6620.0,1,1
2026-05-27,MANDI010,Maize,2169.12,2090.0,1,0
2026-05-27,MANDI015,Cotton,6689.45,6620.0,1,0
2026-05-27,MANDI017,Wheat,2472.0,2275.0,1,0
2026-05-27,MANDI019,Maize,1958.08,2090.0,1,1
2026-05-27,MANDI024,Maize,1959.25,2090.0,1,1
2026-05-27,MANDI025,Mustard,5190.147248937994,5650.0,1,1
2026-05-27,MANDI026,Rice,2460.0,2183.0,1,0
2026-05-27,MANDI027,Sugarcane,3442.31,3500.0,1,1
2026-05-27,MANDI028,Maize,1970.71,2090.0,1,1
2026-05-27,MANDI028,Rice,2169.0,2183.0,1,1
2026-05-27,MANDI029,Maize,2193.785,2090.0,2,1
2026-05-27,MANDI030,Cotton,7610.02,6620.0,1,0
2026-05-27,MANDI032,Mustard,5234.79,5650.0,1,1
2026-05-27,MANDI034,Mustard,6040.293848586203,5650.0,1,0
2026-05-27,MANDI035,Rice,2126.5758600953127,2183.0,1,1
2026-05-27,MANDI037,Wheat,2295.5,2275.0,1,0
2026-05-27,MANDI039,Maize,2270.64,2090.0,1,0
2026-05-27,MANDI040,Narma,7131.05,6620.0,1,0
2026-05-27,MANDI048,Sugarcane,3396.53,3500.0,1,1
2026-05-27,MANDI048,Wheat,2089.87,2275.0,1,1
2026-05-27,MANDI049,Sugarcane,3389.0,3500.0,1,1
2026-05-27,MANDI050,Mustard,6269.2330028946735,5650.0,1,0
2026-05-27,MANDI052,Mustard,6425.0,5650.0,1,0
2026-05-27,MANDI056,Mustard,6272.1,5650.0,2,0
2026-05-27,MANDI057,Cotton,6978.59,6620.0,1,0
2026-05-28,MANDI001,Rice,2231.21,2183.0,1,0
2026-05-28,MANDI002,Rice,2309.0,2183.0,1,0
2026-05-28,MANDI003,Wheat,2434.609471021343,2275.0,1,0
2026-05-28,MANDI004,Maize,2309.0,2090.0,1,0
2026-05-28,MANDI005,Maize,2025.74,2090.0,1,1
2026-05-28,MANDI008,Rice,2086.37,2183.0,1,1
2026-05-28,MANDI010,Rice,2058.0,2183.0,1,1
2026-05-28,MANDI012,Cotton,6822.81,6620.0,1,0
2026-05-28,MANDI013,Maize,2319.0,2090.0,1,0
2026-05-28,MANDI013,Mustard,6133.0,5650.0,1,0
2026-05-28,MANDI014,Wheat,2036.96,2275.0,1,1
2026-05-28,MANDI015,Basmati,2029.0,2183.0,1,1
2026-05-28,MANDI015,Rice,2385.711150352649,2183.0,1,0
2026-05-28,MANDI015,Wheat,2201.0,2275.0,1,1
2026-05-28,MANDI016,Mustard,6250.18,5650.0,1,0
2026-05-28,MANDI016,Sugarcane,3822.0,3500.0,1,0
2026-05-28,MANDI018,Sugarcane,3503.93,3500.0,1,0
2026-05-28,MANDI019,Maize,2108.453697948952,2090.0,1,0
2026-05-28,MANDI021,Wheat,2207.0,2275.0,1,1
2026-05-28,MANDI024,Wheat,2472.93,2275.0,1,0
2026-05-28,MANDI029,Maize,2149.0,2090.0,1,0
2026-05-28,MANDI031,Maize,2163.35,2090.0,1,0
2026-05-28,MANDI034,Sugarcane,3590.29,3500.0,1,0
2026-05-28,MANDI036,Cotton,6194.79,6620.0,1,1
2026-05-28,MANDI037,Mustard,5838.19,5650.0,1,0
2026-05-28,MANDI043,Wheat,2411.5324664121126,2275.0,1,0
2026-05-28,MANDI044,Cotton,6715.0,6620.0,1,0
2026-05-28,MANDI045,Cotton,6470.0,6620.0,1,1
2026-05-28,MANDI045,Sugarcane,3610.68,3500.0,1,0
2026-05-28,MANDI047,Sugarcane,3350.99,3500.0,1,1
2026-05-28,MANDI048,Rice,2376.36,2183.0,1,0
2026-05-28,MANDI049,Rice,2291.15,2183.0,1,0
2026-05-28,MANDI051,Sugarcane,3835.14,3500.0,1,0
2026-05-28,MANDI057,Sugarcane,3654.0,3500.0,1,0
2026-05-29,MANDI004,Maize,2301.0,2090.0,1,0
2026-05-29,MANDI009,Rice,1986.0,2183.0,1,1
2026-05-29,MANDI011,Cotton,7061.0,6620.0,1,0
2026-05-29,MANDI011,Mustard,5841.16,5650.0,1,0
2026-05-29,MANDI011,Rice,2127.0,2183.0,1,1
2026-05-29,MANDI012,Wheat,2475.7309996520235,2275.0,2,0
2026-05-29,MANDI013,Wheat,2305.0,2275.0,1,0
2026-05-29,MANDI016,Wheat,2408.85,2275.0,1,0
2026-05-29,MANDI017,Mustard,5913.064611644944,5650.0,1,0
2026-05-29,MANDI017,Wheat,2426.6,2275.0,1,0
2026-05-29,MANDI018,Basmati,1969.93,2183.0,1,1
2026-05-29,MANDI022,Mustard,5636.84,5650.0,1,1
2026-05-29,MANDI025,Cotton,6708.67,6620.0,1,0
2026-05-29,MANDI025,Rice,2259.74,2183.0,1,0
2026-05-29,MANDI026,Wheat,2167.0869627129887,2275.0,1,1
2026-05-29,MANDI028,Maize,2200.0,2090.0,1,0
2026-05-29,MANDI028,Rice,2255.58,2183.0,1,0
2026-05-29,MANDI029,Rice,2068.0,2183.0,1,1
2026-05-29,MANDI029,Sugarcane,3615.95,3500.0,1,0
2026-05-29,MANDI030,Maize,2161.8234550643456,2090.0,1,0
2026-05-29,MANDI030,Sugarcane,3739.724149665905,3500.0,1,0
2026-05-29,MANDI035,Mustard,6049.0,5650.0,1,0
2026-05-29,MANDI036,Cotton,6620.56,6620.0,1,0
2026-05-29,MANDI038,Mustard,5797.04,5650.0,1,0
2026-05-29,MANDI042,Maize,2241.2812863336435,2090.0,3,1
2026-05-29,MANDI043,Maize,2124.035288268348,2090.0,1,0
2026-05-29,MANDI044,Narma,7048.97,6620.0,1,0
2026-05-29,MANDI047,Sugarcane,3213.0,3500.0,1,1
2026-05-29,MANDI048,Wheat,2433.73,2275.0,1,0
2026-05-29,MANDI049,Rice,1958.0,2183.0,1,1
2026-05-29,MANDI050,Mustard,5000.17,5650.0,1,1
2026-05-29,MANDI051,Narma,6669.28,6620.0,1,0
2026-05-29,MANDI051,Wheat,2198.64,2275.0,1,1
2026-05-29,MANDI054,Maize,2174.51,2090.0,1,0
2026-05-30,MANDI002,Cotton,7371.5,6620.0,1,0
2026-05-30,MANDI002,Rice,2290.0,2183.0,1,0
2026-05-30,MANDI005,Wheat,2460.0,2275.0,1,0
2026-05-30,MANDI006,Maize,2045.5637585925324,2090.0,1,1
2026-05-30,MANDI009,Cotton,6902.0,6620.0,1,0
2026-05-30,MANDI010,Mustard,6309.55,5650.0,1,0
2026-05-30,MANDI011,Mustard,5370.0,5650.0,1,1
2026-05-30,MANDI011,Wheat,2367.215,2275.0,2,1
2026-05-30,MANDI015,Sugarcane,3846.35,3500.0,1,0
2026-05-30,MANDI016,Cotton,6393.68,6620.0,1,1
2026-05-30,MANDI016,Mustard,6244.0,5650.0,1,0
2026-05-30,MANDI018,Rice,2077.0,2183.0,1,1
2026-05-30,MANDI022,Maize,2090.489139341992,2090.0,1,0
2026-05-30,MANDI025,Maize,2288.0,2090.0,1,0
2026-05-30,MANDI028,Mustard,5494.0,5650.0,1,1
2026-05-30,MANDI031,Cotton,6481.8,6620.0,1,1
2026-05-30,MANDI032,Cotton,6898.17,6620.0,1,0
2026-05-30,MANDI039,Rice,1936.06,2183.0,1,1
2026-05-30,MANDI049,Rice,2164.02,2183.0,1,1
2026-05-30,MANDI051,Cotton,6397.0,6620.0,1,1
2026-05-30,MANDI056,Wheat,2507.0,2275.0,1,0
2026-05-30,MANDI057,Rice,2306.0,2183.0,1,0
2026-05-31,MANDI002,Sugarcane,3828.0,3500.0,1,0
2026-05-31,MANDI005,Mustard,5939.581337721134,5650.0,1,0
2026-05-31,MANDI005,Rice,2242.0,2183.0,1,0
2026-05-31,MANDI005,Wheat,2090.81,2275.0,1,1
2026-05-31,MANDI008,Maize,2150.78,2090.0,1,0
2026-05-31,MANDI008,Rice,2487.214844414705,2183.0,1,0
2026-05-31,MANDI008,Sugarcane,3672.66,3500.0,1,0
2026-05-31,MANDI010,Rice,2209.0,2183.0,1,0
2026-05-31,MANDI014,Sugarcane,3590.0,3500.0,1,0
2026-05-31,MANDI017,Cotton,7133.42,6620.0,1,0
2026-05-31,MANDI017,Sugarcane,3285.0,3500.0,1,1
2026-05-31,MANDI021,Cotton,6160.81,6620.0,1,1
2026-05-31,MANDI021,Maize,1957.5956597046056,2090.0,1,1
2026-05-31,MANDI024,Wheat,2312.34,2275.0,1,0
2026-05-31,MANDI027,Mustard,6029.48,5650.0,1,0
2026-05-31,MANDI029,Mustard,6331.0,5650.0,1,0
2026-05-31,MANDI035,Rice,2275.0,2183.0,1,0
2026-05-31,MANDI037,Rice,2058.7,2183.0,1,1
2026-05-31,MANDI037,Sugarcane,3564.79,3500.0,1,0
2026-05-31,MANDI038,Cotton,6423.8130295051005,6620.0,1,1
2026-05-31,MANDI038,Rice,2372.679864674289,2183.0,1,0
2026-05-31,MANDI042,Mustard,6008.75,5650.0,1,0
2026-05-31,MANDI044,Maize,2162.64,2090.0,1,0
2026-05-31,MANDI044,Mustard,5641.164461955812,5650.0,1,1
2026-05-31,MANDI044,Sugarcane,3777.3,3500.0,1,0
2026-05-31,MANDI047,Maize,2115.0,2090.0,1,0
2026-05-31,MANDI050,Maize,2343.0,2090.0,1,0
2026-05-31,MANDI050,Narma,6900.647636183542,6620.0,1,0
2026-05-31,MANDI051,Rice,2056.28,2183.0,1,1
2026-05-31,MANDI055,Cotton,6422.66,6620.0,1,1
2026-05-31,MANDI056,Sugarcane,3555.61,3500.0,1,0
2026-05-31,MANDI057,Rice,2405.36,2183.0,1,0
2026-06-01,MANDI002,Maize,2228.67,2090.0,1,0
2026-06-01,MANDI003,Rice,2296.99,2183.0,1,0
2026-06-01,MANDI004,Narma,6735.15,6620.0,1,0
2026-06-01,MANDI004,Wheat,2249.45,2275.0,1,1
2026-06-01,MANDI008,Mustard,5341.26,5650.0,1,1
2026-06-01,MANDI011,Mustard,5125.0,5650.0,1,1
2026-06-01,MANDI011,Wheat,2290.0,2275.0,1,0
2026-06-01,MANDI012,Wheat,2579.27,2275.0,1,0
2026-06-01,MANDI014,Rice,2195.170267644535,2183.0,1,0
2026-06-01,MANDI014,Sugarcane,3520.34,3500.0,1,0
2026-06-01,MANDI015,Mustard,6542.58,5650.0,1,0
2026-06-01,MANDI017,Cotton,7048.95,6620.0,1,0
2026-06-01,MANDI017,Sugarcane,3635.255,3500.0,2,0
2026-06-01,MANDI025,Cotton,7062.36,6620.0,1,0
2026-06-01,MANDI034,Rice,2236.353071831627,2183.0,2,0
2026-06-01,MANDI036,Wheat,2151.0,2275.0,1,1
2026-06-01,MANDI042,Cotton,7073.0,6620.0,1,0
2026-06-01,MANDI043,Maize,2249.6969137929946,2090.0,1,0
2026-06-01,MANDI044,Sugarcane,3454.77,3500.0,1,1
2026-06-01,MANDI044,Wheat,2216.0,2275.0,1,1
2026-06-01,MANDI048,Mustard,6441.27,5650.0,1,0
2026-06-01,MANDI050,Wheat,2478.15,2275.0,1,0
2026-06-01,MANDI055,Sugarcane,3244.6003698960367,3500.0,1,1
2026-06-02,MANDI001,Mustard,5835.1,5650.0,1,0
2026-06-02,MANDI003,Maize,2207.87,2090.0,1,0
2026-06-02,MANDI003,Rice,2015.81,2183.0,1,1
2026-06-02,MANDI004,Rice,2352.0,2183.0,1,0
2026-06-02,MANDI005,Wheat,2404.0,2275.0,1,0
2026-06-02,MANDI007,Maize,2172.0,2090.0,1,0
2026-06-02,MANDI009,Maize,2239.2,2090.0,1,0
2026-06-02,MANDI011,Maize,2065.729354081127,2090.0,1,1
2026-06-02,MANDI012,Cotton,7362.0,6620.0,1,0
2026-06-02,MANDI012,Maize,2023.0,2090.0,1,1
2026-06-02,MANDI014,Sugarcane,3434.07,3500.0,1,1
2026-06-02,MANDI020,Mustard,5439.88,5650.0,1,1
2026-06-02,MANDI020,Narma,7037.108826286591,6620.0,1,0
2026-06-02,MANDI023,Sugarcane,3832.0,3500.0,1,0
2026-06-02,MANDI029,Mustard,5462.0,5650.0,1,1
2026-06-02,MANDI031,Cotton,7370.0,6620.0,1,0
2026-06-02,MANDI031,Maize,2394.22,2090.0,1,0
2026-06-02,MANDI033,Sugarcane,3495.0,3500.0,1,1
2026-06-02,MANDI034,Wheat,2574.82,2275.0,1,0
2026-06-02,MANDI039,Cotton,6642.0,6620.0,1,0
2026-06-02,MANDI040,Wheat,2208.88,2275.0,1,1
2026-06-02,MANDI042,Maize,2227.91,2090.0,1,0
2026-06-02,MANDI042,Mustard,6237.0,5650.0,1,0
2026-06-02,MANDI043,Maize,2013.86,2090.0,1,1
2026-06-02,MANDI047,Rice,2226.0,2183.0,1,0
2026-06-02,MANDI049,Narma,7338.3,6620.0,1,0
2026-06-02,MANDI051,Cotton,7337.0,6620.0,1,0
2026-06-02,MANDI054,Cotton,7540.93,6620.0,1,0
2026-06-02,MANDI054,Mustard,6145.468648447529,5650.0,1,0
2026-06-02,MANDI056,Maize,2021.0,2090.0,1,1
2026-06-02,MANDI056,Mustard,5668.0,5650.0,1,0
2026-06-03,MANDI006,Sugarcane,3419.28,3500.0,1,1
2026-06-03,MANDI010,Cotton,6361.0,6620.0,1,1
2026-06-03,MANDI014,Mustard,5350.456050363888,5650.0,1,1
2026-06-03,MANDI019,Sugarcane,4077.19,3500.0,1,0
2026-06-03,MANDI021,Cotton,6330.14,6620.0,1,1
2026-06-03,MANDI022,Wheat,2576.89,2275.0,1,0
2026-06-03,MANDI023,Sugarcane,3502.94,3500.0,1,0
2026-06-03,MANDI027,Cotton,6386.0,6620.0,1,1
2026-06-03,MANDI030,Maize,2132.2325132307938,2090.0,1,0
2026-06-03,MANDI030,Sugarcane,3161.25,3500.0,1,1
2026-06-03,MANDI030,Wheat,2146.0,2275.0,1,1
2026-06-03,MANDI031,Sugarcane,3606.82,3500.0,1,0
2026-06-03,MANDI033,Sugarcane,4056.23,3500.0,1,0
2026-06-03,MANDI035,Mustard,5206.18,5650.0,1,1
2026-06-03,MANDI036,Rice,2401.68,2183.0,1,0
2026-06-03,MANDI040,Maize,1952.59,2090.0,1,1
2026-06-03,MANDI041,Cotton,5941.0,6620.0,1,1
2026-06-03,MANDI041,Mustard,5864.11,5650.0,1,0
2026-06-03,MANDI043,Mustard,6072.07,5650.0,2,1
2026-06-03,MANDI043,Rice,2360.0,2183.0,1,0
2026-06-03,MANDI046,Sugarcane,3573.51,3500.0,1,0
2026-06-03,MANDI049,Cotton,6910.54684181801,6620.0,1,0
2026-06-03,MANDI051,Maize,1963.69,2090.0,1,1
2026-06-03,MANDI052,Wheat,2171.1189046586665,2275.0,1,1
2026-06-03,MANDI053,Basmati,2112.4,2183.0,1,1
2026-06-04,MANDI006,Wheat,2287.7009610793107,2275.0,1,0
2026-06-04,MANDI010,Maize,2354.0,2090.0,1,0
2026-06-04,MANDI013,Sugarcane,3812.54,3500.0,1,0
2026-06-04,MANDI015,Sugarcane,3549.28,3500.0,1,0
2026-06-04,MANDI018,Cotton,5986.0,6620.0,1,1
2026-06-04,MANDI019,Maize,2007.31,2090.0,1,1
2026-06-04,MANDI021,Sugarcane,3439.0,3500.0,1,1
2026-06-04,MANDI022,Mustard,5060.86,5650.0,1,1
2026-06-04,MANDI023,Cotton,7660.0,6620.0,1,0
2026-06-04,MANDI023,Rice,1993.388681763794,2183.0,1,1
2026-06-04,MANDI024,Maize,2037.0,2090.0,1,1
2026-06-04,MANDI025,Maize,1920.76,2090.0,1,1
2026-06-04,MANDI025,Mustard,5663.62,5650.0,1,0
2026-06-04,MANDI027,Wheat,2362.03,2275.0,1,0
2026-06-04,MANDI030,Cotton,5874.0,6620.0,1,1
2026-06-04,MANDI031,Cotton,6296.89,6620.0,1,1
2026-06-04,MANDI031,Maize,1914.23,2090.0,1,1
2026-06-04,MANDI032,Maize,2251.1,2090.0,1,0
2026-06-04,MANDI032,Wheat,2407.22,2275.0,1,0
2026-06-04,MANDI033,Wheat,2257.63,2275.0,1,1
2026-06-04,MANDI034,Mustard,5119.0,5650.0,1,1
2026-06-04,MANDI036,Cotton,7264.56,6620.0,1,0
2026-06-04,MANDI043,Maize,2116.26,2090.0,1,0
2026-06-04,MANDI046,Wheat,2628.53,2275.0,1,0
2026-06-04,MANDI048,Maize,2100.41,2090.0,1,0
2026-06-04,MANDI049,Cotton,6925.68,6620.0,1,0
2026-06-04,MANDI049,Sugarcane,3539.39,3500.0,1,0
2026-06-04,MANDI052,Rice,2376.5950000000003,2183.0,2,0
2026-06-04,MANDI054,Maize,2251.42,2090.0,1,0
2026-06-04,MANDI054,Wheat,2224.91,2275.0,1,1
2026-06-04,MANDI056,Wheat,2450.17,2275.0,1,0
2026-06-05,MANDI010,Cotton,6306.0,6620.0,1,1
2026-06-05,MANDI010,Sugarcane,3549.267329592042,3500.0,1,0
2026-06-05,MANDI012,Wheat,2113.08,2275.0,1,1
2026-06-05,MANDI013,Maize,2139.465,2090.0,2,0
2026-06-05,MANDI015,Wheat,2337.0,2275.0,1,0
2026-06-05,MANDI024,Sugarcane,3888.85,3500.0,1,0
2026-06-05,MANDI025,Maize,2350.0,2090.0,1,0
2026-06-05,MANDI025,Sugarcane,3961.28,3500.0,1,0
2026-06-05,MANDI026,Maize,2303.0,2090.0,1,0
2026-06-05,MANDI026,Sugarcane,3281.0,3500.0,1,1
2026-06-05,MANDI027,Wheat,2077.12,2275.0,1,1
2026-06-05,MANDI029,Maize,2129.14,2090.0,1,0
2026-06-05,MANDI029,Rice,2261.35,2183.0,1,0
2026-06-05,MANDI030,Cotton,7079.54,6620.0,1,0
2026-06-05,MANDI031,Wheat,2094.67,2275.0,1,1
2026-06-05,MANDI032,Cotton,6817.85,6620.0,1,0
2026-06-05,MANDI035,Wheat,2033.74,2275.0,1,1
2026-06-05,MANDI038,Maize,2033.63,2090.0,1,1
2026-06-05,MANDI039,Rice,2534.78,2183.0,1,0
2026-06-05,MANDI042,Cotton,6338.0,6620.0,1,1
2026-06-05,MANDI045,Rice,2316.2,2183.0,1,0
2026-06-05,MANDI049,Rice,2282.12,2183.0,1,0
2026-06-05,MANDI050,Cotton,7206.57,6620.0,1,0
2026-06-05,MANDI051,Rice,2358.579787521304,2183.0,1,0
2026-06-05,MANDI054,Rice,2280.8,2183.0,1,0
2026-06-05,MANDI055,Cotton,6844.0,6620.0,1,0
2026-06-05,MANDI055,Rice,2397.23,2183.0,1,0
2026-06-05,MANDI056,Cotton,6380.88,6620.0,1,1
2026-06-05,MANDI056,Mustard,6126.44,5650.0,1,0
2026-06-06,MANDI002,Mustard,5943.04,5650.0,1,0
2026-06-06,MANDI002,Sugarcane,3307.0,3500.0,1,1
2026-06-06,MANDI005,Rice,2051.41,2183.0,1,1
2026-06-06,MANDI007,Cotton,6399.02,6620.0,1,1
2026-06-06,MANDI011,Basmati,2417.09,2183.0,1,0
2026-06-06,MANDI011,Mustard,5415.65,5650.0,1,1
2026-06-06,MANDI011,Sugarcane,3371.92,3500.0,1,1
2026-06-06,MANDI013,Wheat,2300.27,2275.0,1,0
2026-06-06,MANDI017,Rice,2557.0,2183.0,1,0
2026-06-06,MANDI019,Rice,2436.08,2183.0,1,0
2026-06-06,MANDI021,Mustard,5562.77,5650.0,1,1
2026-06-06,MANDI026,Maize,2294.27,2090.0,1,0
2026-06-06,MANDI030,Maize,2215.91,2090.0,1,0
2026-06-06,MANDI031,Cotton,7002.1,6620.0,1,0
2026-06-06,MANDI032,Mustard,5876.565807732841,5650.0,1,0
2026-06-06,MANDI032,Rice,2113.51,2183.0,1,1
2026-06-06,MANDI038,Sugarcane,3374.82,3500.0,1,1
2026-06-06,MANDI041,Sugarcane,3536.0,3500.0,1,0
2026-06-06,MANDI047,Cotton,5917.77,6620.0,1,1
2026-06-06,MANDI047,Maize,2040.0,2090.0,1,1
2026-06-06,MANDI048,Mustard,5555.713239685661,5650.0,1,1
2026-06-06,MANDI048,Narma,7224.16,6620.0,1,0
2026-06-06,MANDI049,Wheat,2256.75,2275.0,1,1
2026-06-06,MANDI053,Wheat,2380.74,2275.0,1,0
2026-06-06,MANDI056,Maize,2234.68,2090.0,1,0
2026-06-06,MANDI057,Mustard,5419.0,5650.0,1,1
2026-06-07,MANDI004,Wheat,2615.6,2275.0,1,0
2026-06-07,MANDI005,Mustard,5510.0,5650.0,1,1
2026-06-07,MANDI008,Sugarcane,4051.07,3500.0,1,0
2026-06-07,MANDI010,Wheat,2508.87,2275.0,1,0
2026-06-07,MANDI011,Sugarcane,4022.78,3500.0,1,0
2026-06-07,MANDI013,Sugarcane,3613.12,3500.0,1,0
2026-06-07,MANDI014,Mustard,5979.25,5650.0,1,0
2026-06-07,MANDI017,Cotton,6252.67,6620.0,1,1
2026-06-07,MANDI017,Mustard,5372.56,5650.0,1,1
2026-06-07,MANDI020,Sugarcane,3290.21,3500.0,1,1
2026-06-07,MANDI022,Mustard,5802.52,5650.0,1,0
2026-06-07,MANDI023,Maize,2136.36,2090.0,1,0
2026-06-07,MANDI026,Maize,2177.0,2090.0,1,0
2026-06-07,MANDI027,Maize,1925.38,2090.0,1,1
2026-06-07,MANDI029,Mustard,5463.12,5650.0,1,1
2026-06-07,MANDI033,Cotton,6510.37,6620.0,1,1
2026-06-07,MANDI033,Maize,2319.0,2090.0,1,0
2026-06-07,MANDI040,Wheat,2505.12,2275.0,1,0
2026-06-07,MANDI046,Rice,2296.0,2183.0,1,0
2026-06-07,MANDI046,Sugarcane,3483.0,3500.0,1,1
2026-06-07,MANDI048,Basmati,2102.59,2183.0,1,1
2026-06-07,MANDI049,Cotton,6251.76,6620.0,1,1
2026-06-07,MANDI049,Mustard,6151.677939662541,5650.0,1,0
2026-06-07,MANDI054,Narma,6568.03,6620.0,1,1
2026-06-07,MANDI054,Wheat,2462.41,2275.0,1,0
2026-06-07,MANDI056,Rice,2020.74,2183.0,1,1
2026-06-07,MANDI057,Mustard,5990.3,5650.0,1,0
2026-06-07,MANDI057,Sugarcane,3605.53,3500.0,1,0
2026-06-08,MANDI002,Maize,2331.17,2090.0,1,0
2026-06-08,MANDI002,Sugarcane,3870.685,3500.0,2,0
2026-06-08,MANDI003,Sugarcane,3318.3,3500.0,1,1
2026-06-08,MANDI005,Wheat,2197.56,2275.0,1,1
2026-06-08,MANDI009,Mustard,6181.78264986837,5650.0,1,0
2026-06-08,MANDI012,Maize,2049.75,2090.0,1,1
2026-06-08,MANDI013,Sugarcane,3500.0,3500.0,1,0
2026-06-08,MANDI014,Mustard,5591.47,5650.0,1,1
2026-06-08,MANDI015,Wheat,2554.2749999999996,2275.0,2,0
2026-06-08,MANDI017,Maize,2086.0,2090.0,1,1
2026-06-08,MANDI017,Mustard,6144.0,5650.0,1,0
2026-06-08,MANDI018,Maize,2333.59,2090.0,1,0
2026-06-08,MANDI019,Cotton,6130.53,6620.0,1,1
2026-06-08,MANDI021,Rice,2169.052905633279,2183.0,1,1
2026-06-08,MANDI024,Wheat,2415.87,2275.0,1,0
2026-06-08,MANDI029,Maize,1991.0,2090.0,1,1
2026-06-08,MANDI032,Wheat,2396.0984043067274,2275.0,1,0
2026-06-08,MANDI036,Maize,2335.38,2090.0,1,0
2026-06-08,MANDI038,Maize,2064.03,2090.0,1,1
2026-06-08,MANDI042,Wheat,2117.9,2275.0,1,1
2026-06-08,MANDI043,Maize,2161.65,2090.0,1,0
2026-06-08,MANDI044,Mustard,5434.49,5650.0,1,1
2026-06-08,MANDI047,Cotton,6449.74,6620.0,1,1
2026-06-08,MANDI047,Rice,2476.0,2183.0,1,0
2026-06-08,MANDI048,Mustard,5110.0,5650.0,1,1
2026-06-08,MANDI049,Sugarcane,3567.44,3500.0,1,0
2026-06-08,MANDI049,Wheat,2398.0,2275.0,1,0
2026-06-08,MANDI050,Mustard,6141.0,5650.0,1,0
2026-06-08,MANDI051,Rice,2361.0,2183.0,1,0
2026-06-08,MANDI052,Narma,7117.23,6620.0,1,0
2026-06-08,MANDI053,Sugarcane,3339.0,3500.0,1,1
2026-06-08,MANDI055,Sugarcane,3538.0,3500.0,1,0
2026-06-08,MANDI057,Cotton,7232.96,6620.0,1,0
2026-06-09,MANDI006,Mustard,6094.0,5650.0,1,0
2026-06-09,MANDI006,Rice,2202.4,2183.0,1,0
2026-06-09,MANDI008,Cotton,6130.0,6620.0,1,1
2026-06-09,MANDI012,Maize,2210.0,2090.0,1,0
2026-06-09,MANDI012,Rice,2073.42,2183.0,1,1
2026-06-09,MANDI013,Mustard,6380.684271043906,5650.0,1,0
2026-06-09,MANDI014,Cotton,6494.860772912013,6620.0,1,1
2026-06-09,MANDI016,Mustard,5907.286698007651,5650.0,1,0
2026-06-09,MANDI018,Rice,2202.03,2183.0,1,0
2026-06-09,MANDI021,Wheat,2133.0,2275.0,1,1
2026-06-09,MANDI023,Rice,2026.13,2183.0,1,1
2026-06-09,MANDI023,Sugarcane,3524.0,3500.0,1,0
2026-06-09,MANDI028,Cotton,7029.09,6620.0,1,0
2026-06-09,MANDI028,Rice,2167.08,2183.0,1,1
2026-06-09,MANDI029,Cotton,6441.0,6620.0,1,1
2026-06-09,MANDI032,Rice,2282.0,2183.0,1,0
2026-06-09,MANDI045,Narma,7717.0,6620.0,1,0
2026-06-09,MANDI046,Mustard,6131.27,5650.0,2,0
2026-06-09,MANDI047,Wheat,2243.06,2275.0,1,1
2026-06-09,MANDI048,Maize,2329.616996794033,2090.0,1,0
2026-06-09,MANDI049,Wheat,2094.0,2275.0,1,1
2026-06-09,MANDI050,Wheat,2233.93,2275.0,1,1
2026-06-09,MANDI055,Mustard,5585.31,5650.0,1,1
2026-06-09,MANDI057,Mustard,5532.0,5650.0,1,1
2026-06-10,MANDI005,Mustard,5026.0,5650.0,1,1
2026-06-10,MANDI006,Maize,2329.958572430285,2090.0,1,0
2026-06-10,MANDI006,Sugarcane,3429.0,3500.0,1,1
2026-06-10,MANDI007,Cotton,6270.0,6620.0,1,1
2026-06-10,MANDI010,Mustard,5465.94,5650.0,1,1
2026-06-10,MANDI014,Sugarcane,3739.7,3500.0,1,0
2026-06-10,MANDI016,Wheat,2119.0,2275.0,1,1
2026-06-10,MANDI022,Sugarcane,3287.0,3500.0,1,1
2026-06-10,MANDI028,Rice,2216.57,2183.0,1,0
2026-06-10,MANDI029,Maize,1989.42,2090.0,1,1
2026-06-10,MANDI033,Maize,2076.66,2090.0,1,1
2026-06-10,MANDI033,Rice,2073.4,2183.0,1,1
2026-06-10,MANDI042,Cotton,7412.0,6620.0,1,0
2026-06-10,MANDI044,Maize,2060.0,2090.0,1,1
2026-06-10,MANDI044,Sugarcane,3489.943230146748,3500.0,1,1
2026-06-10,MANDI052,Sugarcane,3476.0,3500.0,1,1
2026-06-10,MANDI057,Cotton,7285.0,6620.0,1,0
2026-06-10,MANDI057,Mustard,5710.33,5650.0,1,0
2026-06-11,MANDI003,Cotton,6734.69,6620.0,1,0
2026-06-11,MANDI010,Sugarcane,4052.0,3500.0,1,0
2026-06-11,MANDI014,Maize,1929.0,2090.0,1,1
2026-06-11,MANDI015,Maize,2287.0,2090.0,1,0
2026-06-11,MANDI017,Maize,2326.39,2090.0,1,0
2026-06-11,MANDI019,Wheat,2251.14,2275.0,1,1
2026-06-11,MANDI023,Rice,2175.55,2183.0,1,1
2026-06-11,MANDI024,Wheat,2145.43,2275.0,1,1
2026-06-11,MANDI028,Maize,2139.0,2090.0,1,0
2026-06-11,MANDI029,Sugarcane,3780.0,3500.0,1,0
2026-06-11,MANDI032,Wheat,2284.128291798953,2275.0,1,0
2026-06-11,MANDI041,Cotton,7081.13,6620.0,1,0
2026-06-11,MANDI043,Wheat,2545.62,2275.0,1,0
2026-06-11,MANDI045,Rice,2110.1846707589607,2183.0,1,1
2026-06-11,MANDI047,Wheat,2577.9,2275.0,1,0
2026-06-11,MANDI048,Mustard,5964.92,5650.0,1,0
2026-06-11,MANDI049,Cotton,7222.92,6620.0,1,0
2026-06-11,MANDI052,Sugarcane,3718.0,3500.0,1,0
2026-06-11,MANDI056,Mustard,5200.2,5650.0,1,1
2026-06-12,MANDI004,Rice,2081.0,2183.0,1,1
2026-06-12,MANDI009,Maize,1988.68,2090.0,1,1
2026-06-12,MANDI011,Wheat,2328.59,2275.0,1,0
2026-06-12,MANDI013,Mustard,5770.0,5650.0,1,0
2026-06-12,MANDI023,Maize,2145.0,2090.0,1,0
2026-06-12,MANDI027,Wheat,2076.008619826115,2275.0,1,1
2026-06-12,MANDI029,Mustard,5487.84,5650.0,1,1
2026-06-12,MANDI034,Mustard,6214.0,5650.0,1,0
2026-06-12,MANDI037,Mustard,5678.89,5650.0,1,0
2026-06-12,MANDI040,Maize,2011.32,2090.0,1,1
2026-06-12,MANDI040,Wheat,2062.0,2275.0,1,1
2026-06-12,MANDI042,Rice,1992.44,2183.0,1,1
2026-06-12,MANDI043,Maize,2229.697247780514,2090.0,1,0
2026-06-12,MANDI043,Sugarcane,3802.07,3500.0,1,0
2026-06-12,MANDI050,Maize,1929.0,2090.0,1,1
2026-06-13,MANDI002,Wheat,2191.1883653905525,2275.0,1,1
2026-06-13,MANDI005,Mustard,4963.0,5650.0,1,1
2026-06-13,MANDI010,Wheat,2493.62,2275.0,1,0
2026-06-13,MANDI011,Cotton,7090.0,6620.0,1,0
2026-06-13,MANDI011,Mustard,5504.39,5650.0,1,1
2026-06-13,MANDI013,Maize,2071.0,2090.0,1,1
2026-06-13,MANDI013,Sugarcane,3948.52,3500.0,1,0
2026-06-13,MANDI013,Wheat,2180.48,2275.0,1,1
2026-06-13,MANDI014,Mustard,6381.83,5650.0,1,0
2026-06-13,MANDI016,Cotton,7191.19,6620.0,1,0
2026-06-13,MANDI016,Rice,2262.0,2183.0,1,0
2026-06-13,MANDI022,Cotton,7347.0,6620.0,1,0
2026-06-13,MANDI025,Wheat,2381.48,2275.0,1,0
2026-06-13,MANDI026,Mustard,5857.38,5650.0,1,0
2026-06-13,MANDI027,Sugarcane,3744.0,3500.0,1,0
2026-06-13,MANDI027,Wheat,2482.03,2275.0,1,0
2026-06-13,MANDI028,Cotton,6758.0,6620.0,2,1
2026-06-13,MANDI029,Mustard,6206.02,5650.0,1,0
2026-06-13,MANDI030,Maize,1887.83,2090.0,1,1
2026-06-13,MANDI031,Cotton,6787.43,6620.0,1,0
2026-06-13,MANDI031,Mustard,6138.641068672764,5650.0,1,0
2026-06-13,MANDI034,Rice,2214.76,2183.0,1,0
2026-06-13,MANDI038,Wheat,2342.39,2275.0,1,0
2026-06-13,MANDI040,Sugarcane,3753.1,3500.0,1,0
2026-06-13,MANDI042,Cotton,6563.29,6620.0,1,1
2026-06-13,MANDI047,Cotton,6419.0,6620.0,1,1
2026-06-13,MANDI047,Wheat,2500.74,2275.0,1,0
2026-06-13,MANDI048,Cotton,6658.59,6620.0,1,0
2026-06-13,MANDI049,Maize,2101.0,2090.0,1,0
2026-06-13,MANDI052,Rice,2029.0,2183.0,1,1
2026-06-13,MANDI056,Cotton,7399.0,6620.0,1,0
2026-06-13,MANDI056,Mustard,5576.370211935104,5650.0,1,1
2026-06-13,MANDI057,Wheat,2397.03,2275.0,1,0
2026-06-14,MANDI001,Mustard,6330.0,5650.0,1,0
2026-06-14,MANDI004,Sugarcane,3296.42,3500.0,1,1
2026-06-14,MANDI006,Mustard,5355.0,5650.0,1,1
2026-06-14,MANDI006,Wheat,2264.0,2275.0,1,1
2026-06-14,MANDI009,Cotton,6468.49,6620.0,1,1
2026-06-14,MANDI009,Maize,2250.79,2090.0,1,0
2026-06-14,MANDI009,Wheat,2126.0,2275.0,1,1
2026-06-14,MANDI010,Rice,1967.56,2183.0,1,1
2026-06-14,MANDI011,Rice,2009.13,2183.0,1,1
2026-06-14,MANDI011,Wheat,2415.82,2275.0,1,0
2026-06-14,MANDI014,Maize,2140.48,2090.0,1,0
2026-06-14,MANDI015,Basmati,2230.0,2183.0,1,0
2026-06-14,MANDI015,Wheat,2243.65,2275.0,1,1
2026-06-14,MANDI016,Cotton,7324.0,6620.0,1,0
2026-06-14,MANDI016,Maize,2252.97,2090.0,1,0
2026-06-14,MANDI018,Sugarcane,3407.44,3500.0,1,1
2026-06-14,MANDI018,Wheat,2107.0,2275.0,1,1
2026-06-14,MANDI020,Mustard,6111.06,5650.0,1,0
2026-06-14,MANDI023,Sugarcane,3830.5,3500.0,1,0
2026-06-14,MANDI024,Wheat,2463.17,2275.0,1,0
2026-06-14,MANDI025,Sugarcane,3142.0,3500.0,1,1
2026-06-14,MANDI026,Wheat,2197.03,2275.0,1,1
2026-06-14,MANDI030,Sugarcane,3570.16,3500.0,1,0
2026-06-14,MANDI030,Wheat,2172.53,2275.0,1,1
2026-06-14,MANDI034,Wheat,2286.16,2275.0,1,0
2026-06-14,MANDI039,Rice,2111.0,2183.0,1,1
2026-06-14,MANDI046,Sugarcane,3275.72,3500.0,1,1
2026-06-14,MANDI051,Rice,2097.23,2183.0,1,1
2026-06-14,MANDI051,Sugarcane,3722.87,3500.0,1,0
2026-06-14,MANDI051,Wheat,2533.0,2275.0,1,0
2026-06-14,MANDI055,Cotton,6493.76,6620.0,1,1
2026-06-14,MANDI056,Mustard,5009.21,5650.0,1,1
2026-06-15,MANDI008,Cotton,7548.51,6620.0,1,0
2026-06-15,MANDI008,Wheat,2114.0,2275.0,1,1
2026-06-15,MANDI009,Basmati,2246.9,2183.0,1,0
2026-06-15,MANDI009,Mustard,6552.0,5650.0,1,0
2026-06-15,MANDI010,Sugarcane,3775.233542290172,3500.0,1,0
2026-06-15,MANDI018,Cotton,7499.51,6620.0,1,0
2026-06-15,MANDI020,Cotton,6344.835,6620.0,2,2
2026-06-15,MANDI021,Maize,1975.0,2090.0,1,1
2026-06-15,MANDI022,Sugarcane,3728.23,3500.0,1,0
2026-06-15,MANDI027,Rice,2378.43,2183.0,1,0
2026-06-15,MANDI027,Wheat,2178.0,2275.0,1,1
2026-06-15,MANDI029,Wheat,2210.12,2275.0,1,1
2026-06-15,MANDI031,Maize,2018.92,2090.0,1,1
2026-06-15,MANDI031,Sugarcane,3698.29,3500.0,1,0
2026-06-15,MANDI032,Wheat,2142.42,2275.0,1,1
2026-06-15,MANDI033,Cotton,6715.11,6620.0,1,0
2026-06-15,MANDI035,Maize,1978.0,2090.0,1,1
2026-06-15,MANDI035,Rice,2115.0,2183.0,1,1
2026-06-15,MANDI036,Wheat,2122.6,2275.0,1,1
2026-06-15,MANDI040,Sugarcane,3583.73,3500.0,1,0
2026-06-15,MANDI041,Cotton,6754.02,6620.0,1,0
2026-06-15,MANDI044,Wheat,2268.0,2275.0,1,1
2026-06-15,MANDI048,Maize,2066.92,2090.0,1,1
2026-06-15,MANDI049,Wheat,2304.0,2275.0,1,0
2026-06-15,MANDI051,Rice,1996.5044785676992,2183.0,1,1
2026-06-15,MANDI056,Wheat,2241.0,2275.0,1,1
2026-06-16,MANDI001,Rice,2338.0,2183.0,1,0
2026-06-16,MANDI004,Rice,2367.89,2183.0,1,0
2026-06-16,MANDI005,Sugarcane,3393.95,3500.0,1,1
2026-06-16,MANDI006,Cotton,7301.0,6620.0,1,0
2026-06-16,MANDI006,Sugarcane,3747.98,3500.0,1,0
2026-06-16,MANDI008,Rice,2381.0,2183.0,1,0
2026-06-16,MANDI011,Cotton,6344.0,6620.0,1,1
2026-06-16,MANDI011,Wheat,2410.89,2275.0,1,0
2026-06-16,MANDI012,Cotton,6854.0,6620.0,1,0
2026-06-16,MANDI018,Cotton,7384.81,6620.0,1,0
2026-06-16,MANDI019,Maize,2268.0,2090.0,1,0
2026-06-16,MANDI023,Maize,2009.47,2090.0,1,1
2026-06-16,MANDI023,Rice,2121.0,2183.0,1,1
2026-06-16,MANDI024,Maize,1886.67,2090.0,1,1
2026-06-16,MANDI024,Sugarcane,3565.0,3500.0,1,0
2026-06-16,MANDI026,Mustard,5765.159883447208,5650.0,1,0
2026-06-16,MANDI027,Rice,2021.14,2183.0,1,1
2026-06-16,MANDI028,Cotton,7053.19,6620.0,1,0
2026-06-16,MANDI030,Mustard,5491.040997696066,5650.0,1,1
2026-06-16,MANDI033,Mustard,5947.18,5650.0,1,0
2026-06-16,MANDI034,Maize,2249.37,2090.0,2,0
2026-06-16,MANDI035,Wheat,2250.0,2275.0,1,1
2026-06-16,MANDI040,Mustard,6070.59,5650.0,1,0
2026-06-16,MANDI041,Mustard,5748.0,5650.0,1,0
2026-06-16,MANDI049,Sugarcane,3923.98,3500.0,1,0
2026-06-16,MANDI052,Maize,1902.44,2090.0,1,1
2026-06-16,MANDI053,Maize,2077.78,2090.0,1,1
2026-06-16,MANDI054,Sugarcane,3612.0,3500.0,1,0
2026-06-16,MANDI055,Maize,2145.85,2090.0,1,0
2026-06-16,MANDI056,Cotton,6456.0,6620.0,1,1
2026-06-16,MANDI057,Mustard,5253.0,5650.0,1,1
2026-06-17,MANDI002,Mustard,5635.0,5650.0,1,1
2026-06-17,MANDI002,Wheat,2264.0,2275.0,1,1
2026-06-17,MANDI003,Rice,2010.0,2183.0,1,1
2026-06-17,MANDI004,Maize,2200.91,2090.0,1,0
2026-06-17,MANDI005,Maize,2360.0,2090.0,1,0
2026-06-17,MANDI006,Sugarcane,3737.91,3500.0,1,0
2026-06-17,MANDI013,Sugarcane,3626.0,3500.0,1,0
2026-06-17,MANDI014,Wheat,2305.69,2275.0,1,0
2026-06-17,MANDI015,Rice,2310.6949999999997,2183.0,2,0
2026-06-17,MANDI017,Narma,6417.0,6620.0,1,1
2026-06-17,MANDI024,Sugarcane,3680.64,3500.0,1,0
2026-06-17,MANDI026,Mustard,5260.44,5650.0,1,1
2026-06-17,MANDI026,Sugarcane,3564.3575,3500.0,4,2
2026-06-17,MANDI027,Rice,2306.0,2183.0,1,0
2026-06-17,MANDI028,Wheat,2364.11,2275.0,1,0
2026-06-17,MANDI030,Sugarcane,3320.987493239721,3500.0,1,1
2026-06-17,MANDI031,Maize,2142.0,2090.0,1,0
2026-06-17,MANDI031,Rice,2293.08,2183.0,1,0
2026-06-17,MANDI032,Wheat,2137.0,2275.0,1,1
2026-06-17,MANDI033,Sugarcane,3532.35,3500.0,1,0
2026-06-17,MANDI038,Maize,2092.36,2090.0,1,0
2026-06-17,MANDI038,Rice,2315.49,2183.0,1,0
2026-06-17,MANDI039,Cotton,6516.0,6620.0,1,1
2026-06-17,MANDI039,Maize,2033.0,2090.0,1,1
2026-06-17,MANDI042,Rice,2056.949793337273,2183.0,1,1
2026-06-17,MANDI045,Rice,2529.9,2183.0,1,0
2026-06-17,MANDI047,Cotton,7412.0,6620.0,1,0
2026-06-17,MANDI049,Narma,6596.29,6620.0,1,1
2026-06-17,MANDI049,Rice,2014.22,2183.0,1,1
2026-06-17,MANDI053,Basmati,2364.0,2183.0,1,0
2026-06-17,MANDI054,Cotton,6636.0,6620.0,1,0
2026-06-17,MANDI054,Mustard,5261.34,5650.0,1,1
2026-06-18,MANDI002,Cotton,7387.0,6620.0,1,0
2026-06-18,MANDI008,Narma,7716.57,6620.0,1,0
2026-06-18,MANDI008,Sugarcane,3591.02,3500.0,1,0
2026-06-18,MANDI009,Mustard,5044.0,5650.0,1,1
2026-06-18,MANDI011,Rice,2369.78,2183.0,1,0
2026-06-18,MANDI012,Narma,6923.42,6620.0,1,0
2026-06-18,MANDI012,Wheat,2149.0,2275.0,1,1
2026-06-18,MANDI013,Wheat,2249.0,2275.0,1,1
2026-06-18,MANDI018,Maize,2201.32,2090.0,1,0
2026-06-18,MANDI024,Cotton,6975.835624596548,6620.0,1,0
2026-06-18,MANDI025,Maize,1988.0,2090.0,1,1
2026-06-18,MANDI026,Mustard,6221.0,5650.0,1,0
2026-06-18,MANDI028,Cotton,6254.84,6620.0,1,1
2026-06-18,MANDI028,Maize,2217.16,2090.0,1,0
2026-06-18,MANDI028,Wheat,2503.02,2275.0,1,0
2026-06-18,MANDI029,Mustard,6572.54,5650.0,1,0
2026-06-18,MANDI031,Mustard,6106.0,5650.0,1,0
2026-06-18,MANDI031,Sugarcane,3536.0,3500.0,1,0
2026-06-18,MANDI033,Wheat,2089.84,2275.0,1,1
2026-06-18,MANDI041,Mustard,5485.52,5650.0,1,1
2026-06-18,MANDI044,Sugarcane,3338.67,3500.0,1,1
2026-06-18,MANDI049,Basmati,2361.32,2183.0,1,0
2026-06-18,MANDI057,Wheat,2465.1364030803934,2275.0,1,0
2026-06-19,MANDI007,Mustard,5426.0,5650.0,1,1
2026-06-19,MANDI007,Wheat,2104.25,2275.0,1,1
2026-06-19,MANDI009,Wheat,2241.98,2275.0,1,1
2026-06-19,MANDI011,Cotton,7272.0,6620.0,1,0
2026-06-19,MANDI013,Maize,2075.0,2090.0,1,1
2026-06-19,MANDI013,Mustard,6460.0,5650.0,1,0
2026-06-19,MANDI016,Maize,1941.0,2090.0,1,1
2026-06-19,MANDI018,Rice,2127.0,2183.0,1,1
2026-06-19,MANDI019,Cotton,6906.675,6620.0,2,0
2026-06-19,MANDI020,Mustard,5391.0,5650.0,1,1
2026-06-19,MANDI020,Rice,2315.0,2183.0,1,0
2026-06-19,MANDI021,Wheat,2335.17,2275.0,1,0
2026-06-19,MANDI022,Narma,6711.61,6620.0,1,0
2026-06-19,MANDI023,Rice,2251.11,2183.0,1,0
2026-06-19,MANDI023,Sugarcane,3604.040444184008,3500.0,1,0
2026-06-19,MANDI025,Rice,2299.73,2183.0,1,0
2026-06-19,MANDI027,Rice,2048.521023286257,2183.0,1,1
2026-06-19,MANDI028,Wheat,2267.97,2275.0,1,1
2026-06-19,MANDI029,Cotton,5926.24,6620.0,1,1
2026-06-19,MANDI034,Maize,2122.0,2090.0,1,0
2026-06-19,MANDI035,Cotton,6542.0,6620.0,1,1
2026-06-19,MANDI036,Cotton,7425.42,6620.0,1,0
2026-06-19,MANDI036,Maize,2331.57,2090.0,1,0
2026-06-19,MANDI045,Sugarcane,3381.2,3500.0,1,1
2026-06-19,MANDI051,Cotton,6651.41,6620.0,1,0
2026-06-19,MANDI051,Mustard,5465.17,5650.0,1,1
2026-06-20,MANDI002,Maize,2044.06,2090.0,1,1
2026-06-20,MANDI003,Sugarcane,3551.784684794913,3500.0,1,0
2026-06-20,MANDI006,Wheat,2409.72,2275.0,1,0
2026-06-20,MANDI014,Cotton,7554.96,6620.0,1,0
2026-06-20,MANDI014,Mustard,5549.88,5650.0,1,1
2026-06-20,MANDI017,Wheat,2299.0,2275.0,1,0
2026-06-20,MANDI020,Sugarcane,3414.0,3500.0,1,1
2026-06-20,MANDI020,Wheat,2556.0,2275.0,1,0
2026-06-20,MANDI021,Rice,2031.45,2183.0,1,1
2026-06-20,MANDI022,Cotton,6168.0,6620.0,1,1
2026-06-20,MANDI022,Rice,2198.27,2183.0,1,0
2026-06-20,MANDI023,Sugarcane,3380.94,3500.0,1,1
2026-06-20,MANDI023,Wheat,2292.87,2275.0,1,0
2026-06-20,MANDI025,Maize,2113.0,2090.0,1,0
2026-06-20,MANDI025,Mustard,6374.0,5650.0,1,0
2026-06-20,MANDI025,Sugarcane,3608.0,3500.0,1,0
2026-06-20,MANDI032,Rice,2368.0,2183.0,1,0
2026-06-20,MANDI035,Mustard,5325.550124411224,5650.0,1,1
2026-06-20,MANDI036,Mustard,5711.69,5650.0,1,0
2026-06-20,MANDI038,Wheat,2558.87,2275.0,1,0
2026-06-20,MANDI040,Wheat,2316.51,2275.0,2,1
2026-06-20,MANDI045,Mustard,5356.66,5650.0,1,1
2026-06-20,MANDI045,Wheat,2348.0,2275.0,1,0
2026-06-20,MANDI050,Basmati,2264.71,2183.0,1,0
2026-06-20,MANDI055,Wheat,2443.0,2275.0,1,0
2026-06-20,MANDI056,Maize,2054.0,2090.0,1,1
2026-06-20,MANDI056,Wheat,2308.76,2275.0,1,0
2026-06-21,MANDI005,Maize,2289.0,2090.0,1,0
2026-06-21,MANDI005,Sugarcane,3494.83,3500.0,1,1
2026-06-21,MANDI008,Rice,2019.5,2183.0,1,1
2026-06-21,MANDI016,Cotton,6206.27,6620.0,1,1
2026-06-21,MANDI016,Maize,2053.47,2090.0,1,1
2026-06-21,MANDI017,Maize,2197.209816333458,2090.0,1,0
2026-06-21,MANDI017,Wheat,2334.14,2275.0,1,0
2026-06-21,MANDI020,Rice,2190.0071446767915,2183.0,1,0
2026-06-21,MANDI020,Sugarcane,3611.475,3500.0,2,1
2026-06-21,MANDI022,Mustard,5830.020767675685,5650.0,2,0
2026-06-21,MANDI023,Mustard,5500.2603854656645,5650.0,1,1
2026-06-21,MANDI023,Sugarcane,3501.63,3500.0,1,0
2026-06-21,MANDI024,Narma,7567.29,6620.0,1,0
2026-06-21,MANDI026,Sugarcane,3742.0,3500.0,1,0
2026-06-21,MANDI029,Cotton,7129.11,6620.0,1,0
2026-06-21,MANDI030,Wheat,2385.0,2275.0,1,0
2026-06-21,MANDI031,Wheat,2470.89,2275.0,1,0
2026-06-21,MANDI035,Cotton,5974.080768471116,6620.0,1,1
2026-06-21,MANDI035,Rice,2418.1,2183.0,1,0
2026-06-21,MANDI036,Narma,6909.31,6620.0,1,0
2026-06-21,MANDI038,Cotton,6448.33,6620.0,1,1
2026-06-21,MANDI038,Sugarcane,3669.42,3500.0,1,0
2026-06-21,MANDI039,Sugarcane,3602.6975946972784,3500.0,1,0
2026-06-21,MANDI039,Wheat,2452.986100918878,2275.0,1,0
2026-06-21,MANDI040,Maize,2386.7,2090.0,1,0
2026-06-21,MANDI040,Sugarcane,3740.71,3500.0,1,0
2026-06-21,MANDI041,Rice,1976.32,2183.0,1,1
2026-06-21,MANDI043,Maize,2337.0,2090.0,1,0
2026-06-21,MANDI045,Rice,2345.49,2183.0,1,0
2026-06-21,MANDI046,Maize,2064.0,2090.0,1,1
2026-06-21,MANDI047,Sugarcane,3643.0,3500.0,1,0
2026-06-21,MANDI057,Narma,6889.15,6620.0,1,0
2026-06-22,MANDI003,Mustard,5367.56,5650.0,1,1
2026-06-22,MANDI004,Maize,2186.0,2090.0,1,0
2026-06-22,MANDI004,Mustard,5547.0,5650.0,1,1
2026-06-22,MANDI004,Sugarcane,3340.71,3500.0,1,1
2026-06-22,MANDI005,Rice,2135.0,2183.0,1,1
2026-06-22,MANDI009,Maize,2176.0,2090.0,1,0
2026-06-22,MANDI010,Maize,1895.02,2090.0,1,1
2026-06-22,MANDI012,Cotton,6576.0,6620.0,1,1
2026-06-22,MANDI013,Mustard,6120.01,5650.0,1,0
2026-06-22,MANDI015,Mustard,5351.0,5650.0,1,1
2026-06-22,MANDI015,Wheat,2297.44,2275.0,1,0
2026-06-22,MANDI022,Cotton,6246.0,6620.0,1,1
2026-06-22,MANDI022,Sugarcane,3310.38,3500.0,1,1
2026-06-22,MANDI023,Mustard,5446.0,5650.0,1,1
2026-06-22,MANDI025,Mustard,5610.0,5650.0,1,1
2026-06-22,MANDI027,Wheat,2141.413507699786,2275.0,1,1
2026-06-22,MANDI028,Sugarcane,3741.0,3500.0,1,0
2026-06-22,MANDI029,Rice,2075.85,2183.0,1,1
2026-06-22,MANDI031,Cotton,6223.3,6620.0,1,1
2026-06-22,MANDI031,Sugarcane,3624.31,3500.0,1,0
2026-06-22,MANDI031,Wheat,2123.0,2275.0,1,1
2026-06-22,MANDI034,Mustard,5989.0,5650.0,1,0
2026-06-22,MANDI036,Rice,2161.52,2183.0,1,1
2026-06-22,MANDI038,Mustard,5100.22,5650.0,1,1
2026-06-22,MANDI039,Cotton,7303.17,6620.0,1,0
2026-06-22,MANDI039,Mustard,6008.45,5650.0,1,0
2026-06-22,MANDI040,Wheat,2545.01,2275.0,1,0
2026-06-22,MANDI041,Mustard,6127.89,5650.0,1,0
2026-06-22,MANDI042,Rice,2101.54,2183.0,1,1
2026-06-22,MANDI045,Mustard,6105.0,5650.0,1,0
2026-06-22,MANDI046,Maize,2013.0,2090.0,1,1
2026-06-22,MANDI046,Wheat,2153.56,2275.0,1,1
2026-06-22,MANDI049,Mustard,6353.8,5650.0,1,0
2026-06-22,MANDI050,Mustard,5857.0,5650.0,1,0
2026-06-22,MANDI057,Cotton,6157.0,6620.0,1,1
2026-06-23,MANDI002,Cotton,7409.39,6620.0,1,0
2026-06-23,MANDI003,Mustard,6343.68,5650.0,1,0
2026-06-23,MANDI003,Rice,2291.11,2183.0,1,0
2026-06-23,MANDI004,Sugarcane,3300.71,3500.0,1,1
2026-06-23,MANDI005,Maize,2298.36,2090.0,1,0
2026-06-23,MANDI005,Mustard,5527.0,5650.0,1,1
2026-06-23,MANDI008,Rice,1977.0,2183.0,1,1
2026-06-23,MANDI011,Maize,2096.69,2090.0,1,0
2026-06-23,MANDI014,Mustard,5032.0,5650.0,1,1
2026-06-23,MANDI014,Narma,6034.791517699712,6620.0,1,1
2026-06-23,MANDI016,Basmati,2342.0,2183.0,1,0
2026-06-23,MANDI016,Mustard,5587.58083830754,5650.0,1,1
2026-06-23,MANDI017,Sugarcane,3322.6359211326558,3500.0,1,1
2026-06-23,MANDI018,Rice,2133.2482918500964,2183.0,1,1
2026-06-23,MANDI019,Maize,2232.12,2090.0,1,0
2026-06-23,MANDI022,Rice,2136.0,2183.0,1,1
2026-06-23,MANDI024,Sugarcane,3922.96,3500.0,1,0
2026-06-23,MANDI026,Sugarcane,3924.0,3500.0,1,0
2026-06-23,MANDI026,Wheat,2107.3,2275.0,1,1
2026-06-23,MANDI030,Maize,2098.04,2090.0,1,0
2026-06-23,MANDI033,Narma,6355.45,6620.0,1,1
2026-06-23,MANDI035,Cotton,6693.0,6620.0,1,0
2026-06-23,MANDI038,Maize,2191.56,2090.0,1,0
2026-06-23,MANDI040,Cotton,7338.0,6620.0,1,0
2026-06-23,MANDI045,Maize,2163.67,2090.0,1,0
2026-06-23,MANDI046,Mustard,6341.84,5650.0,1,0
2026-06-23,MANDI049,Sugarcane,3289.69,3500.0,1,1
2026-06-23,MANDI052,Mustard,5897.15,5650.0,1,0
2026-06-23,MANDI054,Basmati,2113.0,2183.0,1,1
2026-06-23,MANDI056,Rice,2113.92,2183.0,1,1
2026-06-24,MANDI001,Mustard,5793.67,5650.0,1,0
2026-06-24,MANDI002,Rice,2298.0,2183.0,1,0
2026-06-24,MANDI006,Maize,2159.0,2090.0,1,0
2026-06-24,MANDI008,Maize,1973.79,2090.0,1,1
2026-06-24,MANDI008,Narma,6742.0,6620.0,1,0
2026-06-24,MANDI009,Maize,2260.76,2090.0,1,0
2026-06-24,MANDI014,Cotton,6972.0,6620.0,1,0
2026-06-24,MANDI019,Wheat,2534.0248266797857,2275.0,1,0
2026-06-24,MANDI022,Maize,2297.0307748090545,2090.0,1,0
2026-06-24,MANDI024,Sugarcane,3320.87,3500.0,1,1
2026-06-24,MANDI026,Mustard,6186.99,5650.0,1,0
2026-06-24,MANDI027,Maize,2265.81,2090.0,1,0
2026-06-24,MANDI027,Rice,2488.84,2183.0,1,0
2026-06-24,MANDI029,Mustard,5130.0,5650.0,1,1
2026-06-24,MANDI029,Rice,2288.66,2183.0,1,0
2026-06-24,MANDI036,Mustard,6248.344044008549,5650.0,1,0
2026-06-24,MANDI036,Rice,2029.58,2183.0,1,1
2026-06-24,MANDI037,Wheat,2351.0,2275.0,1,0
2026-06-24,MANDI041,Sugarcane,4028.41,3500.0,1,0
2026-06-24,MANDI042,Sugarcane,3779.23,3500.0,1,0
2026-06-24,MANDI043,Maize,2280.44,2090.0,1,0
2026-06-24,MANDI044,Basmati,2153.72,2183.0,1,1
2026-06-24,MANDI048,Cotton,6323.77,6620.0,1,1
2026-06-24,MANDI051,Cotton,6317.0,6620.0,1,1
2026-06-24,MANDI052,Wheat,2369.92,2275.0,1,0
2026-06-24,MANDI053,Mustard,5851.28,5650.0,1,0
2026-06-24,MANDI054,Sugarcane,3760.31,3500.0,1,0
2026-06-24,MANDI055,Mustard,5751.52,5650.0,1,0
2026-06-24,MANDI056,Maize,2003.1399999999999,2090.0,2,2
2026-06-24,MANDI057,Mustard,6290.0,5650.0,1,0
2026-06-25,MANDI004,Maize,2031.6,2090.0,1,1
2026-06-25,MANDI005,Mustard,5592.56,5650.0,1,1
2026-06-25,MANDI005,Sugarcane,3504.495,3500.0,2,1
2026-06-25,MANDI008,Maize,2152.0,2090.0,1,0
2026-06-25,MANDI008,Narma,6769.0,6620.0,1,0
2026-06-25,MANDI014,Wheat,2035.39,2275.0,1,1
2026-06-25,MANDI015,Wheat,2321.205,2275.0,2,1
2026-06-25,MANDI016,Mustard,5572.19,5650.0,1,1
2026-06-25,MANDI017,Wheat,2382.16,2275.0,1,0
2026-06-25,MANDI022,Mustard,5554.0,5650.0,1,1
2026-06-25,MANDI024,Sugarcane,3346.0,3500.0,1,1
2026-06-25,MANDI025,Sugarcane,3074.0,3500.0,1,1
2026-06-25,MANDI030,Rice,2549.22,2183.0,1,0
2026-06-25,MANDI030,Wheat,2367.2866639300137,2275.0,1,0
2026-06-25,MANDI033,Maize,2255.61,2090.0,1,0
2026-06-25,MANDI033,Mustard,5077.56,5650.0,1,1
2026-06-25,MANDI033,Wheat,2394.79,2275.0,1,0
2026-06-25,MANDI035,Maize,2121.0,2090.0,1,0
2026-06-25,MANDI036,Sugarcane,3453.0,3500.0,1,1
2026-06-25,MANDI041,Maize,2312.0,2090.0,1,0
2026-06-25,MANDI041,Mustard,6114.62,5650.0,1,0
2026-06-25,MANDI045,Cotton,7259.78,6620.0,1,0
2026-06-25,MANDI045,Sugarcane,3628.0,3500.0,1,0
2026-06-25,MANDI046,Maize,2025.01,2090.0,1,1
2026-06-25,MANDI047,Sugarcane,3688.06,3500.0,1,0
2026-06-25,MANDI050,Rice,2144.8911117176917,2183.0,1,1
2026-06-25,MANDI051,Sugarcane,3637.4,3500.0,1,0
2026-06-25,MANDI053,Rice,2435.0,2183.0,1,0
2026-06-25,MANDI053,Sugarcane,3559.04,3500.0,1,0
2026-06-25,MANDI053,Wheat,2158.4,2275.0,1,1
2026-06-25,MANDI054,Rice,2304.42,2183.0,1,0
2026-06-25,MANDI054,Wheat,2213.0,2275.0,1,1
2026-06-25,MANDI056,Cotton,6595.0,6620.0,1,1
2026-06-25,MANDI056,Rice,2376.0,2183.0,1,0
2026-06-25,MANDI057,Rice,2162.77,2183.0,2,1
2026-06-26,MANDI005,Sugarcane,3274.7,3500.0,1,1
2026-06-26,MANDI006,Wheat,2339.08,2275.0,1,0
2026-06-26,MANDI007,Mustard,5624.02,5650.0,1,1
2026-06-26,MANDI009,Wheat,2226.97,2275.0,1,1
2026-06-26,MANDI011,Maize,2365.0,2090.0,1,0
2026-06-26,MANDI011,Mustard,6083.174695800135,5650.0,1,0
2026-06-26,MANDI018,Rice,2378.75,2183.0,1,0
2026-06-26,MANDI018,Wheat,2153.28,2275.0,1,1
2026-06-26,MANDI019,Cotton,7072.78,6620.0,1,0
2026-06-26,MANDI020,Rice,2213.0,2183.0,1,0
2026-06-26,MANDI026,Wheat,2396.0,2275.0,1,0
2026-06-26,MANDI029,Sugarcane,3693.294159628702,3500.0,2,0
2026-06-26,MANDI029,Wheat,2188.39,2275.0,1,1
2026-06-26,MANDI031,Mustard,5698.76,5650.0,1,0
2026-06-26,MANDI032,Mustard,6041.1,5650.0,1,0
2026-06-26,MANDI034,Mustard,5525.67,5650.0,1,1
2026-06-26,MANDI035,Mustard,5424.0,5650.0,1,1
2026-06-26,MANDI035,Sugarcane,3746.39,3500.0,1,0
2026-06-26,MANDI036,Wheat,2234.0,2275.0,1,1
2026-06-26,MANDI037,Sugarcane,3924.04,3500.0,1,0
2026-06-26,MANDI038,Cotton,7216.03,6620.0,1,0
2026-06-26,MANDI039,Rice,2426.370282812431,2183.0,1,0
2026-06-26,MANDI040,Maize,2003.89,2090.0,1,1
2026-06-26,MANDI042,Maize,1943.9072145373532,2090.0,1,1
2026-06-26,MANDI043,Maize,2074.27,2090.0,1,1
2026-06-26,MANDI043,Sugarcane,3600.14,3500.0,1,0
2026-06-26,MANDI044,Maize,2029.0,2090.0,1,1
2026-06-26,MANDI044,Sugarcane,3524.65,3500.0,1,0
2026-06-26,MANDI044,Wheat,2025.98,2275.0,1,1
2026-06-26,MANDI045,Maize,1917.8,2090.0,1,1
2026-06-26,MANDI049,Rice,2136.0,2183.0,1,1
2026-06-26,MANDI050,Cotton,7261.0,6620.0,1,0
2026-06-26,MANDI052,Wheat,2495.9,2275.0,1,0
2026-06-26,MANDI055,Maize,2314.0,2090.0,1,0
2026-06-26,MANDI055,Rice,2147.0,2183.0,1,1
2026-06-27,MANDI003,Sugarcane,3333.0,3500.0,1,1
2026-06-27,MANDI005,Mustard,6222.0,5650.0,1,0
2026-06-27,MANDI005,Rice,2306.643358190905,2183.0,1,0
2026-06-27,MANDI008,Maize,2128.0,2090.0,1,0
2026-06-27,MANDI011,Mustard,5370.0,5650.0,1,1
2026-06-27,MANDI012,Rice,1999.57,2183.0,1,1
2026-06-27,MANDI012,Wheat,2193.0,2275.0,1,1
2026-06-27,MANDI013,Rice,2069.0,2183.0,1,1
2026-06-27,MANDI013,Wheat,2283.71,2275.0,1,0
2026-06-27,MANDI016,Wheat,2387.64,2275.0,1,0
2026-06-27,MANDI021,Cotton,7090.07,6620.0,1,0
2026-06-27,MANDI022,Maize,2441.51,2090.0,1,0
2026-06-27,MANDI022,Rice,1933.93,2183.0,1,1
2026-06-27,MANDI023,Sugarcane,3719.47,3500.0,1,0
2026-06-27,MANDI024,Maize,2080.1,2090.0,1,1
2026-06-27,MANDI027,Wheat,2149.0,2275.0,1,1
2026-06-27,MANDI028,Cotton,6580.5,6620.0,1,1
2026-06-27,MANDI028,Wheat,2187.65,2275.0,1,1
2026-06-27,MANDI031,Wheat,2650.0,2275.0,1,0
2026-06-27,MANDI033,Maize,1922.0,2090.0,1,1
2026-06-27,MANDI035,Rice,2462.0,2183.0,1,0
2026-06-27,MANDI038,Cotton,7521.54,6620.0,1,0
2026-06-27,MANDI039,Maize,2159.0,2090.0,1,0
2026-06-27,MANDI039,Mustard,6178.46,5650.0,1,0
2026-06-27,MANDI039,Sugarcane,3763.214488347616,3500.0,1,0
2026-06-27,MANDI039,Wheat,2048.08,2275.0,1,1
2026-06-27,MANDI040,Mustard,5902.67,5650.0,1,0
2026-06-27,MANDI043,Wheat,2420.0,2275.0,1,0
2026-06-27,MANDI045,Narma,6750.190944745747,6620.0,1,0
2026-06-27,MANDI047,Maize,2131.37,2090.0,1,0
2026-06-27,MANDI048,Basmati,2324.9400487752578,2183.0,1,0
2026-06-27,MANDI048,Maize,2146.22,2090.0,1,0
2026-06-27,MANDI049,Rice,2135.0,2183.0,1,1
2026-06-27,MANDI050,Cotton,5989.0,6620.0,1,1
2026-06-27,MANDI051,Sugarcane,3788.16,3500.0,1,0
2026-06-27,MANDI051,Wheat,2006.38,2275.0,1,1
2026-06-27,MANDI052,Sugarcane,3720.19,3500.0,1,0
2026-06-28,MANDI002,Rice,2418.57,2183.0,1,0
2026-06-28,MANDI004,Basmati,2479.0,2183.0,1,0
2026-06-28,MANDI005,Rice,2260.0,2183.0,1,0
2026-06-28,MANDI010,Sugarcane,3595.25,3500.0,1,0
2026-06-28,MANDI012,Rice,2222.68,2183.0,1,0
2026-06-28,MANDI013,Rice,2072.318339900732,2183.0,1,1
2026-06-28,MANDI017,Sugarcane,3389.0,3500.0,1,1
2026-06-28,MANDI018,Sugarcane,3366.0,3500.0,1,1
2026-06-28,MANDI020,Maize,2313.0,2090.0,1,0
2026-06-28,MANDI022,Maize,2258.89,2090.0,1,0
2026-06-28,MANDI027,Sugarcane,3323.62,3500.0,1,1
2026-06-28,MANDI028,Wheat,2239.615,2275.0,2,2
2026-06-28,MANDI029,Cotton,6849.36,6620.0,1,0
2026-06-28,MANDI029,Rice,2288.0,2183.0,1,0
2026-06-28,MANDI030,Cotton,7264.62,6620.0,1,0
2026-06-28,MANDI031,Sugarcane,3857.48,3500.0,1,0
2026-06-28,MANDI032,Mustard,6359.0,5650.0,1,0
2026-06-28,MANDI032,Sugarcane,3508.0,3500.0,1,0
2026-06-28,MANDI040,Maize,2137.95,2090.0,1,0
2026-06-28,MANDI045,Cotton,6647.93,6620.0,1,0
2026-06-28,MANDI050,Cotton,6492.68,6620.0,1,1
2026-06-28,MANDI051,Wheat,2446.13,2275.0,1,0
2026-06-28,MANDI053,Wheat,2331.08,2275.0,1,0
2026-06-28,MANDI055,Mustard,6054.78,5650.0,1,0
2026-06-28,MANDI055,Wheat,2490.93,2275.0,1,0
2026-06-28,MANDI057,Maize,2302.0,2090.0,1,0
2026-06-28,MANDI057,Sugarcane,3767.0,3500.0,1,0
2026-06-29,MANDI001,Cotton,6547.41,6620.0,1,1
2026-06-29,MANDI005,Cotton,6403.51,6620.0,1,1
2026-06-29,MANDI007,Cotton,7425.42,6620.0,1,0
2026-06-29,MANDI008,Rice,2028.0,2183.0,1,1
2026-06-29,MANDI013,Sugarcane,3652.46,3500.0,1,0
2026-06-29,MANDI017,Rice,2426.0,2183.0,1,0
2026-06-29,MANDI018,Maize,2154.0,2090.0,1,0
2026-06-29,MANDI019,Mustard,5853.76,5650.0,1,0
2026-06-29,MANDI021,Sugarcane,3692.0,3500.0,1,0
2026-06-29,MANDI023,Maize,2094.5,2090.0,1,0
2026-06-29,MANDI024,Sugarcane,3879.49,3500.0,1,0
2026-06-29,MANDI028,Maize,2272.12,2090.0,1,0
2026-06-29,MANDI029,Mustard,6034.44,5650.0,1,0
2026-06-29,MANDI029,Rice,2061.0,2183.0,1,1
2026-06-29,MANDI030,Cotton,6971.74,6620.0,1,0
2026-06-29,MANDI031,Wheat,2433.72,2275.0,1,0
2026-06-29,MANDI032,Sugarcane,3290.0,3500.0,1,1
2026-06-29,MANDI034,Wheat,2115.460790860877,2275.0,1,1
2026-06-29,MANDI035,Cotton,6699.0,6620.0,1,0
2026-06-29,MANDI036,Cotton,6048.55,6620.0,1,1
2026-06-29,MANDI036,Sugarcane,3225.0,3500.0,1,1
2026-06-29,MANDI037,Rice,2289.29,2183.0,1,0
2026-06-29,MANDI038,Mustard,6293.0,5650.0,1,0
2026-06-29,MANDI040,Wheat,2376.82,2275.0,1,0
2026-06-29,MANDI041,Mustard,5393.0,5650.0,1,1
2026-06-29,MANDI042,Rice,2149.03,2183.0,1,1
2026-06-29,MANDI044,Cotton,6883.72,6620.0,1,0
2026-06-29,MANDI046,Mustard,5787.8,5650.0,1,0
2026-06-29,MANDI046,Sugarcane,3460.0,3500.0,1,1
2026-06-29,MANDI047,Maize,2264.29,2090.0,1,0
2026-06-29,MANDI048,Maize,2291.9505053882594,2090.0,1,0
2026-06-29,MANDI052,Cotton,6775.02,6620.0,1,0
2026-06-29,MANDI053,Maize,2262.0,2090.0,1,0
2026-06-29,MANDI055,Cotton,7294.53,6620.0,1,0
2026-06-29,MANDI055,Mustard,5943.25,5650.0,1,0
2026-06-29,MANDI057,Mustard,6275.2,5650.0,1,0
2026-06-30,MANDI001,Cotton,6439.15,6620.0,1,1
2026-06-30,MANDI001,Sugarcane,3443.34,3500.0,2,1
2026-06-30,MANDI012,Wheat,2528.2,2275.0,1,0
2026-06-30,MANDI013,Rice,2331.71,2183.0,1,0
2026-06-30,MANDI013,Sugarcane,3842.925008450922,3500.0,1,0
2026-06-30,MANDI016,Sugarcane,3654.0,3500.0,1,0
2026-06-30,MANDI022,Wheat,2439.49,2275.0,1,0
2026-06-30,MANDI025,Wheat,2407.0,2275.0,1,0
2026-06-30,MANDI026,Wheat,2224.76,2275.0,1,1
2026-06-30,MANDI028,Basmati,2122.0,2183.0,1,1
2026-06-30,MANDI030,Rice,2254.0,2183.0,1,0
2026-06-30,MANDI038,Sugarcane,3441.29,3500.0,1,1
2026-06-30,MANDI042,Maize,2090.49,2090.0,1,0
2026-06-30,MANDI047,Wheat,2387.14,2275.0,1,0
2026-06-30,MANDI050,Mustard,5193.46,5650.0,1,1
2026-06-30,MANDI052,Sugarcane,3553.0,3500.0,1,0
2026-06-30,MANDI056,Mustard,5319.12,5650.0,1,1
2026-06-30,MANDI056,Rice,2435.27,2183.0,1,0
2026-06-30,MANDI056,Sugarcane,3354.86,3500.0,1,1
2026-07-01,MANDI001,Cotton,7092.0,6620.0,1,0
2026-07-01,MANDI001,Maize,1939.84,2090.0,1,1
2026-07-01,MANDI003,Rice,2109.17386267662,2183.0,2,2
2026-07-01,MANDI004,Mustard,5959.21,5650.0,1,0
2026-07-01,MANDI005,Mustard,5663.03,5650.0,1,0
2026-07-01,MANDI005,Narma,7350.24,6620.0,1,0
2026-07-01,MANDI006,Maize,2338.26,2090.0,1,0
2026-07-01,MANDI007,Maize,2197.94,2090.0,1,0
2026-07-01,MANDI007,Sugarcane,3532.0,3500.0,1,0
2026-07-01,MANDI008,Mustard,5808.0,5650.0,1,0
2026-07-01,MANDI009,Sugarcane,3837.41,3500.0,1,0
2026-07-01,MANDI010,Mustard,5393.18,5650.0,1,1
2026-07-01,MANDI011,Maize,2157.0,2090.0,1,0
2026-07-01,MANDI011,Sugarcane,3430.31,3500.0,1,1
2026-07-01,MANDI013,Cotton,7121.7,6620.0,1,0
2026-07-01,MANDI016,Cotton,7212.52,6620.0,1,0
2026-07-01,MANDI018,Rice,2220.63,2183.0,1,0
2026-07-01,MANDI019,Rice,1940.0,2183.0,1,1
2026-07-01,MANDI024,Mustard,5535.73,5650.0,1,1
2026-07-01,MANDI024,Sugarcane,3368.42,3500.0,1,1
2026-07-01,MANDI027,Maize,2018.25,2090.0,1,1
2026-07-01,MANDI027,Mustard,5667.36,5650.0,1,0
2026-07-01,MANDI027,Wheat,2366.0,2275.0,1,0
2026-07-01,MANDI029,Wheat,2502.0,2275.0,1,0
2026-07-01,MANDI033,Sugarcane,3768.0,3500.0,1,0
2026-07-01,MANDI038,Mustard,5805.712880607011,5650.0,1,0
2026-07-01,MANDI040,Rice,2090.85,2183.0,1,1
2026-07-01,MANDI042,Maize,1964.0,2090.0,1,1
2026-07-01,MANDI042,Sugarcane,3744.92,3500.0,1,0
2026-07-01,MANDI046,Maize,2231.83,2090.0,1,0
2026-07-01,MANDI046,Narma,7242.0,6620.0,1,0
2026-07-01,MANDI046,Sugarcane,3477.12,3500.0,1,1
2026-07-01,MANDI050,Cotton,6537.0,6620.0,1,1
2026-07-01,MANDI051,Maize,2238.0,2090.0,1,0
2026-07-02,MANDI003,Cotton,6603.0,6620.0,1,1
2026-07-02,MANDI003,Sugarcane,3574.8,3500.0,1,0
2026-07-02,MANDI006,Wheat,2090.46,2275.0,1,1
2026-07-02,MANDI007,Narma,7145.0,6620.0,1,0
2026-07-02,MANDI007,Rice,2012.0,2183.0,1,1
2026-07-02,MANDI008,Sugarcane,3261.0,3500.0,1,1
2026-07-02,MANDI010,Mustard,5832.81,5650.0,1,0
2026-07-02,MANDI010,Sugarcane,3976.2186490319823,3500.0,1,0
2026-07-02,MANDI011,Wheat,2675.0,2275.0,1,0
2026-07-02,MANDI012,Sugarcane,3191.22,3500.0,1,1
2026-07-02,MANDI015,Maize,2183.4536498195725,2090.0,1,0
2026-07-02,MANDI018,Mustard,5575.18,5650.0,1,1
2026-07-02,MANDI029,Rice,2251.586308118241,2183.0,1,0
2026-07-02,MANDI034,Rice,2354.37,2183.0,1,0
2026-07-02,MANDI035,Cotton,5901.31,6620.0,1,1
2026-07-02,MANDI035,Mustard,5730.36,5650.0,1,0
2026-07-02,MANDI036,Sugarcane,3847.0,3500.0,1,0
2026-07-02,MANDI042,Sugarcane,3443.067646063094,3500.0,2,1
2026-07-02,MANDI043,Maize,2043.0,2090.0,1,1
2026-07-02,MANDI043,Mustard,6001.04,5650.0,1,0
2026-07-02,MANDI045,Maize,2062.36,2090.0,1,1
2026-07-02,MANDI045,Rice,2128.09,2183.0,1,1
2026-07-02,MANDI052,Maize,2245.16,2090.0,1,0
2026-07-02,MANDI053,Rice,2056.0,2183.0,1,1
2026-07-02,MANDI053,Sugarcane,3924.0,3500.0,1,0
2026-07-02,MANDI054,Maize,2353.81,2090.0,1,0
2026-07-02,MANDI055,Mustard,5020.284783659821,5650.0,1,1
2026-07-02,MANDI056,Maize,2268.86,2090.0,1,0
2026-07-02,MANDI057,Basmati,2268.32,2183.0,1,0
2026-07-03,MANDI002,Cotton,6678.0,6620.0,1,0
2026-07-03,MANDI002,Rice,2176.32,2183.0,1,1
2026-07-03,MANDI003,Maize,2336.75,2090.0,1,0
2026-07-03,MANDI005,Wheat,2008.4152127755856,2275.0,1,1
2026-07-03,MANDI007,Rice,2066.78,2183.0,1,1
2026-07-03,MANDI009,Wheat,2524.0,2275.0,1,0
2026-07-03,MANDI012,Narma,6925.0,6620.0,1,0
2026-07-03,MANDI014,Narma,7543.91,6620.0,1,0
2026-07-03,MANDI020,Wheat,2592.09,2275.0,1,0
2026-07-03,MANDI023,Rice,2522.6,2183.0,1,0
2026-07-03,MANDI025,Maize,2075.01,2090.0,1,1
2026-07-03,MANDI026,Sugarcane,3972.76,3500.0,1,0
2026-07-03,MANDI028,Cotton,6864.0,6620.0,1,0
2026-07-03,MANDI029,Wheat,2036.48,2275.0,1,1
2026-07-03,MANDI031,Maize,2333.08,2090.0,1,0
2026-07-03,MANDI032,Sugarcane,3394.6416820357526,3500.0,1,1
2026-07-03,MANDI036,Maize,2206.0,2090.0,1,0
2026-07-03,MANDI037,Wheat,2421.72,2275.0,1,0
2026-07-03,MANDI038,Maize,2232.0,2090.0,1,0
2026-07-03,MANDI039,Cotton,6756.0,6620.0,1,0
2026-07-03,MANDI040,Wheat,2139.6862583209445,2275.0,1,1
2026-07-03,MANDI044,Mustard,6021.0,5650.0,1,0
2026-07-03,MANDI046,Cotton,6903.95,6620.0,1,0
2026-07-03,MANDI048,Maize,2362.0,2090.0,1,0
2026-07-03,MANDI051,Sugarcane,3279.0,3500.0,1,1
2026-07-03,MANDI052,Sugarcane,3325.725,3500.0,2,2
2026-07-03,MANDI053,Rice,2430.94,2183.0,1,0
2026-07-03,MANDI056,Wheat,2098.67,2275.0,1,1
2026-07-03,MANDI057,Rice,2279.0,2183.0,1,0
2026-07-04,MANDI002,Cotton,6928.32,6620.0,1,0
2026-07-04,MANDI004,Wheat,2158.06,2275.0,1,1
2026-07-04,MANDI006,Maize,2273.55,2090.0,1,0
2026-07-04,MANDI012,Rice,2311.54,2183.0,1,0
2026-07-04,MANDI014,Maize,2023.23,2090.0,1,1
2026-07-04,MANDI019,Rice,1996.0,2183.0,1,1
2026-07-04,MANDI020,Wheat,2352.52,2275.0,1,0
2026-07-04,MANDI021,Sugarcane,3594.755,3500.0,2,1
2026-07-04,MANDI027,Cotton,7229.0,6620.0,1,0
2026-07-04,MANDI027,Mustard,5569.0,5650.0,1,1
2026-07-04,MANDI027,Sugarcane,3162.98,3500.0,1,1
2026-07-04,MANDI029,Maize,2114.0,2090.0,1,0
2026-07-04,MANDI030,Sugarcane,3989.0752752604767,3500.0,1,0
2026-07-04,MANDI031,Maize,1881.74,2090.0,1,1
2026-07-04,MANDI037,Rice,2382.259861009345,2183.0,1,0
2026-07-04,MANDI038,Cotton,6499.46103281003,6620.0,1,1
2026-07-04,MANDI038,Sugarcane,3664.61,3500.0,1,0
2026-07-04,MANDI039,Sugarcane,4105.85,3500.0,1,0
2026-07-04,MANDI040,Cotton,7637.63,6620.0,1,0
2026-07-04,MANDI041,Cotton,6829.13,6620.0,1,0
2026-07-04,MANDI042,Maize,2221.63,2090.0,1,0
2026-07-04,MANDI042,Wheat,2127.36,2275.0,1,1
2026-07-04,MANDI044,Maize,1986.0,2090.0,1,1
2026-07-04,MANDI044,Rice,2116.934434316513,2183.0,1,1
2026-07-04,MANDI045,Maize,2209.35,2090.0,1,0
2026-07-04,MANDI046,Sugarcane,3527.0,3500.0,1,0
2026-07-04,MANDI057,Cotton,6598.99,6620.0,1,1
2026-07-05,MANDI002,Narma,6515.02,6620.0,1,1
2026-07-05,MANDI005,Basmati,2195.0,2183.0,1,0
2026-07-05,MANDI006,Rice,2022.98,2183.0,1,1
2026-07-05,MANDI007,Narma,6135.142556066319,6620.0,1,1
2026-07-05,MANDI010,Rice,2235.26,2183.0,1,0
2026-07-05,MANDI012,Sugarcane,3745.67,3500.0,1,0
2026-07-05,MANDI013,Sugarcane,3362.165,3500.0,2,2
2026-07-05,MANDI016,Sugarcane,3741.23,3500.0,1,0
2026-07-05,MANDI023,Basmati,2078.41,2183.0,1,1
2026-07-05,MANDI026,Rice,2075.15,2183.0,1,1
2026-07-05,MANDI028,Sugarcane,3405.09,3500.0,1,1
2026-07-05,MANDI030,Maize,2378.03,2090.0,1,0
2026-07-05,MANDI038,Rice,2117.68,2183.0,1,1
2026-07-05,MANDI039,Cotton,7615.0,6620.0,1,0
2026-07-05,MANDI040,Mustard,5319.5,5650.0,1,1
2026-07-05,MANDI041,Wheat,2402.0,2275.0,1,0
2026-07-05,MANDI043,Mustard,6098.0,5650.0,1,0
2026-07-05,MANDI050,Mustard,5170.83,5650.0,1,1
2026-07-05,MANDI051,Sugarcane,3597.58,3500.0,1,0
2026-07-05,MANDI053,Maize,1920.0,2090.0,1,1
2026-07-05,MANDI056,Maize,2375.8943854083795,2090.0,1,0
2026-07-05,MANDI057,Basmati,2067.11,2183.0,1,1
2026-07-06,MANDI002,Maize,2426.0,2090.0,1,0
2026-07-06,MANDI005,Wheat,2346.0,2275.0,1,0
2026-07-06,MANDI006,Rice,2371.6,2183.0,1,0
2026-07-06,MANDI007,Maize,2168.74,2090.0,1,0
2026-07-06,MANDI010,Cotton,6828.520625512403,6620.0,1,0
2026-07-06,MANDI012,Rice,2225.01,2183.0,1,0
2026-07-06,MANDI016,Sugarcane,3689.51,3500.0,1,0
2026-07-06,MANDI017,Rice,2399.76,2183.0,1,0
2026-07-06,MANDI019,Maize,2047.23,2090.0,1,1
2026-07-06,MANDI020,Rice,2354.71,2183.0,1,0
2026-07-06,MANDI021,Rice,2120.546997069876,2183.0,1,1
2026-07-06,MANDI022,Basmati,2020.585084175788,2183.0,1,1
2026-07-06,MANDI025,Wheat,2445.0,2275.0,1,0
2026-07-06,MANDI027,Rice,2495.0,2183.0,1,0
2026-07-06,MANDI027,Sugarcane,3931.9,3500.0,1,0
2026-07-06,MANDI028,Mustard,6154.0,5650.0,1,0
2026-07-06,MANDI035,Cotton,6841.24,6620.0,1,0
2026-07-06,MANDI036,Rice,2444.1,2183.0,1,0
2026-07-06,MANDI040,Rice,2279.0,2183.0,1,0
2026-07-06,MANDI041,Rice,2207.81,2183.0,1,0
2026-07-06,MANDI045,Rice,2395.0,2183.0,1,0
2026-07-06,MANDI046,Wheat,2486.45,2275.0,1,0
2026-07-06,MANDI049,Mustard,5318.0,5650.0,1,1
2026-07-06,MANDI050,Cotton,6622.24,6620.0,1,0
2026-07-06,MANDI050,Mustard,5363.67,5650.0,1,1
2026-07-06,MANDI051,Mustard,5724.0,5650.0,1,0
2026-07-06,MANDI051,Wheat,2399.39,2275.0,1,0
2026-07-06,MANDI052,Cotton,6538.95,6620.0,1,1
2026-07-06,MANDI052,Wheat,2378.47,2275.0,1,0
2026-07-06,MANDI053,Wheat,2310.94,2275.0,1,0
2026-07-06,MANDI054,Wheat,2071.7972193745063,2275.0,1,1
2026-07-06,MANDI056,Mustard,5964.0,5650.0,1,0
2026-07-07,MANDI002,Wheat,2133.05,2275.0,1,1
2026-07-07,MANDI007,Cotton,6564.74,6620.0,1,1
2026-07-07,MANDI009,Wheat,2325.101899478668,2275.0,1,0
2026-07-07,MANDI011,Wheat,2305.06,2275.0,1,0
2026-07-07,MANDI012,Cotton,6350.13,6620.0,1,1
2026-07-07,MANDI015,Sugarcane,3542.0,3500.0,1,0
2026-07-07,MANDI022,Mustard,6016.34,5650.0,1,0
2026-07-07,MANDI022,Sugarcane,3702.0,3500.0,1,0
2026-07-07,MANDI023,Maize,2200.3,2090.0,1,0
2026-07-07,MANDI026,Wheat,2551.38,2275.0,1,0
2026-07-07,MANDI030,Wheat,2279.56,2275.0,1,0
2026-07-07,MANDI033,Maize,2331.43,2090.0,1,0
2026-07-07,MANDI033,Mustard,5533.14,5650.0,1,1
2026-07-07,MANDI034,Mustard,5045.0,5650.0,1,1
2026-07-07,MANDI036,Mustard,5082.2,5650.0,1,1
2026-07-07,MANDI040,Maize,2306.0,2090.0,1,0
2026-07-07,MANDI043,Mustard,5449.0,5650.0,1,1
2026-07-07,MANDI045,Rice,2251.55,2183.0,1,0
2026-07-07,MANDI047,Mustard,5535.27,5650.0,1,1
2026-07-07,MANDI048,Basmati,2056.0,2183.0,1,1
2026-07-07,MANDI049,Wheat,2412.99,2275.0,1,0
2026-07-07,MANDI054,Sugarcane,3755.56,3500.0,1,0
2026-07-07,MANDI055,Maize,2035.29,2090.0,1,1
2026-07-07,MANDI057,Cotton,7064.44,6620.0,1,0
2026-07-07,MANDI057,Maize,2241.9283828532566,2090.0,1,0
2026-07-08,MANDI004,Mustard,6174.649537423557,5650.0,1,0
2026-07-08,MANDI006,Rice,2099.63,2183.0,1,1
2026-07-08,MANDI006,Sugarcane,3150.73,3500.0,1,1
2026-07-08,MANDI009,Cotton,7144.75,6620.0,1,0
2026-07-08,MANDI010,Cotton,6953.45,6620.0,1,0
2026-07-08,MANDI010,Maize,2259.0,2090.0,1,0
2026-07-08,MANDI012,Maize,2314.0,2090.0,1,0
2026-07-08,MANDI014,Mustard,5327.0,5650.0,1,1
2026-07-08,MANDI017,Mustard,6191.21,5650.0,1,0
2026-07-08,MANDI017,Rice,1907.71,2183.0,1,1
2026-07-08,MANDI023,Sugarcane,3708.0,3500.0,1,0
2026-07-08,MANDI024,Rice,2196.0,2183.0,1,0
2026-07-08,MANDI024,Sugarcane,3769.93,3500.0,1,0
2026-07-08,MANDI025,Maize,2144.89,2090.0,1,0
2026-07-08,MANDI025,Sugarcane,3605.585,3500.0,2,0
2026-07-08,MANDI025,Wheat,2088.945005987087,2275.0,1,1
2026-07-08,MANDI029,Mustard,5727.23,5650.0,2,1
2026-07-08,MANDI029,Rice,2387.17,2183.0,1,0
2026-07-08,MANDI032,Wheat,2259.15,2275.0,1,1
2026-07-08,MANDI033,Maize,2078.0,2090.0,1,1
2026-07-08,MANDI036,Narma,7054.0,6620.0,1,0
2026-07-08,MANDI036,Rice,2328.45,2183.0,1,0
2026-07-08,MANDI038,Cotton,6212.954711239272,6620.0,1,1
2026-07-08,MANDI041,Maize,2115.87,2090.0,1,0
2026-07-08,MANDI041,Wheat,2439.11,2275.0,1,0
2026-07-08,MANDI043,Rice,2465.0651889329843,2183.0,1,0
2026-07-08,MANDI045,Mustard,6053.075,5650.0,2,0
2026-07-08,MANDI051,Rice,2526.54,2183.0,1,0
2026-07-08,MANDI054,Maize,1882.0,2090.0,1,1
2026-07-08,MANDI054,Wheat,2425.0,2275.0,1,0
2026-07-09,MANDI001,Maize,2322.0,2090.0,1,0
2026-07-09,MANDI001,Wheat,2105.999807519711,2275.0,1,1
2026-07-09,MANDI002,Mustard,5384.0,5650.0,1,1
2026-07-09,MANDI005,Mustard,6084.56,5650.0,1,0
2026-07-09,MANDI006,Sugarcane,3454.44,3500.0,1,1
2026-07-09,MANDI006,Wheat,2086.98,2275.0,1,1
2026-07-09,MANDI009,Mustard,5772.729757360421,5650.0,2,1
2026-07-09,MANDI009,Wheat,2327.92,2275.0,1,0
2026-07-09,MANDI010,Sugarcane,3677.42,3500.0,1,0
2026-07-09,MANDI012,Basmati,2540.46,2183.0,1,0
2026-07-09,MANDI013,Rice,2462.0,2183.0,1,0
2026-07-09,MANDI014,Wheat,2245.55,2275.0,1,1
2026-07-09,MANDI015,Cotton,7357.09,6620.0,1,0
2026-07-09,MANDI015,Maize,2224.57,2090.0,1,0
2026-07-09,MANDI017,Mustard,5505.92,5650.0,1,1
2026-07-09,MANDI017,Rice,2124.0,2183.0,1,1
2026-07-09,MANDI018,Cotton,7061.718461546968,6620.0,1,0
2026-07-09,MANDI018,Maize,2274.0,2090.0,1,0
2026-07-09,MANDI020,Mustard,6051.36,5650.0,1,0
2026-07-09,MANDI022,Cotton,7201.23,6620.0,1,0
2026-07-09,MANDI023,Rice,1962.0,2183.0,1,1
2026-07-09,MANDI028,Mustard,6069.38,5650.0,1,0
2026-07-09,MANDI038,Wheat,2354.36,2275.0,1,0
2026-07-09,MANDI039,Mustard,5249.18,5650.0,1,1
2026-07-09,MANDI040,Mustard,5259.89,5650.0,1,1
2026-07-09,MANDI047,Rice,2412.56,2183.0,1,0
2026-07-09,MANDI048,Maize,2115.025,2090.0,2,0
2026-07-09,MANDI049,Cotton,7059.3,6620.0,1,0
2026-07-09,MANDI051,Maize,2050.0,2090.0,1,1
2026-07-09,MANDI053,Cotton,6903.0,6620.0,1,0
2026-07-09,MANDI054,Wheat,2047.7,2275.0,1,1
2026-07-09,MANDI056,Mustard,5859.0,5650.0,1,0
2026-07-09,MANDI057,Maize,2078.44,2090.0,1,1
2026-07-09,MANDI057,Wheat,2379.955,2275.0,2,0
2026-07-10,MANDI003,Basmati,2012.0,2183.0,1,1
2026-07-10,MANDI004,Cotton,6635.0,6620.0,1,0
2026-07-10,MANDI007,Rice,2298.0,2183.0,1,0
2026-07-10,MANDI019,Cotton,6323.0,6620.0,1,1
2026-07-10,MANDI021,Maize,2305.99,2090.0,1,0
2026-07-10,MANDI032,Sugarcane,3421.24,3500.0,1,1
2026-07-10,MANDI033,Rice,2221.74,2183.0,1,0
2026-07-10,MANDI036,Sugarcane,3375.77,3500.0,1,1
2026-07-10,MANDI038,Mustard,5404.4,5650.0,1,1
2026-07-10,MANDI041,Cotton,6451.0,6620.0,1,1
2026-07-10,MANDI041,Wheat,2661.97,2275.0,1,0
2026-07-10,MANDI043,Cotton,6661.52,6620.0,1,0
2026-07-10,MANDI048,Mustard,5922.43,5650.0,1,0
2026-07-10,MANDI050,Cotton,6679.971137910305,6620.0,1,0
2026-07-10,MANDI052,Cotton,7162.0,6620.0,1,0
2026-07-10,MANDI056,Rice,2371.0,2183.0,1,0
2026-07-10,MANDI057,Sugarcane,3602.79,3500.0,1,0
2026-07-11,MANDI008,Wheat,2428.99,2275.0,1,0
2026-07-11,MANDI009,Basmati,2461.0,2183.0,1,0
2026-07-11,MANDI009,Sugarcane,3560.0,3500.0,1,0
2026-07-11,MANDI010,Wheat,2155.35,2275.0,1,1
2026-07-11,MANDI016,Sugarcane,3533.0,3500.0,1,0
2026-07-11,MANDI017,Cotton,6840.0,6620.0,1,0
2026-07-11,MANDI019,Wheat,2198.5058053205694,2275.0,1,1
2026-07-11,MANDI020,Sugarcane,3778.55,3500.0,1,0
2026-07-11,MANDI025,Wheat,2501.0599329548013,2275.0,1,0
2026-07-11,MANDI027,Narma,6531.0,6620.0,1,1
2026-07-11,MANDI027,Wheat,2589.12,2275.0,1,0
2026-07-11,MANDI028,Rice,2128.29,2183.0,1,1
2026-07-11,MANDI029,Sugarcane,3888.0,3500.0,1,0
2026-07-11,MANDI036,Mustard,6320.0,5650.0,1,0
2026-07-11,MANDI039,Mustard,5660.734337367984,5650.0,1,0
2026-07-11,MANDI042,Mustard,5729.08,5650.0,1,0
2026-07-11,MANDI047,Rice,2406.2619588337416,2183.0,1,0
2026-07-11,MANDI055,Narma,7151.0,6620.0,1,0
2026-07-12,MANDI004,Rice,2103.35,2183.0,1,1
2026-07-12,MANDI005,Cotton,6742.72,6620.0,1,0
2026-07-12,MANDI007,Mustard,5351.51,5650.0,1,1
2026-07-12,MANDI010,Maize,2283.85,2090.0,1,0
2026-07-12,MANDI011,Mustard,5519.15,5650.0,1,1
2026-07-12,MANDI016,Cotton,6442.24,6620.0,1,1
2026-07-12,MANDI018,Mustard,6318.03,5650.0,1,0
2026-07-12,MANDI021,Wheat,2117.0,2275.0,1,1
2026-07-12,MANDI025,Sugarcane,3445.09,3500.0,1,1
2026-07-12,MANDI032,Maize,1981.09930211867,2090.0,1,1
2026-07-12,MANDI033,Mustard,5998.26,5650.0,1,0
2026-07-12,MANDI036,Rice,2199.6230993561912,2183.0,1,0
2026-07-12,MANDI039,Cotton,7344.32,6620.0,1,0
2026-07-12,MANDI039,Wheat,2269.57,2275.0,1,1
2026-07-12,MANDI043,Maize,2141.46,2090.0,1,0
2026-07-12,MANDI044,Maize,2113.36,2090.0,1,0
2026-07-12,MANDI044,Wheat,2187.03,2275.0,1,1
2026-07-12,MANDI053,Sugarcane,3741.0,3500.0,1,0
2026-07-12,MANDI054,Sugarcane,3947.0,3500.0,1,0
2026-07-12,MANDI055,Cotton,6246.6,6620.0,1,1
2026-07-13,MANDI002,Maize,2264.0,2090.0,1,0
2026-07-13,MANDI003,Cotton,6486.7,6620.0,1,1
2026-07-13,MANDI004,Rice,2339.11,2183.0,1,0
2026-07-13,MANDI004,Sugarcane,3393.0,3500.0,1,1
2026-07-13,MANDI008,Cotton,7067.76,6620.0,2,0
2026-07-13,MANDI016,Sugarcane,3762.0,3500.0,1,0
2026-07-13,MANDI026,Narma,7180.1,6620.0,1,0
2026-07-13,MANDI027,Cotton,6409.0,6620.0,1,1
2026-07-13,MANDI029,Mustard,5460.78,5650.0,1,1
2026-07-13,MANDI029,Wheat,2523.03,2275.0,1,0
2026-07-13,MANDI030,Maize,2110.0,2090.0,1,0
2026-07-13,MANDI034,Sugarcane,3197.0,3500.0,1,1
2026-07-13,MANDI035,Sugarcane,3507.33,3500.0,1,0
2026-07-13,MANDI038,Maize,2255.0,2090.0,1,0
2026-07-13,MANDI041,Maize,2213.32,2090.0,1,0
2026-07-13,MANDI041,Wheat,2236.0,2275.0,1,1
2026-07-13,MANDI042,Basmati,2161.0,2183.0,1,1
2026-07-13,MANDI044,Mustard,6205.0,5650.0,1,0
2026-07-13,MANDI044,Wheat,2253.630751720043,2275.0,1,1
2026-07-13,MANDI045,Maize,2231.0,2090.0,1,0
2026-07-13,MANDI049,Mustard,5920.0,5650.0,1,0
2026-07-13,MANDI050,Sugarcane,3720.86,3500.0,1,0
2026-07-13,MANDI051,Sugarcane,3768.36,3500.0,1,0
2026-07-13,MANDI052,Mustard,5479.54,5650.0,1,1
2026-07-13,MANDI053,Maize,2165.5620790310318,2090.0,1,0
2026-07-13,MANDI054,Mustard,5983.0,5650.0,1,0
2026-07-13,MANDI054,Wheat,2183.22,2275.0,1,1
2026-07-13,MANDI056,Maize,2013.99,2090.0,1,1
2026-07-14,MANDI006,Maize,2077.0,2090.0,1,1
2026-07-14,MANDI008,Wheat,2254.23,2275.0,1,1
2026-07-14,MANDI010,Cotton,6442.09,6620.0,1,1
2026-07-14,MANDI010,Wheat,2176.77,2275.0,1,1
2026-07-14,MANDI018,Mustard,5357.7,5650.0,1,1
2026-07-14,MANDI019,Maize,2317.17,2090.0,1,0
2026-07-14,MANDI021,Cotton,6380.0,6620.0,1,1
2026-07-14,MANDI024,Wheat,2450.91,2275.0,1,0
2026-07-14,MANDI028,Wheat,2128.65,2275.0,1,1
2026-07-14,MANDI031,Cotton,6466.56,6620.0,1,1
2026-07-14,MANDI034,Sugarcane,3419.563904768548,3500.0,1,1
2026-07-14,MANDI035,Maize,2277.5,2090.0,1,0
2026-07-14,MANDI036,Maize,1893.275,2090.0,2,2
2026-07-14,MANDI039,Mustard,5904.52,5650.0,1,0
2026-07-14,MANDI041,Maize,1950.0,2090.0,1,1
2026-07-14,MANDI042,Wheat,2436.63,2275.0,1,0
2026-07-14,MANDI043,Mustard,6001.0,5650.0,1,0
2026-07-14,MANDI046,Sugarcane,3635.0,3500.0,1,0
2026-07-14,MANDI046,Wheat,2392.2,2275.0,1,0
2026-07-14,MANDI047,Rice,2209.55,2183.0,1,0
2026-07-14,MANDI052,Cotton,7075.19,6620.0,1,0
2026-07-14,MANDI054,Cotton,6604.35,6620.0,1,1
2026-07-14,MANDI055,Mustard,6097.72,5650.0,1,0
2026-07-14,MANDI055,Sugarcane,3237.16,3500.0,1,1
2026-07-14,MANDI057,Cotton,6161.29,6620.0,1,1
2026-07-14,MANDI057,Sugarcane,3655.13,3500.0,1,0
2026-07-15,MANDI002,Cotton,6441.5,6620.0,1,1
2026-07-15,MANDI006,Maize,1898.0,2090.0,1,1
2026-07-15,MANDI007,Maize,2011.23,2090.0,1,1
2026-07-15,MANDI008,Mustard,6234.0,5650.0,1,0
2026-07-15,MANDI011,Maize,2194.0,2090.0,1,0
2026-07-15,MANDI012,Cotton,6068.0,6620.0,1,1
2026-07-15,MANDI019,Cotton,7682.56,6620.0,1,0
2026-07-15,MANDI019,Sugarcane,3943.21,3500.0,1,0
2026-07-15,MANDI026,Rice,2181.61,2183.0,1,1
2026-07-15,MANDI026,Sugarcane,3672.544761309944,3500.0,1,0
2026-07-15,MANDI029,Cotton,7406.0,6620.0,1,0
2026-07-15,MANDI032,Maize,2284.75,2090.0,1,0
2026-07-15,MANDI032,Wheat,2266.05,2275.0,1,1
2026-07-15,MANDI033,Mustard,5096.827372979755,5650.0,1,1
2026-07-15,MANDI036,Rice,2427.18,2183.0,1,0
2026-07-15,MANDI037,Mustard,6225.91,5650.0,1,0
2026-07-15,MANDI038,Sugarcane,3145.88,3500.0,1,1
2026-07-15,MANDI041,Maize,2152.0,2090.0,1,0
2026-07-15,MANDI041,Mustard,5457.49,5650.0,1,1
2026-07-15,MANDI041,Narma,6535.51,6620.0,1,1
2026-07-15,MANDI042,Sugarcane,3146.1,3500.0,1,1
2026-07-15,MANDI049,Wheat,2169.969913286424,2275.0,1,1
2026-07-15,MANDI052,Rice,2515.8,2183.0,1,0
2026-07-15,MANDI053,Rice,2299.33,2183.0,1,0
2026-07-16,MANDI002,Mustard,5880.41,5650.0,1,0
2026-07-16,MANDI007,Wheat,2361.9445278979715,2275.0,1,0
2026-07-16,MANDI008,Rice,2125.45,2183.0,1,1
2026-07-16,MANDI011,Wheat,2578.88,2275.0,1,0
2026-07-16,MANDI012,Rice,2062.59,2183.0,1,1
2026-07-16,MANDI014,Maize,2228.0,2090.0,1,0
2026-07-16,MANDI015,Mustard,5566.81,5650.0,1,1
2026-07-16,MANDI016,Cotton,7050.21,6620.0,1,0
2026-07-16,MANDI018,Mustard,6123.0,5650.0,1,0
2026-07-16,MANDI019,Mustard,6132.45,5650.0,1,0
2026-07-16,MANDI025,Sugarcane,3578.0,3500.0,1,0
2026-07-16,MANDI026,Sugarcane,3888.56,3500.0,1,0
2026-07-16,MANDI027,Sugarcane,3654.0,3500.0,1,0
2026-07-16,MANDI028,Narma,7278.0,6620.0,1,0
2026-07-16,MANDI028,Rice,2120.66,2183.0,1,1
2026-07-16,MANDI029,Mustard,5885.72,5650.0,1,0
2026-07-16,MANDI029,Rice,2125.65,2183.0,1,1
2026-07-16,MANDI032,Mustard,5846.27,5650.0,1,0
2026-07-16,MANDI034,Rice,2333.0,2183.0,1,0
2026-07-16,MANDI036,Wheat,2211.38,2275.0,1,1
2026-07-16,MANDI038,Cotton,5951.0,6620.0,1,1
2026-07-16,MANDI041,Cotton,6342.71,6620.0,1,1
2026-07-16,MANDI042,Maize,1966.58,2090.0,1,1
2026-07-16,MANDI046,Sugarcane,3332.0661828503694,3500.0,1,1
2026-07-16,MANDI046,Wheat,2402.0,2275.0,1,0
2026-07-16,MANDI047,Maize,2207.29,2090.0,1,0
2026-07-16,MANDI048,Sugarcane,3601.81,3500.0,1,0
2026-07-16,MANDI053,Maize,2055.86,2090.0,1,1
2026-07-16,MANDI056,Sugarcane,3650.3,3500.0,1,0
2026-07-16,MANDI057,Rice,2030.473887974008,2183.0,1,1
2026-07-17,MANDI007,Cotton,7123.0,6620.0,2,0
2026-07-17,MANDI007,Sugarcane,3759.49,3500.0,1,0
2026-07-17,MANDI009,Sugarcane,3768.8546106859394,3500.0,1,0
2026-07-17,MANDI009,Wheat,2596.15,2275.0,1,0
2026-07-17,MANDI010,Rice,2059.0,2183.0,1,1
2026-07-17,MANDI011,Basmati,2252.0,2183.0,1,0
2026-07-17,MANDI016,Rice,2061.34,2183.0,1,1
2026-07-17,MANDI016,Wheat,2529.88,2275.0,1,0
2026-07-17,MANDI017,Sugarcane,3724.46,3500.0,1,0
2026-07-17,MANDI018,Rice,2302.0,2183.0,1,0
2026-07-17,MANDI019,Cotton,6008.68,6620.0,1,1
2026-07-17,MANDI020,Wheat,2516.05,2275.0,1,0
2026-07-17,MANDI021,Mustard,5176.46,5650.0,1,1
2026-07-17,MANDI022,Maize,2212.0,2090.0,1,0
2026-07-17,MANDI026,Narma,7416.0,6620.0,1,0
2026-07-17,MANDI027,Basmati,2328.0,2183.0,1,0
2026-07-17,MANDI027,Sugarcane,3378.0,3500.0,1,1
2026-07-17,MANDI030,Mustard,5465.33,5650.0,1,1
2026-07-17,MANDI031,Rice,2123.0,2183.0,1,1
2026-07-17,MANDI032,Rice,2018.7,2183.0,1,1
2026-07-17,MANDI033,Narma,6791.8,6620.0,1,0
2026-07-17,MANDI036,Rice,2373.0,2183.0,1,0
2026-07-17,MANDI040,Cotton,7216.0,6620.0,1,0
2026-07-17,MANDI041,Maize,2176.86,2090.0,1,0
2026-07-17,MANDI041,Wheat,2352.0,2275.0,1,0
2026-07-17,MANDI042,Rice,2390.0,2183.0,1,0
2026-07-17,MANDI044,Mustard,5459.0,5650.0,1,1
2026-07-17,MANDI045,Sugarcane,3603.0,3500.0,1,0
2026-07-17,MANDI046,Cotton,7462.13,6620.0,1,0
2026-07-17,MANDI046,Sugarcane,3298.5249999999996,3500.0,2,2
2026-07-17,MANDI046,Wheat,2357.9810643487926,2275.0,1,0
2026-07-17,MANDI048,Wheat,2557.3,2275.0,1,0
2026-07-17,MANDI050,Sugarcane,3541.11,3500.0,1,0
2026-07-17,MANDI050,Wheat,2248.0,2275.0,1,1
2026-07-17,MANDI052,Mustard,5766.0,5650.0,1,0
2026-07-17,MANDI052,Wheat,2419.66,2275.0,1,0
2026-07-17,MANDI054,Maize,2247.0,2090.0,1,0
2026-07-18,MANDI006,Cotton,7172.59,6620.0,1,0
2026-07-18,MANDI013,Wheat,2057.67,2275.0,1,1
2026-07-18,MANDI018,Mustard,6167.21,5650.0,1,0
2026-07-18,MANDI018,Wheat,2105.29,2275.0,1,1
2026-07-18,MANDI022,Cotton,7226.43,6620.0,1,0
2026-07-18,MANDI023,Rice,2373.7799999999997,2183.0,2,0
2026-07-18,MANDI024,Maize,2004.0,2090.0,1,1
2026-07-18,MANDI025,Maize,2016.0,2090.0,1,1
2026-07-18,MANDI032,Rice,2270.06,2183.0,1,0
2026-07-18,MANDI033,Wheat,2165.7,2275.0,1,1
2026-07-18,MANDI036,Maize,1862.67,2090.0,1,1
2026-07-18,MANDI037,Sugarcane,3770.6,3500.0,1,0
2026-07-18,MANDI037,Wheat,2365.92,2275.0,1,0
2026-07-18,MANDI039,Maize,2336.29,2090.0,1,0
2026-07-18,MANDI041,Mustard,5400.78,5650.0,1,1
2026-07-18,MANDI044,Maize,2363.0,2090.0,1,0
2026-07-18,MANDI044,Wheat,2529.465150797028,2275.0,1,0
2026-07-18,MANDI045,Maize,2318.37,2090.0,1,0
2026-07-18,MANDI046,Rice,2004.44,2183.0,1,1
2026-07-18,MANDI049,Rice,2495.0,2183.0,1,0
2026-07-18,MANDI052,Sugarcane,3540.85,3500.0,1,0
2026-07-18,MANDI053,Mustard,5839.306029497035,5650.0,1,0
2026-07-18,MANDI054,Maize,2122.5957046913472,2090.0,1,0
2026-07-18,MANDI054,Wheat,2552.9051563145285,2275.0,1,0
2026-07-18,MANDI055,Sugarcane,3407.96,3500.0,1,1
2026-07-18,MANDI057,Wheat,2316.0,2275.0,1,0
2026-07-19,MANDI002,Mustard,5880.0,5650.0,1,0
2026-07-19,MANDI002,Wheat,2363.15,2275.0,2,0
2026-07-19,MANDI003,Sugarcane,3193.45,3500.0,1,1
2026-07-19,MANDI004,Maize,2266.39,2090.0,1,0
2026-07-19,MANDI007,Maize,2044.9,2090.0,1,1
2026-07-19,MANDI008,Mustard,6114.0,5650.0,1,0
2026-07-19,MANDI008,Sugarcane,3294.9,3500.0,1,1
2026-07-19,MANDI010,Rice,1988.2,2183.0,1,1
2026-07-19,MANDI011,Cotton,6572.075,6620.0,2,1
2026-07-19,MANDI013,Rice,2323.05,2183.0,1,0
2026-07-19,MANDI013,Wheat,2509.6536027809675,2275.0,1,0
2026-07-19,MANDI015,Sugarcane,3728.0,3500.0,1,0
2026-07-19,MANDI017,Wheat,2272.0,2275.0,1,1
2026-07-19,MANDI018,Sugarcane,3878.0,3500.0,1,0
2026-07-19,MANDI020,Sugarcane,4066.92,3500.0,1,0
2026-07-19,MANDI021,Cotton,7187.79,6620.0,1,0
2026-07-19,MANDI024,Cotton,6027.94,6620.0,1,1
2026-07-19,MANDI028,Maize,2350.52,2090.0,1,0
2026-07-19,MANDI031,Mustard,5404.0,5650.0,1,1
2026-07-19,MANDI033,Sugarcane,3868.3,3500.0,1,0
2026-07-19,MANDI034,Rice,2103.0,2183.0,1,1
2026-07-19,MANDI036,Narma,7089.0,6620.0,1,0
2026-07-19,MANDI037,Maize,2200.2,2090.0,1,0
2026-07-19,MANDI037,Sugarcane,3648.525016681966,3500.0,1,0
2026-07-19,MANDI040,Maize,1871.83,2090.0,1,1
2026-07-19,MANDI044,Maize,2405.0,2090.0,1,0
2026-07-19,MANDI045,Cotton,6451.1,6620.0,1,1
2026-07-19,MANDI048,Rice,2472.3247500253347,2183.0,1,0
2026-07-19,MANDI050,Maize,1928.7521877011052,2090.0,2,2
2026-07-19,MANDI052,Cotton,6735.0,6620.0,1,0
2026-07-19,MANDI052,Rice,2340.03,2183.0,1,0
2026-07-19,MANDI055,Rice,2489.0740460348197,2183.0,1,0
2026-07-19,MANDI056,Mustard,5352.0,5650.0,1,1
2026-07-19,MANDI057,Narma,6846.884576572764,6620.0,1,0
2026-07-20,MANDI002,Maize,2064.0,2090.0,2,1
2026-07-20,MANDI002,Narma,7478.01,6620.0,1,0
2026-07-20,MANDI003,Sugarcane,3454.76,3500.0,1,1
2026-07-20,MANDI007,Sugarcane,3875.87,3500.0,1,0
2026-07-20,MANDI008,Rice,2155.8,2183.0,1,1
2026-07-20,MANDI012,Sugarcane,3543.15,3500.0,1,0
2026-07-20,MANDI016,Sugarcane,3829.79,3500.0,1,0
2026-07-20,MANDI016,Wheat,2074.0,2275.0,1,1
2026-07-20,MANDI019,Maize,2215.18,2090.0,1,0
2026-07-20,MANDI019,Rice,2147.1,2183.0,1,1
2026-07-20,MANDI020,Mustard,6175.0,5650.0,1,0
2026-07-20,MANDI023,Mustard,6263.42,5650.0,2,0
2026-07-20,MANDI025,Sugarcane,3471.277232500662,3500.0,1,1
2026-07-20,MANDI029,Maize,2036.73,2090.0,1,1
2026-07-20,MANDI030,Mustard,5188.0,5650.0,1,1
2026-07-20,MANDI030,Rice,2339.705598868008,2183.0,1,0
2026-07-20,MANDI034,Mustard,5770.8,5650.0,1,0
2026-07-20,MANDI037,Cotton,5971.95,6620.0,1,1
2026-07-20,MANDI037,Wheat,2374.0,2275.0,1,0
2026-07-20,MANDI040,Wheat,2418.0,2275.0,1,0
2026-07-20,MANDI041,Mustard,5614.18,5650.0,1,1
2026-07-20,MANDI042,Cotton,6721.49,6620.0,1,0
2026-07-20,MANDI046,Maize,2017.23784599666,2090.0,1,1
2026-07-20,MANDI047,Maize,1902.06,2090.0,1,1
2026-07-20,MANDI050,Basmati,2342.25,2183.0,1,0
2026-07-20,MANDI050,Mustard,5977.53,5650.0,1,0
2026-07-20,MANDI051,Maize,1978.05,2090.0,1,1
2026-07-20,MANDI054,Mustard,5953.71,5650.0,1,0
2026-07-20,MANDI055,Sugarcane,3748.49,3500.0,1,0
2026-07-21,MANDI001,Cotton,7484.0,6620.0,1,0
2026-07-21,MANDI001,Maize,2087.09,2090.0,1,1
2026-07-21,MANDI003,Rice,2170.087430629306,2183.0,1,1
2026-07-21,MANDI003,Wheat,2210.64,2275.0,1,1
2026-07-21,MANDI005,Cotton,6402.179305683432,6620.0,1,1
2026-07-21,MANDI007,Maize,2144.167343486675,2090.0,1,0
2026-07-21,MANDI009,Sugarcane,3365.04,3500.0,1,1
2026-07-21,MANDI010,Cotton,7307.0,6620.0,1,0
2026-07-21,MANDI015,Rice,2336.75,2183.0,1,0
2026-07-21,MANDI016,Maize,2147.95,2090.0,1,0
2026-07-21,MANDI017,Mustard,5831.72,5650.0,1,0
2026-07-21,MANDI018,Wheat,2568.59,2275.0,1,0
2026-07-21,MANDI020,Wheat,2243.0,2275.0,1,1
2026-07-21,MANDI024,Sugarcane,3555.83,3500.0,1,0
2026-07-21,MANDI025,Cotton,7151.13,6620.0,1,0
2026-07-21,MANDI026,Sugarcane,3777.77,3500.0,2,0
2026-07-21,MANDI028,Cotton,6467.084969925172,6620.0,1,1
2026-07-21,MANDI029,Mustard,5132.65,5650.0,1,1
2026-07-21,MANDI030,Mustard,5366.32,5650.0,1,1
2026-07-21,MANDI034,Wheat,2180.12,2275.0,1,1
2026-07-21,MANDI035,Maize,2108.79,2090.0,1,0
2026-07-21,MANDI035,Mustard,5922.0,5650.0,1,0
2026-07-21,MANDI037,Sugarcane,3584.0,3500.0,1,0
2026-07-21,MANDI041,Wheat,2382.3271352306497,2275.0,1,0
2026-07-21,MANDI042,Maize,2334.83,2090.0,1,0
2026-07-21,MANDI043,Cotton,6746.83,6620.0,1,0
2026-07-21,MANDI046,Sugarcane,3626.31,3500.0,1,0
2026-07-21,MANDI047,Cotton,7188.0,6620.0,1,0
2026-07-21,MANDI053,Maize,2152.68,2090.0,1,0
2026-07-21,MANDI053,Sugarcane,3547.0,3500.0,1,0
2026-07-21,MANDI054,Wheat,2417.0,2275.0,1,0
2026-07-22,MANDI001,Wheat,2494.95,2275.0,1,0
2026-07-22,MANDI003,Cotton,7323.05,6620.0,1,0
2026-07-22,MANDI006,Maize,2059.9,2090.0,1,1
2026-07-22,MANDI018,Cotton,7575.51,6620.0,1,0
2026-07-22,MANDI018,Sugarcane,3406.18,3500.0,1,1
2026-07-22,MANDI021,Maize,2306.0,2090.0,1,0
2026-07-22,MANDI021,Narma,7523.9,6620.0,1,0
2026-07-22,MANDI021,Rice,2297.46,2183.0,1,0
2026-07-22,MANDI022,Mustard,5948.013024994518,5650.0,1,0
2026-07-22,MANDI024,Rice,2379.75,2183.0,1,0
2026-07-22,MANDI025,Narma,5980.0,6620.0,1,1
2026-07-22,MANDI028,Mustard,6220.02,5650.0,1,0
2026-07-22,MANDI030,Sugarcane,3859.0,3500.0,1,0
2026-07-22,MANDI032,Wheat,2522.0,2275.0,1,0
2026-07-22,MANDI033,Sugarcane,3631.94,3500.0,1,0
2026-07-22,MANDI034,Wheat,2605.0,2275.0,1,0
2026-07-22,MANDI035,Mustard,5506.0,5650.0,1,1
2026-07-22,MANDI036,Sugarcane,3997.91,3500.0,1,0
2026-07-22,MANDI042,Maize,2298.0,2090.0,1,0
2026-07-22,MANDI043,Cotton,5866.02,6620.0,1,1
2026-07-22,MANDI045,Rice,2546.83,2183.0,1,0
2026-07-22,MANDI045,Sugarcane,3550.0,3500.0,1,0
2026-07-22,MANDI046,Mustard,5898.74,5650.0,1,0
2026-07-22,MANDI047,Mustard,5397.192097514321,5650.0,1,1
2026-07-22,MANDI047,Narma,7059.95,6620.0,1,0
2026-07-22,MANDI049,Sugarcane,3258.66,3500.0,1,1
2026-07-22,MANDI050,Maize,2203.73,2090.0,1,0
2026-07-22,MANDI051,Mustard,5611.0,5650.0,1,1
2026-07-22,MANDI055,Sugarcane,3419.87,3500.0,1,1
2026-07-22,MANDI057,Rice,2226.84,2183.0,1,0
2026-07-23,MANDI001,Sugarcane,3726.097578261707,3500.0,1,0
2026-07-23,MANDI008,Maize,2277.85,2090.0,1,0
2026-07-23,MANDI008,Rice,2343.48,2183.0,1,0
2026-07-23,MANDI011,Wheat,2176.22,2275.0,1,1
2026-07-23,MANDI012,Basmati,2334.13,2183.0,1,0
2026-07-23,MANDI012,Maize,1927.67,2090.0,1,1
2026-07-23,MANDI013,Wheat,2429.19,2275.0,1,0
2026-07-23,MANDI015,Maize,2202.0,2090.0,1,0
2026-07-23,MANDI019,Maize,2062.130859005416,2090.0,1,1
2026-07-23,MANDI020,Sugarcane,3710.92,3500.0,1,0
2026-07-23,MANDI021,Cotton,7670.0,6620.0,1,0
2026-07-23,MANDI022,Maize,2209.6,2090.0,1,0
2026-07-23,MANDI022,Rice,2149.0,2183.0,1,1
2026-07-23,MANDI022,Sugarcane,3998.371918859567,3500.0,1,0
2026-07-23,MANDI023,Cotton,6785.248969549042,6620.0,1,0
2026-07-23,MANDI024,Mustard,6619.0,5650.0,1,0
2026-07-23,MANDI025,Mustard,5964.835,5650.0,2,0
2026-07-23,MANDI026,Mustard,6292.0,5650.0,1,0
2026-07-23,MANDI027,Mustard,5564.92,5650.0,1,1
2026-07-23,MANDI028,Cotton,6322.0,6620.0,1,1
2026-07-23,MANDI029,Sugarcane,3593.0,3500.0,1,0
2026-07-23,MANDI030,Sugarcane,3373.0,3500.0,1,1
2026-07-23,MANDI031,Cotton,6409.0,6620.0,1,1
2026-07-23,MANDI034,Wheat,2176.8,2275.0,1,1
2026-07-23,MANDI035,Maize,2285.16,2090.0,1,0
2026-07-23,MANDI036,Cotton,5871.03,6620.0,1,1
2026-07-23,MANDI039,Narma,6937.0,6620.0,1,0
2026-07-23,MANDI040,Rice,2318.46,2183.0,1,0
2026-07-23,MANDI041,Mustard,5900.0,5650.0,1,0
2026-07-23,MANDI044,Wheat,2503.5,2275.0,1,0
2026-07-23,MANDI045,Mustard,5445.57,5650.0,1,1
2026-07-23,MANDI045,Sugarcane,3244.86,3500.0,1,1
2026-07-23,MANDI056,Rice,2101.62,2183.0,2,2
2026-07-24,MANDI001,Maize,2297.93,2090.0,1,0
2026-07-24,MANDI002,Rice,2304.0,2183.0,1,0
2026-07-24,MANDI009,Maize,2121.71,2090.0,2,1
2026-07-24,MANDI009,Wheat,2542.0,2275.0,1,0
2026-07-24,MANDI010,Wheat,1997.0,2275.0,1,1
2026-07-24,MANDI012,Mustard,6348.8,5650.0,1,0
2026-07-24,MANDI012,Rice,2325.0,2183.0,1,0
2026-07-24,MANDI013,Maize,2148.0,2090.0,1,0
2026-07-24,MANDI014,Wheat,2207.0,2275.0,1,1
2026-07-24,MANDI021,Rice,2504.82,2183.0,1,0
2026-07-24,MANDI024,Maize,2094.0,2090.0,1,0
2026-07-24,MANDI025,Mustard,6428.66,5650.0,1,0
2026-07-24,MANDI026,Wheat,2103.39,2275.0,1,1
2026-07-24,MANDI029,Mustard,5435.0,5650.0,1,1
2026-07-24,MANDI030,Mustard,5989.36,5650.0,1,0
2026-07-24,MANDI032,Rice,2223.0,2183.0,1,0
2026-07-24,MANDI033,Cotton,7427.480790891343,6620.0,1,0
2026-07-24,MANDI035,Narma,6882.148859221341,6620.0,1,0
2026-07-24,MANDI038,Sugarcane,3571.0,3500.0,1,0
2026-07-24,MANDI040,Sugarcane,3601.81,3500.0,1,0
2026-07-24,MANDI040,Wheat,2342.53,2275.0,1,0
2026-07-24,MANDI041,Sugarcane,3518.0,3500.0,1,0
2026-07-24,MANDI046,Maize,2126.7,2090.0,1,0
2026-07-24,MANDI048,Cotton,6244.132687669546,6620.0,1,1
2026-07-24,MANDI048,Mustard,5207.95,5650.0,1,1
2026-07-24,MANDI049,Maize,1927.98,2090.0,1,1
2026-07-24,MANDI050,Sugarcane,3215.0,3500.0,1,1
2026-07-24,MANDI050,Wheat,2275.0,2275.0,1,0
2026-07-24,MANDI052,Maize,2162.0,2090.0,1,0
2026-07-24,MANDI052,Wheat,2301.575,2275.0,2,1
2026-07-24,MANDI053,Wheat,2286.2,2275.0,1,0
2026-07-24,MANDI055,Maize,2225.15,2090.0,1,0
2026-07-25,MANDI001,Mustard,5979.0,5650.0,1,0
2026-07-25,MANDI002,Maize,2362.138077628021,2090.0,1,0
2026-07-25,MANDI003,Cotton,6160.42,6620.0,1,1
2026-07-25,MANDI005,Sugarcane,3526.0,3500.0,1,0
2026-07-25,MANDI006,Rice,2397.36,2183.0,1,0
2026-07-25,MANDI006,Sugarcane,3762.41,3500.0,1,0
2026-07-25,MANDI006,Wheat,2479.0,2275.0,1,0
2026-07-25,MANDI009,Maize,2020.01,2090.0,1,1
2026-07-25,MANDI009,Sugarcane,3290.7,3500.0,1,1
2026-07-25,MANDI010,Basmati,2217.43,2183.0,1,0
2026-07-25,MANDI011,Wheat,2135.94,2275.0,1,1
2026-07-25,MANDI015,Maize,2149.91,2090.0,1,0
2026-07-25,MANDI016,Wheat,2407.94,2275.0,1,0
2026-07-25,MANDI017,Mustard,6075.19,5650.0,1,0
2026-07-25,MANDI021,Narma,7619.0,6620.0,1,0
2026-07-25,MANDI022,Mustard,5630.69,5650.0,1,1
2026-07-25,MANDI023,Mustard,5580.0,5650.0,1,1
2026-07-25,MANDI024,Wheat,2307.35,2275.0,1,0
2026-07-25,MANDI025,Sugarcane,3387.6733333333336,3500.0,3,2
2026-07-25,MANDI030,Maize,2076.0,2090.0,1,1
2026-07-25,MANDI031,Cotton,7268.87,6620.0,1,0
2026-07-25,MANDI032,Mustard,6059.92,5650.0,1,0
2026-07-25,MANDI034,Cotton,7480.0,6620.0,1,0
2026-07-25,MANDI034,Wheat,2223.9,2275.0,1,1
2026-07-25,MANDI037,Rice,2116.98,2183.0,1,1
2026-07-25,MANDI039,Mustard,5976.562912030839,5650.0,1,0
2026-07-25,MANDI040,Mustard,6009.33,5650.0,1,0
2026-07-25,MANDI043,Rice,2377.81,2183.0,1,0
2026-07-25,MANDI045,Cotton,6495.41,6620.0,1,1
2026-07-25,MANDI046,Wheat,2436.3866011401688,2275.0,2,0
2026-07-25,MANDI051,Cotton,6763.87,6620.0,1,0
2026-07-25,MANDI051,Sugarcane,3584.0,3500.0,1,0
2026-07-25,MANDI052,Cotton,6301.0,6620.0,1,1
2026-07-25,MANDI052,Mustard,5856.59,5650.0,2,1
2026-07-26,MANDI001,Maize,2076.86,2090.0,1,1
2026-07-26,MANDI005,Cotton,7210.58,6620.0,1,0
2026-07-26,MANDI007,Maize,2414.83,2090.0,1,0
2026-07-26,MANDI008,Rice,2129.0,2183.0,1,1
2026-07-26,MANDI010,Narma,6413.07,6620.0,1,1
2026-07-26,MANDI010,Rice,2352.0,2183.0,1,0
2026-07-26,MANDI011,Mustard,5713.79,5650.0,1,0
2026-07-26,MANDI016,Maize,2031.58,2090.0,1,1
2026-07-26,MANDI017,Wheat,2445.96,2275.0,1,0
2026-07-26,MANDI021,Cotton,6081.0,6620.0,1,1
2026-07-26,MANDI021,Maize,1937.27,2090.0,1,1
2026-07-26,MANDI021,Mustard,6122.08,5650.0,1,0
2026-07-26,MANDI023,Maize,2131.0,2090.0,1,0
2026-07-26,MANDI023,Sugarcane,3118.0,3500.0,1,1
2026-07-26,MANDI023,Wheat,2160.83,2275.0,1,1
2026-07-26,MANDI024,Cotton,5870.0,6620.0,1,1
2026-07-26,MANDI026,Wheat,2068.82,2275.0,1,1
2026-07-26,MANDI027,Sugarcane,3675.43,3500.0,1,0
2026-07-26,MANDI029,Basmati,2346.0,2183.0,1,0
2026-07-26,MANDI029,Rice,2401.0,2183.0,1,0
2026-07-26,MANDI032,Wheat,2168.0,2275.0,1,1
2026-07-26,MANDI033,Sugarcane,3888.0,3500.0,1,0
2026-07-26,MANDI037,Cotton,7271.9,6620.0,1,0
2026-07-26,MANDI038,Wheat,2107.15,2275.0,1,1
2026-07-26,MANDI039,Sugarcane,3669.010635800875,3500.0,1,0
2026-07-26,MANDI041,Sugarcane,3381.0,3500.0,1,1
2026-07-26,MANDI054,Wheat,2241.0,2275.0,1,1
2026-07-26,MANDI057,Rice,2293.7431517374516,2183.0,2,0
2026-07-27,MANDI002,Maize,1998.0,2090.0,1,1
2026-07-27,MANDI006,Wheat,2465.45,2275.0,1,0
2026-07-27,MANDI007,Maize,1961.3880871036304,2090.0,1,1
2026-07-27,MANDI010,Cotton,6279.01,6620.0,1,1
2026-07-27,MANDI010,Sugarcane,3640.354721019678,3500.0,1,0
2026-07-27,MANDI011,Mustard,6218.121371498172,5650.0,1,0
2026-07-27,MANDI012,Maize,2036.0,2090.0,1,1
2026-07-27,MANDI013,Rice,2104.82,2183.0,1,1
2026-07-27,MANDI014,Maize,1947.58,2090.0,1,1
2026-07-27,MANDI016,Mustard,5113.21,5650.0,1,1
2026-07-27,MANDI016,Narma,6349.49,6620.0,1,1
2026-07-27,MANDI019,Mustard,6186.38,5650.0,1,0
2026-07-27,MANDI020,Sugarcane,3727.0,3500.0,1,0
2026-07-27,MANDI021,Wheat,2416.09,2275.0,1,0
2026-07-27,MANDI027,Mustard,5675.22,5650.0,1,0
2026-07-27,MANDI029,Mustard,6174.315,5650.0,2,0
2026-07-27,MANDI030,Mustard,5629.33,5650.0,1,1
2026-07-27,MANDI031,Sugarcane,3924.75,3500.0,1,0
2026-07-27,MANDI032,Rice,2366.0,2183.0,1,0
2026-07-27,MANDI033,Maize,2270.613984197238,2090.0,1,0
2026-07-27,MANDI035,Sugarcane,3698.35,3500.0,1,0
2026-07-27,MANDI036,Cotton,7138.49,6620.0,1,0
2026-07-27,MANDI037,Maize,1968.0,2090.0,1,1
2026-07-27,MANDI038,Rice,2063.338361229852,2183.0,1,1
2026-07-27,MANDI039,Sugarcane,3150.0,3500.0,1,1
2026-07-27,MANDI040,Mustard,5098.75,5650.0,1,1
2026-07-27,MANDI041,Cotton,6380.0,6620.0,1,1
2026-07-27,MANDI041,Rice,2140.25,2183.0,1,1
2026-07-27,MANDI044,Narma,7315.92,6620.0,1,0
2026-07-27,MANDI045,Sugarcane,3362.0,3500.0,1,1
2026-07-27,MANDI052,Sugarcane,3394.131752285398,3500.0,1,1
2026-07-27,MANDI053,Wheat,2599.76,2275.0,1,0
2026-07-27,MANDI054,Mustard,6500.0,5650.0,1,0
2026-07-27,MANDI056,Rice,2395.0,2183.0,1,0
2026-07-27,MANDI056,Sugarcane,3545.44,3500.0,1,0
2026-07-27,MANDI057,Maize,2000.0,2090.0,1,1
2026-07-28,MANDI001,Sugarcane,3592.0,3500.0,1,0
2026-07-28,MANDI002,Mustard,5770.0,5650.0,1,0
2026-07-28,MANDI002,Sugarcane,3589.47,3500.0,1,0
2026-07-28,MANDI004,Cotton,6075.0,6620.0,1,1
2026-07-28,MANDI013,Maize,2080.52,2090.0,1,1
2026-07-28,MANDI014,Sugarcane,3421.0,3500.0,1,1
2026-07-28,MANDI015,Basmati,2083.42,2183.0,1,1
2026-07-28,MANDI020,Wheat,2222.9139228465974,2275.0,2,1
2026-07-28,MANDI021,Maize,2309.0,2090.0,1,0
2026-07-28,MANDI021,Rice,2080.0,2183.0,1,1
2026-07-28,MANDI022,Mustard,5607.66,5650.0,1,1
2026-07-28,MANDI026,Mustard,5526.0,5650.0,1,1
2026-07-28,MANDI026,Wheat,2221.07,2275.0,1,1
2026-07-28,MANDI028,Wheat,2426.0,2275.0,1,0
2026-07-28,MANDI030,Mustard,5971.06,5650.0,1,0
2026-07-28,MANDI032,Maize,2247.61,2090.0,1,0
2026-07-28,MANDI039,Sugarcane,3211.99,3500.0,1,1
2026-07-28,MANDI042,Cotton,6813.33,6620.0,1,0
2026-07-28,MANDI042,Maize,2072.14,2090.0,1,1
2026-07-28,MANDI045,Mustard,5684.0,5650.0,1,0
2026-07-28,MANDI045,Rice,2238.24,2183.0,1,0
2026-07-28,MANDI046,Wheat,2510.07,2275.0,1,0
2026-07-28,MANDI050,Cotton,7089.05,6620.0,1,0
2026-07-28,MANDI050,Rice,2479.0,2183.0,1,0
2026-07-28,MANDI052,Maize,2224.78,2090.0,1,0
2026-07-28,MANDI054,Rice,2399.93,2183.0,1,0
2026-07-29,MANDI002,Sugarcane,3920.02,3500.0,1,0
2026-07-29,MANDI003,Sugarcane,3634.59,3500.0,1,0
2026-07-29,MANDI003,Wheat,2447.18,2275.0,1,0
2026-07-29,MANDI005,Sugarcane,3561.0,3500.0,1,0
2026-07-29,MANDI007,Sugarcane,3335.0,3500.0,1,1
2026-07-29,MANDI008,Sugarcane,3355.0,3500.0,1,1
2026-07-29,MANDI009,Rice,2120.0,2183.0,1,1
2026-07-29,MANDI016,Sugarcane,4107.26,3500.0,1,0
2026-07-29,MANDI020,Maize,2365.44,2090.0,1,0
2026-07-29,MANDI021,Sugarcane,3440.7,3500.0,1,1
2026-07-29,MANDI022,Wheat,2239.6814679968243,2275.0,1,1
2026-07-29,MANDI025,Sugarcane,3370.39,3500.0,1,1
2026-07-29,MANDI025,Wheat,2186.45,2275.0,1,1
2026-07-29,MANDI030,Cotton,6421.33982752058,6620.0,1,1
2026-07-29,MANDI032,Wheat,2407.55,2275.0,1,0
2026-07-29,MANDI033,Mustard,6167.0,5650.0,1,0
2026-07-29,MANDI036,Maize,2240.96,2090.0,1,0
2026-07-29,MANDI037,Rice,2317.88,2183.0,1,0
2026-07-29,MANDI038,Mustard,5090.0,5650.0,1,1
2026-07-29,MANDI040,Wheat,2462.62,2275.0,1,0
2026-07-29,MANDI043,Wheat,2475.0,2275.0,1,0
2026-07-29,MANDI047,Mustard,5473.64,5650.0,1,1
2026-07-29,MANDI054,Maize,2375.0,2090.0,1,0
2026-07-29,MANDI055,Wheat,2654.96,2275.0,1,0
2026-07-29,MANDI056,Mustard,5737.3,5650.0,1,0
2026-07-29,MANDI057,Sugarcane,3296.8,3500.0,1,1
2026-07-30,MANDI001,Mustard,6175.78,5650.0,1,0
2026-07-30,MANDI004,Sugarcane,3384.0,3500.0,1,1
2026-07-30,MANDI004,Wheat,2231.85,2275.0,1,1
2026-07-30,MANDI005,Maize,2254.0,2090.0,1,0
2026-07-30,MANDI005,Wheat,2372.0,2275.0,1,0
2026-07-30,MANDI007,Cotton,6730.0,6620.0,1,0
2026-07-30,MANDI007,Rice,2123.51,2183.0,1,1
2026-07-30,MANDI009,Maize,2044.4922378789636,2090.0,1,1
2026-07-30,MANDI010,Sugarcane,3123.81,3500.0,1,1
2026-07-30,MANDI012,Sugarcane,3561.0,3500.0,1,0
2026-07-30,MANDI014,Wheat,2254.36,2275.0,1,1
2026-07-30,MANDI015,Sugarcane,3678.5,3500.0,1,0
2026-07-30,MANDI016,Mustard,5508.16,5650.0,1,1
2026-07-30,MANDI017,Cotton,6092.0,6620.0,1,1
2026-07-30,MANDI019,Cotton,7050.0,6620.0,1,0
2026-07-30,MANDI019,Wheat,2430.41,2275.0,1,0
2026-07-30,MANDI021,Cotton,6710.0,6620.0,1,0
2026-07-30,MANDI024,Maize,2117.75,2090.0,1,0
2026-07-30,MANDI025,Wheat,2123.66,2275.0,1,1
2026-07-30,MANDI027,Maize,1993.69,2090.0,1,1
2026-07-30,MANDI029,Rice,2116.64,2183.0,1,1
2026-07-30,MANDI033,Mustard,5606.0,5650.0,1,1
2026-07-30,MANDI034,Cotton,7558.1,6620.0,1,0
2026-07-30,MANDI034,Mustard,5888.17,5650.0,1,0
2026-07-30,MANDI035,Maize,2051.17,2090.0,1,1
2026-07-30,MANDI039,Rice,2248.26,2183.0,1,0
2026-07-30,MANDI040,Maize,2215.37,2090.0,1,0
2026-07-30,MANDI041,Cotton,6478.44,6620.0,1,1
2026-07-30,MANDI042,Mustard,5735.05,5650.0,1,0
2026-07-30,MANDI045,Wheat,2292.26,2275.0,1,0
2026-07-30,MANDI046,Mustard,5436.2,5650.0,1,1
2026-07-30,MANDI046,Rice,2197.7270287844167,2183.0,2,1
2026-07-30,MANDI047,Maize,2006.84,2090.0,1,1
2026-07-30,MANDI048,Wheat,2184.62,2275.0,1,1
2026-07-30,MANDI051,Maize,2351.525,2090.0,2,0
2026-07-30,MANDI052,Maize,2236.74,2090.0,1,0
2026-07-30,MANDI052,Rice,2015.69,2183.0,1,1
2026-07-30,MANDI054,Sugarcane,3308.94,3500.0,1,1
2026-07-30,MANDI056,Maize,1996.0,2090.0,1,1
2026-07-30,MANDI056,Mustard,6318.82,5650.0,1,0
2026-07-31,MANDI002,Sugarcane,3555.8,3500.0,1,0
2026-07-31,MANDI004,Cotton,6674.0,6620.0,1,0
2026-07-31,MANDI007,Cotton,6347.28,6620.0,1,1
2026-07-31,MANDI007,Narma,6375.0,6620.0,1,1
2026-07-31,MANDI011,Cotton,7251.0,6620.0,1,0
2026-07-31,MANDI018,Cotton,6547.23,6620.0,1,1
2026-07-31,MANDI018,Rice,2409.37,2183.0,1,0
2026-07-31,MANDI019,Maize,2136.0,2090.0,1,0
2026-07-31,MANDI021,Wheat,2440.56,2275.0,1,0
2026-07-31,MANDI022,Wheat,2245.69,2275.0,1,1
2026-07-31,MANDI023,Mustard,6168.36,5650.0,1,0
2026-07-31,MANDI025,Mustard,5818.981669039014,5650.0,1,0
2026-07-31,MANDI025,Rice,2334.0,2183.0,1,0
2026-07-31,MANDI026,Rice,2225.44,2183.0,1,0
2026-07-31,MANDI028,Maize,2238.68,2090.0,1,0
2026-07-31,MANDI031,Mustard,5607.7,5650.0,1,1
2026-07-31,MANDI031,Rice,2121.59,2183.0,1,1
2026-07-31,MANDI033,Wheat,2148.0,2275.0,1,1
2026-07-31,MANDI035,Basmati,2171.85,2183.0,1,1
2026-07-31,MANDI036,Rice,2191.7,2183.0,1,0
2026-07-31,MANDI037,Wheat,2273.0,2275.0,1,1
2026-07-31,MANDI040,Maize,2354.52,2090.0,1,0
2026-07-31,MANDI042,Maize,2013.34,2090.0,1,1
2026-07-31,MANDI043,Rice,2300.0,2183.0,1,0
2026-07-31,MANDI048,Wheat,2438.6359979637377,2275.0,1,0
2026-07-31,MANDI050,Mustard,5636.14,5650.0,1,1
2026-07-31,MANDI052,Rice,2309.0,2183.0,1,0
2026-07-31,MANDI055,Mustard,5209.09,5650.0,1,1
2026-07-31,MANDI056,Wheat,2260.43,2275.0,1,1
2026-07-31,MANDI057,Cotton,6706.0,6620.0,1,0
2026-07-31,MANDI057,Mustard,5551.71,5650.0,1,1
2026-08-01,MANDI002,Maize,1877.46,2090.0,1,1
2026-08-01,MANDI002,Mustard,5087.0,5650.0,1,1
2026-08-01,MANDI002,Wheat,2558.27,2275.0,1,0
2026-08-01,MANDI007,Maize,2348.0,2090.0,1,0
2026-08-01,MANDI007,Rice,2297.89,2183.0,1,0
2026-08-01,MANDI011,Wheat,2225.310376841018,2275.0,1,1
2026-08-01,MANDI012,Mustard,6213.0,5650.0,1,0
2026-08-01,MANDI012,Rice,2355.49,2183.0,1,0
2026-08-01,MANDI014,Sugarcane,3173.0,3500.0,1,1
2026-08-01,MANDI016,Cotton,6419.38,6620.0,1,1
2026-08-01,MANDI017,Wheat,2444.15,2275.0,1,0
2026-08-01,MANDI019,Wheat,2351.68277764317,2275.0,1,0
2026-08-01,MANDI021,Narma,6592.26,6620.0,1,1
2026-08-01,MANDI024,Cotton,6306.9,6620.0,1,1
2026-08-01,MANDI024,Mustard,5962.0,5650.0,1,0
2026-08-01,MANDI024,Sugarcane,3154.62,3500.0,1,1
2026-08-01,MANDI025,Rice,2318.0,2183.0,1,0
2026-08-01,MANDI027,Maize,2139.43,2090.0,1,0
2026-08-01,MANDI027,Rice,2110.0,2183.0,1,1
2026-08-01,MANDI027,Wheat,2427.8890433848105,2275.0,1,0
2026-08-01,MANDI031,Cotton,6655.44,6620.0,1,0
2026-08-01,MANDI032,Maize,1946.95,2090.0,1,1
2026-08-01,MANDI034,Maize,2181.64,2090.0,1,0
2026-08-01,MANDI036,Maize,2191.1,2090.0,1,0
2026-08-01,MANDI036,Mustard,5583.56,5650.0,1,1
2026-08-01,MANDI037,Mustard,5986.0,5650.0,1,0
2026-08-01,MANDI038,Cotton,7249.49,6620.0,1,0
2026-08-01,MANDI042,Maize,2032.88,2090.0,1,1
2026-08-01,MANDI045,Maize,2355.9,2090.0,1,0
2026-08-01,MANDI046,Rice,2333.0,2183.0,1,0
2026-08-01,MANDI048,Sugarcane,3595.35,3500.0,1,0
2026-08-01,MANDI052,Rice,2155.88,2183.0,1,1
2026-08-01,MANDI054,Wheat,2217.0,2275.0,1,1
2026-08-01,MANDI055,Mustard,5463.0,5650.0,1,1
2026-08-01,MANDI057,Cotton,6404.0,6620.0,1,1
2026-08-02,MANDI003,Maize,2233.0,2090.0,1,0
2026-08-02,MANDI003,Mustard,6234.47,5650.0,1,0
2026-08-02,MANDI004,Maize,2017.9,2090.0,1,1
2026-08-02,MANDI004,Rice,2235.2749999999996,2183.0,2,1
2026-08-02,MANDI005,Sugarcane,3767.0,3500.0,1,0
2026-08-02,MANDI006,Maize,2335.49,2090.0,1,0
2026-08-02,MANDI010,Rice,2412.326077300544,2183.0,1,0
2026-08-02,MANDI011,Rice,2032.0,2183.0,1,1
2026-08-02,MANDI011,Wheat,2132.47,2275.0,1,1
2026-08-02,MANDI012,Maize,2049.92,2090.0,1,1
2026-08-02,MANDI017,Maize,2398.0,2090.0,1,0
2026-08-02,MANDI025,Rice,2218.89,2183.0,1,0
2026-08-02,MANDI025,Wheat,2263.639577245804,2275.0,1,1
2026-08-02,MANDI027,Wheat,2217.88,2275.0,1,1
2026-08-02,MANDI028,Mustard,5954.0,5650.0,1,0
2026-08-02,MANDI028,Wheat,2601.96,2275.0,1,0
2026-08-02,MANDI030,Cotton,7557.83,6620.0,1,0
2026-08-02,MANDI031,Sugarcane,3504.5,3500.0,2,1
2026-08-02,MANDI038,Maize,2254.09,2090.0,1,0
2026-08-02,MANDI038,Mustard,5624.0,5650.0,1,1
2026-08-02,MANDI041,Mustard,5381.0,5650.0,1,1
2026-08-02,MANDI041,Narma,6785.0,6620.0,1,0
2026-08-02,MANDI043,Sugarcane,3187.49,3500.0,1,1
2026-08-02,MANDI044,Basmati,2145.86,2183.0,1,1
2026-08-02,MANDI046,Maize,1884.0,2090.0,1,1
2026-08-02,MANDI047,Maize,2120.49,2090.0,1,0
2026-08-02,MANDI047,Mustard,5847.89,5650.0,1,0
2026-08-02,MANDI050,Basmati,2436.295,2183.0,2,0
2026-08-02,MANDI053,Mustard,5537.0,5650.0,1,1
2026-08-02,MANDI055,Mustard,5440.34,5650.0,1,1
2026-08-02,MANDI055,Narma,6942.14,6620.0,1,0
2026-08-02,MANDI055,Wheat,2543.8,2275.0,1,0
2026-08-02,MANDI056,Maize,2086.62,2090.0,1,1
2026-08-03,MANDI009,Rice,2155.6,2183.0,1,1
2026-08-03,MANDI009,Wheat,2283.22,2275.0,1,0
2026-08-03,MANDI014,Maize,2211.0,2090.0,1,0
2026-08-03,MANDI017,Sugarcane,4041.0,3500.0,1,0
2026-08-03,MANDI019,Sugarcane,3681.0,3500.0,1,0
2026-08-03,MANDI021,Wheat,2260.86,2275.0,1,1
2026-08-03,MANDI022,Maize,2013.62,2090.0,1,1
2026-08-03,MANDI023,Sugarcane,3591.0,3500.0,1,0
2026-08-03,MANDI029,Narma,6179.47,6620.0,1,1
2026-08-03,MANDI031,Wheat,2405.475298160841,2275.0,1,0
2026-08-03,MANDI037,Sugarcane,3681.0,3500.0,1,0
2026-08-03,MANDI039,Wheat,2416.0,2275.0,1,0
2026-08-03,MANDI040,Mustard,6070.0,5650.0,1,0
2026-08-03,MANDI040,Wheat,2390.0,2275.0,1,0
2026-08-03,MANDI041,Maize,2372.0,2090.0,1,0
2026-08-03,MANDI042,Sugarcane,3953.8786822111456,3500.0,1,0
2026-08-03,MANDI043,Sugarcane,3436.0,3500.0,1,1
2026-08-03,MANDI044,Rice,2452.97,2183.0,1,0
2026-08-03,MANDI046,Rice,2136.24,2183.0,2,2
2026-08-03,MANDI050,Maize,2139.0,2090.0,1,0
2026-08-03,MANDI050,Sugarcane,3274.7,3500.0,1,1
2026-08-03,MANDI053,Maize,2171.6868673609288,2090.0,1,0
2026-08-03,MANDI053,Wheat,2306.0,2275.0,1,0
2026-08-03,MANDI055,Rice,2310.0,2183.0,1,0
2026-08-03,MANDI056,Rice,2259.42,2183.0,1,0
2026-08-04,MANDI001,Mustard,5431.35,5650.0,1,1
2026-08-04,MANDI003,Maize,1978.68,2090.0,1,1
2026-08-04,MANDI005,Maize,2036.19,2090.0,1,1
2026-08-04,MANDI005,Sugarcane,3430.19,3500.0,1,1
2026-08-04,MANDI008,Mustard,5532.2,5650.0,1,1
2026-08-04,MANDI008,Wheat,2275.12,2275.0,1,0
2026-08-04,MANDI010,Cotton,6246.28,6620.0,1,1
2026-08-04,MANDI012,Cotton,6593.0,6620.0,1,1
2026-08-04,MANDI015,Narma,6172.32,6620.0,1,1
2026-08-04,MANDI015,Rice,2315.89,2183.0,1,0
2026-08-04,MANDI016,Cotton,7406.0,6620.0,1,0
2026-08-04,MANDI017,Maize,2242.64,2090.0,1,0
2026-08-04,MANDI017,Sugarcane,3781.66,3500.0,1,0
2026-08-04,MANDI020,Sugarcane,3593.0,3500.0,1,0
2026-08-04,MANDI022,Wheat,2240.79,2275.0,1,1
2026-08-04,MANDI025,Mustard,5879.65,5650.0,1,0
2026-08-04,MANDI027,Maize,2142.573384698894,2090.0,1,0
2026-08-04,MANDI028,Basmati,2145.74,2183.0,1,1
2026-08-04,MANDI028,Cotton,7472.56,6620.0,1,0
2026-08-04,MANDI028,Mustard,5908.0,5650.0,1,0
2026-08-04,MANDI028,Sugarcane,3993.85,3500.0,1,0
2026-08-04,MANDI028,Wheat,2309.54,2275.0,1,0
2026-08-04,MANDI032,Wheat,2283.0,2275.0,1,0
2026-08-04,MANDI035,Cotton,6863.68,6620.0,1,0
2026-08-04,MANDI036,Cotton,6679.12,6620.0,1,0
2026-08-04,MANDI038,Sugarcane,3881.0,3500.0,1,0
2026-08-04,MANDI042,Mustard,5769.0,5650.0,1,0
2026-08-04,MANDI043,Wheat,2335.0,2275.0,1,0
2026-08-04,MANDI046,Wheat,2190.72,2275.0,1,1
2026-08-04,MANDI051,Narma,6926.65,6620.0,1,0
2026-08-04,MANDI053,Sugarcane,3896.0,3500.0,1,0
2026-08-04,MANDI054,Sugarcane,3744.0,3500.0,1,0
2026-08-05,MANDI001,Cotton,7155.42,6620.0,1,0
2026-08-05,MANDI002,Cotton,6968.24,6620.0,1,0
2026-08-05,MANDI003,Cotton,7327.75,6620.0,1,0
2026-08-05,MANDI003,Mustard,6176.19,5650.0,1,0
2026-08-05,MANDI004,Narma,7490.9,6620.0,1,0
2026-08-05,MANDI004,Sugarcane,3721.0,3500.0,1,0
2026-08-05,MANDI008,Rice,2531.1,2183.0,1,0
2026-08-05,MANDI008,Sugarcane,3742.75,3500.0,1,0
2026-08-05,MANDI009,Maize,2181.0,2090.0,1,0
2026-08-05,MANDI013,Maize,1919.0,2090.0,1,1
2026-08-05,MANDI014,Wheat,2142.15,2275.0,1,1
2026-08-05,MANDI018,Sugarcane,3798.06529553856,3500.0,1,0
2026-08-05,MANDI019,Sugarcane,3386.71,3500.0,1,1
2026-08-05,MANDI020,Cotton,6630.89,6620.0,1,0
2026-08-05,MANDI021,Basmati,2219.0,2183.0,1,0
2026-08-05,MANDI023,Mustard,6540.03,5650.0,1,0
2026-08-05,MANDI024,Basmati,2300.0,2183.0,1,0
2026-08-05,MANDI025,Wheat,2272.0,2275.0,1,1
2026-08-05,MANDI029,Wheat,2499.0,2275.0,1,0
2026-08-05,MANDI032,Wheat,2088.61,2275.0,1,1
2026-08-05,MANDI033,Maize,2273.06,2090.0,1,0
2026-08-05,MANDI035,Sugarcane,3724.063116545915,3500.0,1,0
2026-08-05,MANDI035,Wheat,2237.25,2275.0,1,1
2026-08-05,MANDI042,Rice,2140.5,2183.0,1,1
2026-08-05,MANDI043,Cotton,6141.0,6620.0,1,1
2026-08-05,MANDI045,Maize,2137.87,2090.0,1,0
2026-08-05,MANDI045,Sugarcane,3318.98,3500.0,1,1
2026-08-05,MANDI048,Cotton,7640.15,6620.0,1,0
2026-08-05,MANDI049,Maize,2325.36,2090.0,1,0
2026-08-05,MANDI049,Sugarcane,3452.03,3500.0,1,1
2026-08-05,MANDI054,Wheat,2287.97,2275.0,1,0
2026-08-05,MANDI056,Cotton,7245.18,6620.0,1,0
2026-08-05,MANDI057,Rice,2145.0,2183.0,1,1
2026-08-06,MANDI003,Mustard,5699.844999999999,5650.0,2,1
2026-08-06,MANDI007,Mustard,5379.57,5650.0,1,1
2026-08-06,MANDI009,Mustard,5666.02,5650.0,1,0
2026-08-06,MANDI010,Cotton,6790.0,6620.0,1,0
2026-08-06,MANDI012,Maize,2336.0,2090.0,1,0
2026-08-06,MANDI016,Maize,1996.157869262532,2090.0,1,1
2026-08-06,MANDI017,Mustard,6072.0,5650.0,1,0
2026-08-06,MANDI019,Cotton,7192.0,6620.0,1,0
2026-08-06,MANDI020,Rice,2210.0,2183.0,1,0
2026-08-06,MANDI024,Mustard,5810.02,5650.0,1,0
2026-08-06,MANDI025,Rice,2305.019968012686,2183.0,1,0
2026-08-06,MANDI026,Cotton,6974.83,6620.0,1,0
2026-08-06,MANDI027,Basmati,2089.0,2183.0,1,1
2026-08-06,MANDI028,Rice,2029.0,2183.0,1,1
2026-08-06,MANDI032,Mustard,6012.0,5650.0,1,0
2026-08-06,MANDI033,Maize,1960.71,2090.0,1,1
2026-08-06,MANDI034,Maize,2303.0,2090.0,1,0
2026-08-06,MANDI035,Mustard,6333.0,5650.0,1,0
2026-08-06,MANDI036,Maize,2130.71,2090.0,1,0
2026-08-06,MANDI036,Rice,2150.81,2183.0,1,1
2026-08-06,MANDI040,Sugarcane,3405.31,3500.0,1,1
2026-08-06,MANDI042,Cotton,7135.88,6620.0,1,0
2026-08-06,MANDI042,Maize,1933.46,2090.0,1,1
2026-08-06,MANDI046,Wheat,2036.55,2275.0,1,1
2026-08-06,MANDI048,Rice,2140.44,2183.0,2,1
2026-08-06,MANDI049,Cotton,7401.0,6620.0,1,0
2026-08-06,MANDI049,Sugarcane,3950.97,3500.0,1,0
2026-08-06,MANDI050,Basmati,2092.0,2183.0,1,1
2026-08-06,MANDI050,Maize,2399.52,2090.0,1,0
2026-08-06,MANDI051,Narma,6619.73,6620.0,1,1
2026-08-06,MANDI052,Sugarcane,3465.51,3500.0,1,1
2026-08-06,MANDI052,Wheat,2301.58,2275.0,1,0
2026-08-06,MANDI057,Basmati,2102.0,2183.0,1,1
2026-08-07,MANDI001,Rice,2187.7666666666664,2183.0,3,1
2026-08-07,MANDI002,Cotton,6370.92,6620.0,1,1
2026-08-07,MANDI005,Cotton,6358.43,6620.0,1,1
2026-08-07,MANDI006,Rice,1995.66,2183.0,1,1
2026-08-07,MANDI006,Sugarcane,3257.0,3500.0,1,1
2026-08-07,MANDI007,Rice,2073.21,2183.0,1,1
2026-08-07,MANDI008,Cotton,5859.0,6620.0,1,1
2026-08-07,MANDI008,Sugarcane,3359.36,3500.0,1,1
2026-08-07,MANDI010,Wheat,2145.0,2275.0,1,1
2026-08-07,MANDI012,Maize,2055.1535742010938,2090.0,1,1
2026-08-07,MANDI015,Maize,2154.42,2090.0,1,0
2026-08-07,MANDI016,Maize,1969.0,2090.0,1,1
2026-08-07,MANDI018,Mustard,5320.06,5650.0,1,1
2026-08-07,MANDI024,Sugarcane,3808.91,3500.0,1,0
2026-08-07,MANDI026,Rice,2033.0,2183.0,1,1
2026-08-07,MANDI028,Sugarcane,3350.8549999999996,3500.0,2,2
2026-08-07,MANDI029,Mustard,5732.84,5650.0,1,0
2026-08-07,MANDI030,Mustard,6333.14,5650.0,1,0
2026-08-07,MANDI033,Maize,1943.0,2090.0,1,1
2026-08-07,MANDI035,Basmati,2199.0,2183.0,1,0
2026-08-07,MANDI037,Mustard,6330.42,5650.0,1,0
2026-08-07,MANDI040,Rice,2349.1,2183.0,1,0
2026-08-07,MANDI041,Sugarcane,3419.07,3500.0,1,1
2026-08-07,MANDI043,Rice,2061.31,2183.0,1,1
2026-08-07,MANDI045,Cotton,7080.53,6620.0,1,0
2026-08-07,MANDI045,Wheat,2203.33,2275.0,1,1
2026-08-07,MANDI048,Wheat,2631.0,2275.0,1,0
2026-08-07,MANDI051,Mustard,6039.52,5650.0,1,0
2026-08-07,MANDI053,Maize,2082.24,2090.0,1,1
2026-08-07,MANDI055,Rice,2513.1,2183.0,1,0
2026-08-07,MANDI056,Mustard,5682.27,5650.0,1,0
2026-08-08,MANDI003,Wheat,2164.0,2275.0,1,1
2026-08-08,MANDI004,Mustard,6280.89,5650.0,1,0
2026-08-08,MANDI005,Mustard,6341.9,5650.0,1,0
2026-08-08,MANDI007,Wheat,2072.0,2275.0,1,1
2026-08-08,MANDI008,Rice,2293.911418829396,2183.0,1,0
2026-08-08,MANDI009,Wheat,2153.776067213754,2275.0,1,1
2026-08-08,MANDI010,Maize,2081.77,2090.0,1,1
2026-08-08,MANDI010,Mustard,5107.8,5650.0,1,1
2026-08-08,MANDI012,Maize,2133.0,2090.0,1,0
2026-08-08,MANDI012,Mustard,5084.606482259234,5650.0,1,1
2026-08-08,MANDI013,Sugarcane,3609.3149999999996,3500.0,2,1
2026-08-08,MANDI015,Cotton,6556.43,6620.0,1,1
2026-08-08,MANDI017,Sugarcane,3458.0,3500.0,1,1
2026-08-08,MANDI020,Maize,2274.94,2090.0,1,0
2026-08-08,MANDI020,Mustard,6400.22,5650.0,1,0
2026-08-08,MANDI020,Rice,2380.0,2183.0,1,0
2026-08-08,MANDI025,Sugarcane,3170.73,3500.0,1,1
2026-08-08,MANDI026,Rice,2254.48,2183.0,1,0
2026-08-08,MANDI027,Mustard,6049.51,5650.0,1,0
2026-08-08,MANDI027,Rice,2344.14,2183.0,1,0
2026-08-08,MANDI028,Cotton,6161.0,6620.0,1,1
2026-08-08,MANDI029,Cotton,6661.0,6620.0,1,0
2026-08-08,MANDI030,Rice,2191.43,2183.0,1,0
2026-08-08,MANDI031,Wheat,2546.79,2275.0,1,0
2026-08-08,MANDI034,Sugarcane,3296.0,3500.0,1,1
2026-08-08,MANDI036,Cotton,6363.05,6620.0,1,1
2026-08-08,MANDI041,Mustard,5753.62,5650.0,1,0
2026-08-08,MANDI042,Sugarcane,3960.05,3500.0,1,0
2026-08-08,MANDI045,Basmati,2159.96,2183.0,2,1
2026-08-08,MANDI045,Sugarcane,3551.570162443291,3500.0,1,0
2026-08-08,MANDI051,Mustard,5380.0,5650.0,1,1
2026-08-08,MANDI052,Sugarcane,3208.33,3500.0,1,1
2026-08-08,MANDI053,Cotton,7077.666657201823,6620.0,1,0
2026-08-08,MANDI054,Cotton,7148.44,6620.0,1,0
2026-08-08,MANDI056,Sugarcane,3719.0,3500.0,1,0
2026-08-08,MANDI056,Wheat,2346.16,2275.0,1,0
2026-08-08,MANDI057,Mustard,5286.0,5650.0,1,1
2026-08-09,MANDI003,Wheat,2248.0,2275.0,1,1
2026-08-09,MANDI006,Wheat,2280.63,2275.0,1,0
2026-08-09,MANDI012,Rice,2022.0,2183.0,1,1
2026-08-09,MANDI014,Cotton,6408.8,6620.0,1,1
2026-08-09,MANDI014,Rice,2279.14,2183.0,1,0
2026-08-09,MANDI015,Rice,2533.99,2183.0,1,0
2026-08-09,MANDI016,Maize,2060.5679879219806,2090.0,1,1
2026-08-09,MANDI019,Rice,2292.58,2183.0,1,0
2026-08-09,MANDI021,Rice,2415.61,2183.0,1,0
2026-08-09,MANDI024,Maize,2292.69,2090.0,1,0
2026-08-09,MANDI026,Wheat,2122.0,2275.0,1,1
2026-08-09,MANDI029,Sugarcane,3792.16,3500.0,1,0
2026-08-09,MANDI031,Rice,2188.0,2183.0,1,0
2026-08-09,MANDI033,Sugarcane,3592.93,3500.0,1,0
2026-08-09,MANDI037,Sugarcane,3720.0,3500.0,1,0
2026-08-09,MANDI039,Narma,6697.0,6620.0,1,0
2026-08-09,MANDI040,Wheat,2570.08,2275.0,1,0
2026-08-09,MANDI042,Mustard,5542.52,5650.0,1,1
2026-08-09,MANDI044,Rice,2113.451888094861,2183.0,1,1
2026-08-09,MANDI048,Mustard,6443.83,5650.0,1,0
2026-08-09,MANDI048,Wheat,2540.0,2275.0,1,0
2026-08-09,MANDI052,Cotton,5854.2,6620.0,1,1
2026-08-09,MANDI052,Rice,2444.1880739889148,2183.0,1,0
2026-08-09,MANDI056,Sugarcane,3916.15,3500.0,1,0
2026-08-09,MANDI057,Sugarcane,3243.35,3500.0,1,1
2026-08-10,MANDI009,Mustard,6623.0,5650.0,1,0
2026-08-10,MANDI011,Maize,2012.0,2090.0,1,1
2026-08-10,MANDI012,Rice,2152.0,2183.0,1,1
2026-08-10,MANDI019,Cotton,6456.0,6620.0,1,1
2026-08-10,MANDI022,Wheat,2202.77,2275.0,1,1
2026-08-10,MANDI023,Wheat,2431.1104930830043,2275.0,1,0
2026-08-10,MANDI024,Maize,2073.0,2090.0,1,1
2026-08-10,MANDI024,Wheat,2518.21,2275.0,1,0
2026-08-10,MANDI028,Mustard,5992.44,5650.0,1,0
2026-08-10,MANDI036,Wheat,2091.06,2275.0,1,1
2026-08-10,MANDI043,Wheat,2271.85,2275.0,1,1
2026-08-10,MANDI046,Mustard,5615.0,5650.0,1,1
2026-08-10,MANDI047,Wheat,2185.08,2275.0,1,1
2026-08-10,MANDI053,Maize,2172.0,2090.0,1,0
2026-08-10,MANDI056,Cotton,6583.9,6620.0,1,1
2026-08-11,MANDI008,Rice,2140.3,2183.0,1,1
2026-08-11,MANDI010,Sugarcane,4006.0,3500.0,1,0
2026-08-11,MANDI022,Rice,2445.0,2183.0,1,0
2026-08-11,MANDI023,Cotton,7311.97,6620.0,1,0
2026-08-11,MANDI028,Mustard,5629.0,5650.0,1,1
2026-08-11,MANDI028,Sugarcane,3580.17,3500.0,1,0
2026-08-11,MANDI029,Sugarcane,3524.09,3500.0,1,0
2026-08-11,MANDI032,Sugarcane,3482.0,3500.0,1,1
2026-08-11,MANDI038,Maize,1963.57,2090.0,1,1
2026-08-11,MANDI041,Cotton,6318.0,6620.0,1,1
2026-08-11,MANDI047,Sugarcane,3754.7,3500.0,1,0
2026-08-12,MANDI004,Rice,2155.95,2183.0,1,1
2026-08-12,MANDI006,Cotton,7122.56,6620.0,1,0
2026-08-12,MANDI006,Maize,2049.68,2090.0,1,1
2026-08-12,MANDI010,Rice,2170.99,2183.0,1,1
2026-08-12,MANDI012,Mustard,5675.720350464778,5650.0,1,0
2026-08-12,MANDI015,Wheat,2371.85,2275.0,1,0
2026-08-12,MANDI019,Cotton,6900.13,6620.0,1,0
2026-08-12,MANDI021,Sugarcane,3989.442497823127,3500.0,1,0
2026-08-12,MANDI029,Mustard,5379.51,5650.0,1,1
2026-08-12,MANDI030,Mustard,6001.148856761635,5650.0,1,0
2026-08-12,MANDI031,Wheat,2631.34,2275.0,1,0
2026-08-12,MANDI036,Sugarcane,3675.0,3500.0,1,0
2026-08-12,MANDI037,Rice,2406.96,2183.0,1,0
2026-08-12,MANDI041,Sugarcane,3408.0,3500.0,1,1
2026-08-12,MANDI042,Sugarcane,3496.0,3500.0,1,1
2026-08-12,MANDI044,Wheat,2121.51,2275.0,1,1
2026-08-12,MANDI046,Mustard,5483.73,5650.0,1,1
2026-08-12,MANDI047,Cotton,7121.0,6620.0,1,0
2026-08-12,MANDI050,Wheat,2367.64,2275.0,1,0
2026-08-12,MANDI054,Wheat,2511.0,2275.0,1,0
2026-08-12,MANDI057,Maize,2340.36,2090.0,1,0
2026-08-13,MANDI001,Maize,2219.0,2090.0,1,0
2026-08-13,MANDI003,Narma,6515.0,6620.0,1,1
2026-08-13,MANDI006,Rice,2105.0,2183.0,1,1
2026-08-13,MANDI007,Mustard,5270.0,5650.0,1,1
2026-08-13,MANDI011,Cotton,7089.72,6620.0,1,0
2026-08-13,MANDI013,Maize,1956.0,2090.0,1,1
2026-08-13,MANDI014,Maize,2255.67,2090.0,1,0
2026-08-13,MANDI016,Rice,2348.6,2183.0,1,0
2026-08-13,MANDI016,Sugarcane,3529.0,3500.0,1,0
2026-08-13,MANDI022,Cotton,6717.0,6620.0,1,0
2026-08-13,MANDI023,Sugarcane,3765.31,3500.0,1,0
2026-08-13,MANDI024,Maize,2146.5,2090.0,1,0
2026-08-13,MANDI024,Rice,2166.22,2183.0,1,1
2026-08-13,MANDI025,Rice,2515.56,2183.0,1,0
2026-08-13,MANDI029,Wheat,2182.0,2275.0,1,1
2026-08-13,MANDI030,Maize,2234.31,2090.0,1,0
2026-08-13,MANDI031,Rice,2308.39,2183.0,1,0
2026-08-13,MANDI032,Cotton,7130.94,6620.0,1,0
2026-08-13,MANDI034,Rice,2228.83,2183.0,1,0
2026-08-13,MANDI035,Cotton,6741.77,6620.0,1,0
2026-08-13,MANDI035,Wheat,2357.15,2275.0,2,1
2026-08-13,MANDI037,Sugarcane,3386.98,3500.0,1,1
2026-08-13,MANDI043,Wheat,2303.0,2275.0,1,0
2026-08-13,MANDI049,Maize,2165.0,2090.0,1,0
2026-08-13,MANDI050,Wheat,2305.0,2275.0,1,0
2026-08-13,MANDI052,Maize,2175.0,2090.0,1,0
2026-08-13,MANDI052,Rice,2245.19,2183.0,1,0
2026-08-13,MANDI053,Mustard,5354.59,5650.0,1,1
2026-08-14,MANDI001,Basmati,2339.99,2183.0,1,0
2026-08-14,MANDI004,Cotton,6407.0,6620.0,1,1
2026-08-14,MANDI005,Maize,1933.08,2090.0,1,1
2026-08-14,MANDI007,Cotton,6988.32,6620.0,1,0
2026-08-14,MANDI008,Cotton,6647.29,6620.0,1,0
2026-08-14,MANDI008,Sugarcane,3344.26,3500.0,1,1
2026-08-14,MANDI013,Rice,2201.38,2183.0,1,0
2026-08-14,MANDI013,Sugarcane,3816.02,3500.0,1,0
2026-08-14,MANDI014,Maize,2025.8133373743576,2090.0,1,1
2026-08-14,MANDI015,Mustard,5060.121302850372,5650.0,1,1
2026-08-14,MANDI015,Rice,2402.34,2183.0,1,0
2026-08-14,MANDI017,Cotton,6575.0,6620.0,1,1
2026-08-14,MANDI017,Mustard,5315.027578900945,5650.0,1,1
2026-08-14,MANDI019,Maize,2238.421342876377,2090.0,1,0
2026-08-14,MANDI019,Wheat,2188.9741968934786,2275.0,2,2
2026-08-14,MANDI021,Sugarcane,3589.0,3500.0,1,0
2026-08-14,MANDI022,Wheat,2319.009279586182,2275.0,1,0
2026-08-14,MANDI030,Narma,6279.0,6620.0,1,1
2026-08-14,MANDI031,Mustard,6474.67,5650.0,1,0
2026-08-14,MANDI031,Rice,2359.76,2183.0,1,0
2026-08-14,MANDI032,Sugarcane,3986.0,3500.0,1,0
2026-08-14,MANDI033,Mustard,5758.33,5650.0,1,0
2026-08-14,MANDI034,Rice,2410.09,2183.0,1,0
2026-08-14,MANDI042,Maize,2394.58,2090.0,1,0
2026-08-14,MANDI043,Wheat,2222.17,2275.0,1,1
2026-08-14,MANDI044,Mustard,6130.0,5650.0,1,0
2026-08-14,MANDI045,Rice,2289.09,2183.0,1,0
2026-08-14,MANDI045,Sugarcane,3396.0,3500.0,1,1
2026-08-14,MANDI046,Cotton,6755.43,6620.0,1,0
2026-08-14,MANDI046,Maize,1984.98,2090.0,1,1
2026-08-14,MANDI051,Sugarcane,3440.76,3500.0,1,1
2026-08-14,MANDI053,Mustard,5677.105361303539,5650.0,2,1
2026-08-14,MANDI054,Cotton,6489.94,6620.0,1,1
2026-08-14,MANDI055,Maize,2020.87,2090.0,1,1
2026-08-14,MANDI055,Wheat,2538.19,2275.0,1,0
2026-08-14,MANDI057,Maize,2312.5,2090.0,1,0
2026-08-15,MANDI001,Sugarcane,3544.46,3500.0,1,0
2026-08-15,MANDI001,Wheat,2143.0,2275.0,1,1
2026-08-15,MANDI002,Rice,2192.0,2183.0,1,0
2026-08-15,MANDI002,Wheat,2322.81,2275.0,1,0
2026-08-15,MANDI005,Sugarcane,3291.51,3500.0,1,1
2026-08-15,MANDI007,Cotton,7093.53,6620.0,1,0
2026-08-15,MANDI007,Sugarcane,3798.0,3500.0,1,0
2026-08-15,MANDI008,Cotton,7032.96,6620.0,1,0
2026-08-15,MANDI017,Sugarcane,3196.0,3500.0,1,1
2026-08-15,MANDI020,Maize,2098.69,2090.0,1,0
2026-08-15,MANDI020,Mustard,6001.125,5650.0,2,1
2026-08-15,MANDI023,Mustard,5688.466666666667,5650.0,3,2
2026-08-15,MANDI025,Rice,2066.147888080738,2183.0,1,1
2026-08-15,MANDI030,Maize,2053.0,2090.0,1,1
2026-08-15,MANDI031,Sugarcane,3514.33,3500.0,1,0
2026-08-15,MANDI032,Mustard,5780.0,5650.0,1,0
2026-08-15,MANDI033,Rice,2000.0,2183.0,1,1
2026-08-15,MANDI033,Wheat,2219.44,2275.0,1,1
2026-08-15,MANDI036,Wheat,2494.06,2275.0,1,0
2026-08-15,MANDI041,Sugarcane,3385.06,3500.0,1,1
2026-08-15,MANDI044,Cotton,7233.98,6620.0,1,0
2026-08-15,MANDI044,Mustard,5402.06,5650.0,1,1
2026-08-15,MANDI045,Rice,2322.26,2183.0,1,0
2026-08-15,MANDI045,Wheat,2265.7200000000003,2275.0,2,1
2026-08-15,MANDI051,Mustard,5883.33,5650.0,1,0
2026-08-15,MANDI052,Sugarcane,3535.49,3500.0,1,0
2026-08-15,MANDI055,Sugarcane,3499.44,3500.0,1,1
2026-08-15,MANDI057,Mustard,6451.75,5650.0,1,0
2026-08-16,MANDI002,Maize,2106.19,2090.0,1,0
2026-08-16,MANDI003,Sugarcane,3622.0,3500.0,1,0
2026-08-16,MANDI016,Cotton,7379.0,6620.0,1,0
2026-08-16,MANDI017,Mustard,5912.0,5650.0,1,0
2026-08-16,MANDI018,Sugarcane,3753.0,3500.0,1,0
2026-08-16,MANDI020,Mustard,5321.03,5650.0,1,1
2026-08-16,MANDI020,Rice,2169.66,2183.0,1,1
2026-08-16,MANDI023,Rice,2365.772310043741,2183.0,1,0
2026-08-16,MANDI026,Rice,1935.25,2183.0,1,1
2026-08-16,MANDI027,Maize,2119.25,2090.0,1,0
2026-08-16,MANDI027,Sugarcane,3263.74,3500.0,1,1
2026-08-16,MANDI028,Rice,2268.0,2183.0,1,0
2026-08-16,MANDI031,Narma,7321.0,6620.0,1,0
2026-08-16,MANDI031,Wheat,2279.0,2275.0,1,0
2026-08-16,MANDI034,Wheat,2507.0,2275.0,1,0
2026-08-16,MANDI036,Cotton,6487.0,6620.0,1,1
2026-08-16,MANDI036,Wheat,2657.0,2275.0,1,0
2026-08-16,MANDI037,Wheat,2465.5550000000003,2275.0,2,0
2026-08-16,MANDI040,Wheat,2450.2457361436145,2275.0,1,0
2026-08-16,MANDI042,Maize,2117.0,2090.0,1,0
2026-08-16,MANDI042,Wheat,2170.0,2275.0,1,1
2026-08-16,MANDI044,Sugarcane,3311.0,3500.0,1,1
2026-08-16,MANDI048,Mustard,5819.52,5650.0,1,0
2026-08-16,MANDI053,Wheat,2124.31,2275.0,1,1
2026-08-16,MANDI055,Maize,2215.64,2090.0,1,0
2026-08-17,MANDI003,Rice,2333.76,2183.0,1,0
2026-08-17,MANDI004,Sugarcane,3426.86,3500.0,1,1
2026-08-17,MANDI005,Maize,2257.73,2090.0,1,0
2026-08-17,MANDI008,Mustard,5834.0,5650.0,1,0
2026-08-17,MANDI009,Wheat,2464.97,2275.0,1,0
2026-08-17,MANDI010,Wheat,2369.13,2275.0,1,0
2026-08-17,MANDI014,Maize,2008.31,2090.0,1,1
2026-08-17,MANDI015,Maize,2014.3,2090.0,2,1
2026-08-17,MANDI015,Rice,2369.75,2183.0,1,0
2026-08-17,MANDI020,Sugarcane,3616.67,3500.0,1,0
2026-08-17,MANDI020,Wheat,2284.12,2275.0,1,0
2026-08-17,MANDI022,Wheat,2067.36,2275.0,1,1
2026-08-17,MANDI027,Mustard,5578.09,5650.0,1,1
2026-08-17,MANDI027,Sugarcane,3241.0,3500.0,1,1
2026-08-17,MANDI030,Maize,2066.7,2090.0,1,1
2026-08-17,MANDI034,Sugarcane,3716.37,3500.0,1,0
2026-08-17,MANDI036,Cotton,6911.76,6620.0,1,0
2026-08-17,MANDI038,Rice,2341.65,2183.0,1,0
2026-08-17,MANDI040,Mustard,5636.6786661926335,5650.0,2,1
2026-08-17,MANDI040,Sugarcane,3454.08,3500.0,1,1
2026-08-17,MANDI041,Sugarcane,3882.1227627196376,3500.0,1,0
2026-08-17,MANDI045,Sugarcane,3415.519491822713,3500.0,1,1
2026-08-17,MANDI047,Maize,2164.49,2090.0,1,0
2026-08-17,MANDI047,Narma,6427.762905020935,6620.0,1,1
2026-08-17,MANDI048,Mustard,5851.97,5650.0,1,0
2026-08-17,MANDI050,Narma,6964.0,6620.0,1,0
2026-08-17,MANDI051,Rice,2319.94,2183.0,1,0
2026-08-17,MANDI053,Cotton,7351.24,6620.0,1,0
2026-08-17,MANDI053,Maize,2238.77,2090.0,1,0
2026-08-17,MANDI054,Mustard,5467.873569792293,5650.0,1,1
2026-08-17,MANDI054,Rice,2235.0,2183.0,1,0
2026-08-17,MANDI056,Mustard,5017.31,5650.0,1,1
2026-08-18,MANDI005,Mustard,5314.81,5650.0,1,1
2026-08-18,MANDI007,Basmati,2216.0,2183.0,1,0
2026-08-18,MANDI008,Mustard,5069.16,5650.0,1,1
2026-08-18,MANDI009,Sugarcane,3787.22,3500.0,1,0
2026-08-18,MANDI011,Cotton,6964.255692608065,6620.0,1,0
2026-08-18,MANDI012,Sugarcane,3596.781602112648,3500.0,1,0
2026-08-18,MANDI013,Cotton,6432.725,6620.0,2,1
2026-08-18,MANDI013,Wheat,2567.0,2275.0,1,0
2026-08-18,MANDI016,Sugarcane,3413.09,3500.0,1,1
2026-08-18,MANDI016,Wheat,2234.0,2275.0,1,1
2026-08-18,MANDI018,Maize,1958.97,2090.0,1,1
2026-08-18,MANDI018,Sugarcane,3223.87,3500.0,1,1
2026-08-18,MANDI024,Mustard,5478.014999999999,5650.0,2,2
2026-08-18,MANDI027,Maize,2272.25,2090.0,1,0
2026-08-18,MANDI031,Maize,2168.16,2090.0,1,0
2026-08-18,MANDI033,Sugarcane,3709.82,3500.0,1,0
2026-08-18,MANDI035,Narma,6915.0,6620.0,1,0
2026-08-18,MANDI035,Wheat,2165.77,2275.0,1,1
2026-08-18,MANDI041,Wheat,2274.94,2275.0,1,1
2026-08-18,MANDI042,Wheat,2485.0,2275.0,1,0
2026-08-18,MANDI052,Wheat,2148.49,2275.0,1,1
2026-08-18,MANDI055,Sugarcane,3565.0,3500.0,1,0
2026-08-18,MANDI056,Cotton,6451.03,6620.0,1,1
2026-08-18,MANDI056,Wheat,2072.95,2275.0,1,1
2026-08-18,MANDI057,Sugarcane,3396.15,3500.0,1,1
2026-08-19,MANDI002,Sugarcane,3653.0,3500.0,1,0
2026-08-19,MANDI003,Mustard,6106.18,5650.0,1,0
2026-08-19,MANDI004,Rice,2175.62,2183.0,1,1
2026-08-19,MANDI007,Mustard,5446.8,5650.0,1,1
2026-08-19,MANDI013,Sugarcane,3774.0,3500.0,1,0
2026-08-19,MANDI014,Maize,2104.0,2090.0,1,0
2026-08-19,MANDI018,Maize,2303.99,2090.0,1,0
2026-08-19,MANDI022,Sugarcane,3838.61,3500.0,1,0
2026-08-19,MANDI023,Wheat,2430.0,2275.0,1,0
2026-08-19,MANDI024,Cotton,6630.32,6620.0,1,0
2026-08-19,MANDI024,Rice,2136.0,2183.0,1,1
2026-08-19,MANDI029,Maize,2025.05,2090.0,1,1
2026-08-19,MANDI032,Maize,2173.59,2090.0,1,0
2026-08-19,MANDI032,Sugarcane,3600.82,3500.0,1,0
2026-08-19,MANDI035,Sugarcane,3598.0,3500.0,1,0
2026-08-19,MANDI037,Cotton,6794.86,6620.0,1,0
2026-08-19,MANDI037,Wheat,2582.04,2275.0,1,0
2026-08-19,MANDI041,Sugarcane,3289.43,3500.0,1,1
2026-08-19,MANDI042,Mustard,5930.0,5650.0,1,0
2026-08-19,MANDI043,Cotton,7264.93,6620.0,1,0
2026-08-19,MANDI047,Rice,2216.0,2183.0,1,0
2026-08-19,MANDI048,Wheat,2546.22,2275.0,1,0
2026-08-19,MANDI049,Maize,2175.85,2090.0,1,0
2026-08-19,MANDI051,Maize,2073.91,2090.0,1,1
2026-08-19,MANDI052,Maize,1985.15,2090.0,1,1
2026-08-19,MANDI053,Mustard,5277.61,5650.0,1,1
2026-08-19,MANDI055,Rice,2088.8335355176146,2183.0,2,2
2026-08-19,MANDI056,Maize,2132.94,2090.0,1,0
2026-08-19,MANDI056,Rice,2308.6243285395017,2183.0,1,0
2026-08-20,MANDI001,Wheat,2243.124483842301,2275.0,1,1
2026-08-20,MANDI002,Narma,6434.31,6620.0,1,1
2026-08-20,MANDI005,Maize,2033.12,2090.0,1,1
2026-08-20,MANDI006,Mustard,5622.0,5650.0,1,1
2026-08-20,MANDI006,Wheat,2356.0,2275.0,1,0
2026-08-20,MANDI007,Rice,1994.0,2183.0,1,1
2026-08-20,MANDI008,Maize,2115.607538030623,2090.0,1,0
2026-08-20,MANDI009,Maize,2151.0,2090.0,1,0
2026-08-20,MANDI010,Mustard,6146.953699179814,5650.0,1,0
2026-08-20,MANDI010,Sugarcane,3475.0,3500.0,1,1
2026-08-20,MANDI011,Sugarcane,3421.77,3500.0,1,1
2026-08-20,MANDI012,Maize,2250.0,2090.0,1,0
2026-08-20,MANDI012,Mustard,6330.433784624478,5650.0,1,0
2026-08-20,MANDI012,Narma,6058.675851775299,6620.0,1,1
2026-08-20,MANDI016,Mustard,5380.93,5650.0,1,1
2026-08-20,MANDI017,Wheat,2233.0,2275.0,1,1
2026-08-20,MANDI018,Sugarcane,3719.7,3500.0,1,0
2026-08-20,MANDI019,Sugarcane,3477.0,3500.0,1,1
2026-08-20,MANDI023,Cotton,7695.0,6620.0,1,0
2026-08-20,MANDI023,Wheat,2357.0,2275.0,1,0
2026-08-20,MANDI026,Cotton,7031.55,6620.0,1,0
2026-08-20,MANDI026,Mustard,5561.78,5650.0,1,1
2026-08-20,MANDI026,Sugarcane,3394.54,3500.0,1,1
2026-08-20,MANDI028,Maize,2290.39,2090.0,1,0
2026-08-20,MANDI028,Wheat,2640.68,2275.0,1,0
2026-08-20,MANDI031,Cotton,6166.775,6620.0,2,2
2026-08-20,MANDI032,Mustard,6352.32,5650.0,1,0
2026-08-20,MANDI033,Cotton,6415.647240453627,6620.0,1,1
2026-08-20,MANDI033,Rice,2303.21,2183.0,1,0
2026-08-20,MANDI036,Maize,2413.0,2090.0,1,0
2026-08-20,MANDI036,Narma,6293.56,6620.0,1,1
2026-08-20,MANDI040,Cotton,6511.0,6620.0,1,1
2026-08-20,MANDI040,Maize,1974.54,2090.0,1,1
2026-08-20,MANDI041,Cotton,6491.88,6620.0,1,1
2026-08-20,MANDI041,Rice,2375.0,2183.0,1,0
2026-08-20,MANDI048,Sugarcane,4077.032212476233,3500.0,1,0
2026-08-20,MANDI050,Sugarcane,3580.2791949772827,3500.0,2,1
2026-08-20,MANDI055,Cotton,6901.91,6620.0,1,0
2026-08-20,MANDI057,Sugarcane,3789.0,3500.0,1,0
2026-08-21,MANDI001,Sugarcane,3749.96,3500.0,1,0
2026-08-21,MANDI007,Sugarcane,3582.84,3500.0,1,0
2026-08-21,MANDI009,Rice,2092.732787939773,2183.0,1,1
2026-08-21,MANDI009,Sugarcane,3282.0,3500.0,1,1
2026-08-21,MANDI012,Mustard,5674.0,5650.0,1,0
2026-08-21,MANDI013,Maize,2173.0,2090.0,1,0
2026-08-21,MANDI013,Sugarcane,3473.65,3500.0,1,1
2026-08-21,MANDI013,Wheat,2498.0,2275.0,1,0
2026-08-21,MANDI014,Narma,6081.0,6620.0,1,1
2026-08-21,MANDI015,Maize,2271.0,2090.0,1,0
2026-08-21,MANDI016,Mustard,6088.65,5650.0,1,0
2026-08-21,MANDI017,Mustard,6064.02,5650.0,1,0
2026-08-21,MANDI019,Basmati,2255.11,2183.0,1,0
2026-08-21,MANDI023,Sugarcane,3776.0,3500.0,1,0
2026-08-21,MANDI024,Wheat,2456.24,2275.0,1,0
2026-08-21,MANDI025,Basmati,2087.2,2183.0,1,1
2026-08-21,MANDI027,Cotton,6833.09,6620.0,1,0
2026-08-21,MANDI033,Sugarcane,4007.82,3500.0,1,0
2026-08-21,MANDI033,Wheat,2430.83,2275.0,1,0
2026-08-21,MANDI035,Mustard,6023.07,5650.0,1,0
2026-08-21,MANDI038,Maize,2132.0,2090.0,1,0
2026-08-21,MANDI039,Mustard,5902.843068688719,5650.0,1,0
2026-08-21,MANDI039,Wheat,2413.2,2275.0,1,0
2026-08-21,MANDI041,Rice,1994.0,2183.0,1,1
2026-08-21,MANDI041,Sugarcane,3463.0,3500.0,1,1
2026-08-21,MANDI049,Wheat,2225.37,2275.0,1,1
2026-08-21,MANDI050,Cotton,6431.58,6620.0,1,1
2026-08-21,MANDI052,Mustard,6295.78,5650.0,1,0
2026-08-21,MANDI053,Mustard,5889.857900618043,5650.0,1,0
2026-08-21,MANDI053,Wheat,2544.0,2275.0,1,0
2026-08-21,MANDI055,Narma,7517.11,6620.0,1,0
2026-08-21,MANDI057,Mustard,5561.949469370068,5650.0,1,1
2026-08-22,MANDI001,Mustard,5952.56,5650.0,1,0
2026-08-22,MANDI002,Cotton,6828.57,6620.0,1,0
2026-08-22,MANDI004,Wheat,2594.409172125229,2275.0,1,0
2026-08-22,MANDI005,Rice,2255.37,2183.0,1,0
2026-08-22,MANDI006,Sugarcane,3238.0,3500.0,1,1
2026-08-22,MANDI006,Wheat,2575.58,2275.0,1,0
2026-08-22,MANDI010,Wheat,2588.84,2275.0,1,0
2026-08-22,MANDI011,Sugarcane,3357.0,3500.0,1,1
2026-08-22,MANDI015,Basmati,2144.1093186763346,2183.0,1,1
2026-08-22,MANDI015,Maize,2285.0,2090.0,1,0
2026-08-22,MANDI016,Rice,2388.912911816383,2183.0,1,0
2026-08-22,MANDI018,Sugarcane,3776.0,3500.0,1,0
2026-08-22,MANDI020,Maize,2023.94,2090.0,1,1
2026-08-22,MANDI022,Mustard,6272.07,5650.0,1,0
2026-08-22,MANDI026,Rice,2547.71,2183.0,1,0
2026-08-22,MANDI027,Mustard,6312.0,5650.0,1,0
2026-08-22,MANDI028,Cotton,6721.916466480194,6620.0,1,0
2026-08-22,MANDI029,Rice,2340.1638462993114,2183.0,1,0
2026-08-22,MANDI029,Sugarcane,3867.0,3500.0,1,0
2026-08-22,MANDI033,Maize,2031.0,2090.0,1,1
2026-08-22,MANDI034,Wheat,2247.77,2275.0,1,1
2026-08-22,MANDI035,Wheat,2407.0,2275.0,1,0
2026-08-22,MANDI036,Wheat,2087.74,2275.0,1,1
2026-08-22,MANDI038,Mustard,5815.16,5650.0,1,0
2026-08-22,MANDI038,Wheat,2187.0,2275.0,1,1
2026-08-22,MANDI042,Rice,2480.4603668014665,2183.0,1,0
2026-08-22,MANDI047,Sugarcane,3696.66,3500.0,1,0
2026-08-22,MANDI048,Rice,2365.04,2183.0,1,0
2026-08-22,MANDI048,Sugarcane,3985.64,3500.0,1,0
2026-08-22,MANDI048,Wheat,2356.0,2275.0,1,0
2026-08-22,MANDI049,Mustard,5406.53,5650.0,1,1
2026-08-22,MANDI054,Maize,2112.266922758202,2090.0,1,0
2026-08-22,MANDI054,Rice,2120.36,2183.0,1,1
2026-08-22,MANDI055,Cotton,6173.779237153917,6620.0,2,2
2026-08-23,MANDI001,Mustard,5855.0,5650.0,1,0
2026-08-23,MANDI004,Mustard,5689.0,5650.0,1,0
2026-08-23,MANDI006,Sugarcane,3936.47,3500.0,1,0
2026-08-23,MANDI009,Sugarcane,3683.0,3500.0,1,0
2026-08-23,MANDI010,Rice,2357.95785861224,2183.0,1,0
2026-08-23,MANDI011,Maize,2063.0,2090.0,1,1
2026-08-23,MANDI011,Mustard,6086.33,5650.0,1,0
2026-08-23,MANDI015,Mustard,5566.72,5650.0,1,1
2026-08-23,MANDI017,Maize,2257.0,2090.0,1,0
2026-08-23,MANDI021,Sugarcane,3566.84,3500.0,1,0
2026-08-23,MANDI021,Wheat,2406.78,2275.0,1,0
2026-08-23,MANDI022,Cotton,6453.0,6620.0,1,1
2026-08-23,MANDI023,Mustard,5953.23,5650.0,1,0
2026-08-23,MANDI024,Maize,2239.0,2090.0,1,0
2026-08-23,MANDI024,Mustard,5407.76,5650.0,2,2
2026-08-23,MANDI025,Rice,2028.98,2183.0,1,1
2026-08-23,MANDI026,Cotton,6748.93,6620.0,1,0
2026-08-23,MANDI026,Rice,2146.0,2183.0,1,1
2026-08-23,MANDI027,Rice,2477.12,2183.0,1,0
2026-08-23,MANDI034,Mustard,5434.4,5650.0,1,1
2026-08-23,MANDI035,Mustard,5271.610000000001,5650.0,2,2
2026-08-23,MANDI038,Narma,7001.0,6620.0,1,0
2026-08-23,MANDI040,Mustard,6053.71,5650.0,1,0
2026-08-23,MANDI043,Mustard,6216.0,5650.0,1,0
2026-08-23,MANDI047,Maize,2369.0,2090.0,1,0
2026-08-23,MANDI047,Mustard,5843.74,5650.0,1,0
2026-08-23,MANDI048,Mustard,5649.74,5650.0,1,1
2026-08-23,MANDI049,Basmati,2473.0,2183.0,1,0
2026-08-23,MANDI050,Mustard,5858.0,5650.0,1,0
2026-08-23,MANDI054,Wheat,2543.0,2275.0,1,0
2026-08-24,MANDI001,Sugarcane,3398.57,3500.0,1,1
2026-08-24,MANDI003,Rice,2340.0,2183.0,1,0
2026-08-24,MANDI006,Maize,2045.47,2090.0,1,1
2026-08-24,MANDI008,Sugarcane,3896.68,3500.0,1,0
2026-08-24,MANDI009,Wheat,2519.87,2275.0,1,0
2026-08-24,MANDI010,Maize,2150.193189648898,2090.0,2,1
2026-08-24,MANDI013,Maize,2050.0,2090.0,1,1
2026-08-24,MANDI020,Basmati,2410.0,2183.0,1,0
2026-08-24,MANDI020,Maize,1930.84,2090.0,1,1
2026-08-24,MANDI021,Maize,2019.9174319742565,2090.0,1,1
2026-08-24,MANDI021,Wheat,2465.32,2275.0,1,0
2026-08-24,MANDI024,Sugarcane,3424.36,3500.0,1,1
2026-08-24,MANDI025,Wheat,2333.0,2275.0,1,0
2026-08-24,MANDI029,Mustard,6038.0,5650.0,1,0
2026-08-24,MANDI033,Cotton,6635.24,6620.0,1,0
2026-08-24,MANDI039,Maize,2173.14,2090.0,1,0
2026-08-24,MANDI041,Rice,2284.0,2183.0,1,0
2026-08-24,MANDI042,Maize,2154.71,2090.0,1,0
2026-08-24,MANDI052,Maize,1952.77,2090.0,1,1
2026-08-24,MANDI052,Sugarcane,3254.05,3500.0,1,1
2026-08-24,MANDI055,Maize,2021.0949999999998,2090.0,2,2
2026-08-25,MANDI002,Narma,7235.193248891868,6620.0,1,0
2026-08-25,MANDI002,Wheat,2478.0,2275.0,1,0
2026-08-25,MANDI007,Rice,2462.0,2183.0,1,0
2026-08-25,MANDI008,Rice,2503.0699999999997,2183.0,2,0
2026-08-25,MANDI009,Mustard,6046.0,5650.0,1,0
2026-08-25,MANDI010,Narma,7480.99,6620.0,1,0
2026-08-25,MANDI012,Wheat,2539.0,2275.0,1,0
2026-08-25,MANDI014,Rice,2129.69,2183.0,1,1
2026-08-25,MANDI015,Rice,2199.63,2183.0,1,0
2026-08-25,MANDI017,Rice,2140.44,2183.0,1,1
2026-08-25,MANDI018,Maize,2352.0,2090.0,1,0
2026-08-25,MANDI019,Narma,6618.4415523726375,6620.0,1,1
2026-08-25,MANDI020,Mustard,6325.0,5650.0,1,0
2026-08-25,MANDI020,Rice,2096.23,2183.0,1,1
2026-08-25,MANDI024,Cotton,7209.0,6620.0,1,0
2026-08-25,MANDI027,Sugarcane,3476.0,3500.0,1,1
2026-08-25,MANDI027,Wheat,2415.24,2275.0,1,0
2026-08-25,MANDI029,Sugarcane,3199.0,3500.0,1,1
2026-08-25,MANDI030,Narma,6413.0,6620.0,1,1
2026-08-25,MANDI031,Basmati,2323.38,2183.0,1,0
2026-08-25,MANDI031,Cotton,7285.73,6620.0,1,0
2026-08-25,MANDI031,Wheat,2590.42,2275.0,1,0
2026-08-25,MANDI032,Wheat,2655.99,2275.0,1,0
2026-08-25,MANDI033,Maize,2171.0,2090.0,1,0
2026-08-25,MANDI035,Maize,2140.0,2090.0,1,0
2026-08-25,MANDI035,Wheat,2492.79,2275.0,1,0
2026-08-25,MANDI036,Mustard,5527.19,5650.0,1,1
2026-08-25,MANDI036,Sugarcane,3263.4971529846007,3500.0,1,1
2026-08-25,MANDI039,Wheat,2475.0,2275.0,1,0
2026-08-25,MANDI040,Cotton,6571.0,6620.0,1,1
2026-08-25,MANDI040,Narma,7009.529223977707,6620.0,1,0
2026-08-25,MANDI044,Maize,1961.77,2090.0,1,1
2026-08-25,MANDI048,Wheat,2122.077852337108,2275.0,1,1
2026-08-25,MANDI050,Mustard,5758.3,5650.0,1,0
2026-08-25,MANDI051,Sugarcane,3499.71,3500.0,1,1
2026-08-25,MANDI052,Mustard,5461.617826194579,5650.0,1,1
2026-08-25,MANDI052,Rice,2238.0887554351743,2183.0,1,0
2026-08-26,MANDI002,Sugarcane,3879.66,3500.0,1,0
2026-08-26,MANDI006,Sugarcane,3596.5,3500.0,2,0
2026-08-26,MANDI006,Wheat,2222.5098104797335,2275.0,2,1
2026-08-26,MANDI010,Sugarcane,3967.05,3500.0,1,0
2026-08-26,MANDI010,Wheat,2251.0,2275.0,1,1
2026-08-26,MANDI011,Cotton,6486.05,6620.0,1,1
2026-08-26,MANDI011,Narma,6019.03,6620.0,1,1
2026-08-26,MANDI011,Wheat,2475.0,2275.0,1,0
2026-08-26,MANDI025,Rice,2325.06,2183.0,1,0
2026-08-26,MANDI025,Wheat,2254.0,2275.0,1,1
2026-08-26,MANDI027,Cotton,6538.0,6620.0,1,1
2026-08-26,MANDI027,Mustard,6201.93,5650.0,1,0
2026-08-26,MANDI028,Sugarcane,3548.31,3500.0,1,0
2026-08-26,MANDI029,Maize,2171.46,2090.0,1,0
2026-08-26,MANDI031,Narma,6699.318618889554,6620.0,1,0
2026-08-26,MANDI033,Mustard,5401.0,5650.0,1,1
2026-08-26,MANDI033,Rice,2301.33,2183.0,1,0
2026-08-26,MANDI036,Wheat,2049.0,2275.0,1,1
2026-08-26,MANDI038,Mustard,5851.53,5650.0,1,0
2026-08-26,MANDI040,Maize,2161.93,2090.0,1,0
2026-08-26,MANDI041,Maize,2046.0,2090.0,1,1
2026-08-26,MANDI044,Mustard,5913.53,5650.0,1,0
2026-08-26,MANDI045,Wheat,2455.1,2275.0,1,0
2026-08-26,MANDI046,Wheat,2120.664342275913,2275.0,1,1
2026-08-26,MANDI047,Rice,2216.748842791152,2183.0,1,0
2026-08-26,MANDI047,Sugarcane,3592.0,3500.0,1,0
2026-08-26,MANDI052,Mustard,5391.86,5650.0,1,1
2026-08-26,MANDI053,Maize,2158.03,2090.0,1,0
2026-08-26,MANDI056,Cotton,6383.93,6620.0,1,1
2026-08-26,MANDI056,Rice,2357.38,2183.0,1,0
2026-08-26,MANDI056,Sugarcane,3861.0,3500.0,1,0
2026-08-26,MANDI056,Wheat,2254.0,2275.0,1,1
2026-08-27,MANDI001,Rice,2182.6,2183.0,1,1
2026-08-27,MANDI002,Wheat,2332.53,2275.0,1,0
2026-08-27,MANDI007,Maize,2129.66,2090.0,1,0
2026-08-27,MANDI008,Maize,2210.2,2090.0,1,0
2026-08-27,MANDI012,Sugarcane,3380.0,3500.0,1,1
2026-08-27,MANDI013,Rice,2282.71,2183.0,1,0
2026-08-27,MANDI015,Cotton,6999.46,6620.0,1,0
2026-08-27,MANDI019,Wheat,2172.69,2275.0,1,1
2026-08-27,MANDI020,Cotton,6819.0,6620.0,1,0
2026-08-27,MANDI020,Sugarcane,3530.85,3500.0,1,0
2026-08-27,MANDI022,Cotton,7047.119974176496,6620.0,1,0
2026-08-27,MANDI023,Cotton,6398.0,6620.0,1,1
2026-08-27,MANDI025,Mustard,6596.92,5650.0,1,0
2026-08-27,MANDI025,Wheat,2496.0,2275.0,1,0
2026-08-27,MANDI026,Mustard,6061.190964978921,5650.0,1,0
2026-08-27,MANDI027,Rice,2394.0,2183.0,1,0
2026-08-27,MANDI028,Sugarcane,3283.0,3500.0,1,1
2026-08-27,MANDI033,Narma,6435.76,6620.0,1,1
2026-08-27,MANDI037,Mustard,5435.0,5650.0,1,1
2026-08-27,MANDI039,Mustard,6605.0,5650.0,1,0
2026-08-27,MANDI042,Maize,2421.0,2090.0,1,0
2026-08-27,MANDI043,Sugarcane,3616.21,3500.0,1,0
2026-08-27,MANDI048,Rice,2280.99,2183.0,1,0
2026-08-27,MANDI049,Maize,2076.59,2090.0,1,1
2026-08-27,MANDI052,Narma,6119.0,6620.0,1,1
2026-08-27,MANDI053,Rice,2253.0,2183.0,1,0
2026-08-27,MANDI053,Sugarcane,3775.0,3500.0,1,0
2026-08-27,MANDI055,Cotton,6583.39,6620.0,1,1
2026-08-28,MANDI001,Wheat,2282.0,2275.0,1,0
2026-08-28,MANDI005,Narma,6743.37,6620.0,1,0
2026-08-28,MANDI005,Rice,2340.07,2183.0,1,0
2026-08-28,MANDI005,Wheat,2157.89,2275.0,1,1
2026-08-28,MANDI007,Maize,2099.83,2090.0,1,0
2026-08-28,MANDI009,Wheat,2487.2,2275.0,1,0
2026-08-28,MANDI013,Cotton,7176.754005731096,6620.0,1,0
2026-08-28,MANDI013,Maize,1993.0,2090.0,1,1
2026-08-28,MANDI014,Maize,1911.38,2090.0,1,1
2026-08-28,MANDI017,Mustard,6003.95,5650.0,1,0
2026-08-28,MANDI020,Maize,2086.5622828778246,2090.0,1,1
2026-08-28,MANDI020,Rice,2227.39,2183.0,1,0
2026-08-28,MANDI021,Maize,2208.319246811124,2090.0,1,0
2026-08-28,MANDI022,Mustard,6343.5,5650.0,1,0
2026-08-28,MANDI022,Sugarcane,3827.5561022703578,3500.0,1,0
2026-08-28,MANDI024,Wheat,2476.59,2275.0,1,0
2026-08-28,MANDI025,Basmati,2335.53,2183.0,1,0
2026-08-28,MANDI025,Mustard,5637.09,5650.0,1,1
2026-08-28,MANDI029,Mustard,5550.73,5650.0,1,1
2026-08-28,MANDI031,Mustard,6137.11,5650.0,1,0
2026-08-28,MANDI033,Sugarcane,3625.28,3500.0,1,0
2026-08-28,MANDI040,Rice,2401.982891153114,2183.0,1,0
2026-08-28,MANDI040,Wheat,2410.0,2275.0,1,0
2026-08-28,MANDI041,Rice,2202.160714142401,2183.0,1,0
2026-08-28,MANDI041,Wheat,2514.02,2275.0,1,0
2026-08-28,MANDI042,Narma,7125.03,6620.0,1,0
2026-08-28,MANDI046,Mustard,5467.41,5650.0,1,1
2026-08-28,MANDI047,Mustard,5691.2,5650.0,1,0
2026-08-28,MANDI050,Cotton,7220.0,6620.0,1,0
2026-08-28,MANDI052,Narma,5775.02,6620.0,1,1
2026-08-28,MANDI053,Cotton,6901.27,6620.0,1,0
2026-08-28,MANDI053,Maize,2128.0,2090.0,1,0
2026-08-28,MANDI057,Mustard,5308.74,5650.0,1,1
2026-08-28,MANDI057,Wheat,2201.0,2275.0,1,1
2026-08-29,MANDI002,Wheat,2502.0,2275.0,1,0
2026-08-29,MANDI003,Rice,2000.18,2183.0,1,1
2026-08-29,MANDI004,Mustard,5649.0,5650.0,1,1
2026-08-29,MANDI006,Maize,2156.4,2090.0,2,0
2026-08-29,MANDI011,Maize,1971.73,2090.0,1,1
2026-08-29,MANDI012,Maize,2255.14,2090.0,1,0
2026-08-29,MANDI016,Wheat,2467.49,2275.0,1,0
2026-08-29,MANDI024,Mustard,5240.89,5650.0,1,1
2026-08-29,MANDI025,Rice,2188.995525674727,2183.0,1,0
2026-08-29,MANDI027,Mustard,6302.05,5650.0,1,0
2026-08-29,MANDI030,Narma,6844.67,6620.0,1,0
2026-08-29,MANDI030,Wheat,2353.0,2275.0,1,0
2026-08-29,MANDI033,Narma,6424.0,6620.0,1,1
2026-08-29,MANDI033,Sugarcane,3437.0,3500.0,1,1
2026-08-29,MANDI036,Mustard,5563.575870713181,5650.0,1,1
2026-08-29,MANDI037,Maize,2159.67,2090.0,1,0
2026-08-29,MANDI037,Sugarcane,3964.0,3500.0,1,0
2026-08-29,MANDI039,Mustard,5506.12,5650.0,1,1
2026-08-29,MANDI041,Wheat,2432.0,2275.0,1,0
2026-08-29,MANDI046,Cotton,6968.32,6620.0,1,0
2026-08-29,MANDI047,Wheat,2471.8,2275.0,1,0
2026-08-29,MANDI049,Narma,6805.02,6620.0,1,0
2026-08-29,MANDI051,Maize,2283.35,2090.0,1,0
2026-08-29,MANDI051,Sugarcane,3370.85,3500.0,1,1
2026-08-29,MANDI052,Cotton,6000.0,6620.0,1,1
2026-08-29,MANDI054,Maize,2333.0,2090.0,1,0
2026-08-29,MANDI054,Mustard,5847.32,5650.0,1,0
2026-08-29,MANDI056,Wheat,2516.24,2275.0,1,0
2026-08-30,MANDI002,Cotton,6686.7,6620.0,1,0
2026-08-30,MANDI002,Wheat,2270.15,2275.0,1,1
2026-08-30,MANDI003,Mustard,5402.0,5650.0,1,1
2026-08-30,MANDI003,Rice,2367.07,2183.0,1,0
2026-08-30,MANDI003,Wheat,2047.0,2275.0,1,1
2026-08-30,MANDI004,Basmati,2490.2,2183.0,1,0
2026-08-30,MANDI009,Cotton,7525.0,6620.0,1,0
2026-08-30,MANDI010,Maize,1928.2202188797817,2090.0,1,1
2026-08-30,MANDI012,Maize,1995.0,2090.0,1,1
2026-08-30,MANDI014,Cotton,7148.0,6620.0,1,0
2026-08-30,MANDI014,Sugarcane,3748.0,3500.0,1,0
2026-08-30,MANDI016,Wheat,2281.66,2275.0,1,0
2026-08-30,MANDI018,Sugarcane,3483.93,3500.0,1,1
2026-08-30,MANDI019,Maize,1982.29,2090.0,1,1
2026-08-30,MANDI019,Mustard,5585.86,5650.0,1,1
2026-08-30,MANDI020,Maize,2002.25,2090.0,1,1
2026-08-30,MANDI021,Rice,2038.35,2183.0,1,1
2026-08-30,MANDI022,Basmati,2149.37,2183.0,1,1
2026-08-30,MANDI024,Mustard,5843.97,5650.0,1,0
2026-08-30,MANDI027,Mustard,5340.0,5650.0,1,1
2026-08-30,MANDI027,Rice,2378.77,2183.0,1,0
2026-08-30,MANDI030,Wheat,2280.127551552917,2275.0,1,0
2026-08-30,MANDI031,Mustard,5233.98,5650.0,1,1
2026-08-30,MANDI032,Wheat,2333.5,2275.0,1,0
2026-08-30,MANDI033,Mustard,6427.610161822227,5650.0,1,0
2026-08-30,MANDI035,Maize,2082.11,2090.0,1,1
2026-08-30,MANDI035,Sugarcane,3752.62,3500.0,1,0
2026-08-30,MANDI038,Basmati,2171.0,2183.0,1,1
2026-08-30,MANDI038,Maize,2061.56,2090.0,1,1
2026-08-30,MANDI038,Sugarcane,3862.0,3500.0,1,0
2026-08-30,MANDI039,Cotton,6936.24,6620.0,1,0
2026-08-30,MANDI040,Sugarcane,3558.62,3500.0,2,1
2026-08-30,MANDI041,Sugarcane,3339.37,3500.0,1,1
2026-08-30,MANDI045,Cotton,7420.257057043941,6620.0,1,0
2026-08-30,MANDI045,Maize,2327.0,2090.0,1,0
2026-08-30,MANDI048,Cotton,6374.44,6620.0,1,1
2026-08-30,MANDI051,Maize,2422.0,2090.0,1,0
2026-08-30,MANDI052,Cotton,6777.0,6620.0,1,0
2026-08-30,MANDI053,Cotton,5918.96,6620.0,1,1
2026-08-30,MANDI054,Mustard,5453.9349999999995,5650.0,2,2
2026-08-30,MANDI055,Rice,2429.18,2183.0,1,0
2026-08-30,MANDI057,Maize,2154.0,2090.0,1,0
2026-08-31,MANDI001,Sugarcane,3947.81,3500.0,1,0
2026-08-31,MANDI004,Mustard,5322.0,5650.0,1,1
2026-08-31,MANDI004,Rice,2092.0,2183.0,1,1
2026-08-31,MANDI005,Mustard,5401.09,5650.0,1,1
2026-08-31,MANDI006,Sugarcane,3609.960329083858,3500.0,1,0
2026-08-31,MANDI007,Mustard,5256.78,5650.0,1,1
2026-08-31,MANDI007,Sugarcane,3433.0,3500.0,1,1
2026-08-31,MANDI008,Maize,1945.0,2090.0,1,1
2026-08-31,MANDI009,Sugarcane,3764.24,3500.0,1,0
2026-08-31,MANDI010,Mustard,5766.0,5650.0,1,0
2026-08-31,MANDI010,Rice,2274.92,2183.0,1,0
2026-08-31,MANDI013,Rice,2471.54,2183.0,1,0
2026-08-31,MANDI015,Maize,2297.81,2090.0,1,0
2026-08-31,MANDI015,Sugarcane,3318.97,3500.0,1,1
2026-08-31,MANDI020,Rice,2163.79,2183.0,1,1
2026-08-31,MANDI020,Sugarcane,4012.0,3500.0,1,0
2026-08-31,MANDI022,Cotton,6577.79,6620.0,1,1
2026-08-31,MANDI022,Rice,2391.71,2183.0,1,0
2026-08-31,MANDI023,Rice,2198.93,2183.0,1,0
2026-08-31,MANDI028,Mustard,5446.128792310115,5650.0,1,1
2026-08-31,MANDI031,Mustard,5733.23,5650.0,1,0
2026-08-31,MANDI032,Wheat,2328.0,2275.0,1,0
2026-08-31,MANDI034,Maize,2039.2,2090.0,1,1
2026-08-31,MANDI034,Rice,2269.0,2183.0,1,0
2026-08-31,MANDI036,Mustard,6125.48,5650.0,1,0
2026-08-31,MANDI037,Maize,2196.0,2090.0,1,0
2026-08-31,MANDI039,Wheat,2392.0,2275.0,1,0
2026-08-31,MANDI040,Maize,2108.96,2090.0,1,0
2026-08-31,MANDI040,Sugarcane,3849.99,3500.0,1,0
2026-08-31,MANDI042,Maize,2199.62,2090.0,1,0
2026-08-31,MANDI042,Sugarcane,3314.0,3500.0,1,1
2026-08-31,MANDI044,Maize,2015.1725629784887,2090.0,1,1
2026-08-31,MANDI045,Cotton,6382.98,6620.0,1,1
2026-08-31,MANDI045,Rice,2001.03,2183.0,1,1
2026-08-31,MANDI047,Cotton,7056.0,6620.0,1,0
2026-08-31,MANDI047,Sugarcane,3418.78,3500.0,1,1
2026-08-31,MANDI048,Maize,2220.73,2090.0,1,0
2026-08-31,MANDI051,Maize,2032.0,2090.0,1,1
2026-08-31,MANDI052,Sugarcane,3670.0,3500.0,1,0
2026-08-31,MANDI056,Mustard,5714.0,5650.0,1,0
2026-09-01,MANDI002,Cotton,6659.86,6620.0,1,0
2026-09-01,MANDI004,Wheat,2033.0,2275.0,1,1
2026-09-01,MANDI005,Mustard,5659.18,5650.0,1,0
2026-09-01,MANDI009,Rice,2326.0,2183.0,1,0
2026-09-01,MANDI010,Cotton,6699.842448321481,6620.0,1,0
2026-09-01,MANDI011,Maize,1950.0,2090.0,1,1
2026-09-01,MANDI011,Wheat,2233.114065581087,2275.0,1,1
2026-09-01,MANDI013,Sugarcane,3328.81756332184,3500.0,1,1
2026-09-01,MANDI014,Cotton,7169.324738259747,6620.0,1,0
2026-09-01,MANDI016,Maize,2230.71,2090.0,1,0
2026-09-01,MANDI020,Sugarcane,3884.0,3500.0,1,0
2026-09-01,MANDI022,Cotton,6982.0,6620.0,1,0
2026-09-01,MANDI024,Maize,2122.58,2090.0,1,0
2026-09-01,MANDI025,Maize,2002.65,2090.0,1,1
2026-09-01,MANDI025,Rice,1966.0,2183.0,1,1
2026-09-01,MANDI026,Maize,2064.27,2090.0,1,1
2026-09-01,MANDI027,Cotton,6399.44,6620.0,1,1
2026-09-01,MANDI027,Mustard,5838.31,5650.0,1,0
2026-09-01,MANDI028,Rice,2443.96,2183.0,1,0
2026-09-01,MANDI028,Wheat,2427.0,2275.0,1,0
2026-09-01,MANDI033,Cotton,7541.84,6620.0,1,0
2026-09-01,MANDI036,Maize,2193.0,2090.0,1,0
2026-09-01,MANDI037,Maize,2200.79,2090.0,1,0
2026-09-01,MANDI038,Maize,2065.0,2090.0,1,1
2026-09-01,MANDI038,Rice,1975.25,2183.0,1,1
2026-09-01,MANDI042,Maize,2231.85,2090.0,1,0
2026-09-01,MANDI043,Mustard,5983.97,5650.0,1,0
2026-09-01,MANDI044,Mustard,5935.0,5650.0,1,0
2026-09-01,MANDI045,Mustard,5204.065894498197,5650.0,1,1
2026-09-01,MANDI048,Wheat,2141.0,2275.0,1,1
2026-09-01,MANDI050,Maize,2034.6,2090.0,1,1
2026-09-01,MANDI051,Mustard,6141.28,5650.0,1,0
2026-09-01,MANDI053,Sugarcane,3522.12,3500.0,1,0
2026-09-01,MANDI055,Maize,2148.67,2090.0,1,0
2026-09-02,MANDI001,Wheat,2377.4209895280173,2275.0,1,0
2026-09-02,MANDI004,Wheat,2175.0,2275.0,2,2
2026-09-02,MANDI007,Mustard,6555.0,5650.0,1,0
2026-09-02,MANDI008,Cotton,6930.0,6620.0,1,0
2026-09-02,MANDI008,Mustard,5745.9,5650.0,1,0
2026-09-02,MANDI008,Wheat,2261.63,2275.0,2,1
2026-09-02,MANDI009,Sugarcane,3498.0,3500.0,1,1
2026-09-02,MANDI010,Maize,2293.0,2090.0,1,0
2026-09-02,MANDI011,Maize,1908.39,2090.0,1,1
2026-09-02,MANDI011,Rice,2192.0,2183.0,1,0
2026-09-02,MANDI014,Rice,2572.4,2183.0,1,0
2026-09-02,MANDI016,Cotton,6988.0,6620.0,1,0
2026-09-02,MANDI016,Maize,1972.4320486717609,2090.0,1,1
2026-09-02,MANDI016,Rice,1967.84,2183.0,1,1
2026-09-02,MANDI017,Maize,2218.84,2090.0,1,0
2026-09-02,MANDI017,Wheat,2117.9,2275.0,1,1
2026-09-02,MANDI018,Mustard,5751.0,5650.0,1,0
2026-09-02,MANDI018,Wheat,2309.16,2275.0,1,0
2026-09-02,MANDI021,Sugarcane,3614.908484237815,3500.0,1,0
2026-09-02,MANDI022,Rice,2193.43,2183.0,1,0
2026-09-02,MANDI024,Rice,2380.0,2183.0,1,0
2026-09-02,MANDI026,Wheat,2596.0,2275.0,1,0
2026-09-02,MANDI029,Cotton,6594.114362732349,6620.0,1,1
2026-09-02,MANDI031,Cotton,7483.0,6620.0,1,0
2026-09-02,MANDI032,Mustard,5312.68,5650.0,1,1
2026-09-02,MANDI034,Maize,2298.0,2090.0,1,0
2026-09-02,MANDI036,Maize,2047.61,2090.0,1,1
2026-09-02,MANDI036,Sugarcane,3219.85,3500.0,1,1
2026-09-02,MANDI037,Maize,2150.83,2090.0,1,0
2026-09-02,MANDI039,Sugarcane,3449.0,3500.0,1,1
2026-09-02,MANDI041,Rice,2065.11,2183.0,1,1
2026-09-02,MANDI041,Sugarcane,3654.0,3500.0,1,0
2026-09-02,MANDI043,Mustard,5456.58,5650.0,1,1
2026-09-02,MANDI043,Wheat,2624.0,2275.0,1,0
2026-09-02,MANDI048,Mustard,6058.08,5650.0,1,0
2026-09-02,MANDI048,Sugarcane,3670.04,3500.0,1,0
2026-09-02,MANDI049,Basmati,2167.61,2183.0,1,1
2026-09-02,MANDI049,Cotton,5864.39,6620.0,1,1
2026-09-02,MANDI049,Mustard,6062.0,5650.0,1,0
2026-09-02,MANDI049,Narma,7370.8454035573795,6620.0,1,0
2026-09-02,MANDI050,Mustard,6378.0,5650.0,1,0
2026-09-02,MANDI055,Sugarcane,3370.29,3500.0,1,1
2026-09-02,MANDI055,Wheat,2420.0,2275.0,1,0
2026-09-03,MANDI002,Mustard,6511.0,5650.0,1,0
2026-09-03,MANDI006,Cotton,6859.92,6620.0,1,0
2026-09-03,MANDI008,Mustard,5747.0,5650.0,1,0
2026-09-03,MANDI012,Cotton,7166.0,6620.0,1,0
2026-09-03,MANDI020,Wheat,2408.1,2275.0,1,0
2026-09-03,MANDI026,Maize,1911.5457910325076,2090.0,1,1
2026-09-03,MANDI027,Maize,2065.0,2090.0,1,1
2026-09-03,MANDI028,Cotton,7068.7381603261165,6620.0,1,0
2026-09-03,MANDI029,Wheat,2322.1701907814754,2275.0,1,0
2026-09-03,MANDI030,Sugarcane,3944.0,3500.0,1,0
2026-09-03,MANDI032,Sugarcane,3161.0,3500.0,1,1
2026-09-03,MANDI036,Cotton,6849.0,6620.0,1,0
2026-09-03,MANDI037,Maize,2305.0,2090.0,1,0
2026-09-03,MANDI037,Sugarcane,3622.0,3500.0,1,0
2026-09-03,MANDI038,Wheat,2469.0,2275.0,1,0
2026-09-03,MANDI039,Maize,2031.0,2090.0,1,1
2026-09-03,MANDI040,Mustard,5830.72,5650.0,1,0
2026-09-03,MANDI040,Sugarcane,3415.6549999999997,3500.0,2,2
2026-09-03,MANDI041,Sugarcane,3191.46,3500.0,1,1
2026-09-03,MANDI042,Mustard,6371.68,5650.0,1,0
2026-09-03,MANDI042,Sugarcane,3862.0,3500.0,1,0
2026-09-03,MANDI044,Sugarcane,3828.0,3500.0,1,0
2026-09-03,MANDI045,Wheat,2266.35,2275.0,1,1
2026-09-03,MANDI049,Sugarcane,3798.0,3500.0,1,0
2026-09-03,MANDI050,Sugarcane,3797.0,3500.0,1,0
2026-09-03,MANDI053,Wheat,2573.0,2275.0,1,0
2026-09-04,MANDI002,Narma,7211.86,6620.0,1,0
2026-09-04,MANDI003,Sugarcane,3509.51,3500.0,1,0
2026-09-04,MANDI005,Mustard,5797.79739872182,5650.0,1,0
2026-09-04,MANDI005,Sugarcane,3188.28,3500.0,1,1
2026-09-04,MANDI005,Wheat,2376.8182472783747,2275.0,1,0
2026-09-04,MANDI006,Rice,2311.0,2183.0,1,0
2026-09-04,MANDI006,Sugarcane,3561.338298378673,3500.0,1,0
2026-09-04,MANDI007,Sugarcane,3499.4,3500.0,1,1
2026-09-04,MANDI010,Maize,2352.32,2090.0,1,0
2026-09-04,MANDI014,Maize,1860.0,2090.0,1,1
2026-09-04,MANDI017,Narma,6881.25,6620.0,1,0
2026-09-04,MANDI021,Rice,2219.35,2183.0,1,0
2026-09-04,MANDI022,Mustard,5532.58,5650.0,1,1
2026-09-04,MANDI023,Rice,2375.0,2183.0,1,0
2026-09-04,MANDI025,Sugarcane,3769.61,3500.0,1,0
2026-09-04,MANDI028,Mustard,6187.05,5650.0,1,0
2026-09-04,MANDI033,Narma,6488.69,6620.0,1,1
2026-09-04,MANDI033,Sugarcane,3257.98,3500.0,1,1
2026-09-04,MANDI035,Basmati,2088.12,2183.0,1,1
2026-09-04,MANDI036,Narma,6842.94,6620.0,1,0
2026-09-04,MANDI036,Sugarcane,3803.51,3500.0,1,0
2026-09-04,MANDI037,Wheat,2258.09,2275.0,1,1
2026-09-04,MANDI038,Cotton,6340.42,6620.0,1,1
2026-09-04,MANDI041,Sugarcane,3544.0,3500.0,1,0
2026-09-04,MANDI046,Cotton,7230.9,6620.0,1,0
2026-09-04,MANDI046,Maize,2318.8149999999996,2090.0,2,0
2026-09-04,MANDI046,Narma,7274.09,6620.0,1,0
2026-09-04,MANDI049,Cotton,6760.58,6620.0,1,0
2026-09-04,MANDI050,Narma,6217.0,6620.0,1,1
2026-09-04,MANDI051,Mustard,6602.0,5650.0,1,0
2026-09-04,MANDI051,Sugarcane,3480.0,3500.0,1,1
2026-09-04,MANDI052,Cotton,5801.29,6620.0,1,1
2026-09-04,MANDI052,Sugarcane,3738.96,3500.0,1,0
2026-09-04,MANDI054,Maize,2027.5149999999999,2090.0,2,1
2026-09-04,MANDI054,Sugarcane,3826.74,3500.0,1,0
2026-09-04,MANDI055,Maize,2040.0,2090.0,1,1
2026-09-04,MANDI056,Basmati,2519.68,2183.0,1,0
2026-09-05,MANDI003,Maize,1979.7920944320656,2090.0,1,1
2026-09-05,MANDI003,Wheat,2353.875,2275.0,2,1
2026-09-05,MANDI004,Rice,2490.0,2183.0,1,0
2026-09-05,MANDI005,Rice,2436.14,2183.0,1,0
2026-09-05,MANDI006,Mustard,5727.0,5650.0,1,0
2026-09-05,MANDI006,Narma,6420.569653995299,6620.0,1,1
2026-09-05,MANDI008,Sugarcane,3497.0,3500.0,1,1
2026-09-05,MANDI009,Cotton,6777.0,6620.0,1,0
2026-09-05,MANDI010,Mustard,6127.88,5650.0,1,0
2026-09-05,MANDI013,Mustard,6331.0,5650.0,1,0
2026-09-05,MANDI021,Sugarcane,3590.0,3500.0,1,0
2026-09-05,MANDI022,Cotton,6561.0,6620.0,1,1
2026-09-05,MANDI023,Maize,2114.78,2090.0,1,0
2026-09-05,MANDI024,Rice,2130.57,2183.0,1,1
2026-09-05,MANDI026,Wheat,2181.0,2275.0,1,1
2026-09-05,MANDI029,Rice,2064.0,2183.0,1,1
2026-09-05,MANDI033,Cotton,7038.12,6620.0,1,0
2026-09-05,MANDI033,Wheat,2364.823724034713,2275.0,1,0
2026-09-05,MANDI034,Maize,2032.89,2090.0,1,1
2026-09-05,MANDI034,Rice,2218.485,2183.0,2,1
2026-09-05,MANDI039,Rice,2353.45,2183.0,1,0
2026-09-05,MANDI041,Wheat,2253.0,2275.0,1,1
2026-09-05,MANDI043,Mustard,5372.0,5650.0,1,1
2026-09-05,MANDI044,Mustard,5709.634498959445,5650.0,1,0
2026-09-05,MANDI045,Narma,7642.12,6620.0,1,0
2026-09-05,MANDI049,Mustard,5410.0,5650.0,1,1
2026-09-05,MANDI049,Sugarcane,3786.899945575035,3500.0,3,0
2026-09-05,MANDI051,Wheat,2160.31,2275.0,1,1
2026-09-05,MANDI053,Narma,6623.12,6620.0,1,0
2026-09-05,MANDI057,Mustard,6444.86,5650.0,1,0
2026-09-06,MANDI001,Mustard,6539.37,5650.0,1,0
2026-09-06,MANDI001,Wheat,2131.05,2275.0,1,1
2026-09-06,MANDI002,Wheat,2456.25,2275.0,1,0
2026-09-06,MANDI003,Wheat,2264.75,2275.0,1,1
2026-09-06,MANDI006,Mustard,5324.0,5650.0,1,1
2026-09-06,MANDI013,Cotton,6486.03,6620.0,1,1
2026-09-06,MANDI016,Mustard,6044.19,5650.0,1,0
2026-09-06,MANDI017,Rice,2213.19,2183.0,1,0
2026-09-06,MANDI019,Sugarcane,4059.7427469521735,3500.0,1,0
2026-09-06,MANDI020,Sugarcane,4018.34,3500.0,1,0
2026-09-06,MANDI023,Rice,2171.33,2183.0,1,1
2026-09-06,MANDI024,Maize,2100.75,2090.0,1,0
2026-09-06,MANDI028,Rice,2170.75,2183.0,1,1
2026-09-06,MANDI029,Basmati,2059.75,2183.0,1,1
2026-09-06,MANDI030,Cotton,6232.34,6620.0,1,1
2026-09-06,MANDI031,Sugarcane,3775.4,3500.0,1,0
2026-09-06,MANDI035,Rice,2213.0,2183.0,1,0
2026-09-06,MANDI036,Maize,1985.9,2090.0,1,1
2026-09-06,MANDI038,Narma,7004.7,6620.0,1,0
2026-09-06,MANDI040,Wheat,2460.64,2275.0,1,0
2026-09-06,MANDI041,Wheat,2562.0,2275.0,1,0
2026-09-06,MANDI044,Cotton,6299.1,6620.0,1,1
2026-09-06,MANDI044,Rice,2272.27,2183.0,1,0
2026-09-06,MANDI044,Wheat,2165.52,2275.0,1,1
2026-09-06,MANDI046,Wheat,2121.0,2275.0,1,1
2026-09-06,MANDI047,Cotton,6393.02,6620.0,1,1
2026-09-06,MANDI047,Sugarcane,3903.0,3500.0,1,0
2026-09-06,MANDI049,Mustard,5481.0,5650.0,1,1
2026-09-06,MANDI053,Wheat,2239.53,2275.0,1,1
2026-09-06,MANDI054,Mustard,5409.0,5650.0,1,1
2026-09-06,MANDI055,Maize,1909.35,2090.0,1,1
2026-09-06,MANDI055,Wheat,2397.652134866264,2275.0,1,0
2026-09-06,MANDI056,Sugarcane,3346.0,3500.0,1,1
2026-09-06,MANDI057,Mustard,5293.0,5650.0,1,1
2026-09-07,MANDI001,Wheat,2260.0,2275.0,1,1
2026-09-07,MANDI002,Rice,2217.91,2183.0,2,0
2026-09-07,MANDI002,Sugarcane,3913.75,3500.0,1,0
2026-09-07,MANDI002,Wheat,2605.804866757626,2275.0,1,0
2026-09-07,MANDI003,Mustard,5502.03,5650.0,1,1
2026-09-07,MANDI003,Sugarcane,3780.0,3500.0,1,0
2026-09-07,MANDI004,Maize,1982.02,2090.0,1,1
2026-09-07,MANDI004,Sugarcane,3290.44,3500.0,1,1
2026-09-07,MANDI004,Wheat,2422.0,2275.0,1,0
2026-09-07,MANDI005,Mustard,6135.27,5650.0,1,0
2026-09-07,MANDI007,Sugarcane,3778.0,3500.0,1,0
2026-09-07,MANDI008,Sugarcane,3297.95,3500.0,1,1
2026-09-07,MANDI011,Cotton,6767.0,6620.0,1,0
2026-09-07,MANDI011,Mustard,5312.64,5650.0,1,1
2026-09-07,MANDI017,Maize,2068.0,2090.0,1,1
2026-09-07,MANDI019,Mustard,5438.0,5650.0,1,1
2026-09-07,MANDI022,Cotton,5908.45,6620.0,1,1
2026-09-07,MANDI025,Maize,2001.38,2090.0,1,1
2026-09-07,MANDI029,Sugarcane,3833.0,3500.0,1,0
2026-09-07,MANDI032,Sugarcane,3345.0,3500.0,1,1
2026-09-07,MANDI034,Wheat,2467.3257101551226,2275.0,1,0
2026-09-07,MANDI035,Wheat,2454.73,2275.0,1,0
2026-09-07,MANDI036,Cotton,7325.24,6620.0,1,0
2026-09-07,MANDI036,Maize,1883.0,2090.0,1,1
2026-09-07,MANDI036,Rice,2399.19,2183.0,1,0
2026-09-07,MANDI041,Basmati,2107.0,2183.0,1,1
2026-09-07,MANDI041,Rice,2090.47,2183.0,1,1
2026-09-07,MANDI044,Mustard,5329.0,5650.0,1,1
2026-09-07,MANDI048,Cotton,6644.093156318324,6620.0,1,0
2026-09-07,MANDI050,Rice,2238.0,2183.0,1,0
2026-09-07,MANDI050,Wheat,2489.0,2275.0,1,0
2026-09-07,MANDI053,Sugarcane,3279.26,3500.0,1,1
2026-09-07,MANDI053,Wheat,2397.13,2275.0,1,0
2026-09-07,MANDI054,Sugarcane,3162.79,3500.0,1,1
2026-09-07,MANDI055,Mustard,5240.8,5650.0,1,1
2026-09-07,MANDI056,Rice,2413.05,2183.0,1,0
2026-09-08,MANDI005,Narma,6215.0,6620.0,1,1
2026-09-08,MANDI006,Rice,2219.01,2183.0,1,0
2026-09-08,MANDI007,Mustard,6310.962587346368,5650.0,1,0
2026-09-08,MANDI009,Wheat,2159.8305998808305,2275.0,1,1
2026-09-08,MANDI011,Mustard,5950.73,5650.0,1,0
2026-09-08,MANDI012,Cotton,6964.0,6620.0,1,0
2026-09-08,MANDI013,Rice,2113.0,2183.0,1,1
2026-09-08,MANDI021,Wheat,2201.94,2275.0,1,1
2026-09-08,MANDI024,Maize,2119.0,2090.0,1,0
2026-09-08,MANDI025,Mustard,5479.0,5650.0,1,1
2026-09-08,MANDI028,Cotton,6774.01,6620.0,1,0
2026-09-08,MANDI028,Wheat,2214.2092846788087,2275.0,1,1
2026-09-08,MANDI029,Sugarcane,3301.01,3500.0,1,1
2026-09-08,MANDI036,Sugarcane,3478.08,3500.0,1,1
2026-09-08,MANDI037,Maize,2152.0,2090.0,1,0
2026-09-08,MANDI037,Rice,2412.0,2183.0,1,0
2026-09-08,MANDI038,Wheat,2511.66,2275.0,1,0
2026-09-08,MANDI041,Maize,1950.26,2090.0,1,1
2026-09-08,MANDI051,Maize,1955.12,2090.0,1,1
2026-09-08,MANDI052,Wheat,2256.29,2275.0,2,1
2026-09-09,MANDI002,Cotton,7280.53,6620.0,1,0
2026-09-09,MANDI004,Rice,2079.0,2183.0,1,1
2026-09-09,MANDI010,Rice,2426.91,2183.0,1,0
2026-09-09,MANDI013,Mustard,5525.0,5650.0,1,1
2026-09-09,MANDI014,Mustard,5358.87,5650.0,1,1
2026-09-09,MANDI016,Maize,2076.99,2090.0,1,1
2026-09-09,MANDI016,Mustard,6097.11,5650.0,1,0
2026-09-09,MANDI018,Maize,2119.5037398450118,2090.0,1,0
2026-09-09,MANDI018,Rice,2145.12,2183.0,1,1
2026-09-09,MANDI019,Wheat,2395.44,2275.0,1,0
2026-09-09,MANDI020,Maize,2300.93,2090.0,1,0
2026-09-09,MANDI020,Rice,2096.29,2183.0,1,1
2026-09-09,MANDI030,Basmati,2515.0,2183.0,1,0
2026-09-09,MANDI039,Narma,6935.49,6620.0,1,0
2026-09-09,MANDI043,Sugarcane,3579.43,3500.0,1,0
2026-09-09,MANDI044,Basmati,2287.0,2183.0,1,0
2026-09-09,MANDI045,Wheat,2196.73,2275.0,1,1
2026-09-09,MANDI052,Mustard,6326.0,5650.0,1,0
2026-09-09,MANDI054,Cotton,6714.0,6620.0,1,0
2026-09-09,MANDI054,Wheat,2160.5699999999997,2275.0,2,2
2026-09-09,MANDI055,Rice,2248.0,2183.0,1,0
2026-09-09,MANDI056,Maize,2253.74,2090.0,1,0
2026-10-01,MANDI005,Sugarcane,3766.18,3500.0,1,0
2026-10-01,MANDI006,Rice,2104.0,2183.0,1,1
2026-10-01,MANDI025,Wheat,2622.02,2275.0,1,0
2026-10-01,MANDI026,Cotton,7231.0,6620.0,1,0
2026-10-01,MANDI027,Rice,2396.54,2183.0,1,0
2026-10-01,MANDI030,Maize,2231.12,2090.0,1,0
2026-10-01,MANDI030,Wheat,2319.34,2275.0,1,0
2026-10-01,MANDI033,Rice,2244.99,2183.0,1,0
2026-10-01,MANDI034,Mustard,5707.42,5650.0,1,0
2026-10-01,MANDI038,Mustard,5452.27,5650.0,1,1
2026-10-01,MANDI044,Rice,2211.1910632976837,2183.0,1,0
2026-10-01,MANDI048,Cotton,6708.0,6620.0,1,0
2026-10-01,MANDI048,Rice,2049.2390833950512,2183.0,1,1
2026-10-02,MANDI001,Rice,1963.239602872228,2183.0,1,1
2026-10-02,MANDI002,Cotton,7142.42,6620.0,1,0
2026-10-02,MANDI006,Cotton,7385.0,6620.0,1,0
2026-10-02,MANDI006,Rice,2213.7,2183.0,1,0
2026-10-02,MANDI011,Wheat,2372.23,2275.0,1,0
2026-10-02,MANDI015,Rice,1962.82,2183.0,1,1
2026-10-02,MANDI016,Wheat,2229.66,2275.0,1,1
2026-10-02,MANDI018,Mustard,5342.67,5650.0,1,1
2026-10-02,MANDI029,Mustard,5407.18,5650.0,1,1
2026-10-02,MANDI029,Rice,2082.39,2183.0,1,1
2026-10-02,MANDI033,Sugarcane,3436.92,3500.0,1,1
2026-10-02,MANDI034,Sugarcane,3437.215651427769,3500.0,1,1
2026-10-02,MANDI037,Rice,2038.24,2183.0,1,1
2026-10-02,MANDI040,Mustard,6020.36,5650.0,1,0
2026-10-02,MANDI041,Wheat,2437.73,2275.0,1,0
2026-10-02,MANDI049,Rice,2301.504513695795,2183.0,1,0
2026-10-02,MANDI051,Wheat,2185.0,2275.0,1,1
2026-10-02,MANDI054,Wheat,2417.01,2275.0,1,0
2026-10-02,MANDI057,Maize,2053.0,2090.0,1,1
2026-10-03,MANDI005,Rice,2322.29,2183.0,1,0
2026-10-03,MANDI005,Sugarcane,3253.38,3500.0,1,1
2026-10-03,MANDI008,Maize,2062.33,2090.0,1,1
2026-10-03,MANDI008,Wheat,2422.0,2275.0,1,0
2026-10-03,MANDI027,Wheat,2401.73,2275.0,2,0
2026-10-03,MANDI036,Cotton,6306.22,6620.0,1,1
2026-10-03,MANDI038,Mustard,5806.0,5650.0,1,0
2026-10-03,MANDI040,Rice,2165.55,2183.0,1,1
2026-10-03,MANDI041,Maize,2019.35,2090.0,1,1
2026-10-03,MANDI045,Mustard,5707.092126572588,5650.0,1,0
2026-10-03,MANDI047,Cotton,6269.61,6620.0,1,1
2026-10-03,MANDI053,Cotton,6796.41,6620.0,1,0
2026-10-04,MANDI001,Cotton,7497.69,6620.0,1,0
2026-10-04,MANDI004,Wheat,2407.0,2275.0,1,0
2026-10-04,MANDI006,Cotton,6587.81,6620.0,1,1
2026-10-04,MANDI025,Rice,2295.0,2183.0,1,0
2026-10-04,MANDI030,Basmati,1957.92,2183.0,1,1
2026-10-04,MANDI033,Mustard,5431.56,5650.0,1,1
2026-10-04,MANDI035,Cotton,5946.0,6620.0,1,1
2026-10-04,MANDI043,Maize,2075.0,2090.0,1,1
2026-10-04,MANDI045,Sugarcane,3829.49,3500.0,1,0
2026-10-04,MANDI049,Sugarcane,3839.6488148930175,3500.0,1,0
2026-10-04,MANDI050,Maize,1981.773075954723,2090.0,1,1
2026-10-04,MANDI053,Mustard,5098.09,5650.0,1,1
2026-10-04,MANDI057,Cotton,7437.0,6620.0,1,0
2026-10-05,MANDI002,Mustard,5981.0,5650.0,1,0
2026-10-05,MANDI002,Narma,7287.08,6620.0,1,0
2026-10-05,MANDI006,Maize,1970.7930670105773,2090.0,1,1
2026-10-05,MANDI008,Cotton,6348.28,6620.0,1,1
2026-10-05,MANDI010,Sugarcane,3295.84,3500.0,1,1
2026-10-05,MANDI011,Cotton,7215.88,6620.0,1,0
2026-10-05,MANDI019,Maize,2065.0,2090.0,1,1
2026-10-05,MANDI021,Maize,2353.0,2090.0,1,0
2026-10-05,MANDI022,Wheat,2078.0,2275.0,1,1
2026-10-05,MANDI035,Sugarcane,3193.26,3500.0,1,1
2026-10-05,MANDI037,Basmati,2375.24,2183.0,1,0
2026-10-05,MANDI038,Mustard,6019.21,5650.0,1,0
2026-10-05,MANDI039,Sugarcane,3516.51,3500.0,1,0
2026-10-05,MANDI046,Maize,1882.98,2090.0,1,1
2026-10-06,MANDI001,Maize,2300.255386337927,2090.0,1,0
2026-10-06,MANDI002,Rice,2119.91,2183.0,1,1
2026-10-06,MANDI003,Narma,6830.487182890035,6620.0,1,0
2026-10-06,MANDI010,Wheat,2561.0,2275.0,1,0
2026-10-06,MANDI014,Maize,2104.19,2090.0,1,0
2026-10-06,MANDI019,Maize,1913.6,2090.0,1,1
2026-10-06,MANDI023,Mustard,5397.12,5650.0,1,1
2026-10-06,MANDI026,Mustard,6060.0,5650.0,1,0
2026-10-06,MANDI028,Mustard,5744.61,5650.0,1,0
2026-10-06,MANDI039,Maize,2265.0,2090.0,1,0
2026-10-06,MANDI039,Mustard,5114.0,5650.0,1,1
2026-10-06,MANDI040,Wheat,2278.48,2275.0,1,0
2026-10-06,MANDI042,Wheat,2428.0,2275.0,1,0
2026-10-06,MANDI047,Sugarcane,3606.86,3500.0,1,0
2026-10-06,MANDI047,Wheat,2580.0,2275.0,1,0
2026-10-06,MANDI050,Wheat,2497.0,2275.0,1,0
2026-10-06,MANDI052,Rice,2269.23,2183.0,1,0
2026-10-06,MANDI055,Wheat,2116.04,2275.0,1,1
2026-10-07,MANDI005,Cotton,6048.15,6620.0,1,1
2026-10-07,MANDI005,Rice,2275.47,2183.0,1,0
2026-10-07,MANDI007,Wheat,2334.0,2275.0,1,0
2026-10-07,MANDI008,Rice,2288.78,2183.0,1,0
2026-10-07,MANDI017,Cotton,7400.305312439906,6620.0,1,0
2026-10-07,MANDI021,Maize,2231.79,2090.0,1,0
2026-10-07,MANDI022,Rice,1954.0,2183.0,1,1
2026-10-07,MANDI025,Mustard,6133.525667086846,5650.0,1,0
2026-10-07,MANDI028,Sugarcane,4029.2,3500.0,1,0
2026-10-07,MANDI031,Mustard,5638.59,5650.0,1,1
2026-10-07,MANDI036,Maize,2123.697583117697,2090.0,1,0
2026-10-07,MANDI036,Wheat,2051.98,2275.0,1,1
2026-10-07,MANDI037,Basmati,2153.46,2183.0,1,1
2026-10-07,MANDI039,Wheat,2095.0,2275.0,1,1
2026-10-07,MANDI045,Sugarcane,3324.16,3500.0,1,1
2026-10-07,MANDI052,Narma,6785.0,6620.0,1,0
2026-10-07,MANDI053,Mustard,6148.6,5650.0,1,0
2026-10-08,MANDI002,Maize,2033.08,2090.0,1,1
2026-10-08,MANDI003,Maize,2376.43,2090.0,1,0
2026-10-08,MANDI007,Rice,2470.38,2183.0,1,0
2026-10-08,MANDI015,Sugarcane,3257.9,3500.0,1,1
2026-10-08,MANDI018,Maize,1990.0,2090.0,1,1
2026-10-08,MANDI030,Maize,2031.58,2090.0,1,1
2026-10-08,MANDI036,Mustard,6101.12,5650.0,1,0
2026-10-08,MANDI038,Sugarcane,3774.0,3500.0,1,0
2026-10-08,MANDI051,Cotton,6723.0,6620.0,1,0
2026-11-01,MANDI005,Rice,2242.4250483533638,2183.0,1,0
2026-11-01,MANDI007,Wheat,2337.77,2275.0,1,0
2026-11-01,MANDI010,Maize,2274.89,2090.0,1,0
2026-11-01,MANDI014,Cotton,6126.3,6620.0,1,1
2026-11-01,MANDI018,Wheat,2414.49,2275.0,1,0
2026-11-01,MANDI026,Sugarcane,3709.63,3500.0,1,0
2026-11-01,MANDI033,Wheat,2402.0,2275.0,1,0
2026-11-01,MANDI036,Maize,2133.29,2090.0,1,0
2026-11-01,MANDI036,Rice,2221.0,2183.0,1,0
2026-11-01,MANDI037,Sugarcane,3768.64,3500.0,1,0
2026-11-01,MANDI046,Wheat,2458.0,2275.0,1,0
2026-11-01,MANDI049,Rice,2095.8,2183.0,1,1
2026-11-01,MANDI057,Cotton,7153.644301484192,6620.0,1,0
2026-11-02,MANDI001,Rice,1928.95,2183.0,1,1
2026-11-02,MANDI001,Sugarcane,3998.0,3500.0,1,0
2026-11-02,MANDI005,Wheat,2598.0,2275.0,1,0
2026-11-02,MANDI017,Cotton,6652.57,6620.0,1,0
2026-11-02,MANDI017,Wheat,2285.6464027511165,2275.0,1,0
2026-11-02,MANDI021,Maize,1944.0,2090.0,1,1
2026-11-02,MANDI023,Cotton,7007.72,6620.0,1,0
2026-11-02,MANDI027,Maize,2084.56,2090.0,1,1
2026-11-02,MANDI027,Mustard,5861.0,5650.0,1,0
2026-11-02,MANDI030,Rice,2398.09,2183.0,1,0
2026-11-02,MANDI039,Wheat,2469.21,2275.0,1,0
2026-11-02,MANDI042,Mustard,6127.63,5650.0,1,0
2026-11-02,MANDI042,Sugarcane,3607.0,3500.0,1,0
2026-11-02,MANDI044,Wheat,2626.764293582477,2275.0,1,0
2026-11-02,MANDI048,Mustard,6217.0,5650.0,1,0
2026-11-02,MANDI052,Cotton,6245.0,6620.0,1,1
2026-11-02,MANDI053,Maize,2028.39,2090.0,1,1
2026-11-02,MANDI053,Rice,2417.6895421918025,2183.0,1,0
2026-11-02,MANDI054,Cotton,7305.99,6620.0,1,0
2026-11-02,MANDI056,Maize,2146.0,2090.0,1,0
2026-11-03,MANDI002,Maize,2113.0,2090.0,1,0
2026-11-03,MANDI012,Mustard,5769.0,5650.0,1,0
2026-11-03,MANDI018,Mustard,5414.0,5650.0,1,1
2026-11-03,MANDI020,Maize,2057.0,2090.0,1,1
2026-11-03,MANDI020,Wheat,2077.643367696678,2275.0,1,1
2026-11-03,MANDI022,Cotton,7319.13,6620.0,1,0
2026-11-03,MANDI030,Maize,2235.23,2090.0,1,0
2026-11-03,MANDI032,Cotton,7105.35485129507,6620.0,1,0
2026-11-03,MANDI039,Rice,2219.1,2183.0,1,0
2026-11-03,MANDI039,Wheat,2121.0,2275.0,1,1
2026-11-03,MANDI042,Mustard,5231.3,5650.0,1,1
2026-11-03,MANDI046,Mustard,5259.53,5650.0,1,1
2026-11-03,MANDI047,Maize,2183.56,2090.0,1,0
2026-11-03,MANDI050,Sugarcane,3596.17,3500.0,1,0
2026-11-03,MANDI051,Mustard,6263.4,5650.0,1,0
2026-11-03,MANDI052,Wheat,2191.0,2275.0,1,1
2026-11-03,MANDI055,Mustard,5846.427531034507,5650.0,1,0
2026-11-03,MANDI055,Rice,2336.0,2183.0,1,0
2026-11-03,MANDI056,Rice,2421.47,2183.0,1,0
2026-11-04,MANDI005,Narma,6837.61463828225,6620.0,1,0
2026-11-04,MANDI013,Sugarcane,3604.82,3500.0,1,0
2026-11-04,MANDI014,Mustard,6116.19,5650.0,1,0
2026-11-04,MANDI016,Wheat,2422.69,2275.0,1,0
2026-11-04,MANDI021,Cotton,6415.727065764002,6620.0,1,1
2026-11-04,MANDI024,Maize,2412.36,2090.0,1,0
2026-11-04,MANDI027,Maize,2024.0,2090.0,1,1
2026-11-04,MANDI048,Mustard,5749.0,5650.0,1,0
2026-11-04,MANDI049,Narma,6884.49,6620.0,1,0
2026-11-04,MANDI050,Rice,2220.982560063984,2183.0,1,0
2026-11-04,MANDI056,Mustard,5955.0,5650.0,1,0
2026-11-05,MANDI002,Wheat,2505.0,2275.0,1,0
2026-11-05,MANDI005,Basmati,2252.18,2183.0,1,0
2026-11-05,MANDI007,Rice,1988.59,2183.0,1,1
2026-11-05,MANDI009,Sugarcane,4089.2,3500.0,1,0
2026-11-05,MANDI010,Sugarcane,3305.135,3500.0,2,2
2026-11-05,MANDI016,Wheat,2537.99,2275.0,1,0
2026-11-05,MANDI025,Mustard,5428.84,5650.0,1,1
2026-11-05,MANDI029,Mustard,5409.76,5650.0,1,1
2026-11-05,MANDI032,Cotton,7100.28,6620.0,1,0
2026-11-05,MANDI033,Mustard,5751.0,5650.0,1,0
2026-11-05,MANDI034,Mustard,6033.41,5650.0,1,0
2026-11-05,MANDI036,Sugarcane,3655.68,3500.0,1,0
2026-11-05,MANDI042,Mustard,5902.0,5650.0,1,0
2026-11-05,MANDI046,Wheat,2050.0,2275.0,1,1
2026-11-05,MANDI050,Mustard,5880.79481780385,5650.0,1,0
2026-11-05,MANDI051,Wheat,2387.0,2275.0,1,0
2026-11-05,MANDI052,Maize,2288.08,2090.0,1,0
2026-11-05,MANDI056,Mustard,5692.0,5650.0,1,0
2026-11-05,MANDI056,Wheat,2399.79,2275.0,1,0
2026-11-05,MANDI057,Mustard,5855.55,5650.0,1,0
2026-11-06,MANDI006,Rice,2019.2,2183.0,1,1
2026-11-06,MANDI009,Cotton,7558.0,6620.0,1,0
2026-11-06,MANDI009,Narma,6053.0,6620.0,1,1
2026-11-06,MANDI017,Rice,2085.87,2183.0,1,1
2026-11-06,MANDI018,Mustard,6355.67,5650.0,2,0
2026-11-06,MANDI020,Cotton,6225.17,6620.0,1,1
2026-11-06,MANDI021,Cotton,7369.95,6620.0,1,0
2026-11-06,MANDI023,Basmati,2416.47,2183.0,1,0
2026-11-06,MANDI026,Cotton,6770.06,6620.0,1,0
2026-11-06,MANDI029,Maize,2276.369537134901,2090.0,1,0
2026-11-06,MANDI030,Wheat,2162.91,2275.0,1,1
2026-11-06,MANDI032,Mustard,5094.0,5650.0,1,1
2026-11-06,MANDI035,Mustard,5415.34,5650.0,1,1
2026-11-06,MANDI045,Maize,2030.59,2090.0,1,1
2026-11-06,MANDI046,Rice,2293.0200000000004,2183.0,2,0
2026-11-06,MANDI046,Wheat,2146.89,2275.0,1,1
2026-11-06,MANDI049,Basmati,2201.32,2183.0,1,0
2026-11-06,MANDI050,Rice,2519.0,2183.0,1,0
2026-11-06,MANDI052,Mustard,5034.88,5650.0,1,1
2026-11-06,MANDI052,Rice,2232.59787255946,2183.0,1,0
2026-11-07,MANDI018,Sugarcane,3879.83,3500.0,1,0
2026-11-07,MANDI020,Mustard,5262.28,5650.0,1,1
2026-11-07,MANDI021,Narma,6776.31,6620.0,1,0
2026-11-07,MANDI022,Rice,2203.0,2183.0,1,0
2026-11-07,MANDI026,Sugarcane,3944.56,3500.0,1,0
2026-11-07,MANDI029,Rice,2145.368355162389,2183.0,1,1
2026-11-07,MANDI031,Cotton,6298.06,6620.0,1,1
2026-11-07,MANDI038,Cotton,7790.0,6620.0,1,0
2026-11-07,MANDI039,Mustard,6103.0,5650.0,1,0
2026-11-07,MANDI041,Cotton,6592.0,6620.0,1,1
2026-11-07,MANDI041,Mustard,5677.23,5650.0,1,0
2026-11-07,MANDI048,Cotton,6065.849129155291,6620.0,1,1
2026-11-07,MANDI051,Narma,6671.48,6620.0,1,0
2026-11-07,MANDI054,Rice,2434.65,2183.0,1,0
2026-11-07,MANDI057,Sugarcane,3389.91,3500.0,1,1
2026-11-08,MANDI007,Maize,1966.6,2090.0,1,1
2026-11-08,MANDI007,Wheat,2543.56,2275.0,1,0
2026-11-08,MANDI018,Mustard,6011.9,5650.0,1,0
2026-11-08,MANDI018,Sugarcane,3214.16,3500.0,1,1
2026-11-08,MANDI024,Sugarcane,3763.0,3500.0,1,0
2026-11-08,MANDI027,Rice,2058.74,2183.0,1,1
2026-11-08,MANDI029,Maize,2032.38,2090.0,1,1
2026-11-08,MANDI029,Wheat,2633.82,2275.0,1,0
2026-11-08,MANDI033,Mustard,5099.6,5650.0,1,1
2026-11-08,MANDI039,Cotton,6571.92,6620.0,1,1
2026-11-08,MANDI040,Mustard,5822.0,5650.0,1,0
2026-11-08,MANDI043,Sugarcane,3432.72,3500.0,1,1
2026-11-08,MANDI044,Sugarcane,3466.0,3500.0,1,1
2026-11-08,MANDI045,Maize,1957.0,2090.0,1,1
2026-11-08,MANDI045,Sugarcane,3524.0,3500.0,1,0
2026-11-08,MANDI046,Narma,6945.0,6620.0,1,0
2026-11-08,MANDI046,Sugarcane,3215.0,3500.0,1,1
2026-11-08,MANDI049,Rice,2327.62,2183.0,1,0
2026-11-08,MANDI049,Sugarcane,3286.210089185356,3500.0,1,1
2026-11-08,MANDI051,Mustard,5959.0,5650.0,1,0
2026-11-08,MANDI051,Sugarcane,3309.28,3500.0,1,1
2026-11-08,MANDI052,Sugarcane,3451.25,3500.0,1,1
2026-11-08,MANDI054,Rice,2329.19,2183.0,1,0
2026-12-01,MANDI004,Mustard,5564.0,5650.0,1,1
2026-12-01,MANDI008,Maize,2060.0,2090.0,1,1
2026-12-01,MANDI011,Maize,1928.34,2090.0,1,1
2026-12-01,MANDI016,Basmati,2080.0,2183.0,1,1
2026-12-01,MANDI017,Mustard,5686.39,5650.0,1,0
2026-12-01,MANDI023,Maize,2256.65,2090.0,1,0
2026-12-01,MANDI023,Sugarcane,3936.97,3500.0,1,0
2026-12-01,MANDI023,Wheat,2419.86,2275.0,1,0
2026-12-01,MANDI024,Wheat,2233.57,2275.0,1,1
2026-12-01,MANDI027,Rice,2295.67,2183.0,1,0
2026-12-01,MANDI028,Sugarcane,3680.07,3500.0,1,0
2026-12-01,MANDI029,Wheat,2222.48,2275.0,2,1
2026-12-01,MANDI031,Wheat,2385.04,2275.0,1,0
2026-12-01,MANDI033,Mustard,4947.0,5650.0,1,1
2026-12-01,MANDI035,Cotton,6228.97,6620.0,1,1
2026-12-01,MANDI035,Maize,2133.0,2090.0,1,0
2026-12-01,MANDI044,Maize,2074.11,2090.0,1,1
2026-12-01,MANDI049,Rice,2505.0,2183.0,1,0
2026-12-01,MANDI053,Wheat,2455.58,2275.0,1,0
2026-12-01,MANDI056,Rice,2400.0,2183.0,1,0
2026-12-02,MANDI012,Cotton,7302.0,6620.0,1,0
2026-12-02,MANDI014,Maize,2246.0,2090.0,1,0
2026-12-02,MANDI014,Sugarcane,3470.0,3500.0,1,1
2026-12-02,MANDI021,Sugarcane,3588.98,3500.0,1,0
2026-12-02,MANDI029,Rice,2463.85,2183.0,1,0
2026-12-02,MANDI029,Wheat,2362.366515723112,2275.0,1,0
2026-12-02,MANDI030,Sugarcane,3498.0,3500.0,1,1
2026-12-02,MANDI035,Sugarcane,3421.68,3500.0,1,1
2026-12-02,MANDI041,Rice,2221.0,2183.0,1,0
2026-12-02,MANDI041,Wheat,2523.15,2275.0,2,0
2026-12-02,MANDI047,Wheat,2193.0,2275.0,1,1
2026-12-02,MANDI048,Sugarcane,3835.19,3500.0,1,0
2026-12-02,MANDI049,Mustard,6325.0,5650.0,1,0
2026-12-02,MANDI053,Rice,2403.0,2183.0,1,0
2026-12-03,MANDI005,Cotton,6637.15,6620.0,1,0
2026-12-03,MANDI007,Mustard,6413.5365093901255,5650.0,1,0
2026-12-03,MANDI011,Maize,2003.58,2090.0,1,1
2026-12-03,MANDI011,Mustard,5946.24,5650.0,1,0
2026-12-03,MANDI012,Maize,2286.0,2090.0,1,0
2026-12-03,MANDI017,Rice,2295.0582685988043,2183.0,1,0
2026-12-03,MANDI018,Maize,2222.0,2090.0,1,0
2026-12-03,MANDI018,Rice,2102.76,2183.0,1,1
2026-12-03,MANDI025,Rice,2241.0,2183.0,1,0
2026-12-03,MANDI035,Mustard,5767.7038100475165,5650.0,1,0
2026-12-03,MANDI041,Mustard,5522.64,5650.0,1,1
2026-12-03,MANDI043,Cotton,6277.0,6620.0,1,1
2026-12-03,MANDI047,Maize,2142.55,2090.0,1,0
2026-12-04,MANDI002,Maize,2289.85,2090.0,1,0
2026-12-04,MANDI002,Sugarcane,3394.96,3500.0,1,1
2026-12-04,MANDI003,Wheat,2285.0,2275.0,1,0
2026-12-04,MANDI004,Cotton,6414.13,6620.0,1,1
2026-12-04,MANDI007,Rice,2021.26,2183.0,1,1
2026-12-04,MANDI010,Rice,2296.46,2183.0,1,0
2026-12-04,MANDI012,Cotton,7176.382391045096,6620.0,1,0
2026-12-04,MANDI016,Wheat,2486.68,2275.0,1,0
2026-12-04,MANDI018,Cotton,6373.0,6620.0,1,1
2026-12-04,MANDI025,Wheat,2162.0,2275.0,1,1
2026-12-04,MANDI026,Rice,2428.239437819129,2183.0,1,0
2026-12-04,MANDI029,Rice,2278.0,2183.0,1,0
2026-12-04,MANDI036,Rice,2200.0,2183.0,1,0
2026-12-04,MANDI037,Maize,2195.6,2090.0,1,0
2026-12-04,MANDI038,Wheat,2189.0,2275.0,1,1
2026-12-04,MANDI041,Rice,2333.26,2183.0,1,0
2026-12-04,MANDI046,Sugarcane,3807.0,3500.0,1,0
2026-12-04,MANDI047,Mustard,5792.0,5650.0,1,0
2026-12-04,MANDI054,Cotton,7603.42,6620.0,1,0
2026-12-04,MANDI056,Sugarcane,3299.31,3500.0,1,1
2026-12-04,MANDI057,Narma,7544.88,6620.0,1,0
2026-12-05,MANDI001,Maize,2082.0,2090.0,1,1
2026-12-05,MANDI001,Mustard,5735.293118888574,5650.0,1,0
2026-12-05,MANDI011,Maize,2161.0,2090.0,1,0
2026-12-05,MANDI011,Mustard,6489.98,5650.0,1,0
2026-12-05,MANDI021,Cotton,6452.844508216249,6620.0,1,1
2026-12-05,MANDI021,Maize,2159.64,2090.0,1,0
2026-12-05,MANDI039,Wheat,2210.17,2275.0,1,1
2026-12-05,MANDI041,Rice,2257.0,2183.0,1,0
2026-12-05,MANDI042,Wheat,2396.78,2275.0,1,0
2026-12-05,MANDI048,Sugarcane,3687.499733204211,3500.0,1,0
2026-12-05,MANDI053,Cotton,6483.71,6620.0,1,1
2026-12-05,MANDI054,Mustard,5521.030000000001,5650.0,2,1
2026-12-05,MANDI057,Maize,2077.357166451168,2090.0,1,1
2026-12-06,MANDI001,Maize,2325.0,2090.0,1,0
2026-12-06,MANDI003,Maize,2260.25,2090.0,1,0
2026-12-06,MANDI004,Sugarcane,3172.14,3500.0,1,1
2026-12-06,MANDI005,Maize,2056.87,2090.0,1,1
2026-12-06,MANDI005,Mustard,6199.82,5650.0,1,0
2026-12-06,MANDI010,Rice,2050.88,2183.0,1,1
2026-12-06,MANDI015,Basmati,2243.71,2183.0,1,0
2026-12-06,MANDI015,Mustard,6189.43,5650.0,1,0
2026-12-06,MANDI029,Maize,2170.0,2090.0,1,0
2026-12-06,MANDI029,Rice,2234.27,2183.0,1,0
2026-12-06,MANDI032,Maize,2202.32,2090.0,1,0
2026-12-06,MANDI035,Rice,2335.08,2183.0,1,0
2026-12-06,MANDI038,Cotton,7043.73,6620.0,1,0
2026-12-06,MANDI040,Sugarcane,3944.36,3500.0,1,0
2026-12-06,MANDI044,Rice,2362.62,2183.0,1,0
2026-12-06,MANDI045,Cotton,7372.13,6620.0,1,0
2026-12-06,MANDI047,Cotton,7330.41,6620.0,1,0
2026-12-07,MANDI011,Cotton,6725.61,6620.0,1,0
2026-12-07,MANDI024,Sugarcane,3661.0,3500.0,1,0
2026-12-07,MANDI025,Basmati,2122.0,2183.0,1,1
2026-12-07,MANDI025,Maize,2135.0,2090.0,1,0
2026-12-07,MANDI026,Mustard,6275.44,5650.0,1,0
2026-12-07,MANDI027,Sugarcane,3683.62,3500.0,1,0
2026-12-07,MANDI033,Cotton,6243.58,6620.0,1,1
2026-12-07,MANDI034,Rice,2226.14,2183.0,1,0
2026-12-07,MANDI035,Mustard,5680.59,5650.0,1,0
2026-12-07,MANDI036,Rice,2407.0,2183.0,1,0
2026-12-07,MANDI045,Rice,2238.753151091706,2183.0,1,0
2026-12-07,MANDI050,Mustard,6177.0,5650.0,1,0
2026-12-07,MANDI050,Wheat,2114.91,2275.0,1,1
2026-12-07,MANDI054,Mustard,5124.0,5650.0,1,1
2026-12-07,MANDI054,Wheat,2240.43,2275.0,1,1
2026-12-07,MANDI055,Maize,2282.0,2090.0,1,0
2026-12-07,MANDI057,Mustard,6295.08,5650.0,1,0
2026-12-08,MANDI001,Sugarcane,3792.23,3500.0,1,0
2026-12-08,MANDI006,Mustard,5985.0,5650.0,1,0
2026-12-08,MANDI007,Cotton,6369.2,6620.0,1,1
2026-12-08,MANDI008,Sugarcane,3520.36,3500.0,1,0
2026-12-08,MANDI011,Maize,2260.0,2090.0,1,0
2026-12-08,MANDI013,Cotton,6284.15,6620.0,1,1
2026-12-08,MANDI014,Wheat,2109.56,2275.0,1,1
2026-12-08,MANDI016,Sugarcane,3555.72,3500.0,1,0
2026-12-08,MANDI017,Mustard,5611.31,5650.0,1,1
2026-12-08,MANDI025,Maize,2079.0,2090.0,1,1
2026-12-08,MANDI028,Sugarcane,3447.3,3500.0,1,1
2026-12-08,MANDI030,Sugarcane,3234.23,3500.0,1,1
2026-12-08,MANDI039,Wheat,2125.0,2275.0,1,1
2026-12-08,MANDI043,Mustard,5576.52,5650.0,1,1
2026-12-08,MANDI047,Narma,6799.0,6620.0,1,0
2026-12-08,MANDI050,Mustard,5787.25,5650.0,1,0
2026-12-08,MANDI054,Cotton,7122.29,6620.0,1,0
2026-12-08,MANDI057,Wheat,2106.976866284643,2275.0,1,1
