date,mandi_id,avg_rainfall_mm,avg_temperature_c,total_arrival_qtl
2026-01-01,MANDI001,15.7,30.38888888888889,637.74
2026-01-01,MANDI003,27.489,28.355555555555558,46.01
2026-01-01,MANDI004,0.4,24.7,428.33
2026-01-01,MANDI009,36.5,34.65555555555556,443.38
2026-01-01,MANDI013,29.458,32.9,128.72
2026-01-01,MANDI015,15.748,24.361111111111114,106.63
2026-01-01,MANDI016,6.095999999999999,28.855555555555558,200.94
2026-01-01,MANDI017,29.7,26.1,441.74
2026-01-01,MANDI018,21.3,28.544444444444448,1145.39
2026-01-01,MANDI020,32.512,31.27777777777778,381.9
2026-01-01,MANDI022,18.288,30.5,314.23
2026-01-01,MANDI023,11.189,19.494444444444447,577.73
2026-01-01,MANDI025,25.444,27.200000000000003,109.18
2026-01-01,MANDI026,41.2,24.222222222222214,327.19
2026-01-01,MANDI027,,15.8,483.91
2026-01-01,MANDI028,34.29,26.77777777777778,418.32
2026-01-01,MANDI029,,20.88888888888889,335.88
2026-01-01,MANDI030,18.762,29.03333333333333,165.48
2026-01-01,MANDI033,22.222,19.2,372.13
2026-01-01,MANDI034,20.828,39.27777777777778,389.13
2026-01-01,MANDI035,25.75,,34.04
2026-01-01,MANDI039,,34.488888888888894,478.81
2026-01-01,MANDI043,33.6,23.1,728.26
2026-01-01,MANDI046,9.1,39.8,543.49
2026-01-01,MANDI047,28.964,27.055555555555557,259.3
2026-01-01,MANDI049,29.3,39.8,124.05
2026-01-01,MANDI050,2.0,27.11111111111111,326.77
2026-01-02,MANDI003,24.9,37.11111111111112,415.78
2026-01-02,MANDI004,34.888,,289.72
2026-01-02,MANDI006,7.2,21.7,309.96
2026-01-02,MANDI008,14.8,15.2,549.96
2026-01-02,MANDI009,22.436666666666667,31.007407407407413,491.5
2026-01-02,MANDI010,47.117,21.733333333333334,377.92
2026-01-02,MANDI013,27.3,,173.18
2026-01-02,MANDI014,37.7,,301.34000000000003
2026-01-02,MANDI015,11.701,31.299999999999997,869.69
2026-01-02,MANDI017,9.652,18.72222222222222,405.37
2026-01-02,MANDI019,12.55,34.7,394.72
2026-01-02,MANDI023,39.9,20.2,497.01
2026-01-02,MANDI025,,25.611111111111107,893.73
2026-01-02,MANDI026,,,183.07
2026-01-02,MANDI027,13.0,,1169.06
2026-01-02,MANDI028,29.972,35.5,733.54
2026-01-02,MANDI029,27.225333333333335,29.0,613.73
2026-01-02,MANDI030,14.9,31.27777777777778,467.94
2026-01-02,MANDI032,41.7,,395.84
2026-01-02,MANDI034,33.712,26.738888888888887,428.35
2026-01-02,MANDI038,25.83,31.549999999999997,51.51
2026-01-02,MANDI039,43.18,21.888888888888893,533.51
2026-01-02,MANDI040,35.81399999999999,30.13888888888889,506.32
2026-01-02,MANDI041,6.35,,908.25
2026-01-02,MANDI042,40.2,33.37407407407407,83.52000000000001
2026-01-02,MANDI043,25.908,35.0,159.19
2026-01-02,MANDI044,18.542,31.8,973.03
2026-01-02,MANDI046,36.8,27.6962962962963,534.3000000000001
2026-01-02,MANDI048,,19.5,421.15
2026-01-02,MANDI050,14.9,37.3,23.65
2026-01-03,MANDI004,3.7,23.0,110.58
2026-01-03,MANDI005,1.27,17.7,457.99
2026-01-03,MANDI006,,,302.59
2026-01-03,MANDI007,,18.5,44.44
2026-01-03,MANDI011,20.3,36.5,639.31
2026-01-03,MANDI015,35.29,26.51111111111111,458.84000000000003
2026-01-03,MANDI016,6.7,23.38888888888889,772.4300000000001
2026-01-03,MANDI018,32.147999999999996,17.455555555555556,270.79
2026-01-03,MANDI021,36.6,27.38888888888889,373.9
2026-01-03,MANDI023,20.901333333333334,23.333333333333332,800.1
2026-01-03,MANDI025,18.901999999999997,28.88888888888889,292.49
2026-01-03,MANDI026,34.798,26.21111111111111,85.7
2026-01-03,MANDI028,22.028666666666666,38.2,35.86
2026-01-03,MANDI029,19.245,26.95,187.8
2026-01-03,MANDI030,35.2,25.2,172.62
2026-01-03,MANDI032,35.81399999999999,39.0,432.17
2026-01-03,MANDI033,41.7,22.6,399.92999999999995
2026-01-03,MANDI035,31.242,26.22222222222222,428.52
2026-01-03,MANDI036,28.28933333333333,17.75925925925926,386.18
2026-01-03,MANDI038,,24.2,355.28
2026-01-03,MANDI039,32.166666666666664,21.40555555555555,263.58
2026-01-03,MANDI040,14.950000000000001,20.861111111111114,87.06
2026-01-03,MANDI041,,25.222222222222225,1114.19
2026-01-03,MANDI042,43.4,20.3,227.48
2026-01-03,MANDI044,,18.4,1182.25
2026-01-03,MANDI045,27.788,26.099999999999998,218.62
2026-01-03,MANDI047,17.229333333333333,28.85185185185185,365.83
2026-01-03,MANDI049,10.1,15.3,520.64
2026-01-04,MANDI001,34.036,33.7,953.06
2026-01-04,MANDI007,14.3,31.2,236.55
2026-01-04,MANDI008,34.835,28.15,268.25
2026-01-04,MANDI009,15.65,31.261111111111113,396.86
2026-01-04,MANDI010,,38.9,279.35
2026-01-04,MANDI011,37.6,31.4,476.37
2026-01-04,MANDI013,17.4,29.11111111111111,290.87
2026-01-04,MANDI015,31.4,22.405555555555555,1029.06
2026-01-04,MANDI018,,,386.84
2026-01-04,MANDI019,40.809333333333335,36.2,249.78000000000003
2026-01-04,MANDI021,16.34,28.6,933.63
2026-01-04,MANDI023,47.0,38.2,466.13
2026-01-04,MANDI026,24.701999999999998,25.53888888888889,226.23
2026-01-04,MANDI027,49.3,21.944444444444446,672.3
2026-01-04,MANDI028,31.3,23.4,323.09
2026-01-04,MANDI030,44.7,37.72222222222222,420.11
2026-01-04,MANDI031,5.1,25.500000000000004,54.69
2026-01-04,MANDI036,,20.7,381.96000000000004
2026-01-04,MANDI038,9.398,20.3,561.5699999999999
2026-01-04,MANDI039,0.6,,112.35999999999999
2026-01-04,MANDI040,21.0,31.3,308.12
2026-01-04,MANDI041,10.6,30.0,338.51
2026-01-04,MANDI043,31.6,30.2,692.8699999999999
2026-01-04,MANDI047,,,221.63
2026-01-04,MANDI048,,29.9,231.5
2026-01-04,MANDI049,11.1,39.1,401.95
2026-01-04,MANDI050,34.3,,321.11
2026-01-05,MANDI001,23.75,31.0,307.42
2026-01-05,MANDI003,27.35,30.049999999999997,941.5200000000001
2026-01-05,MANDI005,,23.1,642.04
2026-01-05,MANDI006,33.75,34.75,232.15
2026-01-05,MANDI011,34.3,,329.72
2026-01-05,MANDI012,28.0,39.1,224.36
2026-01-05,MANDI013,39.150000000000006,35.0,879.25
2026-01-05,MANDI019,7.1,21.094444444444445,496.78
2026-01-05,MANDI020,44.0,27.6,1197.85
2026-01-05,MANDI022,31.9,35.72222222222222,510.14
2026-01-05,MANDI023,1.8,21.6,1380.38
2026-01-05,MANDI026,28.261499999999998,27.197222222222223,238.81
2026-01-05,MANDI027,,17.22222222222222,813.53
2026-01-05,MANDI029,45.339,27.2,441.76
2026-01-05,MANDI034,23.7,38.3,416.38
2026-01-05,MANDI035,23.2,36.4,157.31
2026-01-05,MANDI036,23.46666666666667,35.7,209.24
2026-01-05,MANDI038,24.411333333333335,35.455555555555556,212.3
2026-01-05,MANDI040,16.5,27.21111111111111,1005.65
2026-01-05,MANDI042,14.8,27.329629629629633,792.52
2026-01-05,MANDI044,,26.1,154.56
2026-01-05,MANDI046,30.900000000000002,,405.30999999999995
2026-01-05,MANDI048,6.0,,710.47
2026-01-06,MANDI003,36.925,30.361111111111114,359.31
2026-01-06,MANDI004,33.9,29.77037037037037,75.99
2026-01-06,MANDI005,36.322,,157.92
2026-01-06,MANDI006,18.0,16.0,514.5899999999999
2026-01-06,MANDI007,36.1,35.22222222222222,1110.08
2026-01-06,MANDI012,13.6,32.72222222222222,32.91
2026-01-06,MANDI013,14.4,26.088888888888885,644.19
2026-01-06,MANDI014,46.4,17.0,87.92
2026-01-06,MANDI016,44.4,33.05555555555556,732.1099999999999
2026-01-06,MANDI017,,34.4,677.91
2026-01-06,MANDI019,20.2,24.61111111111111,1300.1
2026-01-06,MANDI020,39.6,21.8,505.91
2026-01-06,MANDI021,41.9,,451.48
2026-01-06,MANDI028,,30.7,218.92999999999998
2026-01-06,MANDI032,12.9,15.11111111111111,186.33
2026-01-06,MANDI033,15.748,33.4,1139.78
2026-01-06,MANDI034,15.933333333333332,35.5,297.5
2026-01-06,MANDI036,5.842,20.3,586.01
2026-01-06,MANDI039,47.0,37.5,69.73
2026-01-06,MANDI042,35.8,28.16111111111111,158.63
2026-01-06,MANDI043,45.5,17.8,693.8199999999999
2026-01-06,MANDI044,38.3,19.77777777777777,73.94
2026-01-06,MANDI046,8.7,25.0,302.58
2026-01-07,MANDI003,3.556,25.11111111111111,230.31
2026-01-07,MANDI004,13.7,24.644444444444446,522.4300000000001
2026-01-07,MANDI005,8.4,28.9,237.8
2026-01-07,MANDI007,17.276999999999997,27.61111111111111,319.54999999999995
2026-01-07,MANDI008,29.965999999999998,15.4,249.5
2026-01-07,MANDI009,13.4,37.25,468.1
2026-01-07,MANDI011,39.242999999999995,17.6,226.72
2026-01-07,MANDI012,31.842000000000002,32.64074074074074,587.63
2026-01-07,MANDI015,5.1,25.333333333333336,442.02
2026-01-07,MANDI019,29.21,15.1,1290.9
2026-01-07,MANDI022,31.372999999999998,38.388888888888886,386.11
2026-01-07,MANDI023,9.0,29.5,195.32
2026-01-07,MANDI024,19.218,24.900000000000002,88.52000000000001
2026-01-07,MANDI026,25.953333333333333,31.233333333333334,616.06
2026-01-07,MANDI027,15.609,21.049999999999997,486.91
2026-01-07,MANDI028,21.950000000000003,23.13888888888889,72.06
2026-01-07,MANDI029,25.6,37.8,181.37
2026-01-07,MANDI032,6.0,21.3,110.9
2026-01-07,MANDI033,34.545,32.7,290.7
2026-01-07,MANDI034,15.5,37.19444444444444,335.97
2026-01-07,MANDI035,,,82.97
2026-01-07,MANDI037,20.7,31.7,230.79000000000002
2026-01-07,MANDI038,,16.8,745.02
2026-01-07,MANDI041,36.57599999999999,28.88888888888889,700.3
2026-01-07,MANDI045,4.7,35.5,195.58
2026-01-07,MANDI048,23.08,21.958333333333332,390.08
2026-01-07,MANDI050,43.0,24.3,10.6
2026-01-08,MANDI001,23.9,,289.39
2026-01-08,MANDI002,36.0,33.45,314.93
2026-01-08,MANDI004,16.2,18.000000000000004,192.95
2026-01-08,MANDI007,2.032,23.4,88.19
2026-01-08,MANDI008,24.765,27.6,140.02
2026-01-08,MANDI009,,37.888888888888886,918.8
2026-01-08,MANDI010,35.0,34.0,479.3
2026-01-08,MANDI011,49.6,21.722222222222214,268.44
2026-01-08,MANDI021,21.9,35.6,409.66
2026-01-08,MANDI024,33.0,34.6,381.71
2026-01-08,MANDI028,12.200000000000001,17.22222222222222,736.75
2026-01-08,MANDI029,35.2,35.8,29.68
2026-01-08,MANDI033,39.1,17.2,467.41
2026-01-08,MANDI034,,34.77777777777778,340.83
2026-01-08,MANDI036,32.4,21.6,884.71
2026-01-08,MANDI038,,30.0,369.03
2026-01-08,MANDI039,43.4,30.88888888888889,474.09000000000003
2026-01-08,MANDI040,11.938,39.11111111111112,319.57
2026-01-08,MANDI041,10.232,21.5,381.73
2026-01-08,MANDI042,14.326,25.7,948.1500000000001
2026-01-08,MANDI044,41.8,23.111111111111107,827.13
2026-01-08,MANDI049,31.242,20.805555555555557,842.6800000000001
2026-01-09,MANDI003,25.1,22.83888888888889,63.24
2026-01-09,MANDI004,34.314,19.866666666666667,399.47
2026-01-09,MANDI005,8.366666666666667,23.45,621.87
2026-01-09,MANDI006,12.1,34.0,1374.0900000000001
2026-01-09,MANDI008,33.8,31.5,306.41
2026-01-09,MANDI010,13.955333333333334,34.06111111111111,575.29
2026-01-09,MANDI011,28.5,33.888888888888886,433.15999999999997
2026-01-09,MANDI012,6.8,26.0,839.71
2026-01-09,MANDI014,34.2,23.1,447.78
2026-01-09,MANDI022,35.3,27.61111111111111,77.21999999999998
2026-01-09,MANDI023,41.176,26.43888888888889,389.59
2026-01-09,MANDI025,7.6499999999999995,22.450000000000003,460.12
2026-01-09,MANDI026,43.8,19.5,895.14
2026-01-09,MANDI027,19.3,31.3,361.11
2026-01-09,MANDI029,8.213,33.85,322.03000000000003
2026-01-09,MANDI031,49.9,34.5,137.39
2026-01-09,MANDI033,14.024000000000001,24.0,678.01
2026-01-09,MANDI035,26.299999999999997,34.5,329.53
2026-01-09,MANDI037,,33.7,17.66
2026-01-09,MANDI038,32.0,21.0,1290.11
2026-01-09,MANDI043,1.1,32.599999999999994,484.82
2026-01-09,MANDI044,31.299999999999997,37.35555555555556,1192.76
2026-01-09,MANDI045,7.0,26.549999999999997,534.74
2026-01-09,MANDI049,3.4,37.388888888888886,339.93
2026-01-10,MANDI007,27.450999999999997,32.8,654.51
2026-01-10,MANDI011,37.592,38.9,77.38
2026-01-10,MANDI013,,,13.09
2026-01-10,MANDI017,37.055,33.08888888888889,400.4
2026-01-10,MANDI023,19.9,39.9,124.18
2026-01-10,MANDI024,,22.8,696.26
2026-01-10,MANDI028,,36.5,60.67
2026-01-10,MANDI029,14.2,26.255555555555553,51.61
2026-01-10,MANDI032,10.7,23.77777777777778,422.68
2026-01-10,MANDI035,26.739333333333335,23.49259259259259,345.47
2026-01-10,MANDI044,,38.5,639.86
2026-01-10,MANDI047,21.721333333333334,26.9,139.39
2026-01-10,MANDI048,18.7,26.4,1105.5
2026-01-10,MANDI049,10.2,38.47222222222222,376.2
2026-01-11,MANDI005,18.162,17.9,134.0
2026-01-11,MANDI006,11.0,25.09444444444444,28.16
2026-01-11,MANDI008,2.54,19.61111111111111,398.34
2026-01-11,MANDI013,29.1,25.72222222222222,576.39
2026-01-11,MANDI018,,23.3,317.83
2026-01-11,MANDI020,30.873333333333335,26.78333333333333,226.08
2026-01-11,MANDI021,31.15,25.825925925925926,368.76
2026-01-11,MANDI022,28.275,27.71111111111111,153.18
2026-01-11,MANDI025,,36.2,23.24
2026-01-11,MANDI034,22.225,32.75,469.35
2026-01-11,MANDI039,28.701999999999995,38.2,454.59
2026-01-11,MANDI041,29.5,27.055555555555557,564.36
2026-01-11,MANDI046,14.736,17.11111111111111,393.27
2026-01-11,MANDI047,21.8,17.5,417.13
2026-01-11,MANDI048,10.0,37.5,174.29
2026-01-11,MANDI049,41.7,39.4,545.0
2026-01-11,MANDI050,41.4,19.88888888888889,308.05
2026-01-12,MANDI002,19.5,17.7,275.18
2026-01-12,MANDI006,12.433333333333335,26.351851851851848,375.8
2026-01-12,MANDI008,18.9,29.5,175.45
2026-01-12,MANDI021,8.3,,105.42
2026-01-12,MANDI023,42.647999999999996,20.35,369.07
2026-01-12,MANDI025,1.9,23.3,553.9200000000001
2026-01-12,MANDI026,27.686,,85.47
2026-01-12,MANDI032,,19.3,353.7099999999999
2026-01-12,MANDI038,37.9,,340.56
2026-01-12,MANDI039,24.3,20.0,344.17
2026-01-12,MANDI042,22.96,18.7,751.65
2026-01-12,MANDI043,14.9,26.225925925925925,172.0
2026-01-13,MANDI001,31.597,38.61111111111112,140.36
2026-01-13,MANDI007,2.0,29.6,119.44
2026-01-13,MANDI008,20.085,23.22222222222222,873.11
2026-01-13,MANDI012,18.2,16.4,348.56
2026-01-13,MANDI013,35.306,,441.63
2026-01-13,MANDI021,41.6,31.7,460.89
2026-01-13,MANDI024,,,410.76
2026-01-13,MANDI025,47.9,29.7,80.4
2026-01-13,MANDI028,36.45,27.222222222222218,518.21
2026-01-13,MANDI030,6.858,33.138888888888886,242.39
2026-01-13,MANDI035,,18.0,554.04
2026-01-13,MANDI036,43.2,23.583333333333336,341.33
2026-01-13,MANDI040,23.6,37.27777777777778,230.9
2026-01-13,MANDI043,23.9,31.61111111111111,145.57
2026-01-13,MANDI046,31.7,28.8,441.83
2026-01-13,MANDI047,22.606,17.0,286.87
2026-01-13,MANDI048,41.455,24.555555555555557,753.66
2026-01-13,MANDI050,50.038,15.38888888888889,974.69
2026-01-14,MANDI002,19.6,20.8,456.91999999999996
2026-01-14,MANDI004,17.0,27.77777777777778,520.89
2026-01-14,MANDI006,26.593000000000004,37.888888888888886,593.74
2026-01-14,MANDI010,49.784,24.0,632.41
2026-01-14,MANDI011,30.9,26.38888888888889,314.18
2026-01-14,MANDI012,22.450000000000003,29.07037037037037,227.11
2026-01-14,MANDI013,27.8,29.8,708.54
2026-01-14,MANDI015,25.099999999999998,24.207407407407405,325.03
2026-01-14,MANDI016,24.384,28.111111111111107,405.43
2026-01-14,MANDI021,40.259,23.527777777777782,486.9
2026-01-14,MANDI022,40.7,21.207407407407405,133.11
2026-01-14,MANDI025,6.0,20.7,261.61
2026-01-14,MANDI026,14.1,25.0,736.6899999999999
2026-01-14,MANDI030,,24.9,117.69
2026-01-14,MANDI031,18.034,34.111111111111114,374.1
2026-01-14,MANDI034,46.2,26.8,196.82
2026-01-14,MANDI036,,19.7,778.29
2026-01-14,MANDI040,33.7,25.11111111111111,318.21
2026-01-14,MANDI041,1.8,38.6,655.2
2026-01-14,MANDI043,23.8,31.06111111111111,554.28
2026-01-14,MANDI044,27.5,27.77777777777778,629.0300000000001
2026-01-14,MANDI050,,16.0,810.14
2026-01-15,MANDI001,32.5,26.155555555555555,479.97
2026-01-15,MANDI002,39.5,25.755555555555553,902.71
2026-01-15,MANDI003,19.2,17.11111111111111,270.69
2026-01-15,MANDI006,43.18,16.5,221.89
2026-01-15,MANDI007,34.036,27.35,171.78
2026-01-15,MANDI010,44.191,33.861111111111114,1192.78
2026-01-15,MANDI013,,35.27777777777778,1000.74
2026-01-15,MANDI014,13.1,22.95,391.13
2026-01-15,MANDI015,,33.611111111111114,45.76
2026-01-15,MANDI016,,,53.959999999999994
2026-01-15,MANDI017,4.318,24.61111111111111,398.54
2026-01-15,MANDI019,14.986,39.4,174.63
2026-01-15,MANDI020,9.4,34.1,367.06
2026-01-15,MANDI021,32.2,18.77777777777778,270.75
2026-01-15,MANDI022,,24.27777777777778,51.8
2026-01-15,MANDI023,9.5,,248.59000000000003
2026-01-15,MANDI027,3.302,25.5,289.4
2026-01-15,MANDI029,31.95,28.700000000000003,463.75
2026-01-15,MANDI032,1.5239999999999998,18.9,942.69
2026-01-15,MANDI035,39.43333333333333,32.09444444444444,399.26
2026-01-15,MANDI039,,26.8,429.6
2026-01-15,MANDI041,4.5,24.7,266.72
2026-01-15,MANDI043,29.9,31.72222222222222,401.51
2026-01-16,MANDI002,20.6,30.0,116.69
2026-01-16,MANDI003,21.8,17.72222222222222,142.16
2026-01-16,MANDI006,31.9,31.38888888888889,78.89
2026-01-16,MANDI007,18.796,33.0,521.53
2026-01-16,MANDI009,17.022666666666666,30.650000000000002,320.5
2026-01-16,MANDI010,27.558999999999997,25.35,919.05
2026-01-16,MANDI011,28.5,27.862962962962964,358.12
2026-01-16,MANDI012,16.3,30.27777777777778,67.46000000000001
2026-01-16,MANDI013,45.7,26.5,896.85
2026-01-16,MANDI015,21.4,30.7,486.27
2026-01-16,MANDI016,7.9,32.8,1057.6599999999999
2026-01-16,MANDI018,33.8,,82.22
2026-01-16,MANDI024,8.1,37.7,634.19
2026-01-16,MANDI026,14.9,29.71111111111111,37.08
2026-01-16,MANDI027,6.2,38.96111111111111,467.39
2026-01-16,MANDI029,13.959000000000001,36.0,402.04
2026-01-16,MANDI032,29.950000000000003,27.238888888888887,474.59
2026-01-16,MANDI035,30.2,29.42777777777778,17.97
2026-01-16,MANDI036,48.00599999999999,30.2,811.63
2026-01-16,MANDI038,31.900000000000002,33.111111111111114,541.05
2026-01-16,MANDI046,42.7,,413.07
2026-01-16,MANDI047,30.5,,271.37
2026-01-16,MANDI048,19.8,25.777777777777786,274.84000000000003
2026-01-17,MANDI004,12.8,,359.09
2026-01-17,MANDI006,32.6,29.861111111111114,424.84
2026-01-17,MANDI010,26.82,29.999999999999996,292.14
2026-01-17,MANDI016,30.5,29.72222222222222,254.61
2026-01-17,MANDI017,36.1,19.0,823.33
2026-01-17,MANDI021,46.753,39.59444444444444,333.68
2026-01-17,MANDI022,7.874,,174.08
2026-01-17,MANDI023,45.212,23.8,22.75
2026-01-17,MANDI027,37.25,33.75,109.76
2026-01-17,MANDI028,27.05,31.87037037037037,113.72
2026-01-17,MANDI029,43.5,27.11111111111111,298.76
2026-01-17,MANDI030,19.4,33.0,369.28999999999996
2026-01-17,MANDI033,16.425,24.22777777777778,564.1800000000001
2026-01-17,MANDI035,42.70533333333333,34.13333333333333,307.32
2026-01-17,MANDI038,,32.888888888888886,551.37
2026-01-17,MANDI041,48.0,33.77777777777778,243.51
2026-01-17,MANDI045,49.6,20.3,560.13
2026-01-17,MANDI046,37.084,29.22222222222222,527.78
2026-01-17,MANDI047,14.35,36.9,76.92
2026-01-17,MANDI048,31.1,24.4,321.02
2026-01-18,MANDI005,14.731999999999998,26.450000000000003,373.62
2026-01-18,MANDI007,31.567,26.829629629629633,282.58
2026-01-18,MANDI008,37.8,18.3,605.78
2026-01-18,MANDI009,44.8,,204.88
2026-01-18,MANDI012,16.2,38.9,246.84
2026-01-18,MANDI013,41.0,33.9,270.14
2026-01-18,MANDI017,25.7,31.35,501.94
2026-01-18,MANDI020,9.1,,580.92
2026-01-18,MANDI022,26.3,16.6,1048.6100000000001
2026-01-18,MANDI026,16.933333333333334,28.38888888888889,44.49
2026-01-18,MANDI027,28.2,32.888888888888886,675.21
2026-01-18,MANDI028,38.9,27.66111111111111,945.74
2026-01-18,MANDI029,2.54,,280.78
2026-01-18,MANDI033,37.338,32.388888888888886,396.43
2026-01-18,MANDI034,27.0,,422.11
2026-01-18,MANDI036,,34.611111111111114,304.0
2026-01-18,MANDI037,28.0,24.3,951.71
2026-01-18,MANDI046,28.448,26.805555555555557,1125.58
2026-01-19,MANDI002,28.1,23.35,287.81
2026-01-19,MANDI007,,23.3,77.97
2026-01-19,MANDI008,5.334,37.11111111111112,322.03
2026-01-19,MANDI009,36.1,,46.67
2026-01-19,MANDI013,44.95,20.5,155.04
2026-01-19,MANDI014,32.004,17.3,290.17
2026-01-19,MANDI015,34.516666666666666,22.72962962962963,324.75
2026-01-19,MANDI016,0.9,31.72222222222222,289.02
2026-01-19,MANDI017,18.464,27.774074074074075,43.45
2026-01-19,MANDI021,45.212,16.61111111111111,663.52
2026-01-19,MANDI023,44.1,18.22222222222222,562.71
2026-01-19,MANDI028,46.4,16.7,1305.6399999999999
2026-01-19,MANDI030,18.375,30.044444444444444,409.65999999999997
2026-01-19,MANDI031,24.892,18.3,462.88
2026-01-19,MANDI032,4.8,27.7,832.4
2026-01-19,MANDI036,40.386,,774.72
2026-01-19,MANDI041,12.3,22.2,323.97
2026-01-19,MANDI043,16.1,33.83333333333333,361.0
2026-01-19,MANDI044,29.650000000000002,19.361111111111114,447.56
2026-01-19,MANDI047,25.099999999999998,24.93703703703704,1078.38
2026-01-19,MANDI049,34.815999999999995,32.27407407407407,745.0200000000001
2026-01-19,MANDI050,32.1,33.5,1432.56
2026-01-20,MANDI002,29.972,35.22222222222222,51.22
2026-01-20,MANDI003,34.036,38.7,736.4
2026-01-20,MANDI004,9.642,31.944444444444446,196.35
2026-01-20,MANDI007,4.0,25.994444444444444,156.67
2026-01-20,MANDI008,15.1,33.5,1337.99
2026-01-20,MANDI011,22.633333333333336,29.03888888888889,713.0799999999999
2026-01-20,MANDI016,11.95,22.805555555555557,323.51
2026-01-20,MANDI018,11.45,34.55,79.19
2026-01-20,MANDI019,2.54,38.3,34.37
2026-01-20,MANDI021,21.0,,463.91
2026-01-20,MANDI023,23.114,32.988888888888894,93.02
2026-01-20,MANDI024,45.72,,723.47
2026-01-20,MANDI025,19.4,26.703703703703706,323.22
2026-01-20,MANDI026,48.3,32.388888888888886,386.08
2026-01-20,MANDI031,,38.388888888888886,633.72
2026-01-20,MANDI033,34.744,21.8,268.89
2026-01-20,MANDI037,18.034,,444.72
2026-01-20,MANDI042,7.7,23.4,924.43
2026-01-20,MANDI044,2.9,15.0,555.31
2026-01-20,MANDI046,39.878,28.111111111111107,50.31
2026-01-20,MANDI050,5.08,23.88888888888889,455.91
2026-01-21,MANDI001,33.339,37.0,358.76000000000005
2026-01-21,MANDI002,34.4,30.72222222222222,326.84
2026-01-21,MANDI003,32.0,21.38888888888889,336.29
2026-01-21,MANDI005,,39.7,662.4100000000001
2026-01-21,MANDI006,21.2,33.3,640.1000000000001
2026-01-21,MANDI011,33.1,39.09444444444444,423.37
2026-01-21,MANDI014,36.1,29.7,380.59
2026-01-21,MANDI015,32.2,26.23888888888889,761.56
2026-01-21,MANDI017,7.2,25.7,596.5500000000001
2026-01-21,MANDI020,32.512,19.166666666666664,411.73
2026-01-21,MANDI021,21.572,19.00740740740741,481.78
2026-01-21,MANDI025,13.8,15.1,834.1700000000001
2026-01-21,MANDI027,9.7,17.77777777777778,414.8
2026-01-21,MANDI029,33.2,26.3,273.46
2026-01-21,MANDI030,14.9,,158.81
2026-01-21,MANDI031,27.845,18.5,480.94
2026-01-21,MANDI033,48.8,20.72222222222222,465.65000000000003
2026-01-21,MANDI035,48.1,20.3,1090.3600000000001
2026-01-21,MANDI036,27.375,30.2,575.53
2026-01-21,MANDI037,18.45,27.722222222222225,146.21
2026-01-21,MANDI038,2.3,24.222222222222214,322.36
2026-01-21,MANDI041,28.71,23.333333333333336,459.90999999999997
2026-01-21,MANDI044,19.5,16.2,852.96
2026-01-21,MANDI048,36.833333333333336,25.444444444444443,1004.1000000000001
2026-01-21,MANDI049,23.255000000000003,22.094444444444445,59.33
2026-01-22,MANDI004,12.1,28.09444444444444,576.13
2026-01-22,MANDI007,24.243000000000002,19.855555555555554,250.96
2026-01-22,MANDI009,31.7,26.1,483.34999999999997
2026-01-22,MANDI011,15.7,28.500000000000007,1255.67
2026-01-22,MANDI012,24.8,24.7,664.48
2026-01-22,MANDI015,28.1,38.72222222222222,213.33
2026-01-22,MANDI019,48.5,32.988888888888894,182.01
2026-01-22,MANDI020,16.55,28.77777777777778,821.08
2026-01-22,MANDI021,11.9,29.88888888888889,512.74
2026-01-22,MANDI024,17.8,27.5,432.3
2026-01-22,MANDI025,43.6,21.607407407407404,465.54
2026-01-22,MANDI027,14.224,23.88888888888889,760.53
2026-01-22,MANDI030,12.0,,466.28000000000003
2026-01-22,MANDI032,39.878,28.9,136.48
2026-01-22,MANDI034,25.9,,236.04
2026-01-22,MANDI036,,24.88888888888889,127.44
2026-01-22,MANDI037,32.8,29.11111111111111,250.26
2026-01-22,MANDI041,,18.0,507.06999999999994
2026-01-22,MANDI042,25.4,21.22222222222222,715.0
2026-01-22,MANDI046,10.597,,66.76
2026-01-22,MANDI048,27.7,24.222222222222214,319.14
2026-01-22,MANDI050,29.299999999999997,24.255555555555553,1456.92
2026-01-23,MANDI001,22.479,29.088888888888892,218.23
2026-01-23,MANDI004,24.638,31.0,648.1600000000001
2026-01-23,MANDI005,39.647999999999996,28.737037037037037,153.37
2026-01-23,MANDI009,22.9,34.400000000000006,963.94
2026-01-23,MANDI012,38.3,20.11111111111111,513.22
2026-01-23,MANDI013,22.8,19.6,93.02
2026-01-23,MANDI014,18.537333333333333,21.62962962962963,476.1
2026-01-23,MANDI016,41.92400000000001,19.25,354.9
2026-01-23,MANDI023,30.2,21.305555555555557,76.04
2026-01-23,MANDI025,30.099,32.57037037037038,299.39
2026-01-23,MANDI028,10.7,,88.3
2026-01-23,MANDI037,,30.9,413.76
2026-01-23,MANDI038,2.9,22.4,688.49
2026-01-23,MANDI043,15.0,22.1,1831.37
2026-01-23,MANDI044,21.336,21.7,229.5
2026-01-23,MANDI046,24.9,34.72222222222222,349.35
2026-01-23,MANDI048,29.2,31.77777777777778,1012.6
2026-01-23,MANDI049,9.6,32.4,350.33
2026-01-23,MANDI050,9.4,24.3,96.47
2026-01-24,MANDI001,1.5239999999999998,34.6,306.59
2026-01-24,MANDI006,27.776666666666667,28.707407407407405,524.17
2026-01-24,MANDI008,15.9,25.8,389.39
2026-01-24,MANDI009,23.4,23.694444444444443,599.64
2026-01-24,MANDI010,29.3,21.611111111111114,145.6
2026-01-24,MANDI013,49.4,20.7,646.99
2026-01-24,MANDI015,,17.5,1134.77
2026-01-24,MANDI016,32.6,15.5,262.17
2026-01-24,MANDI017,1.4,25.27777777777778,699.22
2026-01-24,MANDI018,12.097999999999999,29.44074074074074,43.37
2026-01-24,MANDI019,0.4,19.5,278.05
2026-01-24,MANDI021,18.965333333333334,23.729629629629628,1270.5
2026-01-24,MANDI029,47.752,,126.47
2026-01-24,MANDI031,40.3,20.25,438.67
2026-01-24,MANDI032,26.889,22.166666666666664,716.7
2026-01-24,MANDI033,40.386,33.27777777777778,652.16
2026-01-24,MANDI035,27.47,26.733333333333334,645.46
2026-01-24,MANDI038,36.2,33.0,414.61
2026-01-24,MANDI039,36.134,21.796296296296294,991.98
2026-01-24,MANDI041,27.178,,48.85
2026-01-24,MANDI042,26.75,24.98148148148148,641.85
2026-01-24,MANDI044,30.988,16.8,241.45
2026-01-24,MANDI045,22.5,25.08888888888889,443.53
2026-01-24,MANDI046,3.6,15.5,697.22
2026-01-24,MANDI048,30.227333333333334,25.4037037037037,726.35
2026-01-24,MANDI050,41.93666666666667,28.6,214.86
2026-01-25,MANDI001,19.826,21.041666666666668,472.81
2026-01-25,MANDI002,6.604,22.1,752.3199999999999
2026-01-25,MANDI006,24.67,29.922222222222224,439.47
2026-01-25,MANDI007,3.2,25.3,443.39
2026-01-25,MANDI008,39.4,,137.69
2026-01-25,MANDI009,22.65,20.13888888888889,111.72
2026-01-25,MANDI011,,37.8,1060.98
2026-01-25,MANDI014,7.0,25.9,404.07
2026-01-25,MANDI015,25.391333333333336,32.325,254.26
2026-01-25,MANDI016,12.2,18.55,490.04
2026-01-25,MANDI017,11.95,16.0,545.72
2026-01-25,MANDI018,31.8,30.714814814814815,132.22
2026-01-25,MANDI019,48.514,34.8,517.08
2026-01-25,MANDI022,18.892,35.06944444444444,127.1
2026-01-25,MANDI023,13.716,32.00555555555555,291.31
2026-01-25,MANDI025,24.65,27.458333333333336,813.66
2026-01-25,MANDI026,24.3,27.84444444444444,821.6600000000001
2026-01-25,MANDI028,3.6,17.5,261.91
2026-01-25,MANDI035,20.6,39.8,1014.55
2026-01-25,MANDI037,3.8,30.0,184.27999999999997
2026-01-25,MANDI038,,30.1,395.67
2026-01-25,MANDI041,22.352,27.11111111111111,430.02
2026-01-25,MANDI043,,28.000000000000004,394.31
2026-01-25,MANDI046,32.0,29.69166666666667,704.07
2026-01-25,MANDI048,38.406,22.85,743.28
2026-01-25,MANDI049,12.7,25.3,395.06
2026-01-25,MANDI050,8.1,34.1,241.86
2026-01-26,MANDI004,46.132999999999996,29.48888888888889,309.23
2026-01-26,MANDI005,37.1,29.7,462.05999999999995
2026-01-26,MANDI006,22.352,37.9,350.25
2026-01-26,MANDI007,41.3,28.7,130.92
2026-01-26,MANDI009,21.7,35.9,286.11
2026-01-26,MANDI011,18.8,37.888888888888886,255.44
2026-01-26,MANDI012,,24.61111111111111,268.65999999999997
2026-01-26,MANDI014,6.604,29.38888888888889,267.4
2026-01-26,MANDI016,5.4,26.6,212.54
2026-01-26,MANDI017,31.5,15.11111111111111,534.61
2026-01-26,MANDI019,25.625,21.105555555555554,204.42
2026-01-26,MANDI020,37.338,24.7,245.97
2026-01-26,MANDI021,16.002,26.2,479.58
2026-01-26,MANDI024,18.66,27.230555555555554,44.56
2026-01-26,MANDI025,,,554.39
2026-01-26,MANDI028,26.46666666666667,25.303703703703704,160.29
2026-01-26,MANDI029,42.227999999999994,36.849999999999994,149.2
2026-01-26,MANDI030,2.4,33.4,130.67
2026-01-26,MANDI034,24.384,15.77777777777778,71.45
2026-01-26,MANDI036,23.717599999999997,34.475,674.25
2026-01-26,MANDI042,34.056666666666665,33.25,128.11
2026-01-26,MANDI043,47.6,28.6,591.35
2026-01-26,MANDI044,9.0,35.4,545.8
2026-01-26,MANDI045,25.5,29.7,315.8
2026-01-26,MANDI047,27.325333333333333,15.25,187.15
2026-01-26,MANDI048,45.5,15.2,443.69
2026-01-26,MANDI049,9.1,25.7,191.77
2026-01-26,MANDI050,3.81,15.88888888888889,344.32
2026-01-27,MANDI001,3.75,31.9,92.59
2026-01-27,MANDI007,4.3,37.95,350.96
2026-01-27,MANDI008,3.4,29.9,342.88
2026-01-27,MANDI010,22.606,18.6,234.81
2026-01-27,MANDI011,26.162,35.111111111111114,659.54
2026-01-27,MANDI013,27.482,28.47222222222222,430.48
2026-01-27,MANDI015,12.651,33.31111111111111,526.7
2026-01-27,MANDI016,17.272000000000002,34.3,414.59
2026-01-27,MANDI018,24.6,22.2,414.09
2026-01-27,MANDI019,13.7,20.222222222222225,252.26
2026-01-27,MANDI020,17.6,,132.71
2026-01-27,MANDI025,,22.22222222222222,588.06
2026-01-27,MANDI027,45.72,29.88888888888889,282.31
2026-01-27,MANDI028,25.451,37.5,632.45
2026-01-27,MANDI029,,20.500000000000004,74.56
2026-01-27,MANDI030,3.45,23.45,554.73
2026-01-27,MANDI032,16.002,31.6,313.93
2026-01-27,MANDI035,8.4,17.5,752.96
2026-01-27,MANDI038,22.4,30.61111111111111,357.89
2026-01-27,MANDI042,10.5,,376.96000000000004
2026-01-27,MANDI044,37.0,,443.15999999999997
2026-01-27,MANDI045,31.496,24.574074074074076,15.91
2026-01-27,MANDI049,11.263,16.5,882.12
2026-01-28,MANDI001,,32.30555555555556,223.06
2026-01-28,MANDI003,0.4,,108.15
2026-01-28,MANDI005,19.05,36.0,433.16
2026-01-28,MANDI007,33.1,18.3,52.28
2026-01-28,MANDI009,41.12266666666667,22.99259259259259,386.37
2026-01-28,MANDI011,10.100000000000001,35.56666666666667,597.23
2026-01-28,MANDI016,21.412,26.674074074074074,249.97
2026-01-28,MANDI017,30.988,22.0,56.24
2026-01-28,MANDI018,38.8,,346.51
2026-01-28,MANDI021,34.7,17.3,144.22
2026-01-28,MANDI027,15.3,29.9,274.44
2026-01-28,MANDI032,41.402,21.9,1090.42
2026-01-28,MANDI034,38.862,27.22222222222222,356.47
2026-01-28,MANDI036,34.544,29.65555555555556,212.58
2026-01-28,MANDI038,4.9,38.27777777777778,236.77
2026-01-28,MANDI039,24.166666666666668,36.349999999999994,416.98
2026-01-28,MANDI041,25.908,34.1,118.57
2026-01-28,MANDI042,19.1,39.72222222222222,847.36
2026-01-28,MANDI044,15.007333333333335,30.707407407407405,164.26999999999998
2026-01-28,MANDI048,12.404,18.81111111111111,344.37
2026-01-28,MANDI050,45.4,37.7,939.95
2026-01-29,MANDI001,40.9,26.6,738.5899999999999
2026-01-29,MANDI003,8.9,26.3,145.1
2026-01-29,MANDI008,1.0,22.3,1090.02
2026-01-29,MANDI009,36.400000000000006,21.15555555555555,404.58
2026-01-29,MANDI014,,29.72222222222222,202.25
2026-01-29,MANDI017,16.35,32.72222222222222,647.59
2026-01-29,MANDI018,35.632,28.21111111111111,75.97
2026-01-29,MANDI020,16.1,35.77777777777778,399.67
2026-01-29,MANDI024,35.81399999999999,39.61111111111112,571.27
2026-01-29,MANDI026,12.45,32.455555555555556,644.3
2026-01-29,MANDI027,21.844,36.72222222222222,450.35
2026-01-29,MANDI028,9.2,33.5,227.28000000000003
2026-01-29,MANDI029,37.4,31.005555555555556,579.58
2026-01-29,MANDI032,43.486999999999995,27.1,938.58
2026-01-29,MANDI034,10.4,31.72222222222222,100.48
2026-01-29,MANDI036,33.8,15.4,300.9
2026-01-29,MANDI037,15.493999999999998,20.0,545.24
2026-01-29,MANDI039,36.1,26.4,305.09
2026-01-29,MANDI040,34.4,21.8,215.84
2026-01-29,MANDI041,20.780666666666665,25.844444444444445,483.77
2026-01-29,MANDI042,16.383,31.4,85.53
2026-01-29,MANDI044,29.1,17.27777777777778,118.19
2026-01-29,MANDI045,0.1,,930.64
2026-01-29,MANDI050,29.411333333333335,34.81481481481482,1049.06
2026-01-30,MANDI002,27.25,29.144444444444442,287.31
2026-01-30,MANDI003,28.5,19.7,234.71999999999997
2026-01-30,MANDI004,6.5,,144.37
2026-01-30,MANDI005,23.622,39.3,229.45
2026-01-30,MANDI006,44.7,35.388888888888886,617.49
2026-01-30,MANDI008,26.67,34.0,825.54
2026-01-30,MANDI010,28.956,34.1,1210.3400000000001
2026-01-30,MANDI020,34.6,30.88888888888889,164.54000000000002
2026-01-30,MANDI021,40.434,26.08888888888889,528.6199999999999
2026-01-30,MANDI025,33.7495,27.15,175.9
2026-01-30,MANDI026,18.95,23.15,873.4300000000001
2026-01-30,MANDI029,25.781,18.0,311.41
2026-01-30,MANDI030,22.7,32.80555555555556,737.41
2026-01-30,MANDI031,36.57599999999999,17.11111111111111,413.05999999999995
2026-01-30,MANDI032,26.299999999999997,23.15,82.82
2026-01-30,MANDI033,30.049999999999997,21.5,436.48
2026-01-30,MANDI034,8.128,39.5,649.98
2026-01-30,MANDI036,0.5,34.9,228.91
2026-01-30,MANDI037,39.900000000000006,33.611111111111114,795.9200000000001
2026-01-30,MANDI038,,36.4,337.12
2026-01-30,MANDI039,41.3,27.7,313.07
2026-01-30,MANDI040,41.2,32.8,363.13
2026-01-30,MANDI042,7.24,31.72222222222222,417.88
2026-01-30,MANDI043,29.7,,840.47
2026-01-30,MANDI045,2.9,32.00555555555556,28.57
2026-01-30,MANDI047,40.894,,555.85
2026-01-30,MANDI048,38.608,27.0,562.1
2026-01-30,MANDI049,25.7,,272.89
2026-01-31,MANDI002,40.85,24.092592592592595,1407.02
2026-01-31,MANDI003,6.35,19.9,485.07
2026-01-31,MANDI005,11.8,25.394444444444446,413.58
2026-01-31,MANDI006,7.8,29.22222222222222,851.01
2026-01-31,MANDI007,30.83,23.494444444444447,245.59
2026-01-31,MANDI009,14.2,32.85,127.03
2026-01-31,MANDI013,24.5,26.9,177.24
2026-01-31,MANDI014,34.671,29.194444444444443,388.37
2026-01-31,MANDI015,25.4,25.555555555555557,320.15
2026-01-31,MANDI017,44.85,27.0,457.25
2026-01-31,MANDI019,5.109999999999999,18.15,254.72
2026-01-31,MANDI020,39.4,26.28888888888889,563.28
2026-01-31,MANDI025,40.894,,364.45
2026-01-31,MANDI027,13.2,,371.4
2026-01-31,MANDI029,35.924,20.4,392.84000000000003
2026-01-31,MANDI030,28.538000000000004,21.996296296296297,794.9300000000001
2026-01-31,MANDI032,,36.77777777777778,374.65
2026-01-31,MANDI033,39.4,35.72222222222222,1113.78
2026-01-31,MANDI035,24.384,27.9,401.87
2026-01-31,MANDI036,27.1,27.77777777777778,467.86
2026-01-31,MANDI037,27.799999999999997,28.95555555555556,412.92
2026-01-31,MANDI039,17.343,33.6,382.06
2026-01-31,MANDI040,13.7,28.5,930.02
2026-01-31,MANDI041,,16.8,270.42
2026-01-31,MANDI042,19.895,20.511111111111113,389.33
2026-01-31,MANDI044,8.65,28.56111111111111,422.08
2026-01-31,MANDI046,,30.38888888888889,260.74
2026-01-31,MANDI047,27.3,20.222222222222225,12.6
2026-01-31,MANDI050,,27.77777777777778,454.32
2026-02-01,MANDI004,3.8,,59.16
2026-02-01,MANDI006,42.7,20.25,287.29
2026-02-01,MANDI007,28.8,22.3,300.12
2026-02-01,MANDI008,11.940999999999999,38.388888888888886,865.61
2026-02-01,MANDI011,34.3,36.22222222222222,227.69
2026-02-01,MANDI012,,33.888888888888886,174.47
2026-02-01,MANDI013,2.3,18.3,451.09000000000003
2026-02-01,MANDI014,29.972,34.388888888888886,339.51
2026-02-01,MANDI015,30.75,35.83333333333333,292.48
2026-02-01,MANDI016,16.3,23.61111111111111,141.47
2026-02-01,MANDI017,,23.0,87.11
2026-02-01,MANDI019,9.270999999999999,25.86666666666667,352.23
2026-02-01,MANDI020,23.826999999999998,18.3,396.27
2026-02-01,MANDI023,46.3,34.33888888888889,134.79
2026-02-01,MANDI024,34.833333333333336,33.7,484.92
2026-02-01,MANDI025,21.535,33.111111111111114,706.12
2026-02-01,MANDI030,41.402,38.5,374.33000000000004
2026-02-01,MANDI033,34.0,30.4,1229.24
2026-02-01,MANDI034,33.1625,22.555555555555557,903.87
2026-02-01,MANDI039,18.09,20.416666666666664,433.25
2026-02-01,MANDI041,39.3,23.972222222222218,916.7
2026-02-01,MANDI042,26.162,17.8,423.23
2026-02-01,MANDI047,32.879999999999995,28.9,170.41
2026-02-01,MANDI049,45.212,21.1,108.3
2026-02-01,MANDI050,20.32,16.88888888888889,186.82
2026-02-02,MANDI002,10.498,28.30555555555556,88.42
2026-02-02,MANDI005,45.72,33.611111111111114,785.99
2026-02-02,MANDI008,16.216,35.05555555555556,315.06
2026-02-02,MANDI009,41.771,24.0,633.26
2026-02-02,MANDI010,8.0,23.7,235.76000000000002
2026-02-02,MANDI012,34.55,35.12592592592593,709.71
2026-02-02,MANDI015,7.112,31.8,257.35
2026-02-02,MANDI018,,38.27777777777778,184.55
2026-02-02,MANDI020,26.542,28.388888888888886,427.09000000000003
2026-02-02,MANDI023,,21.9,670.21
2026-02-02,MANDI024,48.7,31.7,249.25
2026-02-02,MANDI028,16.75,25.3,80.51
2026-02-02,MANDI029,30.35,28.90740740740741,371.0
2026-02-02,MANDI031,45.8,18.3,49.7
2026-02-02,MANDI032,24.638,38.22222222222222,307.88
2026-02-02,MANDI033,24.381999999999998,21.5,287.93
2026-02-02,MANDI035,27.3,39.11111111111112,12.81
2026-02-02,MANDI037,39.9,36.09444444444444,273.65
2026-02-02,MANDI039,20.574,20.95,594.47
2026-02-02,MANDI040,0.7619999999999999,16.27777777777778,455.65
2026-02-02,MANDI043,28.900999999999996,24.505555555555553,1376.86
2026-02-02,MANDI044,17.781999999999996,31.944444444444443,634.69
2026-02-02,MANDI045,12.2,22.055555555555557,176.34
2026-02-02,MANDI047,47.9,20.27777777777778,818.31
2026-02-02,MANDI050,12.8,,471.48
2026-02-03,MANDI001,11.75,32.6,493.01
2026-02-03,MANDI005,43.0,,516.74
2026-02-03,MANDI006,17.018,21.3,29.73
2026-02-03,MANDI010,14.477999999999998,21.6,802.48
2026-02-03,MANDI012,6.095999999999999,28.93888888888889,429.95
2026-02-03,MANDI014,,,253.45
2026-02-03,MANDI016,9.7,27.4,1033.96
2026-02-03,MANDI022,40.994,27.777777777777775,59.42
2026-02-03,MANDI030,,,113.31
2026-02-03,MANDI033,19.812,37.78888888888889,775.27
2026-02-03,MANDI036,24.1,28.96111111111111,376.43
2026-02-03,MANDI037,29.549999999999997,35.6,749.1700000000001
2026-02-03,MANDI038,8.382,18.0,744.52
2026-02-03,MANDI039,22.1,35.611111111111114,139.06
2026-02-03,MANDI041,17.534,,367.88
2026-02-03,MANDI042,21.813000000000002,28.969444444444445,734.8399999999999
2026-02-03,MANDI043,14.466666666666667,29.78888888888889,444.85
2026-02-03,MANDI045,22.606,35.72222222222222,852.23
2026-02-03,MANDI046,17.4,16.72222222222222,932.07
2026-02-03,MANDI047,3.0,37.8,868.48
2026-02-03,MANDI049,,16.27777777777778,717.6800000000001
2026-02-04,MANDI001,36.0,27.63888888888889,164.63
2026-02-04,MANDI004,48.00599999999999,33.22222222222222,828.01
2026-02-04,MANDI007,18.2245,26.133333333333336,894.3100000000001
2026-02-04,MANDI010,11.1,32.5,412.51
2026-02-04,MANDI015,,20.777777777777786,714.6500000000001
2026-02-04,MANDI016,,34.511111111111106,562.88
2026-02-04,MANDI017,10.922,26.049999999999997,848.8299999999999
2026-02-04,MANDI019,39.3,19.6,432.44
2026-02-04,MANDI020,23.6,30.0,209.93
2026-02-04,MANDI021,26.95,27.0,430.1
2026-02-04,MANDI023,40.6,18.5,2001.11
2026-02-04,MANDI024,1.3,39.77777777777778,218.02
2026-02-04,MANDI028,46.6,39.1,418.08
2026-02-04,MANDI029,29.16,32.7,478.57
2026-02-04,MANDI033,23.3,28.6,222.26
2026-02-04,MANDI038,21.7,18.4,918.44
2026-02-04,MANDI040,48.0,15.7,904.09
2026-02-04,MANDI041,1.6,22.0,31.76
2026-02-04,MANDI044,27.45,33.2,92.92
2026-02-04,MANDI045,4.3,24.3,425.37
2026-02-04,MANDI047,,28.0,234.68
2026-02-04,MANDI050,11.8,35.22222222222222,345.31
2026-02-05,MANDI001,,26.0,321.04
2026-02-05,MANDI004,30.675,32.30277777777778,98.72999999999999
2026-02-05,MANDI005,22.8445,18.277777777777786,495.92
2026-02-05,MANDI006,7.6,39.77777777777778,111.53
2026-02-05,MANDI012,41.3,25.11111111111111,198.23
2026-02-05,MANDI014,41.137,25.13888888888889,166.99
2026-02-05,MANDI017,11.9,30.049999999999997,487.09
2026-02-05,MANDI018,46.4,18.77777777777778,803.48
2026-02-05,MANDI019,45.5,30.72222222222222,770.39
2026-02-05,MANDI024,14.9,23.77777777777778,207.5
2026-02-05,MANDI026,41.95,25.73703703703704,658.4100000000001
2026-02-05,MANDI027,5.2,38.22222222222222,264.1
2026-02-05,MANDI029,42.665,33.47222222222222,423.52
2026-02-05,MANDI037,,,195.25
2026-02-05,MANDI039,10.85,22.9,356.35
2026-02-05,MANDI043,32.5,28.5,484.92
2026-02-05,MANDI044,1.2,37.11111111111112,1127.43
2026-02-05,MANDI046,42.4,39.2,443.08
2026-02-05,MANDI049,27.432,32.2,192.18
2026-02-06,MANDI004,45.95,29.77777777777778,582.36
2026-02-06,MANDI005,42.299,24.405555555555555,482.02
2026-02-06,MANDI009,48.514,20.5,585.83
2026-02-06,MANDI011,41.441,23.044444444444444,136.85
2026-02-06,MANDI015,30.2,24.8,292.6
2026-02-06,MANDI017,41.0,22.8,474.82
2026-02-06,MANDI018,39.878,20.1,669.56
2026-02-06,MANDI027,3.2,29.0,542.44
2026-02-06,MANDI028,3.7,39.6,254.71
2026-02-06,MANDI030,20.0,21.638888888888886,887.31
2026-02-06,MANDI033,7.4,32.27777777777778,437.13
2026-02-06,MANDI036,48.514,20.72222222222222,41.05
2026-02-06,MANDI037,20.9,20.8,184.27
2026-02-06,MANDI041,35.7,35.5,448.22
2026-02-06,MANDI042,49.784,,493.84
2026-02-06,MANDI044,,,473.98
2026-02-06,MANDI045,49.7,19.0,325.33
2026-02-06,MANDI050,11.349,24.2,596.46
2026-02-07,MANDI001,36.35,31.803703703703707,284.8
2026-02-07,MANDI003,34.3,22.0,655.1600000000001
2026-02-07,MANDI006,31.9,15.6,154.05
2026-02-07,MANDI007,24.892,,82.51000000000002
2026-02-07,MANDI008,38.1,,399.0
2026-02-07,MANDI009,39.9,25.500000000000004,229.19
2026-02-07,MANDI011,21.555,29.92962962962963,386.71
2026-02-07,MANDI013,38.9,39.22222222222222,815.8299999999999
2026-02-07,MANDI015,26.0,28.2,466.73
2026-02-07,MANDI016,29.55,25.45,441.47
2026-02-07,MANDI017,34.3,24.4,582.42
2026-02-07,MANDI018,4.571999999999999,26.3,856.42
2026-02-07,MANDI021,31.4,33.9,90.55
2026-02-07,MANDI022,28.327,23.5,67.84
2026-02-07,MANDI024,1.27,30.5,411.37
2026-02-07,MANDI028,7.8,,485.09000000000003
2026-02-07,MANDI030,31.120999999999995,22.259999999999998,158.73000000000002
2026-02-07,MANDI031,19.743000000000002,30.055555555555557,117.98
2026-02-07,MANDI037,3.556,36.61111111111112,418.48
2026-02-07,MANDI039,0.4,16.0,484.06
2026-02-07,MANDI040,34.6,27.8,326.14
2026-02-07,MANDI042,10.35,29.238888888888894,382.1
2026-02-07,MANDI043,7.619999999999999,,639.8299999999999
2026-02-07,MANDI044,18.1,33.888888888888886,96.88
2026-02-07,MANDI049,44.704,33.22222222222222,295.63
2026-02-08,MANDI002,5.0,,701.8
2026-02-08,MANDI003,25.265,24.47037037037037,373.95
2026-02-08,MANDI004,9.652,31.6,269.54
2026-02-08,MANDI005,30.7,,337.49
2026-02-08,MANDI008,24.400000000000002,,720.67
2026-02-08,MANDI009,39.624,30.8,128.16
2026-02-08,MANDI010,19.8,17.1,271.43
2026-02-08,MANDI012,19.3,31.11111111111111,370.18
2026-02-08,MANDI013,17.051,23.933333333333334,641.95
2026-02-08,MANDI016,30.55,33.25,70.76
2026-02-08,MANDI020,,35.2,842.59
2026-02-08,MANDI022,5.949999999999999,18.1,598.45
2026-02-08,MANDI023,,,428.4
2026-02-08,MANDI024,4.7,40.0,251.37
2026-02-08,MANDI025,23.003,34.26666666666667,301.8
2026-02-08,MANDI028,30.988,,78.93
2026-02-08,MANDI029,26.162,23.77777777777778,347.82
2026-02-08,MANDI031,18.0,28.1,781.81
2026-02-08,MANDI032,34.0,39.27777777777778,1135.3400000000001
2026-02-08,MANDI034,,19.5,822.6300000000001
2026-02-08,MANDI035,18.3,31.27777777777778,79.19
2026-02-08,MANDI037,26.71,31.819444444444446,165.8
2026-02-08,MANDI040,22.026,34.02962962962963,436.35
2026-02-08,MANDI041,45.8,26.722222222222214,340.37
2026-02-08,MANDI044,19.812,23.292592592592595,430.88
2026-02-08,MANDI050,32.6,24.7,419.58
2026-02-09,MANDI002,23.382,32.01851851851852,127.62
2026-02-09,MANDI003,5.2,24.0,183.34
2026-02-09,MANDI004,19.668,24.083333333333336,219.49
2026-02-09,MANDI010,22.4,,322.85
2026-02-09,MANDI014,19.76666666666667,24.38888888888889,1201.7
2026-02-09,MANDI015,15.67,,693.01
2026-02-09,MANDI016,36.400000000000006,37.68888888888889,417.34
2026-02-09,MANDI018,17.303,25.011111111111113,443.8
2026-02-09,MANDI019,27.5,35.5,36.32
2026-02-09,MANDI021,46.482,32.6,174.53
2026-02-09,MANDI023,,17.5,487.9
2026-02-09,MANDI024,24.638,15.9,228.32
2026-02-09,MANDI026,45.8,26.38888888888889,187.14
2026-02-09,MANDI028,16.95,25.05,55.08
2026-02-09,MANDI031,7.786,26.944444444444443,402.70000000000005
2026-02-09,MANDI032,27.1,30.9,485.72
2026-02-09,MANDI033,24.8,,830.7400000000001
2026-02-09,MANDI042,29.1,16.2,575.95
2026-02-09,MANDI044,16.5,21.888888888888893,275.12
2026-02-09,MANDI046,37.5,32.8,128.05
2026-02-09,MANDI050,20.15,21.35,447.36
2026-02-10,MANDI002,19.05,27.34444444444444,237.03
2026-02-10,MANDI003,7.9,18.77777777777778,323.69
2026-02-10,MANDI008,26.416,38.888888888888886,176.25
2026-02-10,MANDI009,5.841999999999999,21.5,839.76
2026-02-10,MANDI013,16.9,33.0,349.78
2026-02-10,MANDI018,21.2,20.72222222222222,76.27
2026-02-10,MANDI019,45.3,38.72222222222222,284.56
2026-02-10,MANDI021,31.95,33.77777777777778,464.73
2026-02-10,MANDI026,24.428,20.25,138.0
2026-02-10,MANDI027,45.2,,763.1
2026-02-10,MANDI029,,17.5,224.89
2026-02-10,MANDI030,47.4,36.77777777777778,63.43
2026-02-10,MANDI032,39.7,25.955555555555556,141.29
2026-02-10,MANDI035,29.5,35.4,291.15999999999997
2026-02-10,MANDI040,24.0,28.944444444444443,333.52
2026-02-10,MANDI042,18.85,29.9,300.37
2026-02-11,MANDI005,19.2,27.2,265.74
2026-02-11,MANDI008,20.637,19.0,409.16
2026-02-11,MANDI009,32.65,30.27777777777778,349.05
2026-02-11,MANDI010,8.05,29.63888888888889,409.46
2026-02-11,MANDI015,25.396,31.4,255.66000000000003
2026-02-11,MANDI019,0.508,19.6,319.93
2026-02-11,MANDI022,41.402,17.0,172.75
2026-02-11,MANDI026,42.25,33.261111111111106,1325.76
2026-02-11,MANDI034,,38.3,26.45
2026-02-11,MANDI035,14.4,27.9,450.6
2026-02-11,MANDI038,42.926,35.888888888888886,32.21
2026-02-11,MANDI047,48.8,23.7,609.88
2026-02-11,MANDI048,39.900000000000006,31.6,86.1
2026-02-12,MANDI002,30.740666666666666,28.6,234.72
2026-02-12,MANDI012,21.5,19.5,778.32
2026-02-12,MANDI013,44.956,32.111111111111114,743.4
2026-02-12,MANDI017,32.004,38.0,385.32
2026-02-12,MANDI019,46.6,21.5,527.4499999999999
2026-02-12,MANDI022,31.8,,552.44
2026-02-12,MANDI026,25.265,20.85,703.5
2026-02-12,MANDI030,34.036,23.3,267.6
2026-02-12,MANDI031,16.891,33.794444444444444,344.9
2026-02-12,MANDI032,41.173,21.055555555555557,581.95
2026-02-12,MANDI033,24.788,29.625925925925927,411.33
2026-02-12,MANDI036,12.446,36.72222222222222,156.39
2026-02-12,MANDI038,10.123999999999999,34.111111111111114,176.23
2026-02-12,MANDI039,20.4,,406.65
2026-02-12,MANDI041,13.2,,191.71
2026-02-12,MANDI043,45.107,27.055555555555557,743.27
2026-02-13,MANDI002,1.2,16.5,225.89
2026-02-13,MANDI005,18.5,26.15,361.6
2026-02-13,MANDI006,18.9,18.9,218.08
2026-02-13,MANDI010,28.066999999999997,28.870370370370367,88.14
2026-02-13,MANDI013,9.398,39.0,344.59
2026-02-13,MANDI014,41.402,37.0,305.99
2026-02-13,MANDI023,,28.000000000000004,370.92
2026-02-13,MANDI025,31.8,28.8,280.26
2026-02-13,MANDI028,,18.7,401.79
2026-02-13,MANDI029,15.1,37.77777777777778,284.20000000000005
2026-02-13,MANDI030,19.074,23.97037037037037,1509.05
2026-02-13,MANDI032,34.5,32.27777777777778,1045.25
2026-02-13,MANDI034,16.9,34.7,801.77
2026-02-13,MANDI036,6.949999999999999,19.666666666666664,447.66
2026-02-13,MANDI045,47.9,35.611111111111114,207.61
2026-02-13,MANDI048,42.4,26.4,407.73
2026-02-13,MANDI049,37.73666666666667,26.75555555555556,414.06
2026-02-13,MANDI050,23.237000000000002,19.555555555555554,389.8
2026-02-14,MANDI003,22.5,33.3,378.58
2026-02-14,MANDI005,31.189,22.722222222222225,971.5799999999999
2026-02-14,MANDI007,28.7,23.61111111111111,306.0
2026-02-14,MANDI012,28.5,18.38888888888889,729.81
2026-02-14,MANDI014,23.368,27.0,256.56
2026-02-14,MANDI015,14.986,30.4,103.09
2026-02-14,MANDI017,11.1,15.4,475.48
2026-02-14,MANDI019,28.956,31.10555555555556,219.66
2026-02-14,MANDI022,10.6,24.0,350.38
2026-02-14,MANDI023,15.858,34.5,31.42
2026-02-14,MANDI025,19.950000000000003,27.1,637.9200000000001
2026-02-14,MANDI026,37.5,26.611111111111114,158.49
2026-02-14,MANDI027,29.947,30.7,51.27
2026-02-14,MANDI029,9.440000000000001,27.194444444444446,136.16
2026-02-14,MANDI033,31.7,20.611111111111107,275.99
2026-02-14,MANDI035,24.384,35.888888888888886,162.21
2026-02-14,MANDI036,38.0,25.611111111111107,228.89
2026-02-14,MANDI037,22.5,22.1,327.83
2026-02-14,MANDI038,24.384,20.3,91.29
2026-02-14,MANDI039,9.7,20.88888888888889,152.06
2026-02-14,MANDI042,19.939,20.805555555555557,290.65000000000003
2026-02-14,MANDI043,10.0,39.72222222222222,327.04
2026-02-14,MANDI045,20.950000000000003,21.7,253.86
2026-02-14,MANDI047,24.6,29.0,650.02
2026-02-14,MANDI048,23.55,,1207.33
2026-02-15,MANDI002,29.753,28.25,678.53
2026-02-15,MANDI003,3.8,38.77777777777778,413.44
2026-02-15,MANDI005,39.03333333333333,23.677777777777777,245.04
2026-02-15,MANDI007,3.6,26.611111111111114,883.8
2026-02-15,MANDI012,,,240.6
2026-02-15,MANDI013,36.957,31.194444444444443,1574.35
2026-02-15,MANDI015,31.790999999999997,20.0,334.68
2026-02-15,MANDI016,13.3,,372.73
2026-02-15,MANDI019,44.8,33.72222222222222,460.99
2026-02-15,MANDI020,31.0,31.3,952.9
2026-02-15,MANDI024,18.7,19.88888888888889,138.63
2026-02-15,MANDI025,13.8,29.944444444444443,612.47
2026-02-15,MANDI027,43.5,15.3,77.81
2026-02-15,MANDI030,34.0,15.4,123.42
2026-02-15,MANDI031,35.9,38.72222222222222,446.53
2026-02-15,MANDI032,16.16,25.15555555555556,636.21
2026-02-15,MANDI033,2.8,19.5,747.61
2026-02-15,MANDI034,11.176,35.638888888888886,494.44
2026-02-15,MANDI037,20.7055,26.272222222222222,77.18
2026-02-15,MANDI038,25.566666666666666,21.96111111111111,68.96
2026-02-15,MANDI040,27.05,29.388888888888886,458.40000000000003
2026-02-15,MANDI041,31.8,19.0,230.5
2026-02-15,MANDI046,28.555333333333333,28.666666666666668,317.44
2026-02-15,MANDI047,28.3,15.5,16.14
2026-02-15,MANDI048,24.450000000000003,24.68888888888889,431.47
2026-02-16,MANDI006,,25.9,518.84
2026-02-16,MANDI010,48.514,,417.78
2026-02-16,MANDI012,31.496,36.388888888888886,485.74
2026-02-16,MANDI018,30.226,22.91111111111111,429.84
2026-02-16,MANDI020,18.1,32.888888888888886,68.98
2026-02-16,MANDI022,3.6,,759.53
2026-02-16,MANDI029,40.7,31.0,1044.07
2026-02-16,MANDI031,49.276,26.8,454.72
2026-02-16,MANDI036,7.365999999999999,15.0,148.95
2026-02-16,MANDI039,5.1,30.0,457.06000000000006
2026-02-16,MANDI042,25.6,26.5,492.31
2026-02-16,MANDI046,5.2,19.4,711.25
2026-02-16,MANDI047,23.8,15.38888888888889,1030.63
2026-02-17,MANDI005,0.1,31.38888888888889,66.09
2026-02-17,MANDI006,1.27,35.8,490.52
2026-02-17,MANDI007,7.897,25.455555555555556,476.18
2026-02-17,MANDI008,3.6,30.994444444444444,146.75
2026-02-17,MANDI011,25.386666666666667,32.94444444444444,146.98
2026-02-17,MANDI012,9.5,26.11111111111111,852.31
2026-02-17,MANDI016,26.741999999999997,22.988888888888887,189.32
2026-02-17,MANDI017,13.446,28.85185185185185,492.43
2026-02-17,MANDI019,11.65,35.55,426.52
2026-02-17,MANDI026,24.864666666666665,22.111111111111107,964.1600000000001
2026-02-17,MANDI029,5.2,28.6,136.76
2026-02-17,MANDI031,33.2,21.08888888888889,500.42999999999995
2026-02-17,MANDI032,,31.7,880.66
2026-02-17,MANDI035,2.8,23.511111111111113,226.06
2026-02-17,MANDI036,,32.2,246.15
2026-02-17,MANDI039,,31.6,124.84
2026-02-17,MANDI044,17.9,21.8,937.58
2026-02-17,MANDI045,47.7,35.4,272.61
2026-02-17,MANDI048,41.988,35.08888888888889,427.51
2026-02-17,MANDI050,47.6,25.27777777777778,613.88
2026-02-18,MANDI001,,,30.08
2026-02-18,MANDI002,5.4,39.77777777777778,133.85
2026-02-18,MANDI003,23.5,39.8,440.49
2026-02-18,MANDI004,42.9,23.2,491.40999999999997
2026-02-18,MANDI005,35.1,,463.26
2026-02-18,MANDI006,15.680666666666667,26.707407407407405,596.4300000000001
2026-02-18,MANDI008,32.8,23.36111111111111,788.04
2026-02-18,MANDI012,29.718,39.0,915.6700000000001
2026-02-18,MANDI013,,15.9,190.38
2026-02-18,MANDI016,8.5,27.5,59.75
2026-02-18,MANDI022,47.498,16.4,781.19
2026-02-18,MANDI024,20.5,28.277777777777786,171.39
2026-02-18,MANDI025,18.6,21.27777777777778,447.42
2026-02-18,MANDI027,45.974,16.72222222222222,310.98
2026-02-18,MANDI028,45.212,24.7,327.71
2026-02-18,MANDI029,24.0,,579.5600000000001
2026-02-18,MANDI032,22.8,32.77777777777778,201.93
2026-02-18,MANDI035,32.65,21.8,408.46000000000004
2026-02-18,MANDI036,47.2,16.27777777777778,329.3
2026-02-18,MANDI037,5.588,,158.22
2026-02-18,MANDI038,29.082666666666668,29.662962962962965,294.45
2026-02-18,MANDI040,28.8,29.38888888888889,469.67
2026-02-18,MANDI042,33.85,27.5,371.34
2026-02-18,MANDI045,24.3,26.0,574.16
2026-02-18,MANDI046,16.9,,240.94
2026-02-18,MANDI047,2.0500000000000003,17.38888888888889,87.68
2026-02-18,MANDI049,45.974,,813.98
2026-02-19,MANDI002,26.0165,21.5,447.03
2026-02-19,MANDI003,17.166666666666668,25.905555555555555,796.8
2026-02-19,MANDI004,24.892,16.3,85.31
2026-02-19,MANDI005,26.924,28.74722222222222,414.22
2026-02-19,MANDI006,6.858,31.2,182.32
2026-02-19,MANDI007,18.6,31.0,65.33
2026-02-19,MANDI008,30.48,32.8,436.32
2026-02-19,MANDI009,46.1,34.9,702.14
2026-02-19,MANDI011,32.4,32.611111111111114,199.86
2026-02-19,MANDI013,,23.0,367.38
2026-02-19,MANDI015,24.1,34.27777777777778,711.2
2026-02-19,MANDI017,6.858,38.8,427.65
2026-02-19,MANDI018,35.6,36.11111111111112,577.3199999999999
2026-02-19,MANDI019,25.7,22.61111111111111,207.31
2026-02-19,MANDI023,28.6,16.38888888888889,369.55
2026-02-19,MANDI028,17.415,25.255555555555553,606.96
2026-02-19,MANDI029,40.85,27.88888888888889,477.49
2026-02-19,MANDI030,14.477999999999998,21.6,431.12
2026-02-19,MANDI033,10.5,23.5,772.79
2026-02-19,MANDI034,25.1,29.5,201.85
2026-02-19,MANDI039,45.2,,405.25
2026-02-19,MANDI040,25.078,29.7,758.1800000000001
2026-02-19,MANDI041,14.731999999999998,30.27777777777778,926.7
2026-02-19,MANDI042,22.400000000000002,21.8,19.26
2026-02-19,MANDI044,22.7,24.77777777777777,95.32
2026-02-19,MANDI050,7.874,26.7,308.77
2026-02-20,MANDI002,40.2,35.0,253.23
2026-02-20,MANDI004,30.046999999999997,31.305555555555557,192.4
2026-02-20,MANDI005,3.81,18.72222222222222,471.4
2026-02-20,MANDI010,,,130.23
2026-02-20,MANDI011,12.2,23.794444444444444,113.03
2026-02-20,MANDI012,,21.7,828.73
2026-02-20,MANDI013,,32.6,410.14
2026-02-20,MANDI014,44.8,25.65,498.98
2026-02-20,MANDI015,1.5239999999999998,24.111111111111114,267.43
2026-02-20,MANDI017,27.432,24.9,731.55
2026-02-20,MANDI021,27.572000000000003,25.703703703703706,535.58
2026-02-20,MANDI024,12.5,19.4,193.33
2026-02-20,MANDI025,49.9,17.88888888888889,348.49
2026-02-20,MANDI027,35.3,32.0,395.03
2026-02-20,MANDI032,44.4,25.6,503.74
2026-02-20,MANDI035,42.5,17.5,70.92
2026-02-20,MANDI036,42.926,24.6,287.39
2026-02-20,MANDI038,20.0,17.5,1411.15
2026-02-20,MANDI039,9.008,24.666666666666664,425.81
2026-02-20,MANDI041,32.4,23.3,928.75
2026-02-20,MANDI046,5.08,21.35,297.47
2026-02-20,MANDI050,19.2,20.777777777777786,376.44
2026-02-21,MANDI003,32.9,25.31111111111111,344.16
2026-02-21,MANDI005,19.2,31.72222222222222,428.5
2026-02-21,MANDI006,5.7,23.41111111111111,528.35
2026-02-21,MANDI007,10.5,,945.0699999999999
2026-02-21,MANDI008,16.509999999999998,23.77777777777778,342.2
2026-02-21,MANDI014,17.492,38.77777777777778,381.32
2026-02-21,MANDI016,19.455999999999996,29.255555555555556,98.05
2026-02-21,MANDI017,46.99,35.0,238.98
2026-02-21,MANDI018,28.9205,28.03055555555556,515.79
2026-02-21,MANDI020,,29.705555555555556,193.64
2026-02-21,MANDI021,19.1,32.0,445.52
2026-02-21,MANDI024,22.9,31.75,112.9
2026-02-21,MANDI026,,16.38888888888889,626.24
2026-02-21,MANDI028,26.4,28.5,757.48
2026-02-21,MANDI029,38.741,37.1,1005.44
2026-02-21,MANDI030,41.8,39.0,955.81
2026-02-21,MANDI033,32.4,39.72222222222222,284.86
2026-02-21,MANDI035,25.9,22.05,248.57
2026-02-21,MANDI040,35.306,,100.44
2026-02-21,MANDI041,,21.11111111111111,478.12
2026-02-21,MANDI042,6.0,,233.37
2026-02-21,MANDI043,38.4,27.4,350.92
2026-02-22,MANDI004,34.8,17.72222222222222,839.33
2026-02-22,MANDI005,29.694000000000003,32.5,547.19
2026-02-22,MANDI010,35.306,18.7,443.24
2026-02-22,MANDI011,27.447999999999997,28.2,105.42
2026-02-22,MANDI014,29.866,31.055555555555557,370.74
2026-02-22,MANDI015,49.7,37.11111111111112,405.40999999999997
2026-02-22,MANDI016,18.1,21.25,474.68000000000006
2026-02-22,MANDI017,38.1,17.9,975.5600000000001
2026-02-22,MANDI018,15.6,37.5,341.11
2026-02-22,MANDI020,49.5,,249.57
2026-02-22,MANDI021,18.355,19.56111111111111,75.48
2026-02-22,MANDI023,21.0,28.900000000000002,544.29
2026-02-22,MANDI028,21.1,28.1,517.28
2026-02-22,MANDI030,31.6,,713.02
2026-02-22,MANDI031,24.892,23.38888888888889,37.39
2026-02-22,MANDI033,19.812,,83.93
2026-02-22,MANDI036,14.6,,580.26
2026-02-22,MANDI038,37.1,21.0,306.89
2026-02-22,MANDI043,36.7,17.11111111111111,647.4900000000001
2026-02-22,MANDI044,35.618,20.72222222222222,460.92
2026-02-22,MANDI045,,20.0,115.86
2026-02-22,MANDI046,1.6,24.888888888888886,536.33
2026-02-22,MANDI049,21.700000000000003,28.36111111111111,513.96
2026-02-22,MANDI050,,31.694444444444443,868.42
2026-02-23,MANDI001,11.101999999999999,36.0,87.72999999999999
2026-02-23,MANDI002,7.2,30.5,988.94
2026-02-23,MANDI004,4.9,16.7,1982.81
2026-02-23,MANDI005,10.922,39.7,349.22
2026-02-23,MANDI006,13.3,29.38888888888889,288.94
2026-02-23,MANDI007,26.262,26.0962962962963,406.25
2026-02-23,MANDI008,12.6,28.5,340.73
2026-02-23,MANDI009,17.1,25.2,434.56
2026-02-23,MANDI011,24.5,32.5,46.1
2026-02-23,MANDI016,44.704,37.5,131.06
2026-02-23,MANDI018,15.0,23.2,246.53
2026-02-23,MANDI022,41.8,19.5,364.16
2026-02-23,MANDI027,14.599,31.944444444444443,666.22
2026-02-23,MANDI030,27.9,19.222222222222214,373.97
2026-02-23,MANDI031,,17.2,374.93
2026-02-23,MANDI032,28.5,34.888888888888886,121.01
2026-02-23,MANDI033,14.7,32.5,281.82
2026-02-23,MANDI034,,31.1,141.24
2026-02-23,MANDI039,,37.6,170.54
2026-02-23,MANDI040,28.56266666666667,23.444444444444443,898.61
2026-02-23,MANDI041,9.8,34.0,828.69
2026-02-23,MANDI045,28.7,19.8,1008.6800000000001
2026-02-23,MANDI047,,33.8,74.78
2026-02-23,MANDI048,13.6,28.7,166.65
2026-02-23,MANDI050,14.647333333333334,25.65925925925926,121.3
2026-02-24,MANDI001,42.691,29.45555555555556,168.42
2026-02-24,MANDI002,1.9,21.0,612.6
2026-02-24,MANDI003,22.1,25.88888888888889,97.05
2026-02-24,MANDI006,15.5568,28.02444444444445,79.6
2026-02-24,MANDI010,10.950000000000001,38.888888888888886,692.3299999999999
2026-02-24,MANDI012,14.9,,871.4
2026-02-24,MANDI013,20.1,27.38888888888889,806.96
2026-02-24,MANDI014,,32.7,258.86
2026-02-24,MANDI017,22.948999999999998,18.802777777777777,283.82
2026-02-24,MANDI018,33.02,,436.27
2026-02-24,MANDI019,29.134,19.274074074074075,330.25
2026-02-24,MANDI020,14.224,15.6,257.87
2026-02-24,MANDI024,,,196.95
2026-02-24,MANDI025,23.114,28.61111111111111,94.7
2026-02-24,MANDI029,19.599999999999998,20.52962962962963,352.13
2026-02-24,MANDI033,29.6,39.7,488.61
2026-02-24,MANDI038,9.1,22.38888888888889,293.35
2026-02-24,MANDI040,37.186,27.25,1104.95
2026-02-24,MANDI041,15.596666666666666,34.49629629629629,185.17000000000002
2026-02-24,MANDI043,8.2,29.0,130.19
2026-02-24,MANDI045,30.5,31.7,439.39
2026-02-24,MANDI047,,32.388888888888886,623.0
2026-02-24,MANDI048,48.6,38.6,881.5699999999999
2026-02-25,MANDI001,11.4,,504.61
2026-02-25,MANDI004,,23.6,612.28
2026-02-25,MANDI007,14.477999999999998,17.72222222222222,325.99
2026-02-25,MANDI009,12.954,22.88888888888889,220.68
2026-02-25,MANDI010,,15.6,293.51
2026-02-25,MANDI011,,38.5,106.65999999999998
2026-02-25,MANDI015,34.036,,1102.63
2026-02-25,MANDI016,13.5,39.0,740.0899999999999
2026-02-25,MANDI022,34.0,34.5,53.040000000000006
2026-02-25,MANDI023,3.1,35.9,210.48
2026-02-25,MANDI024,45.4,37.5,660.99
2026-02-25,MANDI025,36.9,22.5,704.98
2026-02-25,MANDI027,18.633,36.2,806.08
2026-02-25,MANDI028,,,478.09999999999997
2026-02-25,MANDI031,20.75,36.25,116.29
2026-02-25,MANDI033,18.3,,256.41
2026-02-25,MANDI034,33.4,,206.61
2026-02-25,MANDI036,,35.611111111111114,308.9
2026-02-25,MANDI037,0.7,29.0,226.4
2026-02-25,MANDI039,26.644000000000002,22.3,111.18
2026-02-25,MANDI044,9.652,15.5,859.01
2026-02-25,MANDI045,48.26,,451.73
2026-02-25,MANDI047,12.0,32.111111111111114,55.66
2026-02-25,MANDI050,26.679,25.95925925925926,194.54
2026-02-26,MANDI003,18.4,25.9,189.3
2026-02-26,MANDI004,27.75,20.63888888888889,94.83
2026-02-26,MANDI007,35.7,28.88888888888889,311.98
2026-02-26,MANDI008,24.003,27.26111111111111,435.69
2026-02-26,MANDI010,7.8,,420.42
2026-02-26,MANDI011,26.335,34.138888888888886,747.9000000000001
2026-02-26,MANDI012,19.7,22.505555555555553,445.99
2026-02-26,MANDI013,23.749,22.7,169.28
2026-02-26,MANDI014,9.9,36.5,500.74
2026-02-26,MANDI016,15.0,15.1,225.70999999999998
2026-02-26,MANDI017,15.441,24.6,318.95000000000005
2026-02-26,MANDI018,,28.22222222222222,443.16
2026-02-26,MANDI021,32.5,38.27777777777778,445.92
2026-02-26,MANDI023,36.0,30.5,859.71
2026-02-26,MANDI025,47.6,32.77777777777778,601.1
2026-02-26,MANDI027,48.00599999999999,31.27777777777778,272.86
2026-02-26,MANDI028,45.974,36.0,50.2
2026-02-26,MANDI031,26.938000000000002,24.5,46.29
2026-02-26,MANDI033,38.1,35.1,271.31
2026-02-26,MANDI034,16.85,,707.1099999999999
2026-02-26,MANDI036,14.4,25.75,328.94
2026-02-26,MANDI040,27.45,23.75,836.7
2026-02-26,MANDI042,33.4,37.0,736.61
2026-02-26,MANDI043,1.4,31.0,186.76
2026-02-26,MANDI045,33.292,17.6,191.29000000000002
2026-02-26,MANDI049,48.952999999999996,26.588888888888892,326.52
2026-02-26,MANDI050,8.637333333333332,32.4,773.19
2026-02-27,MANDI002,30.5,28.77777777777778,784.22
2026-02-27,MANDI005,,33.5,1105.23
2026-02-27,MANDI006,23.5,20.5,471.02
2026-02-27,MANDI009,26.9,34.4,1229.82
2026-02-27,MANDI010,32.57533333333333,27.15,186.46
2026-02-27,MANDI011,16.8,39.1,365.68
2026-02-27,MANDI012,45.212,19.77777777777777,433.0700000000001
2026-02-27,MANDI018,15.3,,443.12
2026-02-27,MANDI019,37.657000000000004,20.505555555555553,181.36
2026-02-27,MANDI021,33.478,16.27777777777778,1159.86
2026-02-27,MANDI023,21.5,,357.13
2026-02-27,MANDI024,26.7,25.64074074074074,383.94
2026-02-27,MANDI025,25.654,34.72222222222222,298.17
2026-02-27,MANDI026,9.963333333333333,24.888888888888886,767.73
2026-02-27,MANDI029,6.498,34.95,619.49
2026-02-27,MANDI030,38.1,24.5,533.7
2026-02-27,MANDI031,47.7,16.0,766.6500000000001
2026-02-27,MANDI032,36.65,22.694444444444446,503.19
2026-02-27,MANDI039,46.1,29.194444444444443,1477.5500000000002
2026-02-27,MANDI040,21.6,22.77777777777778,280.81
2026-02-27,MANDI041,35.05,20.255555555555553,395.33
2026-02-27,MANDI043,9.7,15.2,616.62
2026-02-27,MANDI044,,22.22222222222222,379.45
2026-02-27,MANDI045,37.592,21.294444444444444,199.06
2026-02-27,MANDI048,20.363999999999997,23.78888888888889,120.73
2026-02-27,MANDI050,13.7,,416.6
2026-02-28,MANDI002,31.75,25.85,208.32
2026-02-28,MANDI003,24.284,25.694444444444443,176.64
2026-02-28,MANDI004,22.019333333333332,26.055555555555557,250.73
2026-02-28,MANDI006,19.7,,876.53
2026-02-28,MANDI008,34.2,35.3,919.5
2026-02-28,MANDI009,20.066,21.722222222222214,259.34
2026-02-28,MANDI011,24.8,19.222222222222214,110.26
2026-02-28,MANDI012,13.649999999999999,31.55,405.22
2026-02-28,MANDI013,10.354999999999999,23.45,361.74
2026-02-28,MANDI018,20.95,35.5,741.6
2026-02-28,MANDI020,36.57599999999999,15.11111111111111,1133.43
2026-02-28,MANDI025,30.599999999999998,24.52962962962963,118.61
2026-02-28,MANDI026,30.2,15.77777777777778,316.71000000000004
2026-02-28,MANDI027,,21.22222222222222,319.72
2026-02-28,MANDI029,30.0,21.55,1182.27
2026-02-28,MANDI034,7.7620000000000005,23.677777777777777,555.18
2026-02-28,MANDI035,30.00866666666667,22.3,409.01
2026-02-28,MANDI036,8.8,17.0,854.0799999999999
2026-02-28,MANDI038,4.3180000000000005,18.3,437.35
2026-02-28,MANDI039,20.1,32.611111111111114,517.4
2026-02-28,MANDI041,44.2,31.77777777777778,429.76
2026-02-28,MANDI043,36.2,28.75555555555556,704.09
2026-02-28,MANDI045,22.619500000000002,26.78,213.99
2026-02-28,MANDI047,18.15,21.3,832.77
2026-03-01,MANDI002,23.84,28.194444444444443,1240.7399999999998
2026-03-01,MANDI003,,32.611111111111114,478.35999999999996
2026-03-01,MANDI004,27.03333333333333,26.505555555555553,892.7
2026-03-01,MANDI007,14.118666666666668,22.88888888888889,798.75
2026-03-01,MANDI009,11.55,29.81111111111111,744.51
2026-03-01,MANDI011,7.6,20.1,283.8
2026-03-01,MANDI013,32.9,22.494444444444447,150.18
2026-03-01,MANDI016,40.64,26.9,490.31
2026-03-01,MANDI018,23.749000000000002,29.099999999999998,148.86
2026-03-01,MANDI022,21.895333333333337,35.44444444444444,1222.24
2026-03-01,MANDI024,26.176,28.77037037037037,388.29
2026-03-01,MANDI026,17.8,24.833333333333336,107.25
2026-03-01,MANDI027,18.542,38.11111111111112,390.22
2026-03-01,MANDI029,7.3,37.7,346.36
2026-03-01,MANDI030,,36.4,398.47
2026-03-01,MANDI031,22.3,17.5,321.04999999999995
2026-03-01,MANDI032,5.588,30.3,546.1700000000001
2026-03-01,MANDI033,19.3,33.27777777777778,443.26
2026-03-01,MANDI034,35.95,27.6,752.9300000000001
2026-03-01,MANDI038,37.1,29.0,78.19
2026-03-01,MANDI039,35.1,18.2,364.03
2026-03-01,MANDI041,44.9,20.11111111111111,153.53
2026-03-01,MANDI042,4.705,35.25,379.43
2026-03-01,MANDI045,7.6,34.888888888888886,104.36
2026-03-01,MANDI046,34.798,,376.62
2026-03-01,MANDI048,10.5,25.1,1042.22
2026-03-02,MANDI001,14.0,23.911111111111108,75.27
2026-03-02,MANDI002,23.368,24.41851851851852,744.03
2026-03-02,MANDI004,31.192,32.916666666666664,31.45
2026-03-02,MANDI005,44.34,29.305555555555557,858.51
2026-03-02,MANDI007,,32.3,491.27
2026-03-02,MANDI008,8.5,,891.3299999999999
2026-03-02,MANDI010,12.6,26.1,121.68
2026-03-02,MANDI011,30.1,25.0,441.3
2026-03-02,MANDI014,11.0,24.111111111111114,1251.8799999999999
2026-03-02,MANDI016,5.08,16.61111111111111,78.83
2026-03-02,MANDI017,34.29,25.9,250.43
2026-03-02,MANDI018,,38.0,148.2
2026-03-02,MANDI022,44.3,33.93888888888889,854.3
2026-03-02,MANDI023,13.97,23.61111111111111,758.5799999999999
2026-03-02,MANDI026,41.9,,405.18
2026-03-02,MANDI028,19.384,26.35,499.15
2026-03-02,MANDI029,26.2,22.1,152.42
2026-03-02,MANDI030,23.3,19.61111111111111,602.4100000000001
2026-03-02,MANDI032,27.2,20.5,75.25
2026-03-02,MANDI033,13.716,30.0,45.93
2026-03-02,MANDI034,33.75,26.53333333333333,481.7000000000001
2026-03-02,MANDI035,24.562,31.240740740740744,527.14
2026-03-02,MANDI041,17.65,18.4,1049.82
2026-03-02,MANDI042,1.6,18.75,809.6800000000001
2026-03-02,MANDI043,35.0,39.11111111111112,355.95
2026-03-02,MANDI048,29.864,25.43888888888889,298.98
2026-03-02,MANDI050,20.891333333333332,22.2,413.94
2026-03-03,MANDI001,5.5,22.25,490.08
2026-03-03,MANDI003,2.1,20.0,381.09
2026-03-03,MANDI004,9.5175,32.852777777777774,459.99
2026-03-03,MANDI005,47.7,21.611111111111114,418.19
2026-03-03,MANDI008,13.208,33.849999999999994,142.43
2026-03-03,MANDI009,,21.0,710.9
2026-03-03,MANDI019,23.749000000000002,30.175,366.75
2026-03-03,MANDI023,0.254,28.77777777777778,21.37
2026-03-03,MANDI024,27.5005,31.733333333333334,34.2
2026-03-03,MANDI026,17.15,25.3,238.81
2026-03-03,MANDI028,13.1,24.111111111111114,489.52
2026-03-03,MANDI030,17.018,23.28888888888889,1087.77
2026-03-03,MANDI031,42.5,19.3,674.89
2026-03-03,MANDI036,26.359,33.63888888888889,407.6
2026-03-03,MANDI037,,23.8,108.76
2026-03-03,MANDI038,36.1,24.5,508.79999999999995
2026-03-03,MANDI039,48.00599999999999,39.7,90.15
2026-03-03,MANDI040,13.207999999999998,29.1,315.22
2026-03-03,MANDI042,33.02,15.38888888888889,318.05
2026-03-03,MANDI043,,23.1,500.77
2026-03-03,MANDI046,30.48,15.5,817.66
2026-03-03,MANDI047,,22.999999999999996,426.45
2026-03-03,MANDI049,30.1,21.77777777777778,697.02
2026-03-03,MANDI050,45.974,36.4,371.75
2026-03-04,MANDI001,34.4,,770.26
2026-03-04,MANDI002,,16.3,710.02
2026-03-04,MANDI007,49.4,29.77777777777778,398.08
2026-03-04,MANDI008,46.2,20.0,516.27
2026-03-04,MANDI009,25.9,15.3,475.87
2026-03-04,MANDI011,31.5,28.749999999999996,373.35
2026-03-04,MANDI012,24.2,30.1,438.85
2026-03-04,MANDI014,34.4,27.444444444444443,1037.82
2026-03-04,MANDI015,17.4,17.1,236.55
2026-03-04,MANDI018,14.974666666666666,20.8,858.94
2026-03-04,MANDI024,3.2,23.3,260.27
2026-03-04,MANDI026,30.3,33.27777777777778,296.91
2026-03-04,MANDI033,20.624,30.599999999999998,272.06
2026-03-04,MANDI035,24.6,17.11111111111111,133.94
2026-03-04,MANDI036,21.7,22.8,183.8
2026-03-04,MANDI038,,27.2,326.74
2026-03-04,MANDI039,26.924,22.722222222222225,240.83
2026-03-04,MANDI042,,36.27777777777778,556.37
2026-03-04,MANDI046,9.17,22.244444444444447,716.9000000000001
2026-03-04,MANDI048,24.13,37.388888888888886,207.59
2026-03-05,MANDI001,35.56,24.694444444444446,455.93000000000006
2026-03-05,MANDI004,30.988,36.27777777777778,575.5999999999999
2026-03-05,MANDI006,38.382000000000005,27.722222222222225,110.0
2026-03-05,MANDI009,39.624,24.205555555555556,957.35
2026-03-05,MANDI010,48.0,18.6,709.08
2026-03-05,MANDI012,,19.5,341.74
2026-03-05,MANDI013,48.768,34.611111111111114,610.87
2026-03-05,MANDI015,19.812,30.72222222222222,143.53
2026-03-05,MANDI018,22.352,,165.61
2026-03-05,MANDI019,12.649999999999999,27.494444444444444,393.09
2026-03-05,MANDI020,44.6,15.22222222222222,486.31
2026-03-05,MANDI021,30.988,22.3,444.03999999999996
2026-03-05,MANDI024,31.496,32.4,372.84000000000003
2026-03-05,MANDI025,45.7,23.7,557.97
2026-03-05,MANDI027,32.2,32.7,388.26000000000005
2026-03-05,MANDI028,,39.27777777777778,191.45
2026-03-05,MANDI033,4.1,31.72222222222222,291.21
2026-03-05,MANDI038,36.9,31.5,773.3399999999999
2026-03-05,MANDI039,,24.2,302.47
2026-03-05,MANDI040,,37.2,469.42999999999995
2026-03-05,MANDI041,34.623000000000005,24.5,598.26
2026-03-05,MANDI042,47.3,17.5,145.86
2026-03-05,MANDI046,15.541333333333334,29.825925925925926,212.49
2026-03-05,MANDI047,17.7,37.2,467.93
2026-03-05,MANDI049,36.381,36.22222222222222,727.29
2026-03-06,MANDI001,5.7,22.2,608.87
2026-03-06,MANDI002,6.4,20.88888888888889,1647.38
2026-03-06,MANDI004,10.922,38.5,859.8699999999999
2026-03-06,MANDI006,,22.5,938.7
2026-03-06,MANDI010,,21.611111111111114,369.59000000000003
2026-03-06,MANDI012,32.4,34.6,323.67
2026-03-06,MANDI013,18.288,28.88888888888889,157.07
2026-03-06,MANDI016,35.7,24.444444444444443,20.39
2026-03-06,MANDI025,,39.2,1196.03
2026-03-06,MANDI026,20.9,32.44444444444444,458.94
2026-03-06,MANDI027,19.933333333333334,24.02592592592593,771.01
2026-03-06,MANDI028,19.2,36.1,99.87
2026-03-06,MANDI031,40.1,35.388888888888886,341.15
2026-03-06,MANDI033,46.0,20.3,119.99
2026-03-06,MANDI034,38.8,20.4,171.0
2026-03-06,MANDI035,31.242,18.9,418.44
2026-03-06,MANDI038,29.4,22.244444444444447,657.65
2026-03-06,MANDI042,45.212,18.61111111111111,575.29
2026-03-06,MANDI049,13.175333333333334,30.840740740740742,260.32
2026-03-06,MANDI050,27.499000000000002,21.38888888888889,311.84
2026-03-07,MANDI003,,27.88888888888889,703.0
2026-03-07,MANDI004,11.1,24.805555555555557,314.22
2026-03-07,MANDI005,25.25,29.0,85.01
2026-03-07,MANDI007,28.1,23.305555555555557,336.74
2026-03-07,MANDI008,38.5,15.9,804.37
2026-03-07,MANDI009,,,281.36
2026-03-07,MANDI012,7.6,24.3,126.93
2026-03-07,MANDI013,0.9,29.42222222222222,157.55
2026-03-07,MANDI014,22.6,18.277777777777786,156.10999999999999
2026-03-07,MANDI017,32.512,,334.57
2026-03-07,MANDI020,38.2,32.97222222222222,12.07
2026-03-07,MANDI021,30.049999999999997,15.61111111111111,459.68
2026-03-07,MANDI023,33.8,20.6,1088.15
2026-03-07,MANDI028,46.3,29.11111111111111,499.21000000000004
2026-03-07,MANDI029,24.85,28.33888888888889,380.38
2026-03-07,MANDI031,44.196,16.3,828.13
2026-03-07,MANDI032,29.8,26.4,827.29
2026-03-07,MANDI035,28.75,22.76111111111111,771.19
2026-03-07,MANDI036,21.2,15.7,246.87
2026-03-07,MANDI040,45.466,,17.79
2026-03-07,MANDI043,16.5,23.38888888888889,421.58
2026-03-07,MANDI044,23.9,31.700000000000003,348.81
2026-03-07,MANDI047,24.513,29.77777777777778,207.22
2026-03-07,MANDI049,31.531333333333333,27.85925925925926,610.73
2026-03-08,MANDI001,41.402,19.4,246.62
2026-03-08,MANDI003,21.5,23.0,244.91
2026-03-08,MANDI004,38.3,32.611111111111114,469.62
2026-03-08,MANDI009,12.9,18.6,544.7900000000001
2026-03-08,MANDI010,14.7,26.15,946.5799999999999
2026-03-08,MANDI014,23.9,38.72222222222222,400.25
2026-03-08,MANDI016,24.892,22.44444444444445,371.86
2026-03-08,MANDI018,19.6,32.2,240.8
2026-03-08,MANDI019,41.8,33.611111111111114,102.49
2026-03-08,MANDI020,21.6,29.4,227.69
2026-03-08,MANDI022,32.096000000000004,33.99444444444444,444.07
2026-03-08,MANDI024,18.796,,160.16
2026-03-08,MANDI026,28.5,34.2,629.47
2026-03-08,MANDI031,31.4,23.855555555555554,429.63
2026-03-08,MANDI033,21.456666666666667,22.238888888888887,473.92999999999995
2026-03-08,MANDI036,,29.3,394.96000000000004
2026-03-08,MANDI037,13.6,,910.66
2026-03-08,MANDI038,28.7,22.7,137.98
2026-03-08,MANDI046,13.85,18.5,129.63
2026-03-08,MANDI049,7.2,15.61111111111111,1179.8899999999999
2026-03-09,MANDI001,3.9,,772.44
2026-03-09,MANDI002,8.1,27.9,903.0799999999999
2026-03-09,MANDI003,49.5,,601.19
2026-03-09,MANDI004,27.55,26.6,170.64
2026-03-09,MANDI005,29.433333333333337,22.1,196.02
2026-03-09,MANDI006,36.03,26.0,435.65
2026-03-09,MANDI008,37.9,40.0,119.74
2026-03-09,MANDI011,20.4,29.3,333.92
2026-03-09,MANDI012,10.6,30.2,52.01
2026-03-09,MANDI015,,30.7,305.61
2026-03-09,MANDI016,8.1,39.7,346.61
2026-03-09,MANDI017,23.1,27.9,736.1600000000001
2026-03-09,MANDI019,,18.7,596.0
2026-03-09,MANDI022,24.8,31.22222222222222,465.82
2026-03-09,MANDI023,5.7,,224.08
2026-03-09,MANDI026,20.955,28.11111111111111,514.69
2026-03-09,MANDI029,40.9,,1502.34
2026-03-09,MANDI034,,29.9,284.01
2026-03-09,MANDI035,27.178,20.222222222222225,96.21
2026-03-09,MANDI036,20.75,22.355555555555554,148.83
2026-03-09,MANDI037,22.1,23.2,1227.15
2026-03-09,MANDI038,1.7,29.6,1174.72
2026-03-09,MANDI039,9.143999999999998,26.27777777777778,403.95
2026-03-09,MANDI041,36.5,31.61111111111111,157.3
2026-03-09,MANDI045,17.038999999999998,22.105555555555554,1069.71
2026-03-09,MANDI046,,26.3,369.6
2026-03-09,MANDI047,19.416,32.75,752.23
2026-03-10,MANDI003,23.95,16.61111111111111,162.87
2026-03-10,MANDI008,,20.88888888888889,102.94
2026-03-10,MANDI009,27.45,25.7,441.01
2026-03-10,MANDI010,23.6,24.262962962962963,339.65
2026-03-10,MANDI014,43.942,24.1,270.72
2026-03-10,MANDI017,49.8,29.22222222222222,187.52
2026-03-10,MANDI018,17.0,39.9,483.47
2026-03-10,MANDI019,32.7,28.4,318.52
2026-03-10,MANDI020,21.217333333333332,27.6,541.3
2026-03-10,MANDI026,9.9,31.77777777777778,529.2
2026-03-10,MANDI029,11.0,38.72222222222222,475.22
2026-03-10,MANDI032,,18.88888888888889,239.86
2026-03-10,MANDI035,8.636000000000001,,60.69
2026-03-10,MANDI037,37.3,28.4,764.6099999999999
2026-03-10,MANDI039,15.6,25.222222222222225,525.04
2026-03-10,MANDI041,9.5,26.1,216.77
2026-03-10,MANDI043,17.9,31.0,309.15
2026-03-10,MANDI044,32.1,27.0,128.85
2026-03-10,MANDI045,24.2,23.7,755.71
2026-03-11,MANDI008,32.258,20.7,645.01
2026-03-11,MANDI010,,29.38888888888889,414.43
2026-03-11,MANDI011,0.0,36.6,121.02
2026-03-11,MANDI015,20.66133333333333,23.8962962962963,209.79
2026-03-11,MANDI022,21.2,38.1,223.74
2026-03-11,MANDI024,21.082,38.8,235.93
2026-03-11,MANDI027,32.4,38.2,497.73
2026-03-11,MANDI031,12.149999999999999,34.599999999999994,428.93
2026-03-11,MANDI032,9.6,26.22222222222222,115.51
2026-03-11,MANDI036,,35.72222222222222,408.02
2026-03-11,MANDI040,11.3,,330.53
2026-03-11,MANDI044,30.9,28.277777777777786,109.69
2026-03-11,MANDI047,39.37,28.3,1638.87
2026-03-11,MANDI050,47.1,27.22222222222222,842.11
2026-03-12,MANDI004,5.1,21.2,105.35
2026-03-12,MANDI005,29.27733333333333,24.692592592592593,240.68
2026-03-12,MANDI006,22.352,36.5,748.23
2026-03-12,MANDI009,23.368,15.72222222222222,580.9300000000001
2026-03-12,MANDI011,13.0,19.72222222222222,465.83
2026-03-12,MANDI012,45.3,18.1,586.0799999999999
2026-03-12,MANDI013,28.75,25.75,362.89
2026-03-12,MANDI017,5.1,37.6,456.56
2026-03-12,MANDI023,16.3,37.3,408.71
2026-03-12,MANDI025,18.8,33.4,137.98
2026-03-12,MANDI034,39.405499999999996,29.43703703703704,156.14
2026-03-12,MANDI041,16.6,26.305555555555557,1268.6
2026-03-12,MANDI042,23.114,27.0,270.24
2026-03-12,MANDI043,4.6,15.77777777777778,51.43
2026-03-12,MANDI045,36.515,20.7,498.99
2026-03-12,MANDI049,26.162,30.144444444444442,642.6600000000001
2026-03-13,MANDI002,14.4,17.8,584.87
2026-03-13,MANDI004,23.1,21.22222222222222,100.66
2026-03-13,MANDI005,,19.111111111111107,662.66
2026-03-13,MANDI006,8.3,25.65,960.4599999999999
2026-03-13,MANDI007,48.2,28.61111111111111,395.63
2026-03-13,MANDI010,5.155,34.56296296296296,445.05
2026-03-13,MANDI017,,28.277777777777786,697.8199999999999
2026-03-13,MANDI018,30.5,19.8,843.73
2026-03-13,MANDI019,39.1,31.77777777777778,192.57
2026-03-13,MANDI020,36.9,28.5,813.1800000000001
2026-03-13,MANDI021,2.4,,260.17
2026-03-13,MANDI027,32.521,26.803703703703704,401.25
2026-03-13,MANDI032,22.6208,26.950000000000003,715.9
2026-03-13,MANDI034,30.48,38.8,701.88
2026-03-13,MANDI037,15.3,24.388888888888893,151.81
2026-03-13,MANDI038,23.0,33.129629629629626,1152.92
2026-03-13,MANDI039,0.3,,786.3
2026-03-13,MANDI042,0.1,37.388888888888886,162.71
2026-03-14,MANDI001,27.6,28.5,358.33
2026-03-14,MANDI002,5.1,26.27777777777778,275.63
2026-03-14,MANDI003,40.8,35.72222222222222,569.8199999999999
2026-03-14,MANDI004,23.8,35.0,312.06
2026-03-14,MANDI005,6.35,,531.86
2026-03-14,MANDI009,13.8,31.6,464.40000000000003
2026-03-14,MANDI010,21.8,,102.42
2026-03-14,MANDI014,25.213,28.833333333333332,418.61
2026-03-14,MANDI016,6.35,22.7,140.66
2026-03-14,MANDI018,32.9,35.388888888888886,545.86
2026-03-14,MANDI025,,36.4,668.08
2026-03-14,MANDI026,46.4,24.9,637.36
2026-03-14,MANDI027,27.5,25.0,206.26
2026-03-14,MANDI028,10.7,,195.74
2026-03-14,MANDI029,41.52466666666667,25.05925925925926,889.5600000000001
2026-03-14,MANDI030,32.766,36.8,141.92
2026-03-14,MANDI031,49.4,,284.58
2026-03-14,MANDI034,23.8,19.77777777777777,217.43
2026-03-14,MANDI035,5.5,21.722222222222214,423.44
2026-03-14,MANDI037,46.3,24.6,498.5
2026-03-14,MANDI041,40.3,28.6,339.01000000000005
2026-03-14,MANDI042,37.2,17.88888888888889,776.45
2026-03-14,MANDI046,31.2,35.8,322.07000000000005
2026-03-14,MANDI049,20.442999999999998,32.888888888888886,404.09
2026-03-15,MANDI001,38.608,23.1,495.10999999999996
2026-03-15,MANDI003,12.6,23.488888888888887,69.53
2026-03-15,MANDI004,39.2,,97.56
2026-03-15,MANDI008,14.988999999999999,28.055555555555557,389.78
2026-03-15,MANDI009,45.72,28.7,461.06
2026-03-15,MANDI011,22.633333333333336,20.855555555555558,560.9
2026-03-15,MANDI013,,30.3,11.74
2026-03-15,MANDI014,48.3,29.7,69.89
2026-03-15,MANDI015,,26.38888888888889,522.39
2026-03-15,MANDI017,47.7,,1271.74
2026-03-15,MANDI018,,16.2,384.28999999999996
2026-03-15,MANDI020,2.7,23.7,402.79
2026-03-15,MANDI023,9.2,17.0,142.04
2026-03-15,MANDI024,14.85,26.75,296.49
2026-03-15,MANDI025,,21.2,530.5
2026-03-15,MANDI027,28.633333333333336,27.5962962962963,641.74
2026-03-15,MANDI030,29.9,25.0,480.75
2026-03-15,MANDI036,20.5,20.38888888888889,211.25
2026-03-15,MANDI037,33.4,33.111111111111114,484.42
2026-03-15,MANDI039,2.2,20.0,862.1800000000001
2026-03-15,MANDI040,43.839,18.75,1684.08
2026-03-15,MANDI042,23.8,18.3,388.55
2026-03-15,MANDI043,35.81399999999999,34.8,972.83
2026-03-16,MANDI002,21.738,27.04074074074074,565.09
2026-03-16,MANDI004,15.5,24.8,35.51
2026-03-16,MANDI005,20.828,31.38888888888889,483.48
2026-03-16,MANDI006,24.625,21.922222222222224,1107.02
2026-03-16,MANDI007,41.2,31.1,369.99
2026-03-16,MANDI008,27.178,35.2,255.51
2026-03-16,MANDI009,42.5,25.38888888888889,487.7000000000001
2026-03-16,MANDI011,37.542,26.7,1046.08
2026-03-16,MANDI020,7.0,,287.82
2026-03-16,MANDI021,31.2,19.27777777777778,697.31
2026-03-16,MANDI023,26.179999999999996,27.711111111111112,289.14
2026-03-16,MANDI024,35.81399999999999,29.88888888888889,150.51
2026-03-16,MANDI026,10.922,20.11111111111111,919.29
2026-03-16,MANDI028,,30.2,241.22
2026-03-16,MANDI031,28.306,28.233333333333334,913.8299999999999
2026-03-16,MANDI035,2.5,23.277777777777786,330.43
2026-03-16,MANDI036,,30.700000000000003,1335.07
2026-03-16,MANDI037,18.034,23.22222222222222,794.0
2026-03-16,MANDI038,24.9,27.1,1357.86
2026-03-16,MANDI039,11.43,33.9,373.6
2026-03-16,MANDI040,30.0,25.611111111111107,1083.55
2026-03-16,MANDI041,37.5,19.9,625.8499999999999
2026-03-16,MANDI044,,38.22222222222222,82.75
2026-03-16,MANDI045,14.5,17.11111111111111,424.75
2026-03-16,MANDI047,29.3,33.5,696.13
2026-03-16,MANDI049,20.133333333333333,34.638888888888886,264.7
2026-03-17,MANDI003,23.858,31.0,622.05
2026-03-17,MANDI004,24.3,28.14074074074074,559.34
2026-03-17,MANDI006,24.613999999999997,17.833333333333336,301.53
2026-03-17,MANDI008,2.7,32.611111111111114,268.52
2026-03-17,MANDI013,,34.77777777777778,911.53
2026-03-17,MANDI015,42.851,27.5,541.33
2026-03-17,MANDI018,27.2,33.3,464.06
2026-03-17,MANDI019,28.701999999999995,38.9,616.82
2026-03-17,MANDI020,39.991,28.805555555555557,588.14
2026-03-17,MANDI021,49.1,20.500000000000004,432.03
2026-03-17,MANDI023,32.9,23.194444444444446,389.92
2026-03-17,MANDI027,9.36,35.6,329.96
2026-03-17,MANDI028,34.7,27.450000000000003,642.54
2026-03-17,MANDI030,26.15,19.25,318.72
2026-03-17,MANDI033,4.064,37.888888888888886,866.99
2026-03-17,MANDI034,30.776,31.299999999999997,371.37
2026-03-17,MANDI035,28.9,,422.42
2026-03-17,MANDI037,33.902,38.5,1103.0500000000002
2026-03-17,MANDI039,7.619999999999999,29.61111111111111,211.67
2026-03-17,MANDI040,7.381,20.111111111111114,295.89
2026-03-17,MANDI041,11.3,31.61111111111111,436.4200000000001
2026-03-17,MANDI043,9.398,18.88888888888889,337.60999999999996
2026-03-17,MANDI045,37.338,29.11111111111111,296.94
2026-03-17,MANDI046,49.8,25.1,925.02
2026-03-17,MANDI048,,22.77777777777778,841.23
2026-03-17,MANDI049,,19.9,447.47999999999996
2026-03-17,MANDI050,5.975999999999999,33.13333333333333,1491.99
2026-03-18,MANDI002,32.05,31.88888888888889,391.77
2026-03-18,MANDI003,0.8,22.925925925925927,452.03999999999996
2026-03-18,MANDI004,12.7,29.3,447.88
2026-03-18,MANDI006,21.413,39.5,32.24
2026-03-18,MANDI007,,23.000000000000004,759.95
2026-03-18,MANDI009,44.1,18.77777777777778,560.24
2026-03-18,MANDI011,17.6,26.6,651.27
2026-03-18,MANDI012,42.8,37.1,693.23
2026-03-18,MANDI014,8.8,27.944444444444443,204.46
2026-03-18,MANDI016,25.7,18.3,224.46
2026-03-18,MANDI018,40.491,21.805555555555557,830.5999999999999
2026-03-18,MANDI020,11.9,,126.95
2026-03-18,MANDI021,1.6,15.7,1434.07
2026-03-18,MANDI031,29.75,34.15555555555556,559.33
2026-03-18,MANDI032,48.3,25.777777777777786,326.01
2026-03-18,MANDI035,1.2,36.0,229.28
2026-03-18,MANDI037,,21.4,323.45
2026-03-18,MANDI040,34.15,28.78888888888889,267.32
2026-03-18,MANDI041,24.5,21.144444444444446,203.8
2026-03-18,MANDI046,46.6,16.7,337.92
2026-03-18,MANDI048,26.6,27.2,315.74
2026-03-18,MANDI049,2.1,,300.29999999999995
2026-03-19,MANDI001,25.2,34.35,530.1
2026-03-19,MANDI008,19.2,28.744444444444444,275.75
2026-03-19,MANDI009,29.9,34.3,161.98
2026-03-19,MANDI011,44.0,,474.65
2026-03-19,MANDI012,45.792,28.625925925925927,366.65
2026-03-19,MANDI018,28.2,25.611111111111107,247.43
2026-03-19,MANDI020,32.8,26.35,292.46
2026-03-19,MANDI021,14.477999999999998,30.0,468.88
2026-03-19,MANDI022,,26.22222222222222,109.94
2026-03-19,MANDI023,21.2,26.899999999999995,370.49
2026-03-19,MANDI025,13.6,25.72222222222222,375.11
2026-03-19,MANDI027,18.1,20.38888888888889,451.63
2026-03-19,MANDI029,46.482,37.2,567.75
2026-03-19,MANDI034,,16.9,920.27
2026-03-19,MANDI036,,39.72222222222222,294.12
2026-03-19,MANDI038,39.7,23.4,73.65
2026-03-19,MANDI039,29.718,,313.96
2026-03-19,MANDI040,20.0,16.38888888888889,306.69
2026-03-19,MANDI043,13.818999999999999,15.722222222222221,227.46
2026-03-19,MANDI046,37.4,27.074074074074073,480.76
2026-03-20,MANDI002,37.4,24.8,898.23
2026-03-20,MANDI003,24.7,17.8,485.61
2026-03-20,MANDI004,43.0,31.9,114.74
2026-03-20,MANDI005,6.9,28.0,234.63
2026-03-20,MANDI006,17.525999999999996,,847.4300000000001
2026-03-20,MANDI008,13.4,30.38888888888889,655.9399999999999
2026-03-20,MANDI009,47.9,27.9,670.49
2026-03-20,MANDI010,28.275,32.075,298.18
2026-03-20,MANDI012,38.8,,144.88
2026-03-20,MANDI016,,26.722222222222214,537.2
2026-03-20,MANDI018,7.6,26.77777777777778,156.04
2026-03-20,MANDI020,40.385999999999996,25.88888888888889,32.67
2026-03-20,MANDI021,28.75,,523.24
2026-03-20,MANDI022,,,194.6
2026-03-20,MANDI026,26.386999999999997,30.5,1206.51
2026-03-20,MANDI030,22.881,32.65,85.6
2026-03-20,MANDI033,21.599,32.7,738.63
2026-03-20,MANDI034,38.7,18.2,488.63
2026-03-20,MANDI036,37.592,29.22222222222222,442.25
2026-03-20,MANDI037,35.1,21.0,790.23
2026-03-20,MANDI039,24.217,,804.97
2026-03-20,MANDI041,36.068,18.000000000000004,986.85
2026-03-20,MANDI042,37.6,27.722222222222225,70.92
2026-03-20,MANDI044,10.413999999999998,32.888888888888886,96.73
2026-03-20,MANDI046,35.7,26.88888888888889,406.18
2026-03-21,MANDI001,,31.22222222222222,824.56
2026-03-21,MANDI003,,19.61111111111111,958.84
2026-03-21,MANDI006,29.8,21.5,64.7
2026-03-21,MANDI007,47.244,,637.81
2026-03-21,MANDI009,30.48,23.38888888888889,442.33
2026-03-21,MANDI014,,27.722222222222225,299.62
2026-03-21,MANDI017,23.122999999999998,19.77777777777777,247.29
2026-03-21,MANDI018,0.7,35.6,679.62
2026-03-21,MANDI020,,38.2,329.39
2026-03-21,MANDI025,14.053,24.61111111111111,344.86
2026-03-21,MANDI026,13.7,39.11111111111112,495.99
2026-03-21,MANDI028,6.1,34.69444444444444,206.19
2026-03-21,MANDI030,,37.8,1086.2799999999997
2026-03-21,MANDI032,41.5,22.722222222222225,538.34
2026-03-21,MANDI034,0.4,36.30555555555556,52.7
2026-03-21,MANDI039,23.9,34.72222222222222,848.2
2026-03-21,MANDI040,21.5,35.611111111111114,351.68
2026-03-22,MANDI003,31.5,,496.72
2026-03-22,MANDI004,15.9,,472.87
2026-03-22,MANDI006,20.883333333333333,26.962962962962962,496.3
2026-03-22,MANDI007,45.4,32.1,49.29
2026-03-22,MANDI010,5.4,36.9,198.9
2026-03-22,MANDI011,13.7,24.88888888888889,877.95
2026-03-22,MANDI012,0.0,19.4,67.4
2026-03-22,MANDI013,30.799,27.7,687.08
2026-03-22,MANDI014,26.6,19.4,1116.87
2026-03-22,MANDI016,45.974,18.8,490.22
2026-03-22,MANDI020,25.662,28.111111111111114,416.98
2026-03-22,MANDI022,6.6,34.0,353.32
2026-03-22,MANDI024,18.0,15.0,413.98
2026-03-22,MANDI025,14.614,31.05,879.6
2026-03-22,MANDI027,30.1,23.6,1103.6200000000001
2026-03-22,MANDI033,30.7,39.9,275.95
2026-03-22,MANDI036,0.7619999999999999,,488.43
2026-03-22,MANDI038,3.4,15.88888888888889,310.38
2026-03-22,MANDI039,49.9,38.7,606.03
2026-03-22,MANDI040,20.6,20.38888888888889,374.73
2026-03-22,MANDI041,,22.5,210.66
2026-03-22,MANDI044,42.926,26.8,353.0
2026-03-22,MANDI045,22.098,31.11111111111111,352.39
2026-03-22,MANDI050,,,638.52
2026-03-23,MANDI001,,,383.4
2026-03-23,MANDI004,,23.72222222222222,235.24
2026-03-23,MANDI006,0.1,22.2,407.08
2026-03-23,MANDI007,16.1,27.938888888888894,467.28000000000003
2026-03-23,MANDI010,10.668,25.8,195.25
2026-03-23,MANDI012,,22.11111111111111,215.7
2026-03-23,MANDI015,18.796,25.855555555555558,356.1
2026-03-23,MANDI016,,16.77777777777778,391.56
2026-03-23,MANDI017,23.114,15.38888888888889,1024.46
2026-03-23,MANDI018,7.75,26.6,402.63
2026-03-23,MANDI019,32.054,37.2,24.78
2026-03-23,MANDI020,15.2,33.45,400.58
2026-03-23,MANDI021,10.413999999999998,39.888888888888886,496.78
2026-03-23,MANDI023,9.5,33.5,341.4
2026-03-23,MANDI025,6.05,31.249999999999996,220.42000000000002
2026-03-23,MANDI027,8.0,30.3,640.34
2026-03-23,MANDI029,28.448,21.03888888888889,920.65
2026-03-23,MANDI030,,,804.62
2026-03-23,MANDI031,44.45,21.4,285.64
2026-03-23,MANDI035,19.517,28.3,451.57
2026-03-23,MANDI038,47.4,36.8,1269.8899999999999
2026-03-23,MANDI040,,27.4,193.87
2026-03-23,MANDI041,35.2,31.40555555555556,86.95
2026-03-23,MANDI043,0.7619999999999999,30.5,420.88
2026-03-23,MANDI044,32.45,24.46111111111111,881.98
2026-03-23,MANDI046,15.0,26.833333333333332,232.44
2026-03-23,MANDI047,13.3,19.88888888888889,661.09
2026-03-23,MANDI049,25.618000000000002,15.5,513.61
2026-03-23,MANDI050,36.4,30.08888888888889,59.18
2026-03-24,MANDI003,1.9,,372.39
2026-03-24,MANDI004,28.06,36.5,372.78
2026-03-24,MANDI006,33.1,18.0,1084.93
2026-03-24,MANDI007,31.2,34.22222222222222,365.19
2026-03-24,MANDI008,28.4,24.88888888888889,416.77
2026-03-24,MANDI010,18.912,24.75,436.06
2026-03-24,MANDI011,3.4,,273.45
2026-03-24,MANDI016,,17.3,236.75
2026-03-24,MANDI018,1.27,16.7,359.67999999999995
2026-03-24,MANDI025,18.95,29.0,216.26
2026-03-24,MANDI027,24.384,34.2,74.73
2026-03-24,MANDI028,3.556,,728.13
2026-03-24,MANDI030,40.005,25.200000000000003,471.18
2026-03-24,MANDI031,28.200000000000003,24.4,322.78
2026-03-24,MANDI033,45.4,15.61111111111111,702.5699999999999
2026-03-24,MANDI036,33.528,36.4,96.99
2026-03-24,MANDI037,43.0,,426.46000000000004
2026-03-24,MANDI038,22.174000000000003,27.437037037037033,409.29999999999995
2026-03-24,MANDI039,12.446,,339.71999999999997
2026-03-24,MANDI040,12.583,21.7,757.14
2026-03-24,MANDI041,4.3,35.2,293.41
2026-03-24,MANDI042,10.9,32.71111111111111,428.91
2026-03-24,MANDI048,26.537333333333336,29.003703703703703,26.15
2026-03-24,MANDI049,19.3,24.944444444444443,423.22
2026-03-25,MANDI001,2.3,27.8,190.73
2026-03-25,MANDI003,48.2,27.5,421.4100000000001
2026-03-25,MANDI004,39.116,25.72222222222222,162.37
2026-03-25,MANDI005,28.829,20.444444444444443,892.93
2026-03-25,MANDI006,29.8,39.0,657.58
2026-03-25,MANDI007,25.521333333333335,22.611111111111114,845.66
2026-03-25,MANDI008,37.95,16.22222222222222,681.38
2026-03-25,MANDI014,33.9,20.8,261.13
2026-03-25,MANDI016,22.146,17.194444444444443,488.84000000000003
2026-03-25,MANDI019,,30.0,346.05
2026-03-25,MANDI020,40.894,18.011111111111113,287.94
2026-03-25,MANDI022,46.849000000000004,31.038888888888884,905.01
2026-03-25,MANDI024,48.8,38.61111111111112,709.26
2026-03-25,MANDI025,30.226,30.5,208.51000000000002
2026-03-25,MANDI027,30.6,35.8,707.22
2026-03-25,MANDI029,21.39,27.394444444444446,314.36
2026-03-25,MANDI031,42.6,35.77777777777778,247.41
2026-03-25,MANDI032,6.0,16.61111111111111,408.25
2026-03-25,MANDI038,49.0,24.2,463.52
2026-03-25,MANDI040,26.8,37.4,825.6600000000001
2026-03-25,MANDI042,15.0,,449.28
2026-03-25,MANDI047,39.77133333333333,27.329629629629633,796.75
2026-03-25,MANDI048,37.7,33.0,568.9100000000001
2026-03-25,MANDI049,33.02,30.72222222222222,53.99
2026-03-26,MANDI001,30.099999999999998,26.044444444444444,692.05
2026-03-26,MANDI002,4.571999999999999,35.9,333.17
2026-03-26,MANDI003,25.85,27.59444444444444,386.8
2026-03-26,MANDI004,,34.111111111111114,107.72
2026-03-26,MANDI008,31.7,30.794444444444444,452.37
2026-03-26,MANDI010,15.28,,290.76
2026-03-26,MANDI011,29.299999999999997,26.522222222222222,185.25
2026-03-26,MANDI014,39.5,26.55,247.3
2026-03-26,MANDI017,13.131,17.055555555555557,206.06
2026-03-26,MANDI018,34.25,29.15,553.19
2026-03-26,MANDI023,14.097000000000001,20.777777777777786,543.97
2026-03-26,MANDI024,47.4,34.9,464.95
2026-03-26,MANDI026,25.1,30.7,458.59
2026-03-26,MANDI030,45.6,38.11111111111112,287.58
2026-03-26,MANDI031,,,853.1600000000001
2026-03-26,MANDI036,,29.9,604.14
2026-03-26,MANDI037,38.900000000000006,19.77777777777777,576.23
2026-03-26,MANDI038,,15.9,129.07
2026-03-26,MANDI041,10.0,19.8,138.84
2026-03-26,MANDI046,25.799999999999997,35.44444444444444,492.18
2026-03-26,MANDI047,48.5,32.9,803.0
2026-03-26,MANDI048,22.46666666666667,25.65,768.8199999999999
2026-03-26,MANDI050,,31.22222222222222,326.32
2026-03-27,MANDI002,1.2,32.611111111111114,1234.76
2026-03-27,MANDI006,38.45,36.12962962962963,662.27
2026-03-27,MANDI007,11.533333333333333,27.52592592592593,197.27
2026-03-27,MANDI011,13.208,30.6,108.84
2026-03-27,MANDI012,,37.3,1006.3500000000001
2026-03-27,MANDI014,41.6,23.333333333333336,196.57
2026-03-27,MANDI015,18.549999999999997,21.5,386.51
2026-03-27,MANDI018,43.400000000000006,26.305555555555557,483.98
2026-03-27,MANDI019,25.1,34.27777777777778,560.66
2026-03-27,MANDI021,27.1,30.72222222222222,640.1800000000001
2026-03-27,MANDI022,35.81399999999999,24.58888888888889,594.98
2026-03-27,MANDI024,,34.888888888888886,506.84000000000003
2026-03-27,MANDI026,29.25,34.3,167.59999999999997
2026-03-27,MANDI028,26.0,30.75,408.13
2026-03-27,MANDI029,33.9,,150.63
2026-03-27,MANDI030,19.3,17.2,111.45
2026-03-27,MANDI032,43.18,22.1,700.51
2026-03-27,MANDI034,25.908,16.7,371.21000000000004
2026-03-27,MANDI035,34.2,17.4,175.92
2026-03-27,MANDI036,8.6,35.611111111111114,61.29
2026-03-27,MANDI037,38.0,22.61111111111111,383.55
2026-03-27,MANDI038,,27.5,73.68
2026-03-27,MANDI040,21.153,20.255555555555556,213.91
2026-03-27,MANDI042,30.774,25.262962962962963,257.56
2026-03-27,MANDI043,27.8,25.9,158.54
2026-03-27,MANDI044,2.7,28.72222222222222,281.2
2026-03-27,MANDI047,38.8,17.0,267.32
2026-03-27,MANDI048,39.671,32.49444444444444,141.78
2026-03-27,MANDI049,28.3,33.2,196.19
2026-03-28,MANDI003,0.4,,564.36
2026-03-28,MANDI005,14.478,19.8,283.53
2026-03-28,MANDI006,27.9,25.9,840.45
2026-03-28,MANDI011,16.549999999999997,38.35555555555556,463.99
2026-03-28,MANDI014,25.9,38.77777777777778,452.9
2026-03-28,MANDI015,11.3,,531.24
2026-03-28,MANDI017,25.056999999999995,33.1,541.54
2026-03-28,MANDI019,21.25,23.78888888888889,777.1700000000001
2026-03-28,MANDI020,35.1,19.9,551.41
2026-03-28,MANDI022,37.592,31.27777777777778,489.26
2026-03-28,MANDI027,12.7,33.138888888888886,97.5
2026-03-28,MANDI032,32.3,32.75,199.91
2026-03-28,MANDI033,,26.1,407.1
2026-03-28,MANDI035,37.2,26.0,1047.03
2026-03-28,MANDI036,,32.888888888888886,1034.43
2026-03-28,MANDI037,37.86666666666667,29.40740740740741,403.25
2026-03-28,MANDI038,29.666666666666668,30.04074074074074,282.47
2026-03-28,MANDI039,26.604999999999997,19.21111111111111,197.64
2026-03-28,MANDI040,33.7,,462.42
2026-03-28,MANDI041,18.65,25.15,857.02
2026-03-28,MANDI043,29.365000000000002,16.0,1209.81
2026-03-28,MANDI045,13.288,24.71111111111111,131.57
2026-03-28,MANDI047,32.512,29.11111111111111,136.45
2026-03-28,MANDI048,12.838999999999999,30.88888888888889,247.79
2026-03-28,MANDI049,25.908,26.505555555555553,428.35
2026-03-28,MANDI050,,34.72222222222222,957.8199999999999
2026-03-29,MANDI001,12.9,19.0,533.35
2026-03-29,MANDI002,16.0,25.777777777777786,25.43
2026-03-29,MANDI003,47.3,31.6,483.16
2026-03-29,MANDI005,2.95,23.011111111111106,495.08
2026-03-29,MANDI006,43.1,24.8,873.5799999999999
2026-03-29,MANDI007,44.704,22.11111111111111,260.42
2026-03-29,MANDI008,44.1,24.5,382.47
2026-03-29,MANDI009,48.768,26.462962962962962,213.97
2026-03-29,MANDI010,15.262,18.1,384.34
2026-03-29,MANDI014,32.766,29.7,689.8100000000001
2026-03-29,MANDI015,38.7,34.0,766.8199999999999
2026-03-29,MANDI021,18.7,31.83888888888889,608.48
2026-03-29,MANDI022,12.593,33.144444444444446,807.6700000000001
2026-03-29,MANDI024,49.3,20.1,64.05
2026-03-29,MANDI025,19.558,23.611111111111114,339.02
2026-03-29,MANDI026,37.004999999999995,31.85,800.08
2026-03-29,MANDI028,23.54,32.3,452.37
2026-03-29,MANDI029,17.950000000000003,35.7,195.01
2026-03-29,MANDI030,31.549999999999997,34.75,120.17
2026-03-29,MANDI034,15.9,30.88888888888889,53.230000000000004
2026-03-29,MANDI035,,38.61111111111112,529.97
2026-03-29,MANDI036,5.1,31.88888888888889,558.3199999999999
2026-03-29,MANDI043,,36.7,222.6
2026-03-29,MANDI050,27.014,25.33888888888889,793.47
2026-03-30,MANDI007,25.3,19.5,175.96
2026-03-30,MANDI008,,39.1,205.15
2026-03-30,MANDI012,32.894,24.95,168.41
2026-03-30,MANDI015,27.860999999999997,33.35,316.21000000000004
2026-03-30,MANDI017,18.452,31.294444444444444,173.18
2026-03-30,MANDI018,45.3,20.9,94.85
2026-03-30,MANDI019,33.02,17.5,933.4300000000001
2026-03-30,MANDI021,26.416,29.3,703.84
2026-03-30,MANDI022,25.777,,436.85
2026-03-30,MANDI023,20.254,18.011111111111113,130.98
2026-03-30,MANDI024,27.685999999999996,26.55925925925926,781.64
2026-03-30,MANDI027,34.034,30.7,172.06
2026-03-30,MANDI030,18.7,35.7,128.67
2026-03-30,MANDI031,18.4,,473.95000000000005
2026-03-30,MANDI032,42.8,39.6,117.65
2026-03-30,MANDI034,,,183.66000000000003
2026-03-30,MANDI039,23.3,27.27777777777777,366.1
2026-03-30,MANDI041,33.782,23.11111111111111,1027.53
2026-03-30,MANDI042,,,438.37
2026-03-30,MANDI049,41.402,29.6,439.47999999999996
2026-03-30,MANDI050,38.2,18.22222222222222,475.97
2026-03-31,MANDI003,32.9,36.61111111111112,1006.3199999999999
2026-03-31,MANDI005,19.2,37.3,43.97
2026-03-31,MANDI008,,,798.48
2026-03-31,MANDI010,12.4,,110.43
2026-03-31,MANDI012,42.3,22.11111111111111,110.66
2026-03-31,MANDI015,35.81399999999999,26.0,106.67
2026-03-31,MANDI018,14.9,26.77777777777778,75.55
2026-03-31,MANDI019,44.3,20.8,494.35
2026-03-31,MANDI022,48.3,28.4,492.9
2026-03-31,MANDI023,40.4,18.277777777777786,436.15
2026-03-31,MANDI024,18.542,29.88888888888889,260.21000000000004
2026-03-31,MANDI027,7.05,20.5,795.07
2026-03-31,MANDI031,29.539,21.2,496.87
2026-03-31,MANDI033,16.112,38.93333333333333,192.99
2026-03-31,MANDI034,48.4,39.2,157.75
2026-03-31,MANDI036,24.384,35.111111111111114,417.71
2026-03-31,MANDI037,14.4,25.41111111111111,476.48
2026-03-31,MANDI038,17.372,31.133333333333336,1320.02
2026-03-31,MANDI039,31.0,39.2,337.87
2026-03-31,MANDI040,,23.111111111111107,726.16
2026-03-31,MANDI043,5.1,20.611111111111107,968.36
2026-03-31,MANDI044,13.636000000000001,29.662962962962965,488.97
2026-03-31,MANDI046,19.561,35.08333333333333,887.3299999999999
2026-03-31,MANDI047,30.226,29.5,68.46
2026-03-31,MANDI048,0.0,29.77777777777778,384.1
2026-03-31,MANDI049,17.779999999999998,35.3,119.93
2026-04-01,MANDI004,26.416,21.15555555555555,509.79999999999995
2026-04-01,MANDI008,,23.3,319.47
2026-04-01,MANDI010,22.3,38.27777777777778,141.64
2026-04-01,MANDI020,4.064,32.5,1051.48
2026-04-01,MANDI022,9.5,26.405555555555555,207.82
2026-04-01,MANDI023,28.8,17.549999999999997,785.25
2026-04-01,MANDI026,43.5,23.53888888888889,1410.8899999999999
2026-04-01,MANDI028,38.7,32.5,561.67
2026-04-01,MANDI029,4.444999999999999,28.166666666666668,219.11
2026-04-01,MANDI030,40.5,27.5,493.3
2026-04-01,MANDI035,36.862,24.904444444444444,743.4
2026-04-01,MANDI036,38.8,22.7,393.23
2026-04-01,MANDI038,37.6,,170.05
2026-04-01,MANDI040,2.3,,497.92999999999995
2026-04-01,MANDI042,14.1,27.6,430.66
2026-04-01,MANDI043,23.2,39.6,1236.96
2026-04-01,MANDI044,6.3,24.77777777777777,343.72
2026-04-01,MANDI045,24.6,34.9,104.52
2026-04-01,MANDI046,30.212000000000003,25.494444444444444,62.43
2026-04-01,MANDI047,26.924,21.6,178.73
2026-04-01,MANDI049,34.6,31.5,1070.08
2026-04-01,MANDI050,15.2,,207.68
2026-04-02,MANDI001,17.8,15.4,338.35
2026-04-02,MANDI003,12.3,38.5,534.04
2026-04-02,MANDI005,32.5,17.0,251.57
2026-04-02,MANDI007,37.084,21.1,370.93
2026-04-02,MANDI009,41.402,25.8,147.03
2026-04-02,MANDI010,10.9,39.8,405.65
2026-04-02,MANDI011,33.4,27.61111111111111,613.88
2026-04-02,MANDI012,7.365999999999999,21.27777777777778,458.89
2026-04-02,MANDI013,5.25,15.27777777777778,343.65
2026-04-02,MANDI015,25.2,24.4,245.73
2026-04-02,MANDI016,25.654,27.4,42.220000000000006
2026-04-02,MANDI019,26.800999999999995,18.46111111111111,448.48
2026-04-02,MANDI020,21.55,20.111111111111107,109.47
2026-04-02,MANDI021,22.939999999999998,17.5,860.96
2026-04-02,MANDI025,40.8,34.333333333333336,196.2
2026-04-02,MANDI028,9.6,30.8,344.79
2026-04-02,MANDI030,16.628999999999998,22.722222222222225,315.89
2026-04-02,MANDI033,4.064,32.72222222222222,350.88
2026-04-02,MANDI034,12.345,23.18518518518518,391.81999999999994
2026-04-02,MANDI035,9.2,22.722222222222225,131.76999999999998
2026-04-02,MANDI042,31.123333333333335,35.905555555555566,232.6
2026-04-02,MANDI044,14.647,33.91111111111111,497.01
2026-04-02,MANDI048,9.1,24.222222222222214,470.81000000000006
2026-04-02,MANDI050,17.0,33.7,376.49
2026-04-03,MANDI001,6.219,24.21111111111111,649.19
2026-04-03,MANDI002,39.6,38.388888888888886,417.32
2026-04-03,MANDI009,13.97,28.9,405.27
2026-04-03,MANDI011,16.138,20.91111111111111,71.03
2026-04-03,MANDI012,26.75,34.044444444444444,999.1999999999999
2026-04-03,MANDI014,16.0,37.0,307.35
2026-04-03,MANDI015,49.022,30.88888888888889,225.08000000000004
2026-04-03,MANDI016,30.3,28.83888888888889,197.8
2026-04-03,MANDI022,9.3,26.277777777777782,709.73
2026-04-03,MANDI026,,28.2,544.85
2026-04-03,MANDI034,38.862,37.11111111111112,375.2
2026-04-03,MANDI035,15.969333333333333,28.08888888888889,153.87
2026-04-03,MANDI037,19.2,25.5,512.48
2026-04-03,MANDI038,0.6,34.388888888888886,119.12
2026-04-03,MANDI039,24.299999999999997,26.855555555555554,685.8199999999999
2026-04-03,MANDI041,33.451,32.77407407407407,190.77
2026-04-03,MANDI043,,17.4,541.1800000000001
2026-04-03,MANDI044,35.5,34.9,53.67
2026-04-03,MANDI045,41.0,,144.53
2026-04-03,MANDI047,,19.1,197.86
2026-04-03,MANDI048,28.900000000000002,24.63888888888889,34.5
2026-04-03,MANDI049,49.1,23.3,491.86
2026-04-04,MANDI001,24.892,39.7,164.77
2026-04-04,MANDI002,5.8,24.5,154.13
2026-04-04,MANDI004,16.7,34.3,71.61
2026-04-04,MANDI008,32.766,27.0,473.27
2026-04-04,MANDI013,17.3,22.38888888888889,257.37
2026-04-04,MANDI014,4.6,26.1,289.96
2026-04-04,MANDI015,18.899,,712.05
2026-04-04,MANDI016,15.75,29.5,329.13
2026-04-04,MANDI020,33.46666666666667,20.694444444444443,85.22999999999999
2026-04-04,MANDI024,13.0,39.4,237.97
2026-04-04,MANDI025,5.5,28.111111111111107,171.13
2026-04-04,MANDI028,,24.58333333333333,937.36
2026-04-04,MANDI029,32.1,17.11111111111111,14.55
2026-04-04,MANDI030,21.3,20.0,242.78
2026-04-04,MANDI031,,30.15,420.77
2026-04-04,MANDI033,13.42,27.402777777777775,356.15
2026-04-04,MANDI036,47.3,21.7,265.04
2026-04-04,MANDI039,26.1,25.5,307.73
2026-04-04,MANDI042,22.666666666666668,25.269444444444446,257.86
2026-04-04,MANDI045,1.2,24.111111111111114,788.0999999999999
2026-04-04,MANDI047,,30.2,47.83
2026-04-04,MANDI048,6.5280000000000005,29.049999999999997,701.63
2026-04-05,MANDI003,39.4,26.7,563.8
2026-04-05,MANDI007,,38.4,442.8
2026-04-05,MANDI011,12.2,33.75,73.73
2026-04-05,MANDI012,32.7,37.95,479.28
2026-04-05,MANDI013,37.4,20.4,55.95
2026-04-05,MANDI015,42.6,,348.14
2026-04-05,MANDI016,28.450000000000003,30.9,143.6
2026-04-05,MANDI021,35.306,23.805555555555557,186.59
2026-04-05,MANDI022,7.0,,182.27
2026-04-05,MANDI023,26.5,21.6,472.11
2026-04-05,MANDI024,17.715,31.3,20.31
2026-04-05,MANDI025,7.7,39.2,479.04999999999995
2026-04-05,MANDI026,33.6,31.292592592592587,387.72
2026-04-05,MANDI029,38.862,,208.27
2026-04-05,MANDI030,3.556,,352.06000000000006
2026-04-05,MANDI032,14.053,21.8,575.71
2026-04-05,MANDI035,,15.6,784.37
2026-04-05,MANDI036,18.916666666666668,28.75,791.7
2026-04-05,MANDI037,27.686,35.5,484.67
2026-04-05,MANDI039,45.72,22.444444444444443,494.39
2026-04-05,MANDI040,27.7,,399.40999999999997
2026-04-05,MANDI041,27.813,31.205555555555556,419.64
2026-04-05,MANDI047,33.06666666666667,28.5962962962963,882.23
2026-04-05,MANDI048,19.49266666666667,30.23703703703704,401.22
2026-04-06,MANDI004,30.1,,319.56
2026-04-06,MANDI006,3.302,27.06111111111111,340.58
2026-04-06,MANDI007,49.8,20.4,1068.38
2026-04-06,MANDI009,22.098,17.0,252.91
2026-04-06,MANDI010,22.921333333333333,27.11111111111111,287.96
2026-04-06,MANDI011,2.9,22.5,304.11
2026-04-06,MANDI012,1.9500000000000002,24.361111111111114,364.98
2026-04-06,MANDI013,11.05,26.3,338.83000000000004
2026-04-06,MANDI014,29.13333333333333,33.294444444444444,954.9200000000001
2026-04-06,MANDI016,,36.4,837.63
2026-04-06,MANDI025,20.85,23.574074074074076,479.28
2026-04-06,MANDI026,21.0,18.7,1553.23
2026-04-06,MANDI027,28.7,21.611111111111114,242.12
2026-04-06,MANDI028,18.6,34.35,508.51
2026-04-06,MANDI030,44.45,26.8,372.01
2026-04-06,MANDI032,6.4,23.88888888888889,826.66
2026-04-06,MANDI034,28.15,31.61111111111111,235.48
2026-04-06,MANDI042,11.176,34.2,338.56
2026-04-06,MANDI045,33.782,,51.64
2026-04-06,MANDI048,32.157333333333334,24.91111111111111,137.97
2026-04-07,MANDI002,42.926,36.0,567.03
2026-04-07,MANDI004,38.5,33.3,737.29
2026-04-07,MANDI005,49.022,27.55,614.56
2026-04-07,MANDI007,,26.9,442.56
2026-04-07,MANDI012,32.7,,1222.69
2026-04-07,MANDI013,23.286499999999997,23.182222222222222,341.43
2026-04-07,MANDI014,18.6,23.444444444444443,504.35999999999996
2026-04-07,MANDI016,32.766,37.61111111111112,425.76
2026-04-07,MANDI017,17.680666666666667,29.233333333333334,30.92
2026-04-07,MANDI018,28.232,31.43888888888889,1049.45
2026-04-07,MANDI020,14.731999999999998,23.755555555555556,268.45
2026-04-07,MANDI024,,,1031.3700000000001
2026-04-07,MANDI026,46.2,34.6,351.21
2026-04-07,MANDI027,37.8,19.388888888888893,649.57
2026-04-07,MANDI028,21.8,25.3,629.9200000000001
2026-04-07,MANDI029,,25.222222222222225,71.57
2026-04-07,MANDI030,0.2,21.0,975.3100000000001
2026-04-07,MANDI031,,23.72222222222222,303.14
2026-04-07,MANDI032,,21.611111111111114,36.21
2026-04-07,MANDI033,39.37,16.2,480.93
2026-04-07,MANDI035,4.0,15.5,962.45
2026-04-07,MANDI036,8.2,35.77777777777778,1332.79
2026-04-07,MANDI040,1.7,25.72222222222222,668.78
2026-04-07,MANDI041,1.0,30.655555555555555,338.29
2026-04-07,MANDI043,31.496,27.93888888888889,117.17
2026-04-07,MANDI044,11.700000000000001,21.45,666.72
2026-04-07,MANDI045,8.889999999999999,27.5,819.48
2026-04-07,MANDI049,0.8,27.7,633.47
2026-04-08,MANDI001,10.192666666666666,29.62222222222222,486.64
2026-04-08,MANDI003,28.959000000000003,27.6,441.99
2026-04-08,MANDI006,14.3,35.25,552.2200000000001
2026-04-08,MANDI007,42.9,29.27777777777778,321.08
2026-04-08,MANDI012,43.3,27.11111111111111,116.53
2026-04-08,MANDI015,32.5,28.3,301.01
2026-04-08,MANDI017,43.7,28.944444444444443,44.86
2026-04-08,MANDI018,35.400000000000006,29.55,325.61
2026-04-08,MANDI020,21.6,27.77777777777778,574.15
2026-04-08,MANDI021,16.0,34.6,701.26
2026-04-08,MANDI022,30.139333333333337,27.007407407407403,249.27
2026-04-08,MANDI025,21.5,27.255555555555553,649.1199999999999
2026-04-08,MANDI034,34.56666666666666,26.037037037037035,476.26
2026-04-08,MANDI040,48.3,17.7,446.59000000000003
2026-04-08,MANDI041,19.9,19.450000000000003,421.51
2026-04-08,MANDI043,34.572,25.6,233.73
2026-04-08,MANDI045,23.5,,525.17
2026-04-09,MANDI001,17.0,27.22222222222222,325.44
2026-04-09,MANDI002,29.6,31.0,271.32
2026-04-09,MANDI003,15.5,34.1,482.15999999999997
2026-04-09,MANDI004,3.302,39.72222222222222,1323.67
2026-04-09,MANDI007,30.226,25.755555555555553,378.14
2026-04-09,MANDI008,38.106,,719.9300000000001
2026-04-09,MANDI009,25.8,25.6,15.59
2026-04-09,MANDI011,19.450000000000003,21.944444444444446,92.16
2026-04-09,MANDI015,21.4,25.1,268.54
2026-04-09,MANDI016,12.05,26.896296296296295,305.31
2026-04-09,MANDI017,7.9,28.45,944.63
2026-04-09,MANDI019,31.5,23.361111111111114,430.22
2026-04-09,MANDI021,35.559999999999995,,536.04
2026-04-09,MANDI022,27.361,20.222222222222225,35.32
2026-04-09,MANDI024,20.2,18.61111111111111,981.65
2026-04-09,MANDI025,45.212,25.8,148.03
2026-04-09,MANDI026,11.751999999999999,18.900000000000002,419.57
2026-04-09,MANDI029,36.7,23.083333333333336,671.3599999999999
2026-04-09,MANDI032,42.4,17.8,189.52
2026-04-09,MANDI037,35.4,25.611111111111107,1488.07
2026-04-09,MANDI039,24.3,29.11111111111111,512.19
2026-04-09,MANDI042,1.2,,303.36
2026-04-09,MANDI045,15.899999999999999,29.84444444444444,829.47
2026-04-09,MANDI047,36.86666666666667,27.52962962962963,849.23
2026-04-09,MANDI049,22.799999999999997,19.25,404.59000000000003
2026-04-10,MANDI003,3.3,32.4,104.68
2026-04-10,MANDI010,6.654,26.555555555555557,206.23
2026-04-10,MANDI011,26.6,27.544444444444444,438.78
2026-04-10,MANDI015,13.200000000000001,32.50555555555556,447.61
2026-04-10,MANDI022,37.035,26.1,106.04
2026-04-10,MANDI023,14.85,20.8,468.29
2026-04-10,MANDI029,42.7,39.11111111111112,26.18
2026-04-10,MANDI032,20.5,29.7,410.33
2026-04-10,MANDI034,20.32,27.722222222222225,491.26
2026-04-10,MANDI035,39.624,27.8,364.65
2026-04-10,MANDI036,26.2,28.6,351.13
2026-04-10,MANDI038,11.0,19.222222222222214,55.46
2026-04-10,MANDI044,,18.2,340.9
2026-04-10,MANDI050,48.8,37.3,866.5899999999999
2026-04-11,MANDI005,17.766666666666666,32.67037037037037,140.29
2026-04-11,MANDI007,,34.9,564.46
2026-04-11,MANDI008,,,305.49
2026-04-11,MANDI009,34.533,19.977777777777774,182.64
2026-04-11,MANDI010,9.3,22.9,361.18
2026-04-11,MANDI017,22.821,18.277777777777786,116.59
2026-04-11,MANDI019,16.606,26.933333333333334,262.29
2026-04-11,MANDI021,4.826,39.1,427.69
2026-04-11,MANDI031,26.087999999999997,38.8,354.25
2026-04-11,MANDI032,5.0,16.5,536.6
2026-04-11,MANDI034,45.8,22.9,364.43
2026-04-11,MANDI037,37.9,27.88888888888889,240.09
2026-04-11,MANDI044,41.402,32.111111111111114,662.24
2026-04-12,MANDI002,35.35,34.9,201.51
2026-04-12,MANDI005,34.7,38.11111111111112,130.06
2026-04-12,MANDI008,43.2,32.388888888888886,362.87
2026-04-12,MANDI010,19.633333333333333,27.594444444444445,158.09
2026-04-12,MANDI012,25.9,22.61111111111111,427.71
2026-04-12,MANDI013,6.35,20.611111111111107,638.98
2026-04-12,MANDI014,34.6,30.0,36.46
2026-04-12,MANDI018,1.0,35.611111111111114,456.16
2026-04-12,MANDI020,41.5,,388.47
2026-04-12,MANDI022,25.274,24.072222222222223,241.95
2026-04-12,MANDI024,38.5,21.0,165.63
2026-04-12,MANDI027,18.8,17.8,626.0799999999999
2026-04-12,MANDI028,5.9,31.72222222222222,20.45
2026-04-12,MANDI029,29.95,34.75,494.14
2026-04-12,MANDI033,,30.0,66.38
2026-04-12,MANDI034,,19.5,417.41
2026-04-12,MANDI036,4.6,35.5,234.41
2026-04-12,MANDI041,12.917333333333334,28.53333333333333,421.65
2026-04-13,MANDI002,23.278666666666666,25.87037037037037,570.48
2026-04-13,MANDI004,14.8,24.01111111111111,477.85
2026-04-13,MANDI005,29.0815,25.727777777777778,477.05
2026-04-13,MANDI008,,29.894444444444446,290.12
2026-04-13,MANDI009,34.35,25.42962962962963,55.57000000000001
2026-04-13,MANDI010,17.476,32.75,374.4
2026-04-13,MANDI013,23.241,25.9,58.11999999999999
2026-04-13,MANDI016,4.4,28.8,386.74
2026-04-13,MANDI017,11.3,33.5,599.21
2026-04-13,MANDI021,44.704,20.6,632.44
2026-04-13,MANDI022,23.64,21.255555555555553,418.21999999999997
2026-04-13,MANDI023,43.18,18.4,170.57
2026-04-13,MANDI024,45.6,39.2,1732.3899999999999
2026-04-13,MANDI025,49.022,26.888888888888893,442.35
2026-04-13,MANDI027,12.65,22.044444444444444,597.75
2026-04-13,MANDI028,20.32,16.7,60.38
2026-04-13,MANDI031,33.507,29.9,425.08
2026-04-13,MANDI032,21.2,26.38888888888889,34.79
2026-04-13,MANDI033,40.46666666666667,38.72222222222222,11.8
2026-04-13,MANDI036,20.32,18.4,277.69
2026-04-13,MANDI037,39.79333333333333,30.755555555555556,43.4
2026-04-13,MANDI039,18.5,21.5,70.04
2026-04-13,MANDI042,3.4,38.22222222222222,460.29999999999995
2026-04-13,MANDI044,5.2,29.7,210.9
2026-04-13,MANDI045,23.697,30.8,316.78000000000003
2026-04-13,MANDI046,19.049999999999997,25.45,469.64
2026-04-13,MANDI047,1.778,29.9,573.61
2026-04-13,MANDI048,19.05,26.638888888888886,801.79
2026-04-13,MANDI050,15.366666666666667,24.12222222222222,610.01
2026-04-14,MANDI001,14.731999999999998,23.0,849.72
2026-04-14,MANDI003,30.991999999999997,24.27777777777778,534.63
2026-04-14,MANDI005,23.4,24.25,671.45
2026-04-14,MANDI007,38.959,30.5,358.48
2026-04-14,MANDI010,2.6500000000000004,28.607407407407408,550.8100000000001
2026-04-14,MANDI011,36.2,20.38888888888889,501.32000000000005
2026-04-14,MANDI012,31.15,31.64074074074074,466.96
2026-04-14,MANDI015,,35.0,33.73
2026-04-14,MANDI016,20.872,25.5,11.0
2026-04-14,MANDI017,20.55,34.55555555555556,337.81
2026-04-14,MANDI019,10.454999999999998,18.794444444444444,48.11
2026-04-14,MANDI020,30.0,24.5,188.72
2026-04-14,MANDI021,19.683,19.5,225.92
2026-04-14,MANDI025,,16.88888888888889,246.18
2026-04-14,MANDI027,30.6,31.8,85.13
2026-04-14,MANDI029,28.339999999999996,22.5,443.66
2026-04-14,MANDI033,1.5239999999999998,18.000000000000004,687.9499999999999
2026-04-14,MANDI035,30.734,39.388888888888886,378.66
2026-04-14,MANDI037,,26.5,482.03
2026-04-14,MANDI038,,25.500000000000004,444.21
2026-04-14,MANDI041,38.6,39.77777777777778,107.63
2026-04-14,MANDI042,,35.6,215.86
2026-04-14,MANDI044,30.0,32.0,614.24
2026-04-14,MANDI045,23.8,26.450000000000003,392.2
2026-04-14,MANDI046,14.75,23.916666666666664,1158.9099999999999
2026-04-14,MANDI048,28.200000000000003,16.549999999999997,155.73
2026-04-15,MANDI003,39.2,21.03888888888889,166.1
2026-04-15,MANDI005,9.4,36.77777777777778,350.27
2026-04-15,MANDI006,14.731999999999998,20.777777777777786,85.28
2026-04-15,MANDI007,26.844,24.444444444444443,130.85000000000002
2026-04-15,MANDI009,19.05,21.944444444444446,429.51
2026-04-15,MANDI011,42.5,,322.37
2026-04-15,MANDI012,23.700000000000003,28.666666666666664,1800.2399999999998
2026-04-15,MANDI013,28.75,33.50555555555556,723.45
2026-04-15,MANDI018,23.45,34.4,763.69
2026-04-15,MANDI020,40.6,,849.63
2026-04-15,MANDI024,24.593000000000004,29.35555555555556,234.18
2026-04-15,MANDI026,27.0,39.5,248.54
2026-04-15,MANDI027,,,140.79
2026-04-15,MANDI031,8.636000000000001,,1119.08
2026-04-15,MANDI033,32.969,24.888888888888893,579.02
2026-04-15,MANDI034,8.396999999999998,31.31111111111111,842.8800000000001
2026-04-15,MANDI036,37.814,32.277777777777786,604.99
2026-04-15,MANDI037,11.684,24.055555555555557,268.31
2026-04-15,MANDI040,46.228,33.5,1310.28
2026-04-15,MANDI042,20.07133333333333,30.42962962962963,340.8
2026-04-15,MANDI045,16.966666666666665,28.362962962962964,1016.74
2026-04-15,MANDI050,46.736,34.27777777777778,98.46
2026-04-16,MANDI002,40.2,30.7,856.88
2026-04-16,MANDI007,19.108,21.5,273.64
2026-04-16,MANDI015,20.803,29.95,257.85
2026-04-16,MANDI016,30.0,30.6,479.31
2026-04-16,MANDI019,25.6,30.044444444444444,700.55
2026-04-16,MANDI021,30.4,18.7,449.91
2026-04-16,MANDI024,29.718,30.38888888888889,714.5999999999999
2026-04-16,MANDI025,39.254999999999995,21.588888888888892,247.16
2026-04-16,MANDI027,10.668,25.500000000000004,458.94
2026-04-16,MANDI029,12.191999999999998,,1047.53
2026-04-16,MANDI031,9.143999999999998,16.27777777777778,701.37
2026-04-16,MANDI032,32.766,21.861111111111107,193.33
2026-04-16,MANDI033,12.4,,393.36
2026-04-16,MANDI035,32.1,39.888888888888886,251.24
2026-04-16,MANDI036,20.116999999999997,29.205555555555556,292.29999999999995
2026-04-16,MANDI037,24.4,15.77777777777778,14.4
2026-04-16,MANDI038,31.55,39.9,324.27
2026-04-16,MANDI039,8.5,28.13888888888889,71.79
2026-04-16,MANDI040,,19.4,857.66
2026-04-16,MANDI041,22.400000000000002,23.4,326.93
2026-04-16,MANDI042,16.3,15.11111111111111,366.69
2026-04-16,MANDI046,25.781,38.22222222222222,65.71
2026-04-16,MANDI048,30.6,21.22222222222222,1366.01
2026-04-17,MANDI001,22.666666666666668,27.433333333333334,539.91
2026-04-17,MANDI005,41.6,20.72222222222222,982.51
2026-04-17,MANDI010,32.0,19.0,431.95000000000005
2026-04-17,MANDI012,11.627,25.3,462.27
2026-04-17,MANDI016,41.91,,661.39
2026-04-17,MANDI019,32.475,30.46666666666667,955.7
2026-04-17,MANDI021,38.2,,956.1300000000001
2026-04-17,MANDI026,10.16,19.72222222222222,400.29
2026-04-17,MANDI029,24.097,26.0,422.07
2026-04-17,MANDI031,31.5,28.77777777777778,368.1
2026-04-17,MANDI032,29.25,32.4,139.32
2026-04-17,MANDI033,37.4,29.0,1118.19
2026-04-17,MANDI035,5.9,35.5,461.85
2026-04-17,MANDI036,31.242,,36.2
2026-04-17,MANDI038,24.13,19.2,289.32
2026-04-17,MANDI040,34.7,31.5,392.68
2026-04-17,MANDI041,21.082,23.111111111111107,416.85
2026-04-17,MANDI042,15.493999999999998,37.22222222222222,472.75
2026-04-17,MANDI044,37.5,22.7,438.45
2026-04-17,MANDI046,25.896,38.4,1141.15
2026-04-18,MANDI004,13.7,31.75,351.78
2026-04-18,MANDI008,35.4,,1303.6399999999999
2026-04-18,MANDI010,29.727999999999994,30.688888888888886,154.07
2026-04-18,MANDI011,20.0,24.2,1217.25
2026-04-18,MANDI012,28.857,28.2,498.11999999999995
2026-04-18,MANDI015,18.7,24.907407407407405,295.81
2026-04-18,MANDI017,42.4,35.4,509.28
2026-04-18,MANDI018,18.150999999999996,33.05555555555556,563.64
2026-04-18,MANDI019,20.65,39.2,630.06
2026-04-18,MANDI021,46.736,,464.19
2026-04-18,MANDI022,10.2,36.4,943.1700000000001
2026-04-18,MANDI024,7.8,17.4,290.1
2026-04-18,MANDI025,5.5,16.11111111111111,46.06
2026-04-18,MANDI026,15.1,24.5,295.88
2026-04-18,MANDI027,16.4,21.0,446.46
2026-04-18,MANDI028,22.695,23.2,270.45000000000005
2026-04-18,MANDI029,11.938,27.77777777777778,402.36
2026-04-18,MANDI030,25.1,32.961111111111116,203.95
2026-04-18,MANDI035,3.3,17.72222222222222,469.28
2026-04-18,MANDI036,27.225,28.805555555555557,904.55
2026-04-18,MANDI037,35.306,35.7,558.44
2026-04-18,MANDI039,14.2,,11.94
2026-04-18,MANDI042,21.833333333333332,30.95925925925926,478.04999999999995
2026-04-18,MANDI043,12.191999999999998,23.000000000000004,317.34000000000003
2026-04-18,MANDI045,18.054000000000002,29.762962962962963,947.11
2026-04-18,MANDI046,,20.500000000000004,215.3
2026-04-18,MANDI048,,30.0,1099.93
2026-04-18,MANDI050,35.9,36.61111111111112,1341.1399999999999
2026-04-19,MANDI001,6.0,22.22222222222222,949.37
2026-04-19,MANDI002,,23.1,491.16999999999996
2026-04-19,MANDI003,31.0,27.9,867.6700000000001
2026-04-19,MANDI004,37.3,19.222222222222214,497.39
2026-04-19,MANDI007,11.251999999999999,20.27777777777778,1147.31
2026-04-19,MANDI010,20.3,38.27777777777778,660.01
2026-04-19,MANDI012,16.9,17.3,161.19
2026-04-19,MANDI013,5.08,17.4,164.8
2026-04-19,MANDI015,20.25,31.107407407407408,493.71999999999997
2026-04-19,MANDI016,32.2,25.88888888888889,759.78
2026-04-19,MANDI017,32.638999999999996,21.805555555555557,130.05
2026-04-19,MANDI018,30.527,27.21111111111111,497.38
2026-04-19,MANDI021,16.462999999999997,38.894444444444446,84.82
2026-04-19,MANDI022,7.365999999999999,23.3,599.8
2026-04-19,MANDI023,36.5,15.27777777777778,1365.19
2026-04-19,MANDI025,24.3,37.4,623.3800000000001
2026-04-19,MANDI026,33.6,27.55,366.97
2026-04-19,MANDI030,35.1,30.88888888888889,420.64
2026-04-19,MANDI032,,,338.06
2026-04-19,MANDI035,,38.8,111.54
2026-04-19,MANDI036,23.6,21.38888888888889,176.46999999999997
2026-04-19,MANDI038,23.7,22.0,821.3199999999999
2026-04-19,MANDI039,8.382,16.7,425.0
2026-04-19,MANDI040,33.269999999999996,32.04444444444445,497.25
2026-04-19,MANDI041,1.9,23.527777777777782,169.77
2026-04-19,MANDI045,21.59,38.5,284.69
2026-04-20,MANDI002,20.0,35.388888888888886,376.92
2026-04-20,MANDI006,3.5,34.77777777777778,347.7
2026-04-20,MANDI007,29.7,22.05925925925926,712.31
2026-04-20,MANDI009,22.50666666666667,27.95,379.09
2026-04-20,MANDI010,25.1,23.2,483.5
2026-04-20,MANDI012,7.131,23.733333333333334,73.44
2026-04-20,MANDI013,24.6,24.005555555555553,419.19
2026-04-20,MANDI014,26.5,18.35,421.12
2026-04-20,MANDI017,36.322,23.8,107.56
2026-04-20,MANDI027,29.575,25.397222222222226,1344.71
2026-04-20,MANDI028,15.9,15.72222222222222,493.59
2026-04-20,MANDI029,11.3,,213.13
2026-04-20,MANDI031,17.9,34.3,380.78
2026-04-20,MANDI032,27.875333333333334,31.28888888888889,393.58000000000004
2026-04-20,MANDI037,37.2,24.244444444444447,1508.9
2026-04-20,MANDI041,48.4,40.0,162.2
2026-04-20,MANDI042,7.75,23.361111111111107,339.57
2026-04-20,MANDI044,23.2,37.0,844.53
2026-04-21,MANDI003,36.1,39.8,465.71999999999997
2026-04-21,MANDI004,18.3,20.6,70.82
2026-04-21,MANDI007,40.95,,1215.39
2026-04-21,MANDI008,21.8,31.9,813.37
2026-04-21,MANDI017,15.748,16.61111111111111,925.14
2026-04-21,MANDI019,8.8,20.777777777777786,808.0799999999999
2026-04-21,MANDI020,,36.2,2102.67
2026-04-21,MANDI022,31.496,35.5,180.93
2026-04-21,MANDI023,22.654,30.666666666666668,514.89
2026-04-21,MANDI026,28.932,32.7037037037037,955.6300000000001
2026-04-21,MANDI036,7.2,28.5,13.55
2026-04-21,MANDI038,38.05,26.661111111111108,235.63
2026-04-21,MANDI039,24.2,18.7,344.36
2026-04-21,MANDI040,22.86,21.11111111111111,215.02
2026-04-21,MANDI041,29.4,17.0,276.2
2026-04-21,MANDI044,35.900000000000006,27.61111111111111,634.5400000000001
2026-04-21,MANDI045,14.459,26.444444444444446,96.64
2026-04-21,MANDI047,,39.1,1204.1399999999999
2026-04-21,MANDI049,38.3,26.5,391.49
2026-04-21,MANDI050,,16.4,44.65
2026-04-22,MANDI001,23.6,28.2,428.26
2026-04-22,MANDI002,32.875,24.700000000000003,308.23
2026-04-22,MANDI003,29.2,,401.88
2026-04-22,MANDI004,36.6,24.0,969.1899999999999
2026-04-22,MANDI008,17.95,26.65,171.24
2026-04-22,MANDI009,31.242,27.4,75.2
2026-04-22,MANDI010,25.2,16.7,263.75
2026-04-22,MANDI011,,,774.2
2026-04-22,MANDI013,38.608,24.9,24.7
2026-04-22,MANDI015,35.559999999999995,33.5,248.59
2026-04-22,MANDI018,42.672,17.22222222222222,85.4
2026-04-22,MANDI019,,15.3,667.89
2026-04-22,MANDI024,12.9,36.9,324.99
2026-04-22,MANDI027,35.352999999999994,23.95,104.44
2026-04-22,MANDI031,,39.7,315.72
2026-04-22,MANDI032,25.53333333333333,30.829629629629625,430.79
2026-04-22,MANDI034,29.599999999999998,24.31111111111111,273.25
2026-04-22,MANDI035,,,87.68
2026-04-22,MANDI037,21.1,38.27777777777778,363.75
2026-04-22,MANDI038,12.7,27.6,107.8
2026-04-22,MANDI040,8.6,34.45,355.87
2026-04-22,MANDI041,31.0,23.311111111111106,62.17
2026-04-22,MANDI043,,37.5,546.8
2026-04-22,MANDI044,10.25,21.666666666666664,331.58000000000004
2026-04-22,MANDI045,20.625,37.61111111111112,219.88
2026-04-22,MANDI046,,39.11111111111112,1036.22
2026-04-22,MANDI048,44.0,,775.9100000000001
2026-04-22,MANDI049,5.9,32.5,866.16
2026-04-23,MANDI001,,19.27777777777778,405.41
2026-04-23,MANDI002,26.299999999999997,26.225,230.2
2026-04-23,MANDI006,3.7,20.9,489.81
2026-04-23,MANDI010,37.7,37.27777777777778,233.40999999999997
2026-04-23,MANDI011,39.878,16.5,1076.33
2026-04-23,MANDI015,3.5,31.5,1028.69
2026-04-23,MANDI019,12.2,33.611111111111114,414.73
2026-04-23,MANDI020,26.67,16.9,328.11
2026-04-23,MANDI026,31.829,33.7,622.9200000000001
2026-04-23,MANDI027,14.986,,479.36
2026-04-23,MANDI028,6.2,39.0,165.94
2026-04-23,MANDI029,23.114,39.4,367.29
2026-04-23,MANDI031,46.736,28.0,480.45
2026-04-23,MANDI036,42.327333333333335,34.40555555555556,473.96
2026-04-23,MANDI037,31.549999999999997,27.083333333333332,381.14
2026-04-23,MANDI038,16.3,,533.38
2026-04-23,MANDI043,9.398,30.9,771.55
2026-04-23,MANDI044,,25.2,353.43
2026-04-23,MANDI046,7.8,30.22222222222222,355.93
2026-04-23,MANDI048,4.4,15.3,1365.6899999999998
2026-04-23,MANDI049,33.8,15.0,31.17
2026-04-24,MANDI001,28.194000000000003,,252.35
2026-04-24,MANDI002,,40.0,74.01
2026-04-24,MANDI004,28.701999999999995,19.261111111111113,648.69
2026-04-24,MANDI008,3.766,23.055555555555554,502.36
2026-04-24,MANDI013,38.9,17.4,497.6
2026-04-24,MANDI014,,23.000000000000004,507.08
2026-04-24,MANDI016,28.9,39.1,40.68
2026-04-24,MANDI019,36.83,31.2,697.78
2026-04-24,MANDI020,6.547000000000001,33.0,221.18
2026-04-24,MANDI021,27.3,,658.31
2026-04-24,MANDI023,13.462,34.9,97.11
2026-04-24,MANDI024,40.5,22.0,811.26
2026-04-24,MANDI026,30.9,22.85,374.1
2026-04-24,MANDI027,31.424999999999997,31.611111111111107,479.89
2026-04-24,MANDI028,29.6,18.305555555555557,862.0699999999999
2026-04-24,MANDI029,38.0,36.22222222222222,15.31
2026-04-24,MANDI030,31.2,26.77777777777778,128.5
2026-04-24,MANDI031,38.6,16.7,344.5
2026-04-24,MANDI035,,32.9,97.07
2026-04-24,MANDI037,,19.77777777777777,36.91
2026-04-24,MANDI042,41.0,29.9,815.6600000000001
2026-04-24,MANDI044,19.225,23.65,1164.32
2026-04-24,MANDI048,32.6,16.0,826.8
2026-04-24,MANDI049,7.2,33.6,343.98
2026-04-24,MANDI050,,21.0,614.6999999999999
2026-04-25,MANDI003,14.8,39.27777777777778,527.08
2026-04-25,MANDI004,43.18,,346.13
2026-04-25,MANDI006,33.274,,341.89
2026-04-25,MANDI011,17.6,32.611111111111114,463.39
2026-04-25,MANDI013,35.9,32.72222222222222,98.61
2026-04-25,MANDI016,22.7,33.1,694.8900000000001
2026-04-25,MANDI018,11.6,33.388888888888886,618.84
2026-04-25,MANDI027,43.434,27.38888888888889,77.71
2026-04-25,MANDI031,46.99,35.111111111111114,390.79
2026-04-25,MANDI033,21.75,29.022222222222222,589.67
2026-04-25,MANDI037,30.734,26.7,406.18
2026-04-25,MANDI041,39.9,29.1,102.56
2026-04-25,MANDI042,20.299,20.5,300.65000000000003
2026-04-25,MANDI043,29.21,22.1,743.54
2026-04-25,MANDI044,44.7,18.000000000000004,180.58
2026-04-25,MANDI048,,38.6,500.21000000000004
2026-04-25,MANDI049,36.55,24.38888888888889,734.5799999999999
2026-04-25,MANDI050,29.35,39.27777777777778,29.94
2026-04-26,MANDI001,31.241999999999997,30.062962962962967,434.4
2026-04-26,MANDI003,48.1,,300.48
2026-04-26,MANDI005,34.798,31.9,458.69
2026-04-26,MANDI006,32.258,32.27777777777778,57.39
2026-04-26,MANDI007,42.3,34.1,438.73
2026-04-26,MANDI008,32.0,27.555555555555557,426.56
2026-04-26,MANDI009,6.0,27.6,396.29999999999995
2026-04-26,MANDI013,47.3,,136.56
2026-04-26,MANDI017,7.7,21.0,380.3
2026-04-26,MANDI018,30.95,29.45925925925926,487.61
2026-04-26,MANDI019,43.7,30.1,306.89
2026-04-26,MANDI024,25.349999999999998,27.333333333333336,363.44
2026-04-26,MANDI025,34.0,17.22222222222222,38.67
2026-04-26,MANDI026,18.8,21.6,348.99
2026-04-26,MANDI028,8.8,28.05,384.4
2026-04-26,MANDI031,31.1,24.5,738.4300000000001
2026-04-26,MANDI033,23.926000000000002,31.244444444444444,582.03
2026-04-26,MANDI037,10.905999999999999,33.30555555555556,83.22
2026-04-26,MANDI038,42.5,,71.28
2026-04-26,MANDI041,44.9,19.88888888888889,380.7
2026-04-26,MANDI044,21.25,21.5,85.56
2026-04-26,MANDI045,39.25,18.344444444444445,26.94
2026-04-26,MANDI047,38.641999999999996,29.46111111111111,430.09
2026-04-26,MANDI049,18.7,,277.36
2026-04-26,MANDI050,25.6,33.72222222222222,433.28
2026-04-27,MANDI005,,28.000000000000004,467.56
2026-04-27,MANDI006,,27.27777777777777,552.0600000000001
2026-04-27,MANDI007,17.2,21.1,1236.23
2026-04-27,MANDI009,5.08,16.11111111111111,67.0
2026-04-27,MANDI012,17.6,16.7,301.84000000000003
2026-04-27,MANDI013,49.53,25.1,301.09000000000003
2026-04-27,MANDI014,,23.277777777777786,381.72
2026-04-27,MANDI015,12.064999999999998,34.5,889.0600000000001
2026-04-27,MANDI017,5.08,24.61111111111111,33.56
2026-04-27,MANDI021,26.5,31.5,724.1899999999999
2026-04-27,MANDI022,38.169999999999995,19.637037037037036,717.45
2026-04-27,MANDI025,7.7,38.61111111111112,484.07
2026-04-27,MANDI026,49.7,29.19444444444445,903.8999999999999
2026-04-27,MANDI027,43.2,31.0,381.38
2026-04-27,MANDI029,18.288,21.2,550.6300000000001
2026-04-27,MANDI030,29.4,24.388888888888893,426.47
2026-04-27,MANDI031,14.1,20.8,67.22
2026-04-27,MANDI037,18.542,,421.18
2026-04-27,MANDI039,16.5,29.505555555555553,579.1000000000001
2026-04-27,MANDI040,41.5,19.4,24.95
2026-04-27,MANDI041,,,46.38
2026-04-27,MANDI044,18.999,22.25,1102.31
2026-04-27,MANDI045,5.08,17.38888888888889,32.75
2026-04-27,MANDI047,,,210.31
2026-04-27,MANDI048,26.9,27.5,319.33
2026-04-27,MANDI050,48.00599999999999,21.77777777777778,375.2000000000001
2026-04-28,MANDI002,28.486000000000004,21.055555555555557,638.58
2026-04-28,MANDI003,26.7,30.61111111111111,412.11
2026-04-28,MANDI005,31.38,,466.53
2026-04-28,MANDI007,15.0,16.63888888888889,546.73
2026-04-28,MANDI010,27.8,32.3,234.5
2026-04-28,MANDI013,1.016,29.77777777777778,574.23
2026-04-28,MANDI016,21.55,27.6,760.8800000000001
2026-04-28,MANDI017,27.400000000000002,26.1,967.5
2026-04-28,MANDI020,17.971999999999998,32.78888888888889,559.63
2026-04-28,MANDI025,4.7,37.1,44.1
2026-04-28,MANDI027,29.718,29.5,162.24
2026-04-28,MANDI030,,26.8,882.19
2026-04-28,MANDI032,3.6,,298.67
2026-04-28,MANDI033,8.450000000000001,18.005555555555553,370.96
2026-04-28,MANDI037,34.1,32.3,800.04
2026-04-28,MANDI041,18.599999999999998,17.855555555555554,531.9
2026-04-28,MANDI042,41.9,37.0,301.40000000000003
2026-04-28,MANDI047,,,384.87
2026-04-28,MANDI050,7.0,32.0,437.58
2026-04-29,MANDI001,32.55,32.75555555555556,289.62
2026-04-29,MANDI002,,15.38888888888889,300.05
2026-04-29,MANDI003,43.1,,82.07
2026-04-29,MANDI004,47.2,34.6,509.37
2026-04-29,MANDI005,14.8,28.9,1787.1200000000001
2026-04-29,MANDI007,,27.6,218.45
2026-04-29,MANDI008,42.7,16.2,248.99
2026-04-29,MANDI009,6.8,30.144444444444446,734.97
2026-04-29,MANDI010,23.950000000000003,24.65,424.17
2026-04-29,MANDI011,15.704999999999998,20.15,203.8
2026-04-29,MANDI012,22.4,33.4,291.98
2026-04-29,MANDI017,39.2,28.5,458.04
2026-04-29,MANDI019,6.604,33.1,418.98
2026-04-29,MANDI020,19.05,31.8,371.41999999999996
2026-04-29,MANDI025,,33.5,24.14
2026-04-29,MANDI028,40.23933333333333,39.261111111111106,480.91
2026-04-29,MANDI029,17.0,34.611111111111114,562.32
2026-04-29,MANDI033,31.55,23.794444444444444,650.84
2026-04-29,MANDI035,37.599999999999994,20.055555555555557,126.56
2026-04-29,MANDI036,14.4,25.36111111111111,244.89
2026-04-29,MANDI037,16.0,38.7,312.37
2026-04-29,MANDI043,18.542,22.2,115.99
2026-04-29,MANDI045,,37.72222222222222,514.0
2026-04-29,MANDI046,26.6,23.22222222222222,440.3
2026-04-29,MANDI050,27.284999999999997,31.38888888888889,831.49
2026-04-30,MANDI001,48.768,20.3,153.59
2026-04-30,MANDI005,44.196,21.722222222222214,413.95
2026-04-30,MANDI009,19.4,28.266666666666666,58.69
2026-04-30,MANDI012,19.6,30.9,426.6
2026-04-30,MANDI013,,34.8,15.1
2026-04-30,MANDI017,19.717333333333332,26.961111111111112,283.78000000000003
2026-04-30,MANDI019,24.0,18.111111111111107,915.5899999999999
2026-04-30,MANDI023,27.647333333333332,26.75,419.8
2026-04-30,MANDI024,25.766666666666666,27.825925925925926,358.63
2026-04-30,MANDI025,35.748,31.61111111111111,364.79
2026-04-30,MANDI027,7.365999999999999,25.777777777777786,925.3100000000001
2026-04-30,MANDI030,6.604,25.055555555555557,562.26
2026-04-30,MANDI033,22.505,29.905555555555555,136.02
2026-04-30,MANDI034,32.1,27.8,403.81
2026-04-30,MANDI036,17.272000000000002,18.6,1384.25
2026-04-30,MANDI038,42.1,24.388888888888893,764.36
2026-04-30,MANDI039,36.512,30.4,406.61
2026-04-30,MANDI040,,17.61111111111111,456.5
2026-04-30,MANDI044,38.2,28.85,484.96
2026-04-30,MANDI046,26.6,32.6,254.33
2026-04-30,MANDI047,21.610666666666663,18.5,83.02
2026-04-30,MANDI050,15.2,39.6,143.23000000000002
2026-05-01,MANDI001,43.233000000000004,26.38888888888889,995.8
2026-05-01,MANDI003,31.3,21.6,649.99
2026-05-01,MANDI004,39.891999999999996,33.638888888888886,495.19000000000005
2026-05-01,MANDI007,,34.611111111111114,1091.69
2026-05-01,MANDI008,30.6,35.22222222222222,487.82
2026-05-01,MANDI009,2.794,30.888888888888893,309.16
2026-05-01,MANDI013,26.7,31.6,321.54
2026-05-01,MANDI019,7.966666666666668,32.85925925925926,259.0
2026-05-01,MANDI020,17.272000000000002,35.2,968.63
2026-05-01,MANDI021,9.675,38.9,1256.17
2026-05-01,MANDI022,25.654,34.7,348.11
2026-05-01,MANDI025,21.599999999999998,24.066666666666666,450.78
2026-05-01,MANDI026,10.399999999999999,33.50555555555556,969.3599999999999
2026-05-01,MANDI028,45.4,28.111111111111107,488.74
2026-05-01,MANDI029,17.981,26.3,1069.42
2026-05-01,MANDI036,42.545,20.35,1302.86
2026-05-01,MANDI037,22.825999999999997,25.938888888888886,48.57
2026-05-01,MANDI040,18.288,28.0,105.96000000000001
2026-05-01,MANDI041,22.352,25.005555555555553,906.46
2026-05-01,MANDI042,,18.0,210.34
2026-05-01,MANDI043,11.4,20.7,536.4200000000001
2026-05-01,MANDI045,26.416,17.2,125.88
2026-05-01,MANDI047,38.6,31.1,495.42
2026-05-01,MANDI048,38.9,25.27777777777778,457.94
2026-05-01,MANDI049,13.97,20.777777777777786,839.63
2026-05-02,MANDI002,9.1,27.4,486.73
2026-05-02,MANDI004,9.0,39.9,294.62
2026-05-02,MANDI006,5.588,,522.87
2026-05-02,MANDI010,10.8,33.22222222222222,99.19
2026-05-02,MANDI015,34.7,24.6,403.36
2026-05-02,MANDI018,3.556,32.1,481.86
2026-05-02,MANDI020,14.0,37.388888888888886,942.5899999999999
2026-05-02,MANDI023,0.6,,407.39
2026-05-02,MANDI024,11.556999999999999,32.9,493.52
2026-05-02,MANDI025,14.55,34.7,455.5
2026-05-02,MANDI026,38.1,28.255555555555553,773.22
2026-05-02,MANDI027,,38.8,755.05
2026-05-02,MANDI028,7.2,26.349999999999998,44.89
2026-05-02,MANDI030,30.758,26.162962962962965,333.40999999999997
2026-05-02,MANDI031,5.588,33.0,58.620000000000005
2026-05-02,MANDI032,1.1,,148.03
2026-05-02,MANDI033,39.45,38.44444444444444,486.75
2026-05-02,MANDI034,3.81,,47.38
2026-05-02,MANDI035,27.3,20.8,1228.2
2026-05-02,MANDI036,10.7,34.3,911.78
2026-05-02,MANDI038,3.0,37.6,446.34
2026-05-02,MANDI039,25.1,22.27777777777777,332.33
2026-05-02,MANDI041,20.411,32.294444444444444,888.62
2026-05-02,MANDI047,37.01466666666666,25.35,739.31
2026-05-02,MANDI049,6.1,38.9,414.58
2026-05-02,MANDI050,24.7,32.111111111111114,227.79
2026-05-03,MANDI001,,30.5,1463.92
2026-05-03,MANDI003,13.462,26.1,577.6800000000001
2026-05-03,MANDI004,32.794000000000004,29.099999999999998,279.19
2026-05-03,MANDI006,8.9,29.5,828.53
2026-05-03,MANDI010,5.08,26.3,496.76
2026-05-03,MANDI011,16.509999999999998,18.77777777777778,370.03
2026-05-03,MANDI014,22.12,25.0,433.67
2026-05-03,MANDI019,,16.0,396.14000000000004
2026-05-03,MANDI020,36.322,21.38888888888889,214.73000000000002
2026-05-03,MANDI021,41.9,21.2,750.0899999999999
2026-05-03,MANDI023,46.2,,474.08
2026-05-03,MANDI025,,23.72222222222222,299.49
2026-05-03,MANDI029,28.984,24.388888888888893,618.86
2026-05-03,MANDI030,31.0,21.6,126.78
2026-05-03,MANDI031,45.974,31.0,237.27
2026-05-03,MANDI035,40.894,27.2,144.33
2026-05-03,MANDI043,8.5,,336.43
2026-05-03,MANDI044,35.8,22.1,547.76
2026-05-03,MANDI046,43.57333333333333,30.083333333333336,26.17
2026-05-03,MANDI049,,34.6,35.78
2026-05-04,MANDI005,33.8,25.099999999999998,350.53
2026-05-04,MANDI010,19.342666666666666,31.292592592592587,456.0
2026-05-04,MANDI014,34.29,26.1,432.0
2026-05-04,MANDI017,45.35,23.25,303.89
2026-05-04,MANDI018,25.6,34.888888888888886,313.85
2026-05-04,MANDI020,22.450999999999997,28.85,17.44
2026-05-04,MANDI026,22.8,,910.74
2026-05-04,MANDI029,37.501999999999995,24.203703703703706,718.66
2026-05-04,MANDI032,43.9,29.77777777777778,1073.31
2026-05-04,MANDI033,8.3,36.0,373.3
2026-05-04,MANDI034,19.15,28.555555555555557,928.9300000000001
2026-05-04,MANDI036,23.048000000000002,37.27777777777778,308.56
2026-05-04,MANDI038,29.2,38.5,1049.51
2026-05-04,MANDI039,15.2,22.9,448.88
2026-05-04,MANDI041,35.4168,29.28,204.85000000000002
2026-05-04,MANDI042,28.298,33.35,103.93
2026-05-04,MANDI043,48.514,28.72222222222222,366.19
2026-05-05,MANDI002,24.15,29.7,528.21
2026-05-05,MANDI004,,39.7,34.33
2026-05-05,MANDI006,,24.61111111111111,921.8299999999999
2026-05-05,MANDI007,12.9,27.7,762.98
2026-05-05,MANDI008,10.182,19.144444444444446,139.65
2026-05-05,MANDI013,37.973,26.4,72.43
2026-05-05,MANDI014,27.5,15.4,401.3500000000001
2026-05-05,MANDI018,19.6,35.22222222222222,672.63
2026-05-05,MANDI021,23.491999999999997,17.7,498.64
2026-05-05,MANDI022,,25.222222222222225,477.04999999999995
2026-05-05,MANDI024,16.6,26.35,397.1
2026-05-05,MANDI025,13.716,36.5,66.29
2026-05-05,MANDI026,23.6,35.611111111111114,342.0
2026-05-05,MANDI027,7.619999999999999,22.11111111111111,232.06
2026-05-05,MANDI035,31.725999999999996,34.27777777777778,1036.67
2026-05-05,MANDI036,41.545,22.4,320.35
2026-05-05,MANDI039,10.7,32.22222222222222,637.9
2026-05-05,MANDI040,,37.5,628.76
2026-05-05,MANDI041,23.3,18.111111111111107,1342.3700000000001
2026-05-05,MANDI042,24.892,26.85,88.44
2026-05-05,MANDI045,37.338,27.2,498.61
2026-05-05,MANDI046,35.0,16.8,52.92
2026-05-06,MANDI002,13.448,23.055555555555557,329.9
2026-05-06,MANDI003,41.402,31.2,1082.28
2026-05-06,MANDI005,9.398,18.38888888888889,52.7
2026-05-06,MANDI006,18.542,34.4,282.13
2026-05-06,MANDI009,23.74,29.06111111111111,137.78
2026-05-06,MANDI012,38.24533333333333,34.31666666666666,350.59
2026-05-06,MANDI017,7.215,28.56111111111111,472.92
2026-05-06,MANDI018,23.6,22.805555555555557,544.37
2026-05-06,MANDI020,29.8,32.044444444444444,66.16
2026-05-06,MANDI021,19.1,34.22222222222222,144.99
2026-05-06,MANDI022,39.2,,398.17
2026-05-06,MANDI023,,33.8,312.23
2026-05-06,MANDI024,31.447,17.572222222222223,730.8
2026-05-06,MANDI025,45.6,15.2,133.76
2026-05-06,MANDI027,36.047,26.488888888888887,232.86
2026-05-06,MANDI028,23.6,30.8,201.49
2026-05-06,MANDI029,20.0,,1206.92
2026-05-06,MANDI036,14.2,,470.99
2026-05-06,MANDI037,18.941,26.4,211.54
2026-05-06,MANDI038,30.226,35.6,48.23
2026-05-06,MANDI039,27.6,30.84444444444444,843.41
2026-05-06,MANDI040,,17.22222222222222,633.7
2026-05-06,MANDI041,,24.0,478.55
2026-05-06,MANDI043,23.9,37.72222222222222,511.17999999999995
2026-05-06,MANDI044,33.02,25.9,357.61
2026-05-06,MANDI045,40.386,29.55,176.79
2026-05-06,MANDI046,43.9,15.5,241.63
2026-05-06,MANDI047,19.05,27.22222222222222,674.27
2026-05-06,MANDI048,8.382,29.6,633.26
2026-05-06,MANDI050,24.442666666666668,25.92962962962963,62.19
2026-05-07,MANDI006,37.719,23.2,11.69
2026-05-07,MANDI008,,33.27777777777778,157.79
2026-05-07,MANDI009,43.688,27.8,349.34
2026-05-07,MANDI010,,15.1,142.77
2026-05-07,MANDI011,46.3,30.455555555555556,256.26
2026-05-07,MANDI012,19.05,30.27777777777778,935.4300000000001
2026-05-07,MANDI013,3.81,35.1,434.9
2026-05-07,MANDI015,14.1,34.6,110.39
2026-05-07,MANDI016,36.9,15.38888888888889,273.23
2026-05-07,MANDI017,10.16,19.0,271.04999999999995
2026-05-07,MANDI019,9.5,21.0,415.94
2026-05-07,MANDI021,17.525999999999996,24.3,284.96999999999997
2026-05-07,MANDI022,21.082,23.4,200.45
2026-05-07,MANDI023,29.1,,301.92
2026-05-07,MANDI025,13.1,16.5,1165.17
2026-05-07,MANDI029,37.8,33.27777777777778,506.0
2026-05-07,MANDI031,44.05,28.005555555555553,163.44
2026-05-07,MANDI032,24.138666666666666,21.3,26.79
2026-05-07,MANDI033,,16.8,319.62
2026-05-07,MANDI034,48.26,27.3,321.85
2026-05-07,MANDI037,16.1,22.88888888888889,1038.3200000000002
2026-05-07,MANDI038,37.592,34.22222222222222,333.44
2026-05-07,MANDI040,,,365.09
2026-05-07,MANDI041,34.004,33.07037037037038,11.93
2026-05-07,MANDI042,10.3,,209.32
2026-05-07,MANDI044,42.8,26.38888888888889,494.89
2026-05-07,MANDI045,16.002,27.27777777777777,1280.6
2026-05-07,MANDI046,24.8,28.3,88.13
2026-05-07,MANDI047,27.7,18.9,581.63
2026-05-07,MANDI048,19.304,31.4,155.92
2026-05-07,MANDI050,44.196,33.75555555555556,676.59
2026-05-08,MANDI001,23.666666666666668,22.0,901.21
2026-05-08,MANDI002,17.0,24.388888888888893,1229.67
2026-05-08,MANDI003,21.599,25.781481481481478,490.79
2026-05-08,MANDI004,19.8,38.361111111111114,483.16999999999996
2026-05-08,MANDI005,28.7,33.72222222222222,442.97999999999996
2026-05-08,MANDI008,18.6,17.6,56.57
2026-05-08,MANDI009,13.925,24.3962962962963,628.74
2026-05-08,MANDI012,22.329,37.3,498.07
2026-05-08,MANDI016,7.619999999999999,26.22222222222222,499.03
2026-05-08,MANDI018,19.466666666666665,30.2,986.93
2026-05-08,MANDI020,22.9,24.388888888888893,672.7
2026-05-08,MANDI022,21.4,33.7,1090.62
2026-05-08,MANDI023,17.0,36.5,1073.6
2026-05-08,MANDI026,15.843,20.588888888888885,178.99
2026-05-08,MANDI027,12.7,35.77777777777778,54.32
2026-05-08,MANDI028,35.2,35.27777777777778,631.0699999999999
2026-05-08,MANDI032,,29.77777777777778,1000.6900000000002
2026-05-08,MANDI033,8.4,39.4,461.9
2026-05-08,MANDI034,36.134,25.250000000000004,32.79
2026-05-08,MANDI036,23.368,27.8,327.04
2026-05-08,MANDI039,29.765,28.34444444444444,923.02
2026-05-08,MANDI041,11.75,24.944444444444443,1565.6100000000001
2026-05-08,MANDI042,28.45,31.111111111111114,622.19
2026-05-08,MANDI043,33.3,38.5,277.86
2026-05-08,MANDI044,24.55,34.9,158.41
2026-05-08,MANDI050,,16.5,428.85
2026-05-09,MANDI001,26.192,35.31111111111111,753.52
2026-05-09,MANDI002,,16.0,1144.77
2026-05-09,MANDI004,48.768,34.22222222222222,52.95
2026-05-09,MANDI006,44.2,38.72222222222222,556.2
2026-05-09,MANDI007,32.4,23.277777777777786,388.89
2026-05-09,MANDI008,49.4,25.0,456.89
2026-05-09,MANDI010,36.47666666666667,35.49629629629629,704.81
2026-05-09,MANDI012,3.81,39.7,633.87
2026-05-09,MANDI014,17.779999999999998,,963.31
2026-05-09,MANDI015,12.598999999999998,30.392592592592592,70.48
2026-05-09,MANDI016,20.0,21.22222222222222,193.93
2026-05-09,MANDI018,20.574,,585.85
2026-05-09,MANDI019,28.7,29.0,162.39
2026-05-09,MANDI021,37.6,27.38888888888889,320.78
2026-05-09,MANDI022,41.5,19.2,1365.67
2026-05-09,MANDI027,8.0,32.5,1029.76
2026-05-09,MANDI028,32.202,23.22222222222222,330.58
2026-05-09,MANDI029,35.211,33.50000000000001,143.35000000000002
2026-05-09,MANDI030,12.2,,440.68
2026-05-09,MANDI031,13.05,28.005555555555553,269.7
2026-05-09,MANDI035,34.29,37.4,341.24
2026-05-09,MANDI036,,29.27777777777778,234.07999999999998
2026-05-09,MANDI037,6.7,24.7,194.54
2026-05-09,MANDI039,10.100000000000001,23.77777777777778,680.8
2026-05-09,MANDI046,15.904666666666666,17.63888888888889,89.14
2026-05-09,MANDI048,14.3,32.888888888888886,858.72
2026-05-09,MANDI049,11.4,25.45,214.85
2026-05-09,MANDI050,12.267,27.21111111111111,71.87
2026-05-10,MANDI001,23.35,34.8,404.08
2026-05-10,MANDI008,26.924,29.38888888888889,264.47
2026-05-10,MANDI015,45.7,,784.76
2026-05-10,MANDI019,22.098,19.222222222222214,64.5
2026-05-10,MANDI020,,34.611111111111114,727.9599999999999
2026-05-10,MANDI026,10.413999999999998,17.53888888888889,468.21
2026-05-10,MANDI029,21.07133333333333,29.555555555555557,492.91
2026-05-10,MANDI038,20.25,21.75,594.84
2026-05-10,MANDI041,31.1,37.22222222222222,176.03000000000003
2026-05-11,MANDI001,40.0,27.2,124.1
2026-05-11,MANDI003,21.2,,585.0
2026-05-11,MANDI008,7.6,34.2,321.38
2026-05-11,MANDI009,,25.38888888888889,21.28
2026-05-11,MANDI012,17.6,36.2,239.84
2026-05-11,MANDI013,6.095999999999999,35.5,434.5
2026-05-11,MANDI026,32.8,23.055555555555557,437.61
2026-05-11,MANDI027,,,726.62
2026-05-11,MANDI029,48.26,37.7,247.98
2026-05-11,MANDI030,48.1,39.0,85.69
2026-05-11,MANDI035,40.9,33.2,643.2
2026-05-11,MANDI039,16.7,20.11111111111111,204.2
2026-05-11,MANDI044,20.828,31.90555555555556,528.67
2026-05-11,MANDI045,8.6,37.61111111111112,294.55
2026-05-11,MANDI049,35.05199999999999,18.4,341.89
2026-05-11,MANDI050,8.9,26.38888888888889,686.7
2026-05-12,MANDI001,48.2,24.27777777777778,806.97
2026-05-12,MANDI002,2.9,15.1,636.76
2026-05-12,MANDI004,6.6,16.0,115.64
2026-05-12,MANDI011,4.2,29.27777777777778,85.51
2026-05-12,MANDI012,42.926,15.9,185.99
2026-05-12,MANDI017,6.604,15.5,457.49
2026-05-12,MANDI020,1.778,39.0,580.9499999999999
2026-05-12,MANDI040,43.53333333333333,25.094444444444445,268.40999999999997
2026-05-12,MANDI043,6.095999999999999,38.7,551.3
2026-05-12,MANDI046,45.466,22.722222222222225,65.7
2026-05-13,MANDI002,6.604,35.77777777777778,1177.3400000000001
2026-05-13,MANDI006,48.00599999999999,19.8,231.18
2026-05-13,MANDI009,31.107,19.261111111111113,636.5
2026-05-13,MANDI014,30.1,25.944444444444443,660.0400000000001
2026-05-13,MANDI019,14.3,35.1,669.61
2026-05-13,MANDI023,,,197.95
2026-05-13,MANDI033,,27.22222222222222,298.87
2026-05-13,MANDI038,7.1,17.1,802.49
2026-05-13,MANDI041,14.224,32.1,818.45
2026-05-13,MANDI044,5.207,18.77777777777778,232.72
2026-05-13,MANDI045,1.778,34.388888888888886,1052.92
2026-05-13,MANDI048,26.2,36.2,558.89
2026-05-14,MANDI002,34.86333333333334,28.15555555555555,300.72
2026-05-14,MANDI005,,32.7,925.75
2026-05-14,MANDI006,1.2349999999999999,27.049999999999997,390.5
2026-05-14,MANDI007,29.363333333333333,34.06666666666667,237.71
2026-05-14,MANDI009,44.8,26.888888888888893,696.53
2026-05-14,MANDI011,27.25,23.294444444444444,429.33
2026-05-14,MANDI013,4.0,21.5,145.9
2026-05-14,MANDI014,37.592,38.0,714.29
2026-05-14,MANDI017,,30.0,311.15
2026-05-14,MANDI019,28.15,21.694444444444443,674.15
2026-05-14,MANDI022,13.65,28.496296296296297,588.21
2026-05-14,MANDI023,23.0,33.849999999999994,354.89
2026-05-14,MANDI026,25.48,31.866666666666664,801.38
2026-05-14,MANDI027,38.776,17.2,111.65
2026-05-14,MANDI030,45.1,,863.9300000000001
2026-05-14,MANDI032,6.8,15.27777777777778,648.66
2026-05-14,MANDI034,12.4,,823.72
2026-05-14,MANDI036,13.1,16.8,783.21
2026-05-14,MANDI037,17.5,,353.17
2026-05-14,MANDI044,32.7,32.3,188.61
2026-05-14,MANDI046,,31.72222222222222,254.42
2026-05-14,MANDI047,38.6,27.0,211.46
2026-05-14,MANDI050,22.400000000000002,34.0,118.96
2026-05-15,MANDI003,,,91.39
2026-05-15,MANDI004,,22.5,553.46
2026-05-15,MANDI005,49.6,36.2,154.41
2026-05-15,MANDI007,26.15,22.75,112.15
2026-05-15,MANDI008,,30.3,335.57
2026-05-15,MANDI009,24.198666666666668,29.192592592592593,20.14
2026-05-15,MANDI011,24.591,36.3,540.12
2026-05-15,MANDI012,1.8,30.6,36.55
2026-05-15,MANDI013,0.1,29.1,1071.38
2026-05-15,MANDI016,27.85,24.705555555555556,146.35
2026-05-15,MANDI017,27.575999999999997,26.13888888888889,1106.0900000000001
2026-05-15,MANDI022,46.1,22.77777777777778,570.48
2026-05-15,MANDI029,32.05,21.5,109.68
2026-05-15,MANDI031,20.828,29.2,950.8599999999999
2026-05-15,MANDI032,36.0,38.388888888888886,302.14
2026-05-15,MANDI033,33.0,30.85,123.99
2026-05-15,MANDI034,12.5,,262.93
2026-05-15,MANDI036,31.37,23.037037037037038,563.1600000000001
2026-05-15,MANDI038,11.9,,459.76
2026-05-15,MANDI039,,21.38888888888889,208.21
2026-05-15,MANDI041,24.834,35.794444444444444,602.12
2026-05-15,MANDI042,10.9,33.5,327.95
2026-05-15,MANDI043,23.054000000000002,33.19444444444444,153.75
2026-05-15,MANDI045,21.082,20.1,491.63
2026-05-16,MANDI004,24.700000000000003,28.25,335.19000000000005
2026-05-16,MANDI005,21.2,27.2,447.25
2026-05-16,MANDI007,4.8,,1577.6200000000001
2026-05-16,MANDI010,37.9,18.238888888888887,463.1
2026-05-16,MANDI015,11.7,34.77777777777778,377.19
2026-05-16,MANDI018,42.6,31.8,215.74
2026-05-16,MANDI020,34.905,22.25,116.58
2026-05-16,MANDI021,13.97,36.77777777777778,515.76
2026-05-16,MANDI022,24.8,,1896.09
2026-05-16,MANDI023,20.0,29.98148148148148,376.95
2026-05-16,MANDI024,32.75,32.20555555555556,259.47
2026-05-16,MANDI025,,20.1,463.7
2026-05-16,MANDI028,15.502666666666665,28.862962962962964,727.37
2026-05-16,MANDI029,46.5,,710.04
2026-05-16,MANDI030,14.2,30.77777777777778,407.56
2026-05-16,MANDI031,16.05,23.794444444444444,48.3
2026-05-16,MANDI035,28.211,27.65185185185185,228.87
2026-05-16,MANDI036,9.75,27.759259259259263,556.59
2026-05-16,MANDI037,7.715,25.06111111111111,464.79
2026-05-16,MANDI038,,16.7,389.78
2026-05-16,MANDI040,9.9,39.22222222222222,483.40000000000003
2026-05-16,MANDI043,43.2,34.72222222222222,632.36
2026-05-16,MANDI044,4.4,,1152.46
2026-05-16,MANDI045,18.8,30.2,1377.9
2026-05-16,MANDI046,,29.4,435.38
2026-05-16,MANDI048,35.98866666666667,29.544444444444444,447.7
2026-05-17,MANDI002,39.116,24.61111111111111,102.32
2026-05-17,MANDI004,,17.0,223.9
2026-05-17,MANDI009,24.5,26.488888888888887,365.5
2026-05-17,MANDI010,26.15,27.63888888888889,647.49
2026-05-17,MANDI011,47.244,24.1,872.64
2026-05-17,MANDI014,19.9,33.0,517.97
2026-05-17,MANDI015,45.4,35.77777777777778,253.3
2026-05-17,MANDI016,21.236,26.2,683.69
2026-05-17,MANDI017,21.4,37.5,88.63
2026-05-17,MANDI019,34.798,,43.47
2026-05-17,MANDI020,24.268,26.86111111111111,788.6600000000001
2026-05-17,MANDI021,38.099999999999994,31.95,112.49
2026-05-17,MANDI023,4.4,26.38888888888889,128.58
2026-05-17,MANDI024,44.196,34.9,756.6700000000001
2026-05-17,MANDI026,49.5,38.27777777777778,176.62
2026-05-17,MANDI027,47.9,23.8,282.57
2026-05-17,MANDI031,,30.22222222222222,232.22
2026-05-17,MANDI032,21.4,30.11111111111111,223.25
2026-05-17,MANDI035,4.3180000000000005,20.222222222222225,196.92
2026-05-17,MANDI036,37.592,19.1,202.9
2026-05-17,MANDI037,37.846000000000004,22.455555555555556,253.03
2026-05-17,MANDI038,33.8,28.7,222.09
2026-05-17,MANDI040,6.35,23.7,913.8
2026-05-17,MANDI041,6.4,29.27777777777778,537.97
2026-05-17,MANDI045,22.909333333333333,17.861111111111107,316.63
2026-05-17,MANDI046,3.4,,1087.3600000000001
2026-05-18,MANDI001,19.7,33.5,348.24
2026-05-18,MANDI003,35.259,24.305555555555557,928.65
2026-05-18,MANDI004,30.2,17.22222222222222,542.04
2026-05-18,MANDI005,42.418,35.2,156.05
2026-05-18,MANDI006,32.7,24.75,398.78
2026-05-18,MANDI007,34.35,16.6,1063.74
2026-05-18,MANDI012,26.750999999999998,32.45,283.3
2026-05-18,MANDI013,10.7,25.0,341.79
2026-05-18,MANDI015,27.450000000000003,23.805555555555554,406.48
2026-05-18,MANDI016,28.5,,399.15
2026-05-18,MANDI017,38.608,17.5,524.5699999999999
2026-05-18,MANDI020,21.927333333333333,22.05,248.34
2026-05-18,MANDI021,47.0,36.3,132.32
2026-05-18,MANDI022,37.5,36.77777777777778,198.31
2026-05-18,MANDI023,47.05,21.78888888888889,276.94
2026-05-18,MANDI027,28.55,30.138888888888893,1110.4
2026-05-18,MANDI028,36.7,37.388888888888886,237.03
2026-05-18,MANDI030,,25.8,189.37
2026-05-18,MANDI031,30.55,20.15,326.91
2026-05-18,MANDI033,19.657333333333334,39.05555555555556,710.8
2026-05-18,MANDI036,12.0,23.594444444444445,350.26
2026-05-18,MANDI040,26.162,22.38888888888889,870.08
2026-05-18,MANDI042,0.6,17.6,333.15
2026-05-18,MANDI044,12.537,34.46666666666667,453.0
2026-05-18,MANDI045,41.742000000000004,19.27777777777778,467.18
2026-05-18,MANDI049,49.6,19.27777777777778,413.95
2026-05-18,MANDI050,16.353,32.58333333333333,493.39
2026-05-19,MANDI003,46.5,18.7,456.06000000000006
2026-05-19,MANDI004,8.128,37.2,489.21000000000004
2026-05-19,MANDI006,28.0,37.11111111111112,1059.47
2026-05-19,MANDI007,39.1,16.0,74.09
2026-05-19,MANDI008,40.386,15.61111111111111,251.22
2026-05-19,MANDI009,9.7,,591.52
2026-05-19,MANDI011,,28.72222222222222,638.8
2026-05-19,MANDI014,29.3,31.15555555555556,209.73
2026-05-19,MANDI015,17.6,25.4,909.26
2026-05-19,MANDI018,40.5,29.1,482.96
2026-05-19,MANDI021,48.1,31.7,417.49
2026-05-19,MANDI023,24.2,25.6,412.94
2026-05-19,MANDI024,8.889999999999999,35.4,96.0
2026-05-19,MANDI026,29.791999999999998,21.611111111111114,867.83
2026-05-19,MANDI027,33.3,28.4,791.9100000000001
2026-05-19,MANDI030,37.6,32.388888888888886,359.28
2026-05-19,MANDI031,12.5,30.22222222222222,463.03000000000003
2026-05-19,MANDI036,9.9,,1122.74
2026-05-19,MANDI037,33.7,24.08888888888889,731.86
2026-05-19,MANDI038,14.399999999999999,30.85,386.87
2026-05-19,MANDI041,38.354,33.15,127.63
2026-05-19,MANDI042,24.192,24.7,1224.67
2026-05-19,MANDI043,48.5,29.5,650.94
2026-05-19,MANDI044,35.5,24.5,391.39
2026-05-19,MANDI045,29.1,38.7,204.58999999999997
2026-05-19,MANDI046,15.6,29.5,361.88
2026-05-19,MANDI049,3.048,,343.75
2026-05-20,MANDI001,43.8,37.4,1226.94
2026-05-20,MANDI007,44.9,20.0,150.7
2026-05-20,MANDI010,32.258,35.9,552.98
2026-05-20,MANDI013,13.208,31.9,63.67
2026-05-20,MANDI017,29.65,26.4,124.75
2026-05-20,MANDI019,21.4,24.3,227.31
2026-05-20,MANDI022,16.3,26.292592592592598,406.87
2026-05-20,MANDI024,9.2,26.605555555555558,2183.82
2026-05-20,MANDI026,42.25,33.72222222222222,170.71
2026-05-20,MANDI028,37.788000000000004,26.85,777.86
2026-05-20,MANDI029,29.7,17.5,374.14
2026-05-20,MANDI030,33.02,,758.83
2026-05-20,MANDI035,2.794,35.27777777777778,1085.83
2026-05-20,MANDI037,17.95,31.1,881.3700000000001
2026-05-20,MANDI038,32.512,16.2,206.86
2026-05-20,MANDI042,,35.5,317.3
2026-05-20,MANDI045,8.7,20.611111111111107,530.26
2026-05-20,MANDI047,15.6,36.3,405.45
2026-05-20,MANDI048,20.3,24.6,104.87
2026-05-21,MANDI001,28.8,35.5,497.01
2026-05-21,MANDI005,34.0,31.744444444444447,520.1
2026-05-21,MANDI006,46.5,34.7,527.94
2026-05-21,MANDI008,32.0,29.77777777777778,329.49
2026-05-21,MANDI010,15.85,22.844444444444445,962.54
2026-05-21,MANDI012,35.166000000000004,21.36111111111111,734.53
2026-05-21,MANDI015,33.8725,24.925,383.37
2026-05-21,MANDI018,26.95,26.805555555555557,225.84
2026-05-21,MANDI020,9.398,22.38888888888889,457.45
2026-05-21,MANDI022,22.8,17.77777777777778,110.51
2026-05-21,MANDI029,8.3,30.4,442.11
2026-05-21,MANDI031,,18.65,329.93
2026-05-21,MANDI035,3.3,25.1,594.44
2026-05-21,MANDI036,25.599999999999998,29.11111111111111,453.67
2026-05-21,MANDI037,5.2,,722.3199999999999
2026-05-21,MANDI039,32.8,20.777777777777786,34.93
2026-05-21,MANDI041,42.7,29.3,448.98
2026-05-21,MANDI043,48.4,24.45,610.2
2026-05-21,MANDI044,36.2,19.111111111111114,283.19
2026-05-21,MANDI048,40.20466666666667,26.96666666666667,210.95
2026-05-22,MANDI001,45.72,23.1,79.4
2026-05-22,MANDI005,24.109333333333336,31.738888888888887,1036.99
2026-05-22,MANDI006,1.5239999999999998,25.3,253.13
2026-05-22,MANDI009,12.098,31.0,1498.2
2026-05-22,MANDI013,48.5,34.4,773.72
2026-05-22,MANDI017,46.3,17.8,106.82
2026-05-22,MANDI018,40.894,22.61111111111111,72.34
2026-05-22,MANDI022,27.5,34.22222222222222,760.61
2026-05-22,MANDI023,14.731999999999998,26.4,638.48
2026-05-22,MANDI024,2.9,31.9,259.65
2026-05-22,MANDI026,0.7,27.9,122.5
2026-05-22,MANDI027,14.5,28.044444444444444,868.39
2026-05-22,MANDI029,27.686,29.0,90.91
2026-05-22,MANDI031,35.874,24.6037037037037,314.95000000000005
2026-05-22,MANDI035,9.524999999999999,,494.48
2026-05-22,MANDI036,9.7,39.3,88.94
2026-05-22,MANDI040,49.4,37.4,259.95
2026-05-22,MANDI041,30.703,23.083333333333336,352.63
2026-05-22,MANDI042,41.402,36.0,130.44
2026-05-22,MANDI045,,,426.84
2026-05-22,MANDI046,4.826,23.6,841.3
2026-05-22,MANDI050,34.9,35.9,169.91999999999996
2026-05-23,MANDI001,27.233333333333334,33.05555555555556,330.32
2026-05-23,MANDI002,31.25,23.61111111111111,117.37
2026-05-23,MANDI006,21.212,34.81111111111111,261.96000000000004
2026-05-23,MANDI007,34.5,25.740740740740733,306.8
2026-05-23,MANDI009,23.702666666666662,28.4,450.42
2026-05-23,MANDI010,25.4,31.5,118.65
2026-05-23,MANDI014,12.4,39.7,265.87
2026-05-23,MANDI019,44.704,16.27777777777778,1487.5
2026-05-23,MANDI021,23.445999999999998,33.69444444444444,369.84
2026-05-23,MANDI023,8.2,23.36111111111111,1017.4300000000001
2026-05-23,MANDI028,48.4,28.111111111111107,424.77
2026-05-23,MANDI029,,,532.38
2026-05-23,MANDI035,25.966,25.0,425.4
2026-05-23,MANDI038,35.306,26.7,175.32
2026-05-23,MANDI039,30.4,22.0,282.8
2026-05-23,MANDI045,27.9,32.3,800.87
2026-05-23,MANDI048,22.86,25.0,557.12
2026-05-24,MANDI001,48.00599999999999,31.0,500.65
2026-05-24,MANDI003,1.4,,393.93
2026-05-24,MANDI005,1.5239999999999998,24.72222222222222,612.44
2026-05-24,MANDI008,41.714,25.705555555555563,403.8
2026-05-24,MANDI009,25.1,38.0,255.42
2026-05-24,MANDI011,24.0,21.3,182.65
2026-05-24,MANDI012,21.44066666666667,25.03333333333333,556.11
2026-05-24,MANDI016,,29.88888888888889,449.11
2026-05-24,MANDI021,25.4,16.11111111111111,465.52
2026-05-24,MANDI023,18.288,16.5,508.82000000000005
2026-05-24,MANDI025,27.066666666666666,22.35,63.38
2026-05-24,MANDI027,,27.7,380.13
2026-05-24,MANDI028,32.766000000000005,19.58888888888889,513.33
2026-05-24,MANDI029,,,373.15
2026-05-24,MANDI031,13.75,17.61111111111111,460.65
2026-05-24,MANDI032,34.15,20.1,481.55
2026-05-24,MANDI034,40.385999999999996,23.4,493.55
2026-05-24,MANDI035,15.8,25.9,960.7
2026-05-24,MANDI036,45.72,25.4,535.9200000000001
2026-05-24,MANDI037,19.3,20.894444444444446,346.67
2026-05-24,MANDI042,14.7,18.0,475.89
2026-05-24,MANDI045,41.3,39.1,482.99
2026-05-24,MANDI047,48.1,38.4,55.91
2026-05-25,MANDI001,44.0,24.77777777777777,462.55
2026-05-25,MANDI004,49.8,21.7,433.34
2026-05-25,MANDI005,37.338,,117.96
2026-05-25,MANDI008,44.6,,163.23
2026-05-25,MANDI011,4.8,35.611111111111114,117.93
2026-05-25,MANDI016,,32.5,305.54
2026-05-25,MANDI018,5.08,21.8,203.97
2026-05-25,MANDI025,15.1,,242.3
2026-05-25,MANDI026,,28.61111111111111,423.38
2026-05-25,MANDI027,0.7000000000000001,24.705555555555556,496.64
2026-05-25,MANDI030,,,1145.77
2026-05-25,MANDI034,30.7,24.111111111111114,164.23
2026-05-25,MANDI036,23.876,,249.86
2026-05-25,MANDI038,26.795333333333332,26.559259259259264,351.1
2026-05-25,MANDI039,31.1,25.15,253.67
2026-05-25,MANDI042,5.1,28.277777777777786,358.59
2026-05-25,MANDI044,36.4,22.82592592592593,196.97
2026-05-25,MANDI046,21.7,34.78888888888889,661.81
2026-05-25,MANDI050,16.034,36.25,396.04
2026-05-26,MANDI001,12.130666666666665,30.938888888888894,88.07
2026-05-26,MANDI002,27.65,29.38888888888889,339.99
2026-05-26,MANDI003,25.337000000000003,25.53888888888889,904.81
2026-05-26,MANDI004,45.974,,884.36
2026-05-26,MANDI007,,33.77777777777778,177.16
2026-05-26,MANDI008,42.418,31.2,691.24
2026-05-26,MANDI009,21.919,26.999999999999996,957.85
2026-05-26,MANDI010,14.3,21.488888888888894,168.81
2026-05-26,MANDI015,13.2,26.1,327.7
2026-05-26,MANDI019,35.211999999999996,17.647222222222222,255.22
2026-05-26,MANDI020,7.1,,89.74
2026-05-26,MANDI026,39.6,30.1,764.47
2026-05-26,MANDI027,20.7,30.2,327.56
2026-05-26,MANDI029,1.5239999999999998,26.3,272.53
2026-05-26,MANDI030,33.708666666666666,29.707407407407405,497.38
2026-05-26,MANDI032,34.4,31.4,524.16
2026-05-26,MANDI036,17.779999999999998,,411.49
2026-05-26,MANDI038,17.3,31.4,245.35000000000002
2026-05-26,MANDI041,1.9,16.6,455.17999999999995
2026-05-26,MANDI044,7.2,21.722222222222214,388.85999999999996
2026-05-26,MANDI048,21.597,25.400000000000002,117.25
2026-05-26,MANDI049,8.9,24.5,453.82
2026-05-27,MANDI004,45.72,39.2,128.11
2026-05-27,MANDI007,26.391333333333336,19.25,281.95
2026-05-27,MANDI008,39.3,21.038888888888884,242.05
2026-05-27,MANDI009,,28.6,305.38
2026-05-27,MANDI010,28.5,16.18888888888889,401.53
2026-05-27,MANDI011,43.5,28.25,426.83
2026-05-27,MANDI012,45.212,23.277777777777786,513.17
2026-05-27,MANDI014,49.53,25.53888888888889,792.09
2026-05-27,MANDI018,7.8693333333333335,30.255555555555556,364.95
2026-05-27,MANDI020,29.09,22.794444444444444,594.72
2026-05-27,MANDI022,,34.77777777777778,80.67
2026-05-27,MANDI025,22.0,17.38888888888889,503.66
2026-05-27,MANDI030,21.197,35.138888888888886,68.55000000000001
2026-05-27,MANDI032,13.447000000000001,,206.68
2026-05-27,MANDI033,41.4,22.25,579.4300000000001
2026-05-27,MANDI034,13.716,23.9,441.79
2026-05-27,MANDI035,5.1,26.9,728.0
2026-05-27,MANDI037,35.81399999999999,34.2,221.94
2026-05-27,MANDI039,18.564,37.44444444444444,45.010000000000005
2026-05-27,MANDI042,25.85,29.97222222222222,239.8
2026-05-27,MANDI045,20.9,36.0,331.69
2026-05-27,MANDI046,14.63,22.2,1598.9
2026-05-27,MANDI048,,19.0,902.1
2026-05-28,MANDI001,47.5,25.2,928.0699999999999
2026-05-28,MANDI003,29.972,17.4,155.08
2026-05-28,MANDI004,30.6,26.6,156.23
2026-05-28,MANDI005,,16.4,456.49
2026-05-28,MANDI006,24.6,17.5,323.91999999999996
2026-05-28,MANDI010,35.306,,404.07
2026-05-28,MANDI011,,24.4,162.66
2026-05-28,MANDI015,21.1,30.6,410.84
2026-05-28,MANDI016,26.508,30.325925925925926,331.35
2026-05-28,MANDI018,33.09733333333333,24.255555555555556,377.87
2026-05-28,MANDI019,4.2909999999999995,19.9,834.7
2026-05-28,MANDI024,18.6,36.4,66.38
2026-05-28,MANDI025,14.200000000000001,17.249999999999996,392.71
2026-05-28,MANDI026,15.399999999999999,34.794444444444444,461.23
2026-05-28,MANDI027,31.134999999999998,35.1,248.69
2026-05-28,MANDI030,23.832,26.900000000000002,131.25
2026-05-28,MANDI032,23.114,29.22222222222222,404.12
2026-05-28,MANDI035,16.7,39.7,229.01
2026-05-28,MANDI036,,30.2,803.22
2026-05-28,MANDI038,43.1,18.111111111111107,152.31
2026-05-28,MANDI039,22.535,21.277777777777775,195.64
2026-05-28,MANDI040,25.3,23.7,59.33
2026-05-28,MANDI041,6.9,20.72222222222222,384.18
2026-05-28,MANDI042,35.903,24.388888888888893,384.77
2026-05-28,MANDI044,14.25,28.5,149.38
2026-05-28,MANDI047,,17.77777777777778,648.97
2026-05-28,MANDI048,14.2,,151.3
2026-05-28,MANDI050,35.81399999999999,34.69444444444444,244.35
2026-05-29,MANDI001,0.508,31.11111111111111,234.46
2026-05-29,MANDI006,22.953000000000003,30.5,282.57
2026-05-29,MANDI007,26.1,39.11111111111112,481.61
2026-05-29,MANDI008,6.6339999999999995,19.25,213.98
2026-05-29,MANDI015,35.0,20.777777777777786,309.25
2026-05-29,MANDI016,24.5,23.916666666666664,384.15999999999997
2026-05-29,MANDI017,17.525999999999996,18.72222222222222,469.92
2026-05-29,MANDI023,28.52933333333333,28.27777777777778,293.08
2026-05-29,MANDI024,29.7,21.9,296.83
2026-05-29,MANDI026,24.85,26.08888888888889,291.95
2026-05-29,MANDI029,20.066,25.4,127.18
2026-05-29,MANDI031,,37.46111111111111,102.85
2026-05-29,MANDI032,5.2,27.722222222222225,547.24
2026-05-29,MANDI034,16.1,25.688888888888894,413.85
2026-05-29,MANDI035,15.798,32.65,823.5
2026-05-29,MANDI038,28.240000000000002,36.30555555555556,52.72
2026-05-29,MANDI039,17.348,31.80555555555556,385.5
2026-05-29,MANDI041,7.3,26.6,53.14
2026-05-29,MANDI043,18.45,22.75,527.99
2026-05-29,MANDI044,38.9,20.1,496.54
2026-05-29,MANDI046,39.39666666666667,25.697222222222223,482.61
2026-05-29,MANDI047,18.5,25.83888888888889,723.88
2026-05-29,MANDI049,18.099999999999998,20.450000000000003,613.79
2026-05-30,MANDI004,33.59466666666666,32.97037037037037,61.22
2026-05-30,MANDI008,36.4,30.622222222222224,1351.4
2026-05-30,MANDI010,35.6,37.22222222222222,469.22999999999996
2026-05-30,MANDI018,42.1,24.388888888888893,414.82
2026-05-30,MANDI019,14.0,22.95,750.24
2026-05-30,MANDI021,20.45,36.96111111111111,187.52
2026-05-30,MANDI023,20.2,,375.64
2026-05-30,MANDI024,43.3,22.3,813.25
2026-05-30,MANDI028,32.3,17.8,522.45
2026-05-30,MANDI031,42.2,20.2,464.72
2026-05-30,MANDI032,37.575,27.725925925925925,873.0
2026-05-30,MANDI035,45.6,35.6,381.71
2026-05-30,MANDI037,3.9,21.1,100.16999999999999
2026-05-30,MANDI038,25.458000000000002,28.1,105.17
2026-05-30,MANDI039,41.2,27.4,402.42999999999995
2026-05-30,MANDI041,44.196,32.388888888888886,837.98
2026-05-30,MANDI046,46.99,28.3,418.07
2026-05-30,MANDI047,21.3,29.400000000000002,387.15999999999997
2026-05-30,MANDI049,1.5239999999999998,,415.15
2026-05-30,MANDI050,9.0,16.22222222222222,613.1600000000001
2026-05-31,MANDI001,18.796,16.5,673.35
2026-05-31,MANDI006,13.208,38.0,42.71000000000001
2026-05-31,MANDI009,47.2,15.77777777777778,506.22
2026-05-31,MANDI011,18.1,28.69444444444445,484.26
2026-05-31,MANDI012,26.4,25.38888888888889,765.76
2026-05-31,MANDI016,19.666666666666664,26.68888888888889,142.75
2026-05-31,MANDI018,4.3,26.0,432.24
2026-05-31,MANDI021,4.3,38.4,154.82999999999998
2026-05-31,MANDI025,47.752,29.4,496.43
2026-05-31,MANDI026,27.4,21.2,734.1800000000001
2026-05-31,MANDI027,16.0,29.0,167.52
2026-05-31,MANDI029,49.8,21.9,276.4
2026-05-31,MANDI031,23.8,28.000000000000004,226.57
2026-05-31,MANDI035,,18.7,266.69
2026-05-31,MANDI039,4.0,26.5,63.55
2026-05-31,MANDI041,,20.4,157.92
2026-05-31,MANDI042,,20.5,138.27
2026-05-31,MANDI045,40.2,29.5,67.75
2026-05-31,MANDI046,28.956,34.6,876.76
2026-05-31,MANDI048,49.0,34.72222222222222,79.32
2026-05-31,MANDI050,10.413999999999998,36.0,585.28
2026-06-01,MANDI001,31.1,34.58888888888889,389.31
2026-06-01,MANDI002,42.164,38.5,801.15
2026-06-01,MANDI004,15.239999999999998,,306.17
2026-06-01,MANDI006,38.0,25.305555555555557,406.69
2026-06-01,MANDI007,13.8,29.22222222222222,251.1
2026-06-01,MANDI008,32.8,18.5,716.4100000000001
2026-06-01,MANDI009,22.352,15.88888888888889,276.27
2026-06-01,MANDI013,11.351999999999999,24.595555555555556,299.01
2026-06-01,MANDI014,24.3,31.41111111111111,159.02
2026-06-01,MANDI018,19.6,26.4,213.92000000000002
2026-06-01,MANDI021,,26.77777777777778,814.5799999999999
2026-06-01,MANDI022,35.598,31.150000000000002,162.8
2026-06-01,MANDI023,35.9,17.8,679.28
2026-06-01,MANDI026,12.379,25.35,61.47
2026-06-01,MANDI027,14.669999999999998,31.605555555555554,206.13
2026-06-01,MANDI031,29.2,18.8,671.3299999999999
2026-06-01,MANDI033,19.9,27.0,34.56
2026-06-01,MANDI034,1.778,29.6,315.68
2026-06-01,MANDI035,23.368,27.0,695.78
2026-06-01,MANDI036,43.688,26.8,69.05
2026-06-01,MANDI037,20.988,27.994444444444447,758.94
2026-06-01,MANDI039,45.1,27.77777777777778,124.17
2026-06-01,MANDI042,11.6,,400.71
2026-06-01,MANDI045,3.2,25.88888888888889,638.0799999999999
2026-06-01,MANDI046,,30.22222222222222,679.25
2026-06-01,MANDI049,49.0,21.7,269.33
2026-06-01,MANDI050,16.413,22.15,114.76
2026-06-02,MANDI001,,,176.58
2026-06-02,MANDI003,43.0,29.61111111111111,183.79
2026-06-02,MANDI004,35.1,35.1,104.14
2026-06-02,MANDI006,34.7,34.3,631.1800000000001
2026-06-02,MANDI007,23.15,21.6,90.71
2026-06-02,MANDI008,9.867333333333333,34.0,536.87
2026-06-02,MANDI009,22.473,26.166666666666664,316.74
2026-06-02,MANDI010,40.595333333333336,35.3,398.43
2026-06-02,MANDI013,9.55,30.05555555555555,216.56
2026-06-02,MANDI014,19.812,17.9,262.47
2026-06-02,MANDI017,,29.0,375.15999999999997
2026-06-02,MANDI018,48.1,25.55,738.66
2026-06-02,MANDI019,6.731,27.305555555555557,644.69
2026-06-02,MANDI021,,25.4,198.41
2026-06-02,MANDI023,19.8,,132.51
2026-06-02,MANDI024,16.764,32.77777777777778,481.95
2026-06-02,MANDI027,27.8,24.33703703703704,214.87
2026-06-02,MANDI028,6.0,19.5,217.14
2026-06-02,MANDI033,30.2,,817.1
2026-06-02,MANDI034,18.9,,879.76
2026-06-02,MANDI041,15.3,,359.01
2026-06-02,MANDI042,39.699,23.455555555555556,601.36
2026-06-02,MANDI045,25.6,39.8,19.36
2026-06-02,MANDI046,12.6,21.294444444444444,602.4399999999999
2026-06-02,MANDI047,7.0,,80.17
2026-06-03,MANDI001,42.0,31.5,690.39
2026-06-03,MANDI002,23.900000000000002,17.5,793.0
2026-06-03,MANDI003,48.2,27.344444444444445,282.79
2026-06-03,MANDI004,,17.7,644.22
2026-06-03,MANDI005,30.8,15.9,638.89
2026-06-03,MANDI006,44.2,32.1,242.67
2026-06-03,MANDI007,39.6,25.25,90.47
2026-06-03,MANDI008,45.212,23.22222222222222,598.5
2026-06-03,MANDI010,27.686,24.9,615.22
2026-06-03,MANDI012,12.7,32.6,734.81
2026-06-03,MANDI015,10.0,28.06111111111111,178.88
2026-06-03,MANDI016,39.3,38.7,253.31
2026-06-03,MANDI020,46.7,32.5,34.34
2026-06-03,MANDI021,34.6,30.72222222222222,478.25
2026-06-03,MANDI024,33.35866666666667,24.7,617.75
2026-06-03,MANDI025,39.7,35.5,185.22
2026-06-03,MANDI029,11.176,25.650000000000002,786.19
2026-06-03,MANDI030,14.15,26.7,1102.21
2026-06-03,MANDI031,14.583333333333334,18.5,52.28
2026-06-03,MANDI032,31.299333333333333,28.694444444444443,583.31
2026-06-03,MANDI033,14.8,,812.73
2026-06-03,MANDI034,21.629,28.305555555555557,326.12
2026-06-03,MANDI040,9.906,22.6,499.26
2026-06-03,MANDI046,20.574,31.38888888888889,896.13
2026-06-04,MANDI005,23.5,20.2,273.45
2026-06-04,MANDI008,22.1,33.388888888888886,639.96
2026-06-04,MANDI013,40.132,21.22222222222222,51.03
2026-06-04,MANDI014,48.2,27.2,579.28
2026-06-04,MANDI015,9.0,28.77777777777778,1050.97
2026-06-04,MANDI020,18.1,38.7,99.06
2026-06-04,MANDI022,3.4,28.2,282.0
2026-06-04,MANDI023,3.3,27.95,1239.66
2026-06-04,MANDI025,24.7,29.5,320.82
2026-06-04,MANDI026,10.9,,274.63
2026-06-04,MANDI027,41.65599999999999,28.000000000000004,477.07
2026-06-04,MANDI028,22.5,33.22222222222222,169.36
2026-06-04,MANDI031,44.45,16.3,218.04
2026-06-04,MANDI032,28.8,28.38888888888889,476.44
2026-06-04,MANDI033,28.194000000000003,15.4,138.63
2026-06-04,MANDI034,28.345,19.6,674.48
2026-06-04,MANDI035,20.7,28.5,875.27
2026-06-04,MANDI036,24.25,29.700000000000003,55.68
2026-06-04,MANDI038,38.094,21.1,776.29
2026-06-04,MANDI039,34.794,28.450000000000003,410.31
2026-06-04,MANDI043,32.72,25.75,217.91
2026-06-04,MANDI044,30.912,33.83703703703704,299.85
2026-06-04,MANDI045,49.0,30.77777777777778,356.93
2026-06-04,MANDI048,28.25,24.605555555555554,573.38
2026-06-05,MANDI002,22.9,,154.62
2026-06-05,MANDI003,24.384,39.7,430.13
2026-06-05,MANDI005,24.975,34.55,226.0
2026-06-05,MANDI009,,36.2,706.11
2026-06-05,MANDI011,27.8,15.4,596.95
2026-06-05,MANDI013,45.8,36.1,552.3199999999999
2026-06-05,MANDI014,19.6,29.19444444444445,498.72
2026-06-05,MANDI016,42.799,,387.1
2026-06-05,MANDI020,31.7,21.47222222222222,770.05
2026-06-05,MANDI025,37.9,28.2037037037037,329.73
2026-06-05,MANDI026,30.916,34.4,349.97
2026-06-05,MANDI031,23.876,23.0,329.3
2026-06-05,MANDI042,36.83,22.88888888888889,452.39
2026-06-05,MANDI048,47.8,,514.46
2026-06-05,MANDI050,36.35,15.5,647.37
2026-06-06,MANDI005,41.65599999999999,,420.79999999999995
2026-06-06,MANDI006,26.1,24.0,1074.25
2026-06-06,MANDI007,28.243000000000002,19.049999999999997,480.62
2026-06-06,MANDI008,21.67866666666667,28.99259259259259,425.67
2026-06-06,MANDI009,33.5,33.56111111111111,409.09000000000003
2026-06-06,MANDI012,22.75,26.84444444444444,520.34
2026-06-06,MANDI014,21.799,29.947222222222223,1257.19
2026-06-06,MANDI017,43.0,19.5,664.8399999999999
2026-06-06,MANDI019,,22.5,447.46
2026-06-06,MANDI022,3.9,20.0,700.13
2026-06-06,MANDI024,16.1,28.22222222222222,122.75999999999999
2026-06-06,MANDI026,42.7,36.0,761.1
2026-06-06,MANDI029,29.225,36.644444444444446,581.34
2026-06-06,MANDI031,47.4,31.83333333333333,50.37
2026-06-06,MANDI032,46.228,15.8,148.44
2026-06-06,MANDI034,36.650000000000006,23.88888888888889,312.94
2026-06-06,MANDI036,42.418,38.66666666666667,839.6
2026-06-06,MANDI037,21.427,23.238888888888887,402.2
2026-06-06,MANDI038,31.8,,1117.98
2026-06-06,MANDI039,4.7,,386.23
2026-06-06,MANDI040,26.924,21.0,721.1800000000001
2026-06-06,MANDI041,41.148,36.4,1241.28
2026-06-06,MANDI043,,,133.86
2026-06-06,MANDI045,2.8,15.0,204.63
2026-06-06,MANDI046,18.4,,407.79
2026-06-06,MANDI047,40.0,23.6,356.51000000000005
2026-06-06,MANDI049,49.5,31.1,153.95
2026-06-06,MANDI050,33.39266666666666,23.170370370370367,973.22
2026-06-07,MANDI001,49.4,,305.01
2026-06-07,MANDI004,44.45,16.27777777777778,409.71
2026-06-07,MANDI005,26.0,29.344444444444445,694.69
2026-06-07,MANDI007,20.166666666666668,30.405555555555555,834.57
2026-06-07,MANDI010,44.5,,667.4
2026-06-07,MANDI013,13.462,15.7,604.5600000000001
2026-06-07,MANDI014,39.092,34.1,476.71000000000004
2026-06-07,MANDI015,,35.2,674.02
2026-06-07,MANDI016,20.05,29.95,122.08
2026-06-07,MANDI017,26.2,,178.4
2026-06-07,MANDI018,11.43,20.6,149.36
2026-06-07,MANDI019,19.304,20.65,1228.0100000000002
2026-06-07,MANDI020,8.2,28.000000000000004,17.42
2026-06-07,MANDI021,32.0,35.5,44.34
2026-06-07,MANDI022,31.8,17.6,56.45
2026-06-07,MANDI023,22.86,30.38888888888889,170.18
2026-06-07,MANDI025,4.054,29.6,527.4
2026-06-07,MANDI026,19.6,20.500000000000004,66.92
2026-06-07,MANDI028,32.7,32.77777777777778,257.13
2026-06-07,MANDI031,47.8,21.666666666666664,654.6500000000001
2026-06-07,MANDI032,34.7,,736.0500000000001
2026-06-07,MANDI035,8.5,21.6,465.18
2026-06-07,MANDI040,14.5,17.1,265.25
2026-06-07,MANDI041,8.636000000000001,24.0,544.46
2026-06-07,MANDI044,27.95,31.0,1900.8400000000001
2026-06-07,MANDI047,15.6,,176.44
2026-06-07,MANDI049,3.6,17.5,245.87
2026-06-08,MANDI003,32.81,19.0,913.3299999999999
2026-06-08,MANDI007,27.233333333333334,30.703703703703706,402.32
2026-06-08,MANDI008,11.9,27.25,605.1
2026-06-08,MANDI009,34.928,33.0,155.98
2026-06-08,MANDI010,48.2,24.3,1016.3500000000001
2026-06-08,MANDI014,,16.4,231.03
2026-06-08,MANDI016,29.2,34.7,567.04
2026-06-08,MANDI017,,22.0,659.9
2026-06-08,MANDI018,20.805333333333333,25.65,27.66
2026-06-08,MANDI022,8.926,23.13333333333333,281.86
2026-06-08,MANDI023,,31.2,310.41999999999996
2026-06-08,MANDI024,24.511,20.27777777777778,466.58
2026-06-08,MANDI025,37.592,21.1,1470.8
2026-06-08,MANDI026,27.559,26.36111111111111,1436.54
2026-06-08,MANDI027,8.7,20.1,408.31
2026-06-08,MANDI029,27.4,30.8,305.21
2026-06-08,MANDI030,46.99,21.27777777777778,1034.79
2026-06-08,MANDI031,38.862,22.11111111111111,492.11
2026-06-08,MANDI034,22.606,,101.88
2026-06-08,MANDI035,35.315,30.799999999999997,250.18
2026-06-08,MANDI038,28.15,28.444444444444443,421.58
2026-06-08,MANDI039,,19.61111111111111,353.33
2026-06-08,MANDI040,38.2,19.72222222222222,406.18
2026-06-08,MANDI041,,23.000000000000004,324.42
2026-06-08,MANDI043,17.5,32.333333333333336,63.75
2026-06-08,MANDI045,11.4,35.8,360.69
2026-06-08,MANDI046,21.8,32.95,318.68
2026-06-08,MANDI047,8.4,27.5,330.83
2026-06-09,MANDI002,38.608,18.6,92.64
2026-06-09,MANDI003,16.005,28.75,877.23
2026-06-09,MANDI005,12.735,38.81111111111111,1246.06
2026-06-09,MANDI006,25.8,17.6,709.03
2026-06-09,MANDI008,,,43.64
2026-06-09,MANDI009,4.4,15.0,423.14
2026-06-09,MANDI010,25.019000000000002,24.011111111111113,1127.33
2026-06-09,MANDI013,39.7,38.2,221.3
2026-06-09,MANDI015,20.3,17.27777777777778,163.4
2026-06-09,MANDI018,33.8,36.72222222222222,320.95
2026-06-09,MANDI019,,19.6,305.39
2026-06-09,MANDI021,0.0,30.5,243.42
2026-06-09,MANDI029,,25.38888888888889,412.78
2026-06-09,MANDI031,16.5,16.5,750.8
2026-06-09,MANDI033,17.162999999999997,28.200000000000003,328.56
2026-06-09,MANDI034,25.576,18.95,338.47
2026-06-09,MANDI037,6.1,26.22222222222222,46.5
2026-06-09,MANDI039,27.55,38.94444444444444,547.52
2026-06-09,MANDI040,18.971,25.95,77.13
2026-06-09,MANDI041,39.5,38.888888888888886,235.09
2026-06-09,MANDI043,33.356,23.800000000000004,682.88
2026-06-09,MANDI044,7.619999999999999,15.3,253.36
2026-06-09,MANDI045,4.064,15.11111111111111,298.52000000000004
2026-06-09,MANDI046,29.972,31.1,616.48
2026-06-09,MANDI048,30.767200000000003,37.72222222222222,107.71
2026-06-09,MANDI050,35.507999999999996,32.8,148.54
2026-06-10,MANDI004,10.9,,476.01
2026-06-10,MANDI005,,33.72222222222222,434.14
2026-06-10,MANDI006,9.2,16.1,414.3
2026-06-10,MANDI007,8.8,31.72222222222222,225.0
2026-06-10,MANDI008,10.917,20.1,404.44
2026-06-10,MANDI012,48.00599999999999,38.0,766.0999999999999
2026-06-10,MANDI015,9.525,26.96666666666667,196.2
2026-06-10,MANDI018,41.91,25.88888888888889,71.98
2026-06-10,MANDI019,33.274,20.500000000000004,166.3
2026-06-10,MANDI031,15.493999999999998,28.5,426.48
2026-06-10,MANDI034,18.7,27.88888888888889,56.86
2026-06-10,MANDI038,23.55,30.65,412.89
2026-06-10,MANDI040,28.4,,612.05
2026-06-10,MANDI042,,27.0,417.90999999999997
2026-06-10,MANDI044,19.812,26.0,707.49
2026-06-10,MANDI047,,18.1,287.63
2026-06-10,MANDI048,21.71,34.150000000000006,346.93
2026-06-10,MANDI050,,22.1,124.28
2026-06-11,MANDI001,28.448,21.22222222222222,195.69
2026-06-11,MANDI002,9.3,31.2,205.2
2026-06-11,MANDI003,,,375.63
2026-06-11,MANDI005,9.7,27.0,600.65
2026-06-11,MANDI006,20.9,20.88888888888889,435.59
2026-06-11,MANDI009,0.9,32.5,153.59
2026-06-11,MANDI012,27.432,26.11111111111111,54.6
2026-06-11,MANDI014,24.418,29.315555555555555,211.72
2026-06-11,MANDI015,48.5,26.7,358.85
2026-06-11,MANDI017,13.4,20.4,493.9
2026-06-11,MANDI020,38.608,36.388888888888886,325.06
2026-06-11,MANDI026,19.8,22.96111111111111,193.82
2026-06-11,MANDI029,47.8,39.5,371.17
2026-06-11,MANDI035,24.5,24.77777777777777,140.91
2026-06-11,MANDI040,30.039,34.1,282.4
2026-06-11,MANDI043,2.6,32.9,375.09999999999997
2026-06-11,MANDI049,37.0,27.2,480.41
2026-06-11,MANDI050,4.0,38.1,318.1
2026-06-12,MANDI002,21.9,31.27777777777778,196.38
2026-06-12,MANDI003,31.7,29.0,497.83000000000004
2026-06-12,MANDI004,39.5,,360.54
2026-06-12,MANDI005,34.76666666666667,28.361111111111114,466.48
2026-06-12,MANDI010,20.6,20.65,471.67
2026-06-12,MANDI013,42.2,35.388888888888886,475.04
2026-06-12,MANDI016,2.3,26.4,38.58
2026-06-12,MANDI018,32.766,39.22222222222222,237.77
2026-06-12,MANDI023,25.6,,97.73
2026-06-12,MANDI025,30.000999999999998,16.7,445.38
2026-06-12,MANDI028,13.716,,114.53
2026-06-12,MANDI031,46.6,,427.92
2026-06-12,MANDI034,19.304,24.27777777777778,364.74
2026-06-12,MANDI035,39.7,34.388888888888886,151.7
2026-06-12,MANDI037,36.845,30.0,27.81
2026-06-12,MANDI039,17.0,19.1,760.89
2026-06-12,MANDI041,19.3,,237.53
2026-06-12,MANDI042,17.9,,424.09
2026-06-12,MANDI044,18.6,27.4,681.63
2026-06-12,MANDI045,18.866666666666667,31.62962962962963,166.51
2026-06-12,MANDI048,35.9,33.27777777777778,345.4
2026-06-13,MANDI005,30.1,28.111111111111107,183.85
2026-06-13,MANDI006,32.1,34.3,465.11
2026-06-13,MANDI012,2.286,28.55555555555555,117.45
2026-06-13,MANDI016,28.956,20.777777777777786,473.57
2026-06-13,MANDI017,24.2,,420.86
2026-06-13,MANDI018,,19.9,317.84000000000003
2026-06-13,MANDI019,25.8,26.9,99.35
2026-06-13,MANDI020,9.143999999999998,31.0,330.91
2026-06-13,MANDI022,17.130000000000003,22.511111111111113,278.2
2026-06-13,MANDI024,33.3,22.738888888888887,251.58
2026-06-13,MANDI025,21.200000000000003,28.805555555555554,210.95
2026-06-13,MANDI028,10.9,20.8,256.27
2026-06-13,MANDI029,18.9,33.111111111111114,63.21
2026-06-13,MANDI033,47.244,16.61111111111111,498.65999999999997
2026-06-13,MANDI039,,19.8,856.29
2026-06-13,MANDI042,31.101999999999997,28.4,455.37
2026-06-13,MANDI043,24.3,29.11111111111111,414.27
2026-06-13,MANDI044,14.537999999999998,23.133333333333336,343.12
2026-06-13,MANDI046,16.002,22.27777777777777,429.01
2026-06-13,MANDI050,25.4,,768.23
2026-06-14,MANDI004,43.4,23.77777777777778,301.56
2026-06-14,MANDI007,23.733333333333334,24.95,245.67
2026-06-14,MANDI009,34.8,38.8,65.87
2026-06-14,MANDI012,38.0,35.611111111111114,978.22
2026-06-14,MANDI015,18.498,26.45925925925926,456.68
2026-06-14,MANDI018,25.908,22.0,485.51
2026-06-14,MANDI020,17.575000000000003,,484.05000000000007
2026-06-14,MANDI023,23.605,29.85,374.4
2026-06-14,MANDI027,13.4,25.8,710.17
2026-06-14,MANDI028,23.9,28.96111111111111,217.75
2026-06-14,MANDI031,30.3,27.9,69.08
2026-06-14,MANDI035,5.0,,38.59
2026-06-14,MANDI037,25.191,29.98888888888889,697.3
2026-06-14,MANDI038,34.2,18.277777777777786,11.08
2026-06-14,MANDI039,20.7,39.8,560.0
2026-06-14,MANDI041,47.9,25.0,816.08
2026-06-14,MANDI044,7.6,35.611111111111114,386.94
2026-06-14,MANDI047,42.2,,36.21
2026-06-14,MANDI050,36.759,29.41111111111111,78.39
2026-06-15,MANDI001,30.2,29.88888888888889,419.44000000000005
2026-06-15,MANDI002,10.8,23.6,79.53
2026-06-15,MANDI003,33.528,16.8,418.65000000000003
2026-06-15,MANDI004,35.004999999999995,22.22222222222222,240.24
2026-06-15,MANDI005,26.150000000000002,28.77777777777778,39.870000000000005
2026-06-15,MANDI006,41.4,,416.62
2026-06-15,MANDI009,12.950000000000001,35.05,388.05999999999995
2026-06-15,MANDI010,,24.0,482.28000000000003
2026-06-15,MANDI012,21.15,27.305555555555557,173.43
2026-06-15,MANDI013,,22.9,615.24
2026-06-15,MANDI014,40.894,19.4,122.55
2026-06-15,MANDI015,40.0,26.27777777777778,185.58
2026-06-15,MANDI016,15.4,39.888888888888886,148.34
2026-06-15,MANDI017,34.5,29.0,394.59
2026-06-15,MANDI019,14.313,16.261111111111113,218.84
2026-06-15,MANDI021,,16.22222222222222,683.26
2026-06-15,MANDI022,40.15,23.88888888888889,534.6400000000001
2026-06-15,MANDI024,32.766,35.72222222222222,390.39
2026-06-15,MANDI025,18.953999999999997,18.97037037037037,623.0700000000002
2026-06-15,MANDI027,,20.9,447.84
2026-06-15,MANDI029,38.05,30.055555555555557,821.78
2026-06-15,MANDI037,35.81399999999999,39.5,338.73
2026-06-15,MANDI044,0.3,24.3,182.45
2026-06-15,MANDI045,23.450000000000003,28.7,706.0899999999999
2026-06-15,MANDI046,,21.9,726.8199999999999
2026-06-15,MANDI047,41.64,28.05,336.34000000000003
2026-06-15,MANDI048,,,389.23
2026-06-15,MANDI050,24.8,20.238888888888887,585.9
2026-06-16,MANDI001,23.089,30.5,431.44
2026-06-16,MANDI002,22.606,32.5,485.99
2026-06-16,MANDI005,41.0,22.38888888888889,496.07000000000005
2026-06-16,MANDI006,8.1,36.8,884.74
2026-06-16,MANDI010,30.717,22.31111111111111,118.78
2026-06-16,MANDI011,14.649999999999999,25.805555555555557,388.26
2026-06-16,MANDI012,5.842,21.9,179.64
2026-06-16,MANDI017,30.9,25.5,757.8300000000002
2026-06-16,MANDI018,24.2,19.7,877.54
2026-06-16,MANDI021,25.6,30.81111111111111,627.53
2026-06-16,MANDI024,28.194000000000003,26.2,1069.37
2026-06-16,MANDI030,13.6,,726.83
2026-06-16,MANDI032,42.8,,103.44
2026-06-16,MANDI034,19.400000000000002,36.5,243.98
2026-06-16,MANDI035,6.9,36.761111111111106,1016.0
2026-06-16,MANDI038,34.50333333333334,27.744444444444444,420.76
2026-06-16,MANDI039,24.15,34.75555555555556,841.7
2026-06-16,MANDI042,5.334,26.11111111111111,292.32
2026-06-16,MANDI048,47.9,18.6,515.1800000000001
2026-06-16,MANDI049,30.5,,514.97
2026-06-16,MANDI050,21.7,39.72222222222222,886.54
2026-06-17,MANDI004,,,305.62
2026-06-17,MANDI008,40.4,26.888888888888893,1165.99
2026-06-17,MANDI009,16.644,28.944444444444443,355.79
2026-06-17,MANDI010,33.239333333333335,24.6,252.05
2026-06-17,MANDI011,24.95,24.011111111111113,487.53000000000003
2026-06-17,MANDI012,,30.711111111111112,1056.72
2026-06-17,MANDI014,30.75,33.6,789.6800000000001
2026-06-17,MANDI015,48.514,,341.34
2026-06-17,MANDI019,,19.111111111111114,85.04
2026-06-17,MANDI023,,23.5,393.76
2026-06-17,MANDI025,35.05199999999999,18.111111111111107,580.6800000000001
2026-06-17,MANDI027,32.512,22.4,374.91
2026-06-17,MANDI029,43.434,32.1,260.57
2026-06-17,MANDI031,28.930999999999997,27.133333333333336,822.3900000000001
2026-06-17,MANDI032,6.9,17.8,266.84
2026-06-17,MANDI033,9.143999999999998,26.38888888888889,1044.8600000000001
2026-06-17,MANDI040,0.508,32.7,326.69
2026-06-17,MANDI041,35.05199999999999,21.0,157.92
2026-06-17,MANDI042,24.813000000000002,26.25,296.74
2026-06-17,MANDI043,11.1,,477.85
2026-06-17,MANDI045,4.3180000000000005,37.27777777777778,604.31
2026-06-17,MANDI047,9.6,,238.4
2026-06-17,MANDI048,9.143999999999998,29.76111111111111,126.04
2026-06-17,MANDI049,36.57599999999999,28.111111111111107,121.08
2026-06-18,MANDI004,,33.77777777777778,668.34
2026-06-18,MANDI007,47.3,28.38888888888889,24.17
2026-06-18,MANDI008,25.6,30.5,539.74
2026-06-18,MANDI011,13.3,37.4,848.04
2026-06-18,MANDI012,44.1,21.888888888888893,432.98
2026-06-18,MANDI014,37.0,32.5,322.83
2026-06-18,MANDI016,34.85,19.222222222222214,123.75
2026-06-18,MANDI018,41.599000000000004,26.93888888888889,300.56
2026-06-18,MANDI019,23.3,36.22222222222222,622.0
2026-06-18,MANDI020,20.32,27.65,388.23
2026-06-18,MANDI021,32.2,17.61111111111111,98.93
2026-06-18,MANDI024,10.0,17.72222222222222,1542.54
2026-06-18,MANDI025,47.244,,813.43
2026-06-18,MANDI026,,25.4,264.38
2026-06-18,MANDI028,17.1,20.2,469.61
2026-06-18,MANDI029,31.5,24.3,902.37
2026-06-18,MANDI032,24.1,24.144444444444446,564.5
2026-06-18,MANDI035,10.4,19.1,158.72
2026-06-18,MANDI036,7.25,20.861111111111114,157.33
2026-06-18,MANDI038,36.322,,952.54
2026-06-18,MANDI039,46.15,25.4,217.63
2026-06-18,MANDI043,35.45,17.88888888888889,471.5
2026-06-18,MANDI048,49.9,30.06111111111111,800.02
2026-06-19,MANDI001,11.684,37.11111111111112,288.25
2026-06-19,MANDI003,43.7,24.9,738.97
2026-06-19,MANDI005,23.632,25.437037037037033,378.6
2026-06-19,MANDI007,19.65,28.35,602.12
2026-06-19,MANDI008,41.7,,179.96
2026-06-19,MANDI012,2.286,31.1,191.99
2026-06-19,MANDI015,,20.0,291.98
2026-06-19,MANDI016,21.858999999999998,25.055555555555557,412.84
2026-06-19,MANDI017,26.4465,25.505555555555556,302.71000000000004
2026-06-19,MANDI018,23.75,20.85,792.99
2026-06-19,MANDI020,12.65,35.0,85.95
2026-06-19,MANDI021,25.555,26.0,440.16
2026-06-19,MANDI025,12.511,21.166666666666664,577.89
2026-06-19,MANDI026,47.099999999999994,22.544444444444444,323.16
2026-06-19,MANDI029,31.119333333333334,28.85,359.74
2026-06-19,MANDI030,39.5,33.72222222222222,484.4
2026-06-19,MANDI032,25.5,25.25,539.77
2026-06-19,MANDI033,25.908,,326.89
2026-06-19,MANDI034,42.0,17.77777777777778,792.37
2026-06-19,MANDI035,12.0,26.2,78.63
2026-06-19,MANDI036,21.8,32.6,806.3199999999999
2026-06-19,MANDI041,15.96,27.35,718.6700000000001
2026-06-19,MANDI042,35.8,31.1,812.7099999999999
2026-06-19,MANDI044,27.94,,483.68
2026-06-19,MANDI046,8.382,23.4,54.43
2026-06-19,MANDI050,26.299500000000002,23.5,933.04
2026-06-20,MANDI001,47.0,18.1,138.45
2026-06-20,MANDI002,44.9,37.5,358.82
2026-06-20,MANDI007,23.9,,330.74
2026-06-20,MANDI009,42.8,28.75,489.55
2026-06-20,MANDI012,,36.388888888888886,1524.1100000000001
2026-06-20,MANDI018,46.9,29.8,567.31
2026-06-20,MANDI025,41.2,34.2,442.74
2026-06-20,MANDI026,9.2,32.5,113.19
2026-06-20,MANDI027,2.8,20.72222222222222,187.75
2026-06-20,MANDI029,24.4,28.5,668.85
2026-06-20,MANDI030,28.956,26.25,445.34
2026-06-20,MANDI031,37.7,26.027777777777782,732.37
2026-06-20,MANDI035,8.4,,375.28
2026-06-20,MANDI037,23.706666666666667,29.866666666666664,194.66000000000005
2026-06-20,MANDI046,,22.722222222222225,459.78
2026-06-20,MANDI049,23.4,26.8,470.99
2026-06-20,MANDI050,0.7,29.6,261.78
2026-06-21,MANDI003,37.2,25.88888888888889,420.91
2026-06-21,MANDI009,10.3,17.5,417.88
2026-06-21,MANDI011,40.386,33.06111111111111,692.38
2026-06-21,MANDI017,5.08,28.5,1275.96
2026-06-21,MANDI019,23.5,37.888888888888886,224.1
2026-06-21,MANDI020,10.1,,261.8
2026-06-21,MANDI021,2.286,24.4,265.16
2026-06-21,MANDI022,47.1,26.888888888888893,63.51
2026-06-21,MANDI027,33.300000000000004,24.766666666666666,341.57
2026-06-21,MANDI028,26.302,21.94444444444445,536.66
2026-06-21,MANDI029,33.55,,349.5
2026-06-21,MANDI031,44.196,35.3,625.24
2026-06-21,MANDI033,20.828,25.38888888888889,895.27
2026-06-21,MANDI038,23.407333333333337,29.8,724.8
2026-06-21,MANDI042,22.9,,373.68
2026-06-21,MANDI048,30.9,24.77777777777777,150.69
2026-06-21,MANDI049,18.6,21.450000000000003,894.28
2026-06-21,MANDI050,26.162,29.27777777777778,214.63
2026-06-22,MANDI001,32.89,23.3,626.6
2026-06-22,MANDI003,11.2,26.888888888888893,504.34000000000003
2026-06-22,MANDI004,25.1,37.9,976.97
2026-06-22,MANDI005,26.45,32.27777777777778,633.89
2026-06-22,MANDI008,2.032,15.7,188.03
2026-06-22,MANDI010,20.828,24.4,39.03
2026-06-22,MANDI011,,16.8,1014.8700000000001
2026-06-22,MANDI012,38.354,31.0,277.67
2026-06-22,MANDI013,28.3,20.25,915.99
2026-06-22,MANDI014,7.874,16.1,628.98
2026-06-22,MANDI016,15.6,34.22222222222222,278.17
2026-06-22,MANDI019,25.825333333333333,25.994444444444444,592.9
2026-06-22,MANDI020,10.3,22.22222222222222,300.35
2026-06-22,MANDI024,16.002,28.75,863.28
2026-06-22,MANDI026,28.194000000000003,28.4,1506.5700000000002
2026-06-22,MANDI027,35.25,16.444444444444443,897.28
2026-06-22,MANDI029,29.65,20.6,400.62
2026-06-22,MANDI035,,17.72222222222222,192.07
2026-06-22,MANDI039,24.127,26.462962962962962,612.79
2026-06-22,MANDI040,17.1,19.27777777777778,659.0899999999999
2026-06-22,MANDI043,18.866666666666667,26.833333333333332,770.8199999999999
2026-06-22,MANDI044,5.9,22.27777777777777,1048.98
2026-06-22,MANDI045,,31.77777777777778,732.54
2026-06-22,MANDI047,25.5,26.888888888888893,164.86
2026-06-22,MANDI050,21.0,,579.81
2026-06-23,MANDI005,1.1,,226.74
2026-06-23,MANDI009,35.3,22.88888888888889,804.03
2026-06-23,MANDI011,16.9,23.0,92.56
2026-06-23,MANDI013,27.686,17.77777777777778,482.08
2026-06-23,MANDI017,29.7245,24.56111111111111,323.35
2026-06-23,MANDI021,34.1,,813.32
2026-06-23,MANDI022,16.509999999999998,27.88888888888889,367.6600000000001
2026-06-23,MANDI023,19.05,29.894444444444442,437.8
2026-06-23,MANDI024,,25.1,68.77
2026-06-23,MANDI025,43.7,,272.42
2026-06-23,MANDI027,20.828,36.61111111111112,182.58
2026-06-23,MANDI028,35.306,,314.73
2026-06-23,MANDI031,,38.27777777777778,372.41
2026-06-23,MANDI032,15.9,30.5,857.46
2026-06-23,MANDI035,37.0,36.5,937.4000000000001
2026-06-23,MANDI037,28.747,19.5,52.93
2026-06-23,MANDI039,12.45,31.86111111111111,379.3
2026-06-23,MANDI041,37.15333333333333,17.3,123.86
2026-06-23,MANDI042,14.224,32.9,473.99
2026-06-23,MANDI044,32.3,31.72222222222222,365.88
2026-06-23,MANDI046,21.59,15.6,664.95
2026-06-23,MANDI048,13.716,27.0,791.71
2026-06-23,MANDI050,22.17866666666667,31.950000000000003,488.89
2026-06-24,MANDI004,36.83,29.88888888888889,720.98
2026-06-24,MANDI005,28.4,,551.22
2026-06-24,MANDI010,26.1,,171.99
2026-06-24,MANDI011,31.6,20.7,240.03
2026-06-24,MANDI013,,30.2,256.0
2026-06-24,MANDI023,37.846,17.9,444.62
2026-06-24,MANDI025,22.86,26.06111111111111,132.71
2026-06-24,MANDI029,27.7,27.333333333333336,472.87
2026-06-24,MANDI031,19.143,19.03888888888889,82.58
2026-06-24,MANDI033,9.398,,162.24
2026-06-24,MANDI036,1.3,23.1,202.45
2026-06-24,MANDI045,32.769,25.11111111111111,177.36
2026-06-24,MANDI048,49.8,26.4,329.35
2026-06-24,MANDI049,6.35,31.38888888888889,781.69
2026-06-25,MANDI001,29.7,35.2,344.45
2026-06-25,MANDI003,37.592,32.4,618.62
2026-06-25,MANDI007,30.7,39.0,362.72
2026-06-25,MANDI008,41.25,31.85,332.57
2026-06-25,MANDI009,34.5,23.000000000000004,272.08
2026-06-25,MANDI011,39.3,21.22222222222222,26.51
2026-06-25,MANDI013,5.462,34.900000000000006,569.81
2026-06-25,MANDI015,27.558000000000003,25.06111111111111,699.1600000000001
2026-06-25,MANDI017,24.4,24.45,80.46
2026-06-25,MANDI021,29.6,17.9,703.81
2026-06-25,MANDI025,35.15,35.599999999999994,197.8
2026-06-25,MANDI026,5.08,33.19444444444444,156.1
2026-06-25,MANDI031,43.0,15.75,739.69
2026-06-25,MANDI032,,34.6,262.94
2026-06-25,MANDI033,9.143999999999998,19.6,999.3499999999999
2026-06-25,MANDI034,27.005000000000003,28.155555555555555,1119.24
2026-06-25,MANDI035,11.501999999999999,28.68888888888889,680.12
2026-06-25,MANDI039,44.7,33.1,244.77
2026-06-25,MANDI040,46.26,25.55,191.14
2026-06-25,MANDI041,35.306,34.611111111111114,382.98
2026-06-25,MANDI042,1.778,24.95,134.44
2026-06-25,MANDI043,38.097,25.294444444444444,1242.51
2026-06-25,MANDI046,45.9,20.72222222222222,372.03
2026-06-25,MANDI048,29.7,32.6,444.71999999999997
2026-06-26,MANDI002,,33.27777777777778,488.76
2026-06-26,MANDI003,49.9,20.7,675.39
2026-06-26,MANDI005,40.2,16.22222222222222,1299.47
2026-06-26,MANDI007,,32.72222222222222,439.93
2026-06-26,MANDI008,22.352,,299.03
2026-06-26,MANDI016,47.1,32.361111111111114,220.01999999999998
2026-06-26,MANDI017,27.178,20.72222222222222,160.38
2026-06-26,MANDI019,26.5,21.27777777777778,345.92
2026-06-26,MANDI020,26.997,17.38888888888889,121.17
2026-06-26,MANDI024,,18.8,325.13
2026-06-26,MANDI025,23.192,29.31111111111111,410.62
2026-06-26,MANDI027,27.4,39.388888888888886,433.16
2026-06-26,MANDI031,33.6,34.111111111111114,2070.15
2026-06-26,MANDI033,33.4,28.700000000000003,298.03
2026-06-26,MANDI036,10.413999999999998,29.61111111111111,398.69
2026-06-26,MANDI039,11.2,19.38888888888889,1058.38
2026-06-26,MANDI040,25.5,16.7,815.53
2026-06-26,MANDI043,30.95,26.47222222222222,176.78
2026-06-26,MANDI046,36.4,,264.08
2026-06-26,MANDI047,30.226,15.27777777777778,547.5899999999999
2026-06-26,MANDI048,43.7,23.21111111111111,501.42
2026-06-26,MANDI049,,19.85,362.66
2026-06-26,MANDI050,22.488,34.56296296296296,513.91
2026-06-27,MANDI002,,20.4,518.43
2026-06-27,MANDI004,25.6,25.5,187.78
2026-06-27,MANDI009,20.6,28.9,505.76
2026-06-27,MANDI010,,40.0,52.26
2026-06-27,MANDI013,44.958,36.0,434.72
2026-06-27,MANDI015,31.0,39.72222222222222,613.3
2026-06-27,MANDI016,,,99.89
2026-06-27,MANDI017,32.163,16.7,89.07
2026-06-27,MANDI019,47.5,19.4,238.22
2026-06-27,MANDI020,3.81,34.4,856.05
2026-06-27,MANDI021,34.028,24.988888888888887,452.83
2026-06-27,MANDI022,48.2,24.0,895.99
2026-06-27,MANDI024,28.956,35.27777777777778,354.84
2026-06-27,MANDI025,31.8,28.6,1220.04
2026-06-27,MANDI029,31.242,37.45,24.73
2026-06-27,MANDI030,,,208.15
2026-06-27,MANDI031,11.8,31.77777777777778,29.71
2026-06-27,MANDI032,27.7,27.25,450.93
2026-06-27,MANDI037,1.5239999999999998,34.72222222222222,232.14999999999998
2026-06-27,MANDI038,15.9,18.4,347.62
2026-06-27,MANDI041,21.6,36.7,1281.85
2026-06-27,MANDI042,,36.61111111111112,332.49
2026-06-27,MANDI045,24.892,25.1,195.6
2026-06-27,MANDI046,33.9,,648.51
2026-06-27,MANDI047,24.35,34.78888888888889,258.74
2026-06-27,MANDI049,35.306,25.7,148.34
2026-06-28,MANDI001,35.05199999999999,31.5,239.69
2026-06-28,MANDI002,23.2,32.6,762.52
2026-06-28,MANDI021,41.9,31.95,90.61
2026-06-28,MANDI024,,28.7,965.8
2026-06-28,MANDI026,,28.3,517.8
2026-06-28,MANDI027,29.0,17.5,124.78
2026-06-28,MANDI028,27.432,,311.89
2026-06-28,MANDI029,9.906,35.888888888888886,491.77
2026-06-28,MANDI031,48.7,,761.24
2026-06-28,MANDI035,35.713,22.994444444444447,727.66
2026-06-28,MANDI037,,18.72222222222222,679.3199999999999
2026-06-28,MANDI038,32.1,23.21111111111111,1099.19
2026-06-28,MANDI039,4.1,,330.71999999999997
2026-06-28,MANDI042,42.599999999999994,23.3,459.99
2026-06-28,MANDI043,27.7,35.1,579.3199999999999
2026-06-28,MANDI044,33.8,19.27777777777778,396.73
2026-06-28,MANDI046,20.32,32.488888888888894,535.73
2026-06-28,MANDI048,31.242,29.0,430.89
2026-06-28,MANDI049,9.6,,613.5699999999999
2026-06-29,MANDI001,31.2,33.0,559.65
2026-06-29,MANDI006,10.4,31.462962962962962,60.35
2026-06-29,MANDI010,33.35,24.111111111111114,307.95
2026-06-29,MANDI011,14.224,36.4,527.21
2026-06-29,MANDI015,25.9,25.5,207.57999999999998
2026-06-29,MANDI016,24.4005,19.702777777777776,200.67
2026-06-29,MANDI017,38.8,35.044444444444444,863.06
2026-06-29,MANDI018,30.3,39.4,553.72
2026-06-29,MANDI019,26.924,37.388888888888886,391.28
2026-06-29,MANDI024,,29.300000000000004,433.67
2026-06-29,MANDI025,15.7,37.888888888888886,1001.14
2026-06-29,MANDI027,27.94,29.77777777777778,272.89
2026-06-29,MANDI033,34.9,23.77777777777778,591.53
2026-06-29,MANDI036,22.1,33.22222222222222,190.17
2026-06-29,MANDI037,23.671,29.62962962962963,306.03000000000003
2026-06-29,MANDI039,18.5,36.5,712.88
2026-06-29,MANDI041,42.926,26.550000000000004,1097.18
2026-06-29,MANDI043,,25.9,88.39
2026-06-29,MANDI045,15.442,22.0,598.55
2026-06-29,MANDI048,33.302,16.95,327.37
2026-06-30,MANDI002,,30.27777777777778,40.15
2026-06-30,MANDI008,17.8,23.5,618.1
2026-06-30,MANDI009,13.2,,791.17
2026-06-30,MANDI011,,,329.93
2026-06-30,MANDI012,34.336999999999996,32.35,616.54
2026-06-30,MANDI013,30.828666666666667,31.91111111111111,806.08
2026-06-30,MANDI014,40.5,,617.47
2026-06-30,MANDI015,37.9,30.93888888888889,617.47
2026-06-30,MANDI016,13.97,34.5,709.5799999999999
2026-06-30,MANDI017,27.2,28.8,304.89
2026-06-30,MANDI021,6.7,36.19444444444445,386.51
2026-06-30,MANDI024,18.288,24.88888888888889,143.99
2026-06-30,MANDI026,2.1,,783.73
2026-06-30,MANDI033,42.2,27.5,369.71
2026-06-30,MANDI035,14.7,39.0,236.03000000000003
2026-06-30,MANDI036,18.96,23.85,58.27
2026-06-30,MANDI038,26.2,33.6,804.64
2026-06-30,MANDI039,,29.1,754.6700000000001
2026-06-30,MANDI041,17.55,18.388888888888893,425.1
2026-06-30,MANDI047,,,196.1
2026-06-30,MANDI048,30.5,17.2,924.26
2026-06-30,MANDI050,34.7,,277.18
2026-07-01,MANDI003,30.2,23.000000000000004,581.37
2026-07-01,MANDI006,25.5,32.0,830.8199999999999
2026-07-01,MANDI008,14.3,21.2,305.29
2026-07-01,MANDI013,21.166666666666668,24.627777777777776,477.76
2026-07-01,MANDI018,37.7,22.77777777777778,74.13
2026-07-01,MANDI020,24.7,35.5,272.75
2026-07-01,MANDI021,16.002,15.38888888888889,457.69
2026-07-01,MANDI023,49.3,16.61111111111111,279.16
2026-07-01,MANDI024,32.7,33.5,489.73
2026-07-01,MANDI029,33.528,30.1,275.56
2026-07-01,MANDI030,7.8,15.88888888888889,614.28
2026-07-01,MANDI031,0.3,,435.81
2026-07-01,MANDI032,0.1,17.3,1232.31
2026-07-01,MANDI035,37.592,21.1,375.29999999999995
2026-07-01,MANDI036,5.3,27.61111111111111,813.28
2026-07-01,MANDI037,44.704,34.90555555555556,139.69
2026-07-01,MANDI038,1.3,37.4,317.34
2026-07-01,MANDI039,,21.5,216.1
2026-07-01,MANDI040,11.3,22.2,941.79
2026-07-01,MANDI041,7.112,26.27777777777778,431.97
2026-07-01,MANDI048,2.9,26.722222222222214,254.16
2026-07-01,MANDI049,42.3,38.888888888888886,861.3299999999999
2026-07-02,MANDI004,8.8,36.4,352.86
2026-07-02,MANDI007,49.7,38.5,154.67
2026-07-02,MANDI009,6.1,37.49629629629629,311.91
2026-07-02,MANDI012,,31.22222222222222,509.19
2026-07-02,MANDI017,25.654,17.7,453.97
2026-07-02,MANDI022,26.7,34.28888888888889,270.49
2026-07-02,MANDI024,,36.4,342.37
2026-07-02,MANDI025,,16.88888888888889,403.95
2026-07-02,MANDI028,15.2,35.27777777777778,113.54
2026-07-02,MANDI029,30.456,34.09444444444444,1267.35
2026-07-02,MANDI031,30.701,30.5,859.01
2026-07-02,MANDI032,7.9,21.0,448.44
2026-07-02,MANDI033,19.558,26.4,334.67
2026-07-02,MANDI034,7.3,33.8,469.6
2026-07-02,MANDI036,31.3,37.61111111111112,78.25
2026-07-02,MANDI045,9.1,33.9,645.36
2026-07-02,MANDI046,5.588,,642.5699999999999
2026-07-02,MANDI049,2.032,31.5,60.4
2026-07-03,MANDI001,,,215.32
2026-07-03,MANDI003,30.988,,714.45
2026-07-03,MANDI008,42.7,34.611111111111114,126.93
2026-07-03,MANDI009,26.9,17.9,387.13
2026-07-03,MANDI010,19.328,26.85,801.22
2026-07-03,MANDI011,24.1,36.11111111111112,37.589999999999996
2026-07-03,MANDI012,27.9,,202.26
2026-07-03,MANDI014,20.3,26.305555555555557,596.47
2026-07-03,MANDI015,35.7,36.2,146.17
2026-07-03,MANDI016,3.81,21.7,578.64
2026-07-03,MANDI020,,,271.66
2026-07-03,MANDI021,30.948,27.65,444.16
2026-07-03,MANDI022,10.0,28.0,247.6
2026-07-03,MANDI023,7.5,20.27777777777778,466.44
2026-07-03,MANDI024,34.1,24.22962962962963,432.45
2026-07-03,MANDI025,34.728,24.7,679.4499999999999
2026-07-03,MANDI029,29.549999999999997,17.8,135.79
2026-07-03,MANDI032,15.7,18.5,393.08000000000004
2026-07-03,MANDI034,46.482,22.75,665.93
2026-07-03,MANDI038,,22.1,1051.81
2026-07-03,MANDI039,14.731999999999998,,181.46
2026-07-03,MANDI046,7.3,28.4,203.23000000000002
2026-07-03,MANDI049,13.3,30.9,1034.27
2026-07-03,MANDI050,21.8,19.405555555555555,354.3
2026-07-04,MANDI004,37.15,31.21111111111111,388.74
2026-07-04,MANDI010,24.349999999999998,23.455555555555556,416.05
2026-07-04,MANDI011,36.75,,86.91
2026-07-04,MANDI012,13.0,23.75,337.34
2026-07-04,MANDI013,48.514,31.38888888888889,559.25
2026-07-04,MANDI015,48.9,32.2,232.85
2026-07-04,MANDI018,5.1,23.000000000000004,18.32
2026-07-04,MANDI019,26.6,29.0,314.37
2026-07-04,MANDI021,9.398,25.2,518.22
2026-07-04,MANDI025,38.608,21.38888888888889,304.5
2026-07-04,MANDI026,37.35,33.5,150.8
2026-07-04,MANDI029,36.8,32.2,499.8
2026-07-04,MANDI031,30.622999999999998,26.38888888888889,166.45
2026-07-04,MANDI032,,26.77777777777778,14.54
2026-07-04,MANDI034,27.25,23.25,159.02
2026-07-04,MANDI038,20.1,20.66111111111111,361.64
2026-07-04,MANDI041,7.365999999999999,32.5,476.90000000000003
2026-07-04,MANDI046,3.556,38.22222222222222,83.68
2026-07-04,MANDI047,15.757333333333333,26.03888888888889,54.15
2026-07-04,MANDI048,18.8,28.0,107.22
2026-07-04,MANDI049,8.382,22.77777777777778,323.4
2026-07-04,MANDI050,30.95,28.200000000000003,292.76
2026-07-05,MANDI002,45.212,22.894444444444446,488.43000000000006
2026-07-05,MANDI003,22.005,30.6,700.98
2026-07-05,MANDI006,17.95,31.55,685.12
2026-07-05,MANDI008,15.3,29.2,640.76
2026-07-05,MANDI011,,39.11111111111112,683.6800000000001
2026-07-05,MANDI013,37.592,32.05555555555556,674.5
2026-07-05,MANDI014,7.874,24.77777777777777,322.15
2026-07-05,MANDI016,36.322,,28.49
2026-07-05,MANDI017,40.208,27.818518518518516,495.58
2026-07-05,MANDI018,29.4,35.6,751.1700000000001
2026-07-05,MANDI022,17.9,17.7,222.53
2026-07-05,MANDI023,18.957,24.47222222222222,359.67
2026-07-05,MANDI024,27.0,16.8,573.89
2026-07-05,MANDI028,,,459.84
2026-07-05,MANDI029,34.9,,1050.75
2026-07-05,MANDI031,25.642,26.35,696.7900000000001
2026-07-05,MANDI035,0.7619999999999999,31.3,434.1
2026-07-05,MANDI037,21.9725,29.766666666666666,794.04
2026-07-05,MANDI038,18.288,24.5,789.6400000000001
2026-07-05,MANDI040,40.233999999999995,31.88888888888889,873.44
2026-07-05,MANDI042,24.9,,44.75
2026-07-05,MANDI043,9.398,23.000000000000004,358.90999999999997
2026-07-05,MANDI045,33.85,19.799999999999997,622.26
2026-07-05,MANDI046,42.4,36.9,794.23
2026-07-05,MANDI047,,,204.11
2026-07-05,MANDI050,39.4,20.36111111111111,303.97
2026-07-06,MANDI002,,32.80555555555556,185.66
2026-07-06,MANDI004,3.9,31.27777777777778,202.51
2026-07-06,MANDI005,11.751,37.9,527.5
2026-07-06,MANDI008,8.382,30.38888888888889,111.26
2026-07-06,MANDI012,23.622,34.27777777777778,20.28
2026-07-06,MANDI014,25.7,28.1,682.59
2026-07-06,MANDI015,28.5,37.3,96.82
2026-07-06,MANDI018,13.4,22.7,398.14
2026-07-06,MANDI022,19.85,21.1,583.14
2026-07-06,MANDI023,34.7,23.22222222222222,219.91
2026-07-06,MANDI024,19.0,17.0,983.55
2026-07-06,MANDI027,4.6,34.5,606.73
2026-07-06,MANDI028,3.8099999999999996,18.0,394.02000000000004
2026-07-06,MANDI030,16.0,17.5,314.6
2026-07-06,MANDI033,19.304,36.72222222222222,1041.54
2026-07-06,MANDI034,25.0,26.8,129.4
2026-07-06,MANDI035,35.306,36.3,73.7
2026-07-06,MANDI042,,,374.68
2026-07-06,MANDI044,17.5,30.0,851.8599999999999
2026-07-06,MANDI045,7.9,34.5,427.99
2026-07-06,MANDI046,30.4,24.0,773.73
2026-07-06,MANDI048,44.196,37.77777777777778,563.66
2026-07-06,MANDI049,40.2,28.8,183.8
2026-07-06,MANDI050,3.3019999999999996,29.15,276.25
2026-07-07,MANDI003,47.7,22.42962962962963,331.92
2026-07-07,MANDI004,44.0,32.6,141.19
2026-07-07,MANDI009,33.7,23.111111111111107,378.51
2026-07-07,MANDI010,20.433333333333334,32.32962962962963,347.88
2026-07-07,MANDI012,22.86,28.25,1078.4
2026-07-07,MANDI013,,34.5,55.09
2026-07-07,MANDI017,28.8,29.22222222222222,848.13
2026-07-07,MANDI019,7.7,30.1,483.83000000000004
2026-07-07,MANDI022,40.620666666666665,31.170370370370375,779.21
2026-07-07,MANDI024,3.8,,589.54
2026-07-07,MANDI026,7.2,,117.22
2026-07-07,MANDI029,1.8,39.1,494.64
2026-07-07,MANDI031,14.477999999999998,27.5,334.61
2026-07-07,MANDI034,19.4,27.38888888888889,145.47
2026-07-07,MANDI036,16.7,20.38888888888889,181.42999999999998
2026-07-07,MANDI038,23.114,17.938888888888894,84.45
2026-07-07,MANDI039,6.858,32.5,550.29
2026-07-07,MANDI040,49.4,17.2,113.49
2026-07-07,MANDI041,28.701999999999995,,183.23
2026-07-07,MANDI042,19.812,33.4,322.75
2026-07-07,MANDI045,15.733333333333334,22.292592592592598,445.24
2026-07-07,MANDI046,25.25,25.622222222222224,378.63
2026-07-07,MANDI047,32.5,,127.07
2026-07-07,MANDI048,27.152999999999995,26.588888888888885,261.78000000000003
2026-07-07,MANDI049,,,564.56
2026-07-08,MANDI004,22.7,20.5,866.31
2026-07-08,MANDI007,8.382,,478.66
2026-07-08,MANDI008,40.5,,1093.24
2026-07-08,MANDI009,,40.0,410.63
2026-07-08,MANDI010,32.166666666666664,29.333333333333332,599.81
2026-07-08,MANDI012,25.924999999999997,28.08222222222222,388.52
2026-07-08,MANDI014,19.304,39.9,967.22
2026-07-08,MANDI015,25.344,30.5,147.81
2026-07-08,MANDI016,39.35,23.03888888888889,291.07
2026-07-08,MANDI017,26.92866666666667,38.1,469.24
2026-07-08,MANDI022,18.034,,1031.88
2026-07-08,MANDI023,22.049999999999997,32.3,609.45
2026-07-08,MANDI024,18.4,20.4,617.73
2026-07-08,MANDI025,10.15,16.0,622.76
2026-07-08,MANDI026,46.064,19.4037037037037,293.16
2026-07-08,MANDI027,3.6,21.1,109.45
2026-07-08,MANDI028,8.9,29.77777777777778,126.77
2026-07-08,MANDI032,45.9,35.0,218.27
2026-07-08,MANDI033,29.217999999999996,29.3,166.35
2026-07-08,MANDI037,6.5,,790.63
2026-07-08,MANDI039,37.397999999999996,25.666666666666664,656.46
2026-07-08,MANDI042,39.878,,730.06
2026-07-08,MANDI043,34.26533333333333,29.99259259259259,40.12
2026-07-08,MANDI044,17.6,,497.02
2026-07-08,MANDI045,41.6,36.6,18.35
2026-07-08,MANDI049,41.0,20.38888888888889,354.19
2026-07-08,MANDI050,22.5,25.700000000000003,97.57
2026-07-09,MANDI001,39.9,,472.6600000000001
2026-07-09,MANDI004,14.0,20.4,377.46
2026-07-09,MANDI009,24.4,33.8,206.27
2026-07-09,MANDI011,30.7,,683.1700000000001
2026-07-09,MANDI013,16.0,23.08888888888889,665.97
2026-07-09,MANDI018,36.1,33.83333333333333,434.74
2026-07-09,MANDI019,22.84,35.25,262.3
2026-07-09,MANDI021,,,444.71
2026-07-09,MANDI022,2.5,21.27777777777778,745.7
2026-07-09,MANDI028,0.1,20.7,460.3
2026-07-09,MANDI029,42.926,29.30555555555556,41.45
2026-07-09,MANDI031,24.842000000000002,21.77777777777778,343.34
2026-07-09,MANDI032,9.498,29.93888888888889,795.97
2026-07-09,MANDI033,26.8,20.094444444444445,737.71
2026-07-09,MANDI034,11.402666666666667,28.66111111111111,625.72
2026-07-09,MANDI037,7.7,20.05,159.13
2026-07-09,MANDI038,17.9,27.0,146.16
2026-07-09,MANDI039,25.654,25.81111111111111,218.03
2026-07-09,MANDI042,24.384,15.1,225.44
2026-07-09,MANDI047,,28.61111111111111,205.04000000000002
2026-07-09,MANDI049,14.3,,554.28
2026-07-10,MANDI002,44.704,28.1,110.87
2026-07-10,MANDI012,24.0,28.38888888888889,474.66
2026-07-10,MANDI016,35.7,18.3,445.51
2026-07-10,MANDI019,37.5,32.72222222222222,152.89999999999998
2026-07-10,MANDI023,49.0,25.0,361.52
2026-07-10,MANDI027,48.4,22.1,182.41
2026-07-10,MANDI032,10.4,29.5,334.13
2026-07-10,MANDI034,38.9,28.5,1204.43
2026-07-10,MANDI040,,32.77777777777778,303.33
2026-07-10,MANDI048,14.5,33.77777777777778,38.47
2026-07-10,MANDI049,38.412000000000006,38.05,85.42
2026-07-11,MANDI002,,26.5,453.37
2026-07-11,MANDI006,8.889999999999999,15.27777777777778,281.47
2026-07-11,MANDI013,,16.22222222222222,384.91
2026-07-11,MANDI015,32.7,20.4,445.08
2026-07-11,MANDI016,48.4,18.61111111111111,861.84
2026-07-11,MANDI021,22.1,39.3,316.57
2026-07-11,MANDI024,8.5,34.22222222222222,410.52
2026-07-11,MANDI025,38.75,29.6,544.9300000000001
2026-07-11,MANDI029,20.2,38.388888888888886,137.14
2026-07-11,MANDI033,26.924,20.777777777777786,517.5999999999999
2026-07-11,MANDI038,10.7,30.38888888888889,439.44
2026-07-11,MANDI039,3.4,27.7,481.65
2026-07-11,MANDI046,32.86666666666667,31.66296296296296,547.97
2026-07-12,MANDI008,0.3,26.2,63.7
2026-07-12,MANDI014,4.7,,645.6500000000001
2026-07-12,MANDI016,37.592,34.08333333333333,502.74
2026-07-12,MANDI019,,38.11111111111112,451.11
2026-07-12,MANDI022,,30.77777777777778,422.66
2026-07-12,MANDI026,26.55,26.27777777777778,186.95
2026-07-12,MANDI031,29.1,,429.13
2026-07-12,MANDI033,42.6,38.0,327.14
2026-07-12,MANDI034,14.1,31.27777777777778,191.52
2026-07-12,MANDI037,,39.11111111111112,137.75
2026-07-12,MANDI039,20.1,18.61111111111111,126.66
2026-07-12,MANDI042,17.3,28.5,334.24
2026-07-12,MANDI046,17.7,32.77777777777778,236.3
2026-07-13,MANDI001,26.416,24.61111111111111,19.39
2026-07-13,MANDI002,,28.88888888888889,466.57
2026-07-13,MANDI003,6.0,39.72222222222222,752.15
2026-07-13,MANDI004,25.243000000000002,31.27777777777778,438.37
2026-07-13,MANDI007,,24.0,78.07
2026-07-13,MANDI008,2.286,26.11111111111111,888.0
2026-07-13,MANDI010,32.1,,310.33000000000004
2026-07-13,MANDI014,28.127,26.625,193.34
2026-07-13,MANDI016,19.715,22.77777777777778,745.06
2026-07-13,MANDI018,8.128,,440.83000000000004
2026-07-13,MANDI019,43.434,29.88888888888889,358.45
2026-07-13,MANDI021,14.224,,208.31
2026-07-13,MANDI022,32.9,23.8,19.71
2026-07-13,MANDI025,2.794,19.5,116.76
2026-07-13,MANDI028,17.227333333333334,36.07037037037037,55.7
2026-07-13,MANDI034,11.488999999999999,,484.3
2026-07-13,MANDI037,33.2,18.72222222222222,620.24
2026-07-13,MANDI039,5.2,34.2,277.33
2026-07-13,MANDI046,29.33,32.25,121.61
2026-07-13,MANDI048,43.65,22.355555555555554,292.4
2026-07-13,MANDI049,26.557000000000002,34.9,493.41
2026-07-14,MANDI002,22.3,25.6,309.79
2026-07-14,MANDI005,27.432,27.9,200.82
2026-07-14,MANDI006,15.239999999999998,19.2,1021.79
2026-07-14,MANDI011,5.4,32.611111111111114,312.9
2026-07-14,MANDI012,,32.4,959.9200000000001
2026-07-14,MANDI013,16.764,39.5,288.49
2026-07-14,MANDI018,24.2,26.8,263.98
2026-07-14,MANDI022,36.15,28.7,1113.26
2026-07-14,MANDI023,22.493000000000002,33.09444444444444,444.5
2026-07-14,MANDI024,21.082,17.11111111111111,636.8399999999999
2026-07-14,MANDI025,20.1,27.5,331.58
2026-07-14,MANDI027,35.3,22.505555555555556,605.75
2026-07-14,MANDI028,21.59,30.049999999999997,340.56
2026-07-14,MANDI029,29.752999999999997,28.72962962962963,410.44
2026-07-14,MANDI030,,34.611111111111114,443.4
2026-07-14,MANDI033,32.6,30.3,371.43
2026-07-14,MANDI040,28.501,38.9,355.78
2026-07-14,MANDI041,40.386,36.25,52.86
2026-07-14,MANDI042,,23.277777777777786,28.77
2026-07-14,MANDI045,49.276,23.0,400.06
2026-07-14,MANDI048,9.2,20.777777777777786,485.67999999999995
2026-07-14,MANDI050,28.3,,258.18
2026-07-15,MANDI005,26.2,31.5,224.13
2026-07-15,MANDI006,11.43,27.27777777777778,1133.25
2026-07-15,MANDI011,42.9,39.3,530.0999999999999
2026-07-15,MANDI013,14.6,28.444444444444443,395.3
2026-07-15,MANDI014,18.1,25.1,677.86
2026-07-15,MANDI016,29.8,33.9,294.02
2026-07-15,MANDI017,40.4,26.5,640.54
2026-07-15,MANDI019,14.986,23.38888888888889,55.32
2026-07-15,MANDI021,15.850000000000001,20.777777777777786,27.61
2026-07-15,MANDI033,,31.4,651.6700000000001
2026-07-15,MANDI034,,22.1,117.2
2026-07-15,MANDI035,48.1,21.7,214.96
2026-07-15,MANDI038,11.27,26.53888888888889,759.0799999999999
2026-07-15,MANDI039,3.302,,377.57
2026-07-15,MANDI044,41.0,30.5,260.76
2026-07-15,MANDI046,8.1,21.0,914.27
2026-07-15,MANDI047,13.6,,149.86
2026-07-15,MANDI048,28.3,24.4,1049.03
2026-07-15,MANDI049,,37.888888888888886,696.24
2026-07-15,MANDI050,38.6,25.6,1062.49
2026-07-16,MANDI001,,22.61111111111111,445.79
2026-07-16,MANDI004,43.688,,663.63
2026-07-16,MANDI005,16.2,38.388888888888886,393.21
2026-07-16,MANDI006,47.9,,425.28999999999996
2026-07-16,MANDI010,39.0,32.888888888888886,720.5899999999999
2026-07-16,MANDI013,39.471000000000004,,683.1600000000001
2026-07-16,MANDI016,30.9964,26.444444444444443,351.13
2026-07-16,MANDI017,25.66,30.72962962962963,1627.52
2026-07-16,MANDI019,,31.27777777777778,683.0899999999999
2026-07-16,MANDI020,0.0,,355.17
2026-07-16,MANDI021,6.8,35.5,151.39
2026-07-16,MANDI025,20.953,26.19444444444445,346.71
2026-07-16,MANDI027,4.1,22.4,256.02
2026-07-16,MANDI028,,23.61111111111111,604.49
2026-07-16,MANDI029,,35.6,163.92000000000002
2026-07-16,MANDI033,24.443,29.233333333333334,791.36
2026-07-16,MANDI038,24.35,28.5962962962963,696.46
2026-07-16,MANDI039,,30.88888888888889,277.74
2026-07-16,MANDI047,12.943999999999999,19.77777777777777,158.69
2026-07-16,MANDI049,,26.0,673.84
2026-07-16,MANDI050,21.59,26.0,442.33
2026-07-17,MANDI001,46.482,22.1,731.09
2026-07-17,MANDI002,23.0,32.1,776.56
2026-07-17,MANDI004,13.758,27.46666666666667,358.33
2026-07-17,MANDI005,16.9,27.5,520.21
2026-07-17,MANDI006,38.248,23.194444444444443,283.05
2026-07-17,MANDI007,38.6,15.944444444444445,573.72
2026-07-17,MANDI008,11.684,15.4,477.78999999999996
2026-07-17,MANDI011,17.4695,26.759259259259256,39.46
2026-07-17,MANDI013,43.55,21.644444444444446,299.89
2026-07-17,MANDI015,9.906,32.0,175.39
2026-07-17,MANDI016,43.688,30.8,264.85
2026-07-17,MANDI018,40.6,,841.44
2026-07-17,MANDI019,14.477999999999998,27.22222222222222,78.5
2026-07-17,MANDI020,33.138999999999996,29.502222222222223,289.24
2026-07-17,MANDI021,17.272000000000002,32.69444444444444,281.53
2026-07-17,MANDI022,20.5,15.4,859.6
2026-07-17,MANDI024,37.45,21.0,481.71
2026-07-17,MANDI026,6.9,22.88888888888889,124.51
2026-07-17,MANDI027,20.5,21.77777777777778,314.44
2026-07-17,MANDI032,17.293,24.388888888888893,677.62
2026-07-17,MANDI033,,24.1,1026.18
2026-07-17,MANDI034,33.6,17.3,552.51
2026-07-17,MANDI036,27.698,25.65555555555556,335.13
2026-07-17,MANDI037,29.3,22.4,1167.19
2026-07-17,MANDI039,30.988,33.5,471.58
2026-07-17,MANDI040,4.182,22.0,289.51
2026-07-17,MANDI041,,31.8,191.43
2026-07-17,MANDI046,46.03266666666667,19.14074074074074,213.54
2026-07-17,MANDI050,3.556,22.77777777777778,406.69
2026-07-18,MANDI002,38.6,,466.0
2026-07-18,MANDI006,2.451,32.34074074074074,539.0
2026-07-18,MANDI007,11.6,25.6,282.46000000000004
2026-07-18,MANDI011,28.2,26.888888888888893,463.31000000000006
2026-07-18,MANDI012,8.0,38.5,493.24
2026-07-18,MANDI021,33.6,18.8,771.6700000000001
2026-07-18,MANDI022,30.951999999999998,33.80555555555556,439.48999999999995
2026-07-18,MANDI023,20.45,22.85,160.07
2026-07-18,MANDI025,10.7,19.8,288.45
2026-07-18,MANDI026,36.0,39.9,428.44
2026-07-18,MANDI027,9.906,22.38888888888889,439.7
2026-07-18,MANDI033,43.688,38.0,678.64
2026-07-18,MANDI036,36.57599999999999,,141.6
2026-07-18,MANDI039,30.4,39.72222222222222,291.34
2026-07-18,MANDI041,10.7,20.72222222222222,100.03
2026-07-18,MANDI042,28.593333333333334,38.9,370.03
2026-07-18,MANDI045,36.1,29.5,956.4000000000001
2026-07-18,MANDI047,16.9,16.1,487.11
2026-07-18,MANDI050,16.3,29.8,385.38
2026-07-19,MANDI001,,,591.7
2026-07-19,MANDI006,13.208,37.72222222222222,150.31
2026-07-19,MANDI008,33.5,32.27777777777778,851.12
2026-07-19,MANDI009,31.2,29.27777777777778,535.59
2026-07-19,MANDI012,13.05,32.150000000000006,603.25
2026-07-19,MANDI013,4.3,23.555555555555557,1722.95
2026-07-19,MANDI014,7.1,,449.15
2026-07-19,MANDI017,23.9,15.27777777777778,236.51999999999998
2026-07-19,MANDI023,40.27799999999999,28.1,154.94
2026-07-19,MANDI024,11.901,23.3,194.0
2026-07-19,MANDI025,26.75,26.259259259259256,132.59
2026-07-19,MANDI026,27.8,15.61111111111111,911.46
2026-07-19,MANDI028,28.575000000000003,23.066666666666666,376.7000000000001
2026-07-19,MANDI032,27.700000000000003,32.76111111111111,341.88
2026-07-19,MANDI036,24.0,30.2,520.89
2026-07-19,MANDI038,20.1,22.3,395.65
2026-07-19,MANDI039,7.874,25.4,173.11
2026-07-19,MANDI040,43.434,22.705555555555556,479.58
2026-07-19,MANDI043,13.462,20.7,332.25
2026-07-19,MANDI045,23.622,30.5,442.28
2026-07-19,MANDI050,16.764,24.0,125.58
2026-07-20,MANDI001,19.558,36.655555555555566,510.43000000000006
2026-07-20,MANDI006,2.54,35.77777777777778,227.02
2026-07-20,MANDI007,2.4,39.7,358.55000000000007
2026-07-20,MANDI008,,32.611111111111114,81.67
2026-07-20,MANDI009,37.0,19.27777777777778,328.66999999999996
2026-07-20,MANDI010,26.56533333333333,27.003703703703707,734.4200000000001
2026-07-20,MANDI016,33.6,23.9,47.22
2026-07-20,MANDI017,26.543,32.4,23.53
2026-07-20,MANDI018,28.9,33.6,493.86
2026-07-20,MANDI019,35.3,,256.73
2026-07-20,MANDI020,21.7,26.722222222222214,524.83
2026-07-20,MANDI027,3.0,21.0,327.07
2026-07-20,MANDI028,42.4,16.6,133.24
2026-07-20,MANDI029,11.2,24.8,372.47
2026-07-20,MANDI031,6.604,,227.47
2026-07-20,MANDI033,28.8685,19.072222222222223,386.38
2026-07-20,MANDI034,32.1,27.633333333333336,345.82
2026-07-20,MANDI038,29.0,29.6,709.9200000000001
2026-07-20,MANDI040,3.6,30.055555555555557,260.27
2026-07-20,MANDI041,37.846,,93.93
2026-07-20,MANDI046,22.002,16.0,158.78
2026-07-20,MANDI047,3.2,31.7,602.54
2026-07-20,MANDI050,32.2,18.4,547.89
2026-07-21,MANDI004,11.3,38.11111111111112,91.25
2026-07-21,MANDI006,44.5,30.93888888888889,377.96999999999997
2026-07-21,MANDI007,24.987,24.88888888888889,625.6500000000001
2026-07-21,MANDI008,22.098,26.611111111111114,406.38
2026-07-21,MANDI009,,20.3,447.17
2026-07-21,MANDI010,30.802000000000003,25.35185185185185,908.38
2026-07-21,MANDI012,25.704,24.52777777777778,303.13
2026-07-21,MANDI014,21.1,,226.97
2026-07-21,MANDI018,11.5,39.6,191.27
2026-07-21,MANDI019,,18.111111111111107,264.95
2026-07-21,MANDI021,5.7,23.305555555555557,224.28
2026-07-21,MANDI022,44.9,35.9,559.01
2026-07-21,MANDI026,20.3,32.361111111111114,329.16
2026-07-21,MANDI028,45.4,31.5,478.12
2026-07-21,MANDI030,39.116,20.72222222222222,433.33000000000004
2026-07-21,MANDI032,30.734,22.27777777777777,214.98
2026-07-21,MANDI035,,24.7,100.55
2026-07-21,MANDI037,43.6,24.7,361.12
2026-07-21,MANDI041,6.5,,615.71
2026-07-21,MANDI045,15.6,19.25,410.14
2026-07-22,MANDI004,,20.1,236.62
2026-07-22,MANDI006,24.892,31.6,337.45
2026-07-22,MANDI007,40.6,16.5,336.74
2026-07-22,MANDI011,3.0,38.11111111111112,79.91
2026-07-22,MANDI012,1.5,29.9,771.81
2026-07-22,MANDI013,23.8495,33.35111111111111,168.55
2026-07-22,MANDI014,2.8,31.9,454.5
2026-07-22,MANDI015,11.7,29.4,352.84
2026-07-22,MANDI017,,22.0,258.39
2026-07-22,MANDI019,17.1,20.1,845.14
2026-07-22,MANDI020,9.143999999999998,,556.3199999999999
2026-07-22,MANDI025,23.366666666666664,26.896296296296295,243.32
2026-07-22,MANDI029,16.45,29.799999999999997,105.2
2026-07-22,MANDI031,29.735333333333333,33.9,750.26
2026-07-22,MANDI032,,34.6,674.73
2026-07-22,MANDI033,28.2,22.8,1077.03
2026-07-22,MANDI034,,,880.38
2026-07-22,MANDI035,25.2,31.9,443.88
2026-07-22,MANDI036,12.948,19.299999999999997,724.51
2026-07-22,MANDI039,30.05333333333333,27.11111111111111,200.53
2026-07-22,MANDI041,8.2,15.3,1273.8799999999999
2026-07-22,MANDI042,2.032,22.1,13.41
2026-07-22,MANDI044,,33.22222222222222,325.24
2026-07-22,MANDI047,,30.9,855.6600000000001
2026-07-22,MANDI048,19.05,21.85,310.82
2026-07-22,MANDI049,26.67,21.444444444444446,228.35
2026-07-23,MANDI002,48.7,28.3,1243.83
2026-07-23,MANDI004,18.85,25.25,115.66
2026-07-23,MANDI005,11.9,19.88888888888889,181.79
2026-07-23,MANDI006,17.8,16.38888888888889,271.12
2026-07-23,MANDI007,45.5,16.27777777777778,427.71
2026-07-23,MANDI009,31.2,25.05925925925926,296.13000000000005
2026-07-23,MANDI010,27.0,17.85,618.1800000000001
2026-07-23,MANDI012,41.5,23.61111111111111,661.63
2026-07-23,MANDI013,25.228,26.155555555555555,115.55
2026-07-23,MANDI015,33.6,29.688888888888894,388.28
2026-07-23,MANDI017,15.8,21.0,517.64
2026-07-23,MANDI018,,21.722222222222214,1083.98
2026-07-23,MANDI019,14.0,21.9,285.06
2026-07-23,MANDI022,,27.11111111111111,598.11
2026-07-23,MANDI023,45.466,19.111111111111114,278.91
2026-07-23,MANDI025,12.899,16.805555555555554,205.59
2026-07-23,MANDI026,40.715,35.4,286.32
2026-07-23,MANDI027,44.391999999999996,27.4,705.81
2026-07-23,MANDI029,49.2,32.22222222222222,360.22
2026-07-23,MANDI030,21.833333333333332,26.240740740740737,345.88
2026-07-23,MANDI033,23.964,26.1037037037037,1157.28
2026-07-23,MANDI035,12.446,37.8,306.43
2026-07-23,MANDI038,,29.4,227.44
2026-07-23,MANDI039,30.695999999999998,22.0,486.87
2026-07-23,MANDI041,,,184.69
2026-07-23,MANDI042,9.643,35.5,274.83
2026-07-23,MANDI048,,23.88888888888889,332.91
2026-07-23,MANDI050,,35.3,241.65
2026-07-24,MANDI001,27.0,24.9,447.98
2026-07-24,MANDI002,37.592,17.7,467.74
2026-07-24,MANDI005,0.9,,441.73
2026-07-24,MANDI007,29.8,,961.03
2026-07-24,MANDI008,15.350000000000001,31.605555555555558,407.75
2026-07-24,MANDI009,37.084,18.72222222222222,852.71
2026-07-24,MANDI010,36.8,20.1,26.22
2026-07-24,MANDI011,49.1,26.11111111111111,22.06
2026-07-24,MANDI012,28.3,17.22222222222222,181.28
2026-07-24,MANDI013,20.508,34.425925925925924,408.15999999999997
2026-07-24,MANDI014,46.482,18.111111111111107,476.8200000000001
2026-07-24,MANDI015,14.293,31.144444444444446,794.2
2026-07-24,MANDI016,4.765333333333333,25.270370370370372,77.71
2026-07-24,MANDI018,21.433333333333334,28.029629629629635,461.43
2026-07-24,MANDI019,22.131999999999998,24.255555555555553,454.78
2026-07-24,MANDI020,21.305,25.91111111111111,308.54
2026-07-24,MANDI022,33.528,27.6,150.55
2026-07-24,MANDI024,12.557,24.394444444444446,177.31
2026-07-24,MANDI026,46.8,32.77777777777778,921.89
2026-07-24,MANDI029,26.521,32.28888888888889,439.76
2026-07-24,MANDI030,18.0,19.1,297.61
2026-07-24,MANDI031,22.204,34.08333333333333,173.27
2026-07-24,MANDI032,8.7,24.47407407407407,1189.86
2026-07-24,MANDI034,41.1,35.611111111111114,362.33
2026-07-24,MANDI038,7.6,31.3,557.37
2026-07-24,MANDI040,21.939,24.15,575.84
2026-07-24,MANDI042,2.286,31.0,1155.5400000000002
2026-07-24,MANDI045,1.7,27.2,1313.2
2026-07-24,MANDI047,17.05,33.65,195.01
2026-07-24,MANDI048,20.898,31.5,461.02
2026-07-25,MANDI002,26.85,29.41111111111111,704.6500000000001
2026-07-25,MANDI005,9.143999999999998,16.38888888888889,1077.27
2026-07-25,MANDI006,20.3,33.4,552.22
2026-07-25,MANDI010,36.1,27.77777777777778,282.07
2026-07-25,MANDI013,,25.500000000000004,441.38
2026-07-25,MANDI017,46.2,29.6,270.53999999999996
2026-07-25,MANDI020,27.343,20.53888888888889,812.4200000000001
2026-07-25,MANDI021,43.5,38.5,317.76
2026-07-25,MANDI023,23.59,22.15,570.9
2026-07-25,MANDI029,33.2,29.7,272.0
2026-07-25,MANDI030,28.943,15.9,342.03
2026-07-25,MANDI033,18.35,22.155555555555555,709.76
2026-07-25,MANDI034,16.5,24.8,525.17
2026-07-25,MANDI035,,,377.41
2026-07-25,MANDI036,27.3228,25.926666666666666,742.6300000000001
2026-07-25,MANDI039,,27.0,269.01
2026-07-25,MANDI040,43.9,27.27777777777777,1247.73
2026-07-25,MANDI044,32.4,,233.79
2026-07-25,MANDI047,8.382,,56.54
2026-07-25,MANDI048,26.924,30.38888888888889,844.0899999999999
2026-07-25,MANDI049,9.7,36.0,939.36
2026-07-25,MANDI050,49.8,17.455555555555556,662.08
2026-07-26,MANDI009,22.7,36.888888888888886,878.71
2026-07-26,MANDI012,39.7,,187.63
2026-07-26,MANDI013,37.7,37.388888888888886,491.31
2026-07-26,MANDI015,48.0,21.11111111111111,125.96
2026-07-26,MANDI016,0.6,23.050000000000004,450.48
2026-07-26,MANDI017,27.6,39.0,462.42
2026-07-26,MANDI018,12.8,25.611111111111107,357.35
2026-07-26,MANDI019,22.200000000000003,25.599999999999998,111.23
2026-07-26,MANDI022,38.4,34.5,408.69
2026-07-26,MANDI023,5.841999999999999,27.85,39.47
2026-07-26,MANDI027,42.926,20.444444444444443,328.35999999999996
2026-07-26,MANDI028,5.4,31.2,1143.41
2026-07-26,MANDI035,24.866999999999997,37.8,912.0
2026-07-26,MANDI039,3.5,23.7,433.31
2026-07-26,MANDI042,12.9,34.9,58.39
2026-07-26,MANDI044,37.402,19.105555555555554,60.31
2026-07-26,MANDI046,11.6,,804.4
2026-07-26,MANDI048,26.15,,443.2
2026-07-26,MANDI049,26.416,19.0,435.53
2026-07-26,MANDI050,48.3,22.9,646.74
2026-07-27,MANDI006,27.299,29.211111111111116,181.55
2026-07-27,MANDI009,3.4,,456.07
2026-07-27,MANDI010,3.3,31.8,775.7
2026-07-27,MANDI015,,24.88888888888889,35.29
2026-07-27,MANDI016,15.576666666666668,32.24444444444445,70.49
2026-07-27,MANDI017,,28.111111111111107,515.05
2026-07-27,MANDI018,,23.77777777777778,311.92
2026-07-27,MANDI019,30.849999999999998,27.75,371.74
2026-07-27,MANDI020,7.8,,293.42
2026-07-27,MANDI021,,26.38888888888889,102.16
2026-07-27,MANDI022,27.099333333333334,32.28888888888889,681.2900000000001
2026-07-27,MANDI023,14.6,24.3,649.2900000000001
2026-07-27,MANDI024,8.889999999999999,32.111111111111114,832.8599999999999
2026-07-27,MANDI025,14.179,31.11111111111111,702.2199999999999
2026-07-27,MANDI026,23.622,32.611111111111114,112.28
2026-07-27,MANDI028,39.6,23.955555555555556,450.9
2026-07-27,MANDI031,19.558,30.11111111111111,980.4399999999999
2026-07-27,MANDI034,27.75,23.41111111111111,615.47
2026-07-27,MANDI036,5.1,35.888888888888886,424.13
2026-07-27,MANDI037,6.9,31.35,34.2
2026-07-27,MANDI043,11.108,21.9,474.0
2026-07-27,MANDI044,45.466,17.7,288.56
2026-07-27,MANDI046,21.662999999999997,32.388888888888886,65.03999999999999
2026-07-27,MANDI047,11.176,23.77777777777778,291.38
2026-07-27,MANDI049,,30.27777777777778,999.31
2026-07-27,MANDI050,11.488999999999999,,682.51
2026-07-28,MANDI001,42.9,29.5,584.3499999999999
2026-07-28,MANDI004,40.386,,328.14
2026-07-28,MANDI010,35.81399999999999,,1398.52
2026-07-28,MANDI011,2.286,20.3,408.82
2026-07-28,MANDI012,,21.722222222222214,443.36
2026-07-28,MANDI013,14.8,27.5,28.68
2026-07-28,MANDI014,23.255,24.294444444444444,151.84
2026-07-28,MANDI017,27.4,32.555555555555564,70.64
2026-07-28,MANDI018,,27.77777777777778,710.9200000000001
2026-07-28,MANDI019,2.182,27.299999999999997,415.2
2026-07-28,MANDI026,39.95,24.0,49.33
2026-07-28,MANDI027,15.8,22.722222222222225,243.84
2026-07-28,MANDI029,44.45,32.6,409.97
2026-07-28,MANDI030,29.666666666666668,27.980555555555554,122.96
2026-07-28,MANDI032,14.731999999999998,37.2,514.43
2026-07-28,MANDI036,31.496,24.5,268.11
2026-07-28,MANDI039,21.8,33.15,472.03
2026-07-28,MANDI043,22.789,26.611111111111107,198.47000000000003
2026-07-28,MANDI045,,,900.8900000000001
2026-07-28,MANDI048,13.7,21.7,717.9000000000001
2026-07-29,MANDI003,23.8,28.25,1033.53
2026-07-29,MANDI008,37.0,,21.19
2026-07-29,MANDI012,44.68,29.833333333333336,237.47
2026-07-29,MANDI018,10.3,21.644444444444446,466.16
2026-07-29,MANDI019,14.224,,719.7
2026-07-29,MANDI020,1.5239999999999998,,1230.57
2026-07-29,MANDI021,,27.11111111111111,65.56
2026-07-29,MANDI024,30.226,32.9,56.83
2026-07-29,MANDI029,29.862000000000002,22.894444444444446,35.19
2026-07-29,MANDI043,9.906,25.38888888888889,466.12
2026-07-29,MANDI045,28.6,37.60555555555556,414.1
2026-07-29,MANDI046,25.9,33.75,1137.69
2026-07-29,MANDI047,48.1,25.4,250.31
2026-07-29,MANDI049,14.1,35.22222222222222,588.82
2026-07-30,MANDI001,6.1,17.38888888888889,213.06
2026-07-30,MANDI004,46.99,35.1,268.74
2026-07-30,MANDI005,9.940999999999999,23.305555555555557,755.37
2026-07-30,MANDI009,1.5239999999999998,19.7,52.52
2026-07-30,MANDI011,41.2,32.111111111111114,1048.67
2026-07-30,MANDI012,40.132,33.53888888888889,534.29
2026-07-30,MANDI013,32.9,26.444444444444443,726.8399999999999
2026-07-30,MANDI017,24.7,19.0,393.78
2026-07-30,MANDI021,24.667,19.044444444444444,213.6
2026-07-30,MANDI023,5.8,27.11111111111111,382.57
2026-07-30,MANDI027,17.779999999999998,29.0,703.68
2026-07-30,MANDI029,38.3,25.0,335.56
2026-07-30,MANDI032,30.48,21.5,76.97
2026-07-30,MANDI033,7.6,,609.02
2026-07-30,MANDI034,10.16,34.9,226.35
2026-07-30,MANDI037,20.1,39.27777777777778,43.53
2026-07-30,MANDI040,33.9,30.61111111111111,941.51
2026-07-30,MANDI041,25.961333333333332,30.237037037037037,1134.1999999999998
2026-07-30,MANDI042,26.9,21.86111111111111,119.37
2026-07-30,MANDI043,39.300999999999995,27.9,854.49
2026-07-30,MANDI044,25.5,36.11111111111112,497.5
2026-07-30,MANDI047,25.9,15.5,723.05
2026-07-30,MANDI048,25.815,28.65555555555556,856.27
2026-07-30,MANDI050,29.400000000000002,19.205555555555556,553.8
2026-07-31,MANDI004,42.1,38.4,294.13
2026-07-31,MANDI005,15.43,33.2962962962963,193.66
2026-07-31,MANDI006,39.9,35.27777777777778,630.59
2026-07-31,MANDI007,37.9,35.7,539.4100000000001
2026-07-31,MANDI009,29.63533333333333,19.814814814814813,460.55999999999995
2026-07-31,MANDI011,17.1055,31.569444444444446,358.22
2026-07-31,MANDI016,4.3180000000000005,24.0,219.46
2026-07-31,MANDI017,34.7,20.500000000000004,467.58
2026-07-31,MANDI018,6.5,31.27777777777778,933.23
2026-07-31,MANDI020,17.133333333333333,30.855555555555554,341.61
2026-07-31,MANDI021,33.2,,315.34
2026-07-31,MANDI022,14.477999999999998,24.9,401.40999999999997
2026-07-31,MANDI026,38.1,,382.38
2026-07-31,MANDI029,32.88066666666666,31.937037037037033,415.04
2026-07-31,MANDI030,,,355.01
2026-07-31,MANDI031,44.2,31.9,799.23
2026-07-31,MANDI032,19.343,23.22222222222222,372.15
2026-07-31,MANDI033,0.0,20.8,24.81
2026-07-31,MANDI043,41.5,17.61111111111111,977.11
2026-07-31,MANDI048,34.798,29.22222222222222,703.57
2026-07-31,MANDI049,,35.72222222222222,371.15
2026-07-31,MANDI050,21.002,26.805555555555557,449.45
2026-08-01,MANDI001,26.663,29.25,816.06
2026-08-01,MANDI002,10.413999999999998,28.3,1011.61
2026-08-01,MANDI006,26.2,18.5,455.96
2026-08-01,MANDI011,16.7,35.4,779.96
2026-08-01,MANDI013,,31.4,179.33
2026-08-01,MANDI015,30.226,29.88888888888889,97.78
2026-08-01,MANDI024,37.55,26.33888888888889,311.64
2026-08-01,MANDI025,42.5,15.9,398.28
2026-08-01,MANDI027,,30.5,37.69
2026-08-01,MANDI028,36.8,21.8,615.8299999999999
2026-08-01,MANDI032,19.75,35.30555555555556,291.77
2026-08-01,MANDI033,18.0,,826.72
2026-08-01,MANDI036,45.72,17.1,404.87
2026-08-01,MANDI039,3.81,36.11111111111112,474.62
2026-08-01,MANDI040,23.5,32.888888888888886,722.76
2026-08-01,MANDI041,,17.4,356.97
2026-08-01,MANDI042,0.9,21.0,559.21
2026-08-01,MANDI047,23.478,30.25,1316.2
2026-08-02,MANDI003,22.8,16.77777777777778,571.23
2026-08-02,MANDI004,27.94,27.6,72.61
2026-08-02,MANDI005,41.55,20.65925925925926,429.69
2026-08-02,MANDI008,20.0,19.8,37.53
2026-08-02,MANDI010,,35.111111111111114,491.34000000000003
2026-08-02,MANDI011,35.0,19.72222222222222,235.07
2026-08-02,MANDI012,49.53,33.77777777777778,1084.83
2026-08-02,MANDI016,7.9,33.1,37.48
2026-08-02,MANDI017,11.176,38.9,286.83
2026-08-02,MANDI018,36.068,28.1,822.48
2026-08-02,MANDI024,23.368,39.5,466.36
2026-08-02,MANDI029,14.3,15.8,250.73
2026-08-02,MANDI030,5.0,37.9,191.27
2026-08-02,MANDI031,29.1,29.799999999999997,686.25
2026-08-02,MANDI035,19.130000000000003,24.333333333333332,913.5
2026-08-02,MANDI036,17.55,25.262962962962963,387.61
2026-08-02,MANDI040,32.8,36.11111111111112,743.13
2026-08-02,MANDI041,38.0,37.11111111111112,274.95
2026-08-02,MANDI042,16.766666666666666,23.192592592592593,170.77
2026-08-02,MANDI043,19.812,23.1,383.99
2026-08-02,MANDI047,8.128,18.7,53.11999999999999
2026-08-02,MANDI048,8.697,29.837037037037035,747.3499999999999
2026-08-02,MANDI050,20.32,26.0,465.64
2026-08-03,MANDI002,43.8,28.1,302.77
2026-08-03,MANDI003,37.846,38.27777777777778,50.28
2026-08-03,MANDI004,14.2,25.0,314.23
2026-08-03,MANDI005,24.849999999999998,,374.14
2026-08-03,MANDI006,8.915,19.4,475.83
2026-08-03,MANDI007,17.65,22.225925925925925,337.47
2026-08-03,MANDI010,,23.3,24.28
2026-08-03,MANDI011,21.1,17.4,626.3299999999999
2026-08-03,MANDI012,,32.4,751.8100000000001
2026-08-03,MANDI014,41.0,24.4,1643.23
2026-08-03,MANDI015,3.1,37.6,182.71
2026-08-03,MANDI017,,34.27777777777778,869.01
2026-08-03,MANDI019,,28.277777777777786,1826.1399999999999
2026-08-03,MANDI020,22.351999999999997,26.15,163.97
2026-08-03,MANDI022,42.7,35.0,205.37
2026-08-03,MANDI023,36.4,22.88888888888889,264.16
2026-08-03,MANDI025,18.448999999999998,34.91666666666667,472.56
2026-08-03,MANDI028,35.2,,78.89
2026-08-03,MANDI029,26.91133333333333,27.5,670.62
2026-08-03,MANDI036,12.591000000000001,15.5,201.85
2026-08-03,MANDI042,31.671333333333337,31.294444444444444,321.05
2026-08-03,MANDI048,20.5,,59.86
2026-08-03,MANDI050,27.802,26.0,400.44
2026-08-04,MANDI004,13.29,31.544444444444444,845.9
2026-08-04,MANDI006,16.8,24.27777777777778,109.09
2026-08-04,MANDI007,35.306,35.888888888888886,1342.37
2026-08-04,MANDI008,27.0,28.88888888888889,269.68
2026-08-04,MANDI012,29.259333333333334,27.1,408.0700000000001
2026-08-04,MANDI013,4.6,26.0,92.72
2026-08-04,MANDI014,33.0,25.59259259259259,403.87
2026-08-04,MANDI015,43.4,24.6,484.99
2026-08-04,MANDI018,22.104,26.055555555555557,582.36
2026-08-04,MANDI019,44.5,17.7,559.75
2026-08-04,MANDI020,25.1,33.72222222222222,517.6600000000001
2026-08-04,MANDI022,22.766666666666666,29.36666666666667,169.05
2026-08-04,MANDI024,19.55,27.725925925925925,1130.28
2026-08-04,MANDI025,46.6,37.0,126.25
2026-08-04,MANDI028,11.1,35.95,288.74
2026-08-04,MANDI030,20.574,33.2,505.66999999999996
2026-08-04,MANDI031,25.3,36.2,417.42
2026-08-04,MANDI032,44.6,30.22222222222222,601.19
2026-08-04,MANDI033,25.373333333333335,27.462962962962962,317.89
2026-08-04,MANDI034,17.7,25.049999999999997,278.32
2026-08-04,MANDI039,45.466,34.27777777777778,108.36
2026-08-04,MANDI043,15.15,20.694444444444446,612.0699999999999
2026-08-04,MANDI046,31.275999999999996,24.344444444444445,286.39
2026-08-04,MANDI049,21.6,17.8,75.13
2026-08-05,MANDI001,1.6,31.61111111111111,686.6
2026-08-05,MANDI004,19.6,30.45,397.77
2026-08-05,MANDI006,19.950000000000003,36.7,56.18
2026-08-05,MANDI008,34.611,25.45,299.18
2026-08-05,MANDI010,,38.9,647.53
2026-08-05,MANDI014,24.9,20.049999999999997,48.07000000000001
2026-08-05,MANDI015,42.7,27.38888888888889,167.16
2026-08-05,MANDI016,39.606,30.394444444444446,338.68
2026-08-05,MANDI019,34.0,24.56111111111111,298.91
2026-08-05,MANDI023,24.799999999999997,21.3,555.38
2026-08-05,MANDI024,45.0,29.3,105.24
2026-08-05,MANDI025,47.244,37.61111111111112,285.94
2026-08-05,MANDI029,35.5,35.72222222222222,205.22
2026-08-05,MANDI031,23.4,24.48888888888889,434.15
2026-08-05,MANDI032,34.699999999999996,20.444444444444443,53.13000000000001
2026-08-05,MANDI036,,,1103.35
2026-08-05,MANDI037,10.7,28.0,515.36
2026-08-05,MANDI040,27.178,26.749999999999996,361.2900000000001
2026-08-05,MANDI042,19.1,23.9,233.87
2026-08-05,MANDI046,32.96666666666667,35.05555555555556,962.0
2026-08-05,MANDI048,0.2,29.77777777777778,553.8
2026-08-05,MANDI049,,39.1,541.05
2026-08-05,MANDI050,36.322,,478.66
2026-08-06,MANDI001,46.482,30.61111111111111,172.83999999999995
2026-08-06,MANDI002,28.6,18.111111111111107,599.36
2026-08-06,MANDI004,3.4,27.0,517.09
2026-08-06,MANDI005,12.6,20.88888888888889,336.46000000000004
2026-08-06,MANDI007,48.1,24.0,384.61
2026-08-06,MANDI008,23.4175,23.475,77.63
2026-08-06,MANDI011,19.0,21.4,1367.56
2026-08-06,MANDI015,24.1,23.0,596.81
2026-08-06,MANDI017,29.200000000000003,26.8,426.1
2026-08-06,MANDI018,,37.27777777777778,427.68
2026-08-06,MANDI021,49.0,22.722222222222225,593.9300000000001
2026-08-06,MANDI024,18.729333333333333,30.444444444444446,74.85
2026-08-06,MANDI026,,24.1,491.04
2026-08-06,MANDI027,17.3,23.61111111111111,626.31
2026-08-06,MANDI030,31.433,,821.37
2026-08-06,MANDI033,,29.77777777777778,1124.73
2026-08-06,MANDI034,29.1,19.222222222222214,1123.45
2026-08-06,MANDI037,23.744,24.955555555555556,519.05
2026-08-06,MANDI038,3.302,40.0,177.95
2026-08-06,MANDI040,,15.211111111111109,404.99
2026-08-06,MANDI042,,17.72222222222222,482.47999999999996
2026-08-06,MANDI044,41.2,27.255555555555553,88.38
2026-08-06,MANDI048,17.446,17.666666666666668,506.07000000000005
2026-08-06,MANDI049,45.6,38.11111111111112,1742.02
2026-08-07,MANDI002,7.24,33.75000000000001,108.34
2026-08-07,MANDI003,20.6,38.19444444444444,79.34
2026-08-07,MANDI004,36.4,19.388888888888893,467.31
2026-08-07,MANDI006,14.312000000000001,29.194444444444443,211.48
2026-08-07,MANDI008,41.614000000000004,24.222222222222214,462.88
2026-08-07,MANDI009,42.7,29.27777777777778,783.44
2026-08-07,MANDI012,22.254,26.444444444444443,754.4399999999999
2026-08-07,MANDI015,30.4,26.5,96.04
2026-08-07,MANDI017,2.794,38.5,54.75
2026-08-07,MANDI019,27.178,38.888888888888886,986.6899999999999
2026-08-07,MANDI020,31.9,37.0,229.67
2026-08-07,MANDI027,40.106,30.18888888888889,875.8399999999999
2026-08-07,MANDI032,37.1,19.77777777777777,474.76
2026-08-07,MANDI034,39.7,39.9,401.93
2026-08-07,MANDI035,45.4,23.799999999999997,612.16
2026-08-07,MANDI039,1.0,,409.37
2026-08-07,MANDI040,9.2,18.5,14.66
2026-08-07,MANDI041,33.75,27.7,340.02
2026-08-07,MANDI042,21.082,22.3,285.97
2026-08-07,MANDI047,3.675,26.86111111111111,476.58
2026-08-07,MANDI048,,15.61111111111111,1283.58
2026-08-07,MANDI049,15.549999999999999,27.555555555555554,130.63
2026-08-07,MANDI050,19.701999999999998,22.255555555555556,1542.76
2026-08-08,MANDI001,,22.7,313.99
2026-08-08,MANDI003,3.6,35.111111111111114,971.22
2026-08-08,MANDI008,33.274,37.1,310.05
2026-08-08,MANDI011,1.3,36.11111111111112,461.83
2026-08-08,MANDI016,35.0,,819.45
2026-08-08,MANDI017,,20.6,66.97
2026-08-08,MANDI020,4.8,26.0,696.29
2026-08-08,MANDI022,18.034,39.7,1096.4499999999998
2026-08-08,MANDI025,23.876,30.9,572.69
2026-08-08,MANDI026,9.398,39.888888888888886,111.55
2026-08-08,MANDI027,24.5,26.444444444444443,921.3199999999999
2026-08-08,MANDI028,20.9,37.22222222222222,927.86
2026-08-08,MANDI029,12.0,,386.06000000000006
2026-08-08,MANDI031,37.7,35.1,599.3199999999999
2026-08-08,MANDI032,31.622999999999998,39.2,488.8
2026-08-08,MANDI033,21.4,23.762962962962963,516.87
2026-08-08,MANDI035,40.2,,118.32
2026-08-08,MANDI036,,20.8,389.68
2026-08-08,MANDI043,33.9,26.55,892.8700000000001
2026-08-08,MANDI045,34.549,37.05,319.19
2026-08-08,MANDI046,21.5,39.8,296.61
2026-08-08,MANDI049,2.9,,460.51
2026-08-09,MANDI001,17.7,26.3,12.0
2026-08-09,MANDI002,10.8,35.1,665.8
2026-08-09,MANDI006,44.5,31.11111111111111,473.21000000000004
2026-08-09,MANDI007,43.942,25.81111111111111,1275.42
2026-08-09,MANDI009,5.5,23.111111111111107,199.1
2026-08-09,MANDI010,8.128,23.38888888888889,74.37
2026-08-09,MANDI013,16.6,23.61111111111111,550.41
2026-08-09,MANDI015,48.768,30.5,149.38
2026-08-09,MANDI016,1.4,37.77777777777778,283.96
2026-08-09,MANDI018,38.4,25.0,1228.2
2026-08-09,MANDI019,1.778,28.1,475.84000000000003
2026-08-09,MANDI025,34.5,,786.54
2026-08-09,MANDI026,16.3,31.5,314.21
2026-08-09,MANDI027,46.8,26.38888888888889,447.07
2026-08-09,MANDI030,18.796,,364.95
2026-08-09,MANDI032,23.241,25.11111111111111,353.89
2026-08-09,MANDI034,7.1,27.5,390.32
2026-08-09,MANDI037,16.256,27.91111111111111,718.8500000000001
2026-08-09,MANDI039,20.465,29.3,551.5500000000001
2026-08-09,MANDI045,26.4,35.7,990.05
2026-08-09,MANDI046,24.892,22.5,526.73
2026-08-09,MANDI047,33.7,24.222222222222214,92.71
2026-08-09,MANDI049,30.55,20.800000000000004,833.11
2026-08-09,MANDI050,,15.1,598.53
2026-08-10,MANDI004,14.477999999999998,25.4,210.09
2026-08-10,MANDI005,22.7,30.88888888888889,412.17
2026-08-10,MANDI006,28.85,30.144444444444446,219.8
2026-08-10,MANDI007,38.27733333333333,21.950000000000003,843.79
2026-08-10,MANDI009,25.35,23.75,109.79
2026-08-10,MANDI013,1.778,17.61111111111111,158.25
2026-08-10,MANDI020,,26.3,47.99
2026-08-10,MANDI021,29.8,26.86111111111111,491.15
2026-08-10,MANDI025,41.4,22.96666666666667,290.4
2026-08-10,MANDI032,18.796,,374.54
2026-08-10,MANDI039,27.2,27.4,164.91
2026-08-10,MANDI044,42.5,21.3,366.48
2026-08-10,MANDI045,45.974,38.5,693.7
2026-08-10,MANDI047,10.0,34.111111111111114,672.21
2026-08-10,MANDI050,29.267333333333337,19.37037037037037,772.1700000000001
2026-08-11,MANDI001,39.349999999999994,19.43888888888889,148.2
2026-08-11,MANDI004,39.5,22.4,421.19
2026-08-11,MANDI005,9.054,20.66111111111111,539.4499999999999
2026-08-11,MANDI007,,21.1,19.23
2026-08-11,MANDI008,,24.88888888888889,384.48
2026-08-11,MANDI011,45.466,38.9,694.37
2026-08-11,MANDI016,,18.4,833.71
2026-08-11,MANDI018,37.403,31.518518518518515,71.19
2026-08-11,MANDI020,15.7,27.8,122.22
2026-08-11,MANDI021,26.861,30.0,388.58
2026-08-11,MANDI029,18.95,22.416666666666664,443.7
2026-08-11,MANDI033,40.0,18.91111111111111,231.93
2026-08-11,MANDI038,30.48,27.5,116.43
2026-08-11,MANDI039,13.208,34.888888888888886,107.86
2026-08-11,MANDI040,8.7,31.61111111111111,182.98
2026-08-11,MANDI041,29.5,31.299999999999997,293.87
2026-08-11,MANDI043,25.382,30.694444444444443,578.07
2026-08-12,MANDI006,30.714,31.61111111111111,379.27
2026-08-12,MANDI010,41.9,29.9,485.19
2026-08-12,MANDI012,35.4,28.555555555555557,349.97
2026-08-12,MANDI015,17.033333333333335,29.599999999999998,134.92
2026-08-12,MANDI018,16.509999999999998,36.3,434.28
2026-08-12,MANDI021,35.6,38.9,237.04
2026-08-12,MANDI024,22.209,20.9,685.26
2026-08-12,MANDI027,47.244,34.72222222222222,307.48
2026-08-12,MANDI036,37.846,27.4,295.33
2026-08-12,MANDI045,43.3,37.11111111111112,161.72
2026-08-12,MANDI046,37.974000000000004,25.0,255.48
2026-08-13,MANDI002,43.1,15.27777777777778,652.54
2026-08-13,MANDI003,19.430666666666667,27.0,582.26
2026-08-13,MANDI004,2.1,35.25,111.18
2026-08-13,MANDI005,,26.9,422.93
2026-08-13,MANDI009,47.7,20.7,1171.99
2026-08-13,MANDI010,36.7,28.000000000000004,397.5
2026-08-13,MANDI012,23.5,28.277777777777786,730.0699999999999
2026-08-13,MANDI016,11.76,35.72222222222222,433.94
2026-08-13,MANDI017,16.891,28.91111111111111,557.98
2026-08-13,MANDI018,25.2,31.450000000000003,165.32
2026-08-13,MANDI020,33.9,18.38888888888889,79.02
2026-08-13,MANDI022,4.1,35.611111111111114,482.91999999999996
2026-08-13,MANDI025,23.9,34.900000000000006,873.79
2026-08-13,MANDI026,19.587,33.80555555555556,85.61
2026-08-13,MANDI028,48.4,22.5,157.2
2026-08-13,MANDI029,25.15,30.194444444444443,299.36
2026-08-13,MANDI030,34.5,28.5,444.46000000000004
2026-08-13,MANDI031,22.35,,632.83
2026-08-13,MANDI032,48.26,30.38888888888889,163.56
2026-08-13,MANDI038,48.1,24.85,546.48
2026-08-13,MANDI039,16.002,28.4,464.46
2026-08-13,MANDI040,6.35,18.88888888888889,94.21
2026-08-13,MANDI041,21.650000000000002,21.25,621.53
2026-08-13,MANDI042,13.8,37.11111111111112,196.27
2026-08-13,MANDI043,,28.111111111111107,450.86
2026-08-13,MANDI045,7.619999999999999,25.1,264.5
2026-08-13,MANDI046,16.3,19.75,288.08
2026-08-13,MANDI047,0.508,37.5,812.6099999999999
2026-08-13,MANDI049,34.958666666666666,27.274074074074075,535.4300000000001
2026-08-13,MANDI050,37.846000000000004,24.8,244.59
2026-08-14,MANDI002,22.606,37.0,121.18
2026-08-14,MANDI005,7.0,17.22222222222222,296.52
2026-08-14,MANDI008,35.81066666666667,24.75,338.31
2026-08-14,MANDI010,12.7,25.3,93.28
2026-08-14,MANDI015,22.569,19.455555555555556,231.97
2026-08-14,MANDI016,1.2,33.2,558.78
2026-08-14,MANDI017,29.0,31.7,813.45
2026-08-14,MANDI019,46.6,17.22222222222222,31.4
2026-08-14,MANDI020,35.9,,732.28
2026-08-14,MANDI021,26.2,30.0,94.66999999999999
2026-08-14,MANDI022,13.2,16.88888888888889,268.7
2026-08-14,MANDI024,35.45,25.955555555555556,873.9200000000001
2026-08-14,MANDI026,47.4,22.262962962962963,770.44
2026-08-14,MANDI027,,15.7,423.94
2026-08-14,MANDI028,17.436,21.38888888888889,385.92
2026-08-14,MANDI029,32.288000000000004,22.7,325.19
2026-08-14,MANDI031,0.2,34.2,810.24
2026-08-14,MANDI033,44.0,15.61111111111111,282.84000000000003
2026-08-14,MANDI034,21.082,16.1,11.25
2026-08-14,MANDI035,10.5,23.61111111111111,354.7
2026-08-14,MANDI036,12.792,23.45,621.6000000000001
2026-08-14,MANDI037,33.8,29.72222222222222,136.14
2026-08-14,MANDI038,3.5,37.5,484.57
2026-08-14,MANDI039,14.507000000000001,24.0,242.21
2026-08-14,MANDI040,14.9,18.7,222.86
2026-08-14,MANDI041,35.760999999999996,30.58888888888889,400.67
2026-08-14,MANDI043,49.7,20.0,182.65
2026-08-14,MANDI044,12.379999999999999,29.65,682.28
2026-08-14,MANDI045,34.7,32.888888888888886,797.5
2026-08-14,MANDI047,46.482,33.7,684.4300000000001
2026-08-14,MANDI049,35.65,24.96666666666667,424.78
2026-08-15,MANDI003,28.448,33.4,609.26
2026-08-15,MANDI008,35.022000000000006,21.405555555555555,207.4
2026-08-15,MANDI009,24.4,,679.02
2026-08-15,MANDI010,24.4,31.3,832.0699999999999
2026-08-15,MANDI011,21.650666666666666,23.852777777777778,231.83
2026-08-15,MANDI013,3.4,16.88888888888889,66.35
2026-08-15,MANDI018,45.2,26.5,146.06
2026-08-15,MANDI019,2.9,25.8,723.62
2026-08-15,MANDI022,22.6,30.5,165.83
2026-08-15,MANDI024,36.5,24.37037037037037,1160.1
2026-08-15,MANDI026,49.53,34.1,515.15
2026-08-15,MANDI027,3.302,26.9,558.28
2026-08-15,MANDI029,33.833333333333336,36.2,471.71000000000004
2026-08-15,MANDI031,7.3,16.27777777777778,794.03
2026-08-15,MANDI034,36.54,28.355555555555558,512.89
2026-08-15,MANDI035,35.5,37.1,62.24
2026-08-15,MANDI036,5.0,26.0,763.02
2026-08-15,MANDI037,47.0,18.000000000000004,476.81
2026-08-15,MANDI038,36.8,27.36111111111111,431.84
2026-08-15,MANDI039,19.666666666666668,17.366666666666664,318.7
2026-08-15,MANDI042,,25.3,425.35
2026-08-15,MANDI043,8.0,24.150000000000002,377.05
2026-08-15,MANDI045,46.482,35.2,836.7
2026-08-15,MANDI046,18.542,21.9,655.4100000000001
2026-08-15,MANDI047,8.382,22.88888888888889,474.54
2026-08-15,MANDI048,9.2,31.5,639.09
2026-08-15,MANDI049,45.2,22.11111111111111,453.76
2026-08-16,MANDI005,20.76,36.2962962962963,759.3299999999999
2026-08-16,MANDI007,29.448999999999998,27.65,858.97
2026-08-16,MANDI008,0.254,19.3,367.63
2026-08-16,MANDI011,35.81399999999999,27.0,160.2
2026-08-16,MANDI015,27.94,22.11111111111111,607.46
2026-08-16,MANDI020,46.7,22.27777777777777,1287.63
2026-08-16,MANDI024,33.5,29.8,307.62
2026-08-16,MANDI028,0.6,31.61111111111111,651.17
2026-08-16,MANDI033,25.404666666666667,29.051851851851854,391.47
2026-08-16,MANDI035,30.226,35.388888888888886,685.24
2026-08-16,MANDI036,30.255,25.0,103.33
2026-08-16,MANDI037,,37.61111111111112,257.84
2026-08-16,MANDI041,20.336,29.75,453.04
2026-08-16,MANDI044,44.6,15.61111111111111,162.59
2026-08-16,MANDI048,10.7,24.3,509.61
2026-08-16,MANDI049,8.889999999999999,32.111111111111114,811.4300000000001
2026-08-17,MANDI002,7.112,25.444444444444443,402.93
2026-08-17,MANDI007,1.5,36.888888888888886,1269.01
2026-08-17,MANDI008,14.75,36.6,181.5
2026-08-17,MANDI013,46.99,31.22222222222222,262.17
2026-08-17,MANDI017,,20.2,613.8199999999999
2026-08-17,MANDI018,38.7,26.611111111111114,421.23
2026-08-17,MANDI020,29.9,17.0,373.65
2026-08-17,MANDI021,45.4,28.2,371.65
2026-08-17,MANDI022,25.908,27.77777777777778,58.49
2026-08-17,MANDI024,21.082,24.9,383.83
2026-08-17,MANDI025,16.485,28.2,482.47999999999996
2026-08-17,MANDI028,20.099999999999998,20.72222222222222,405.86
2026-08-17,MANDI029,22.098,31.27777777777778,451.16
2026-08-17,MANDI031,,29.5,386.19
2026-08-17,MANDI032,13.292,19.6,99.33
2026-08-17,MANDI035,10.55,32.24444444444445,379.0
2026-08-17,MANDI036,11.5,31.5,241.67000000000002
2026-08-17,MANDI038,25.4,36.0,851.46
2026-08-17,MANDI039,20.574,30.22222222222222,475.96999999999997
2026-08-17,MANDI041,2.032,18.805555555555557,466.65
2026-08-17,MANDI042,13.169333333333334,28.481481481481485,45.85
2026-08-17,MANDI043,3.556,,574.8000000000001
2026-08-17,MANDI045,8.8,16.77777777777778,672.1800000000001
2026-08-17,MANDI048,35.85,32.105555555555554,87.23
2026-08-18,MANDI007,32.03333333333333,20.45,672.86
2026-08-18,MANDI009,9.100000000000001,37.7,152.66
2026-08-18,MANDI010,36.513000000000005,36.7,199.06
2026-08-18,MANDI011,,32.111111111111114,475.56
2026-08-18,MANDI012,47.2,37.388888888888886,248.44
2026-08-18,MANDI013,34.7,24.6,756.88
2026-08-18,MANDI014,20.3,31.7,433.37
2026-08-18,MANDI017,24.384,26.888888888888886,392.45
2026-08-18,MANDI020,3.7,16.6,470.71
2026-08-18,MANDI022,,24.61111111111111,315.69
2026-08-18,MANDI024,31.195,36.22222222222222,463.76
2026-08-18,MANDI029,,29.8,253.55
2026-08-18,MANDI033,4.3180000000000005,28.450000000000003,285.18
2026-08-18,MANDI035,29.972,32.3,900.21
2026-08-18,MANDI036,37.943,18.76111111111111,192.39
2026-08-18,MANDI037,48.4,38.5,352.96
2026-08-18,MANDI040,23.404,31.988888888888887,1391.7200000000003
2026-08-18,MANDI041,16.913,23.35,577.4100000000001
2026-08-18,MANDI044,1.3,38.1,395.32
2026-08-18,MANDI046,24.65,24.55,493.22
2026-08-18,MANDI047,21.0,25.7,377.02
2026-08-18,MANDI049,24.6,22.722222222222225,59.08
2026-08-18,MANDI050,24.5,18.18888888888889,1004.6600000000001
2026-08-19,MANDI005,26.3,20.88888888888889,57.02
2026-08-19,MANDI006,6.300000000000001,30.08333333333333,199.4
2026-08-19,MANDI007,22.6,20.611111111111107,768.9100000000001
2026-08-19,MANDI009,11.5,26.0,1375.27
2026-08-19,MANDI012,34.1,36.644444444444446,538.6600000000001
2026-08-19,MANDI013,20.058,22.05,269.41
2026-08-19,MANDI015,19.303,23.138888888888886,543.23
2026-08-19,MANDI016,24.256999999999998,34.80555555555556,499.96
2026-08-19,MANDI018,19.38,26.86111111111111,497.98
2026-08-19,MANDI019,19.150000000000002,15.9,341.4
2026-08-19,MANDI020,19.2,16.5,498.73999999999995
2026-08-19,MANDI021,15.4,18.8,891.88
2026-08-19,MANDI022,23.266666666666666,24.1,864.21
2026-08-19,MANDI023,,15.6,207.13
2026-08-19,MANDI027,,33.7,580.29
2026-08-19,MANDI028,6.2,23.7,1331.28
2026-08-19,MANDI036,45.288,31.200000000000003,642.44
2026-08-19,MANDI038,41.9,39.8,379.71000000000004
2026-08-19,MANDI039,41.9,36.1,312.7
2026-08-19,MANDI041,,32.22222222222222,215.58
2026-08-19,MANDI043,45.1,32.1,1055.73
2026-08-19,MANDI044,8.1,39.1,494.65
2026-08-19,MANDI045,30.734,18.111111111111107,239.55
2026-08-19,MANDI046,17.6,32.3,329.35
2026-08-19,MANDI048,25.2,19.5,635.35
2026-08-19,MANDI049,17.9,33.3,38.76
2026-08-20,MANDI004,39.003,26.05,441.57000000000005
2026-08-20,MANDI005,11.557,33.58333333333333,992.88
2026-08-20,MANDI007,19.978666666666665,25.52592592592593,310.82
2026-08-20,MANDI008,42.333333333333336,31.340740740740742,35.26
2026-08-20,MANDI009,,,1040.42
2026-08-20,MANDI012,28.6,31.888888888888886,645.76
2026-08-20,MANDI023,1.9,37.77777777777778,1237.4499999999998
2026-08-20,MANDI025,,36.9,142.27
2026-08-20,MANDI027,36.8,26.2,944.52
2026-08-20,MANDI028,17.525999999999996,18.72222222222222,384.66
2026-08-20,MANDI030,49.0,36.61111111111112,1024.27
2026-08-20,MANDI031,37.084,29.755555555555553,489.59
2026-08-20,MANDI035,30.1,15.38888888888889,694.24
2026-08-20,MANDI037,45.0,34.888888888888886,436.93
2026-08-20,MANDI039,41.1,32.5,616.72
2026-08-20,MANDI041,30.734,16.5,420.01
2026-08-20,MANDI044,32.033,27.322222222222223,453.47
2026-08-20,MANDI045,31.558,18.58888888888889,232.75
2026-08-20,MANDI047,5.8,25.78888888888889,539.54
2026-08-20,MANDI049,9.3,30.950000000000003,254.56
2026-08-20,MANDI050,39.116,33.22222222222222,499.8
2026-08-21,MANDI001,28.102999999999998,23.605555555555554,534.05
2026-08-21,MANDI002,41.4,38.9,634.3800000000001
2026-08-21,MANDI003,39.81,38.7,90.10000000000001
2026-08-21,MANDI006,28.627000000000002,35.59444444444444,167.88
2026-08-21,MANDI007,29.039,36.95,335.73
2026-08-21,MANDI010,30.8,25.7,218.0
2026-08-21,MANDI011,13.3,23.22222222222222,366.22
2026-08-21,MANDI012,34.7,39.0,299.87
2026-08-21,MANDI013,,37.6,96.42
2026-08-21,MANDI014,27.557333333333332,33.24444444444445,435.68
2026-08-21,MANDI015,15.748,25.38888888888889,319.23
2026-08-21,MANDI016,,19.5,413.12
2026-08-21,MANDI017,8.3,,910.8199999999999
2026-08-21,MANDI018,11.4,24.6,584.64
2026-08-21,MANDI019,27.753333333333334,29.97407407407407,227.55
2026-08-21,MANDI020,15.359,21.194444444444446,76.91
2026-08-21,MANDI022,23.8,32.3,756.72
2026-08-21,MANDI027,,32.5,172.34
2026-08-21,MANDI028,0.508,26.005555555555556,334.12
2026-08-21,MANDI030,45.3,28.0,1049.44
2026-08-21,MANDI031,,34.8,359.2
2026-08-21,MANDI034,36.72,29.8,328.45000000000005
2026-08-21,MANDI038,,34.77777777777778,683.4000000000001
2026-08-21,MANDI040,11.55,30.944444444444443,437.38
2026-08-21,MANDI043,25.1,26.0,888.05
2026-08-21,MANDI044,42.3,16.61111111111111,680.21
2026-08-21,MANDI046,34.1,,1075.95
2026-08-21,MANDI047,,36.2,821.8
2026-08-21,MANDI050,35.65,22.95,738.03
2026-08-22,MANDI003,46.99,21.7,65.23
2026-08-22,MANDI005,20.6,33.2,714.27
2026-08-22,MANDI006,,31.6,130.49
2026-08-22,MANDI007,41.5,26.90555555555556,257.83
2026-08-22,MANDI008,42.3,,665.27
2026-08-22,MANDI010,,25.2,676.5699999999999
2026-08-22,MANDI011,4.9,18.000000000000004,36.82
2026-08-22,MANDI012,40.4,28.72222222222222,601.06
2026-08-22,MANDI014,28.9,15.27777777777778,28.36
2026-08-22,MANDI017,30.8,23.2,1135.9299999999998
2026-08-22,MANDI018,11.6,27.22222222222222,453.75
2026-08-22,MANDI021,41.91,17.8,1251.83
2026-08-22,MANDI022,10.4,35.5,492.71
2026-08-22,MANDI023,25.0,26.0,650.95
2026-08-22,MANDI024,13.0,33.4,90.23
2026-08-22,MANDI027,5.842,,297.59
2026-08-22,MANDI032,34.8,21.0,1043.13
2026-08-22,MANDI033,26.96666666666667,28.274074074074075,39.33
2026-08-22,MANDI034,10.7,18.1,42.95
2026-08-22,MANDI036,21.336,32.5,151.63
2026-08-22,MANDI039,47.9,,598.22
2026-08-22,MANDI040,28.9,30.4,320.73
2026-08-22,MANDI043,29.6,39.388888888888886,740.35
2026-08-22,MANDI045,32.49,28.9,234.64
2026-08-22,MANDI046,0.7,35.111111111111114,1364.15
2026-08-22,MANDI047,37.5,26.8,321.66
2026-08-22,MANDI050,20.643333333333334,30.944444444444443,542.8100000000001
2026-08-23,MANDI001,1.5,,206.44
2026-08-23,MANDI003,15.35,19.15,742.5799999999999
2026-08-23,MANDI004,3.4,,451.63
2026-08-23,MANDI007,25.683,25.944444444444443,252.57
2026-08-23,MANDI010,36.45,,1061.65
2026-08-23,MANDI012,15.8,38.27777777777778,240.36
2026-08-23,MANDI013,28.1,24.0,572.48
2026-08-23,MANDI015,22.7,,985.18
2026-08-23,MANDI016,28.379,35.083333333333336,202.7
2026-08-23,MANDI018,31.1,28.45555555555556,403.76
2026-08-23,MANDI021,20.366666666666667,21.950000000000003,277.51
2026-08-23,MANDI022,18.5,26.105555555555554,425.79
2026-08-23,MANDI023,34.8,26.611111111111114,605.53
2026-08-23,MANDI026,13.233333333333333,34.16296296296296,671.95
2026-08-23,MANDI027,6.5,29.72222222222222,845.69
2026-08-23,MANDI028,44.45,35.1,365.69000000000005
2026-08-23,MANDI029,14.312000000000001,31.988888888888887,428.42999999999995
2026-08-23,MANDI030,30.9,36.72222222222222,383.99
2026-08-23,MANDI031,32.4,16.18888888888889,98.1
2026-08-23,MANDI034,16.5,25.38888888888889,1320.62
2026-08-23,MANDI035,12.426,26.225925925925925,475.85
2026-08-23,MANDI036,,27.61111111111111,64.96
2026-08-23,MANDI042,19.55,27.3,58.17
2026-08-23,MANDI046,14.477999999999998,24.4,1169.8
2026-08-23,MANDI047,8.0,27.2,227.77
2026-08-23,MANDI049,47.0,38.0,745.21
2026-08-23,MANDI050,49.9,,782.1099999999999
2026-08-24,MANDI004,21.072,28.874074074074073,19.5
2026-08-24,MANDI008,10.556000000000001,28.349999999999998,209.8
2026-08-24,MANDI010,26.67,,359.85
2026-08-24,MANDI013,,,722.76
2026-08-24,MANDI015,36.068,,68.18
2026-08-24,MANDI018,10.094,21.7,119.81
2026-08-24,MANDI020,1.5239999999999998,16.5,138.57
2026-08-24,MANDI021,12.0,15.9,458.98
2026-08-24,MANDI022,17.8,22.3,1164.8400000000001
2026-08-24,MANDI024,49.53,26.04444444444444,1420.26
2026-08-24,MANDI027,12.5,37.4,546.4399999999999
2026-08-24,MANDI031,17.7,28.8,43.34
2026-08-24,MANDI033,34.798,34.78888888888889,535.87
2026-08-24,MANDI034,,16.1,321.39
2026-08-24,MANDI035,26.67,23.000000000000004,361.83
2026-08-24,MANDI036,47.5,30.5,561.5699999999999
2026-08-24,MANDI039,,19.0,350.15
2026-08-24,MANDI040,4.4,20.27777777777778,410.96
2026-08-24,MANDI041,25.6235,35.27777777777778,653.52
2026-08-24,MANDI042,25.5,22.761111111111113,365.82
2026-08-24,MANDI043,45.2,20.0,258.97
2026-08-24,MANDI046,34.544000000000004,27.88888888888889,525.17
2026-08-24,MANDI047,33.35,,41.25
2026-08-24,MANDI050,39.5,24.0,496.94
2026-08-25,MANDI005,24.0,27.59444444444444,360.75
2026-08-25,MANDI008,25.25,21.566666666666666,432.55
2026-08-25,MANDI009,,28.4,367.09
2026-08-25,MANDI011,,15.27777777777778,565.85
2026-08-25,MANDI012,48.5,35.8,437.15
2026-08-25,MANDI013,28.825,33.22222222222222,287.78
2026-08-25,MANDI014,8.8,26.9,614.2
2026-08-25,MANDI016,46.849999999999994,25.305555555555554,546.26
2026-08-25,MANDI018,11.7,25.65,663.91
2026-08-25,MANDI020,15.3,18.0,282.17
2026-08-25,MANDI021,25.35,29.505555555555556,944.1700000000001
2026-08-25,MANDI022,49.7,27.88888888888889,53.08
2026-08-25,MANDI023,,36.5,910.1600000000001
2026-08-25,MANDI025,3.8,38.888888888888886,16.78
2026-08-25,MANDI031,45.8,31.7,125.94
2026-08-25,MANDI032,13.639333333333333,27.97037037037037,326.43
2026-08-25,MANDI034,2.6,27.11111111111111,79.04
2026-08-25,MANDI037,45.72,,1067.51
2026-08-25,MANDI039,29.299999999999997,35.5,597.4399999999999
2026-08-25,MANDI041,33.9,31.72222222222222,1303.0900000000001
2026-08-25,MANDI045,41.138000000000005,18.194444444444443,282.42
2026-08-25,MANDI047,18.0,15.22222222222222,472.7
2026-08-25,MANDI050,29.3,15.9,383.4
2026-08-26,MANDI001,44.7,37.0,492.09
2026-08-26,MANDI002,39.116,28.5,413.57
2026-08-26,MANDI004,,33.22222222222222,777.63
2026-08-26,MANDI006,22.152,37.05,98.53
2026-08-26,MANDI007,,38.61111111111112,208.56
2026-08-26,MANDI008,,25.4,476.65
2026-08-26,MANDI012,23.876,37.4,537.26
2026-08-26,MANDI013,18.133333333333336,31.05,497.04
2026-08-26,MANDI016,30.8,32.1,314.96
2026-08-26,MANDI017,39.9,23.38888888888889,71.82000000000001
2026-08-26,MANDI019,42.1,22.61111111111111,248.16
2026-08-26,MANDI022,,26.888888888888893,154.62
2026-08-26,MANDI023,21.3,27.0,269.99
2026-08-26,MANDI025,20.3,32.7,896.34
2026-08-26,MANDI026,19.4,,458.17
2026-08-26,MANDI031,26.8,24.72222222222222,314.14
2026-08-26,MANDI033,,20.8,669.87
2026-08-26,MANDI036,1.4,28.6,149.09
2026-08-26,MANDI040,37.338,23.38888888888889,463.54
2026-08-26,MANDI041,37.2,32.0,669.14
2026-08-26,MANDI042,39.116,20.611111111111107,157.31
2026-08-26,MANDI044,4.5,30.0,1380.7
2026-08-26,MANDI045,26.45,26.08888888888889,880.9100000000001
2026-08-26,MANDI046,6.858,29.5,309.96
2026-08-26,MANDI048,22.124,28.037037037037038,414.41999999999996
2026-08-26,MANDI050,1.8,33.0,381.85
2026-08-27,MANDI001,40.3,26.0,577.24
2026-08-27,MANDI002,15.1,30.9,379.69
2026-08-27,MANDI003,27.13333333333333,30.994444444444444,371.3399999999999
2026-08-27,MANDI004,42.3,29.194444444444446,176.97
2026-08-27,MANDI005,19.2,19.88888888888889,361.95
2026-08-27,MANDI008,,34.77777777777778,48.150000000000006
2026-08-27,MANDI014,46.99,26.27777777777778,448.55
2026-08-27,MANDI017,39.8,23.277777777777786,714.26
2026-08-27,MANDI022,3.302,36.6,137.0
2026-08-27,MANDI023,,33.4,426.66
2026-08-27,MANDI026,24.719333333333335,27.505555555555556,326.78
2026-08-27,MANDI027,15.2,35.7,810.32
2026-08-27,MANDI029,46.1,25.6,537.98
2026-08-27,MANDI030,40.2,26.3,191.44
2026-08-27,MANDI031,37.6,,177.25
2026-08-27,MANDI033,22.043000000000003,34.18888888888889,114.36
2026-08-27,MANDI035,36.57599999999999,27.8,278.49
2026-08-27,MANDI045,13.9,26.33888888888889,1225.55
2026-08-27,MANDI046,7.2,29.2,1281.77
2026-08-27,MANDI047,3.302,21.722222222222214,370.48
2026-08-27,MANDI049,28.5,38.72222222222222,182.07
2026-08-27,MANDI050,9.884,35.5,388.05
2026-08-28,MANDI005,21.296,29.805555555555557,1228.9
2026-08-28,MANDI007,25.8,,1159.12
2026-08-28,MANDI008,17.387,20.35,1925.56
2026-08-28,MANDI009,15.1,39.0,760.49
2026-08-28,MANDI010,36.7,39.61111111111112,976.88
2026-08-28,MANDI013,13.3,21.38888888888889,418.81
2026-08-28,MANDI014,49.2,32.0,292.73
2026-08-28,MANDI015,30.1,22.5,473.77
2026-08-28,MANDI016,3.5,27.9,643.06
2026-08-28,MANDI019,24.143,29.91111111111111,389.79
2026-08-28,MANDI020,30.226,33.6,473.84
2026-08-28,MANDI021,8.889,35.9,640.4
2026-08-28,MANDI022,46.50733333333333,28.4037037037037,468.45
2026-08-28,MANDI023,25.054000000000002,38.61111111111112,363.66
2026-08-28,MANDI026,49.2,33.2,286.29
2026-08-28,MANDI030,18.1,25.799999999999997,374.78
2026-08-28,MANDI031,24.6,28.111111111111107,722.23
2026-08-28,MANDI032,21.0,37.2,482.53000000000003
2026-08-28,MANDI034,32.385,25.605555555555558,356.31
2026-08-28,MANDI036,40.7,31.805555555555557,218.11
2026-08-28,MANDI038,32.56066666666667,25.855555555555554,97.16
2026-08-28,MANDI040,28.067,20.433333333333334,1041.29
2026-08-28,MANDI043,19.5,,315.36
2026-08-28,MANDI045,10.8,16.0,880.86
2026-08-28,MANDI047,43.8,20.0,1093.5
2026-08-28,MANDI049,41.9,32.0,81.66
2026-08-28,MANDI050,35.38333333333333,28.53333333333333,879.95
2026-08-29,MANDI003,44.55,28.56111111111111,150.15
2026-08-29,MANDI005,43.2,21.4,838.37
2026-08-29,MANDI006,30.9,24.72222222222222,586.35
2026-08-29,MANDI008,31.623,27.91111111111111,251.87
2026-08-29,MANDI010,30.734,18.88888888888889,638.4200000000001
2026-08-29,MANDI011,25.281,28.150000000000002,214.19
2026-08-29,MANDI012,37.338,22.7,48.48
2026-08-29,MANDI013,39.349999999999994,39.861111111111114,593.53
2026-08-29,MANDI016,14.5,26.1,254.45
2026-08-29,MANDI021,40.5,24.3,763.09
2026-08-29,MANDI022,24.43,23.0,547.6
2026-08-29,MANDI023,3.9,30.0,46.28
2026-08-29,MANDI025,15.9,16.9,17.62
2026-08-29,MANDI026,23.047,31.0,676.34
2026-08-29,MANDI029,38.911,21.1,422.90999999999997
2026-08-29,MANDI030,47.1,15.61111111111111,181.45
2026-08-29,MANDI032,21.549999999999997,36.25,352.78
2026-08-29,MANDI036,11.549999999999999,36.72222222222222,333.57
2026-08-29,MANDI037,5.6,37.9,376.47
2026-08-29,MANDI038,0.1,30.88888888888889,1419.02
2026-08-29,MANDI039,16.6,20.4,682.5799999999999
2026-08-29,MANDI041,,,682.67
2026-08-29,MANDI048,13.4,34.2,306.49
2026-08-29,MANDI050,45.8,29.72222222222222,358.94
2026-08-30,MANDI001,6.9,15.5,353.71
2026-08-30,MANDI003,36.57599999999999,23.61111111111111,358.19
2026-08-30,MANDI007,29.588,32.95,1294.0
2026-08-30,MANDI008,48.00599999999999,30.8,392.94
2026-08-30,MANDI013,44.1,37.72222222222222,401.61
2026-08-30,MANDI014,24.703,27.894444444444442,263.73
2026-08-30,MANDI015,26.46666666666667,27.599999999999998,450.66
2026-08-30,MANDI016,6.6,32.5,202.09
2026-08-30,MANDI017,17.779999999999998,,1032.66
2026-08-30,MANDI020,43.688,33.2,891.82
2026-08-30,MANDI022,8.491,32.266666666666666,525.59
2026-08-30,MANDI024,35.05,35.9,185.93
2026-08-30,MANDI026,40.4,22.11111111111111,314.2
2026-08-30,MANDI027,32.512,29.88888888888889,212.42
2026-08-30,MANDI031,,32.888888888888886,364.03
2026-08-30,MANDI032,39.624,29.083333333333336,14.72
2026-08-30,MANDI033,,20.2,1264.96
2026-08-30,MANDI034,29.972,32.22222222222222,111.0
2026-08-30,MANDI035,16.7,,809.0899999999999
2026-08-30,MANDI041,,26.22222222222222,482.48
2026-08-30,MANDI042,4.5,16.5,60.16
2026-08-30,MANDI043,24.733999999999998,27.066666666666663,482.90999999999997
2026-08-30,MANDI047,2.2,25.1,88.58
2026-08-31,MANDI003,3.302,22.6,121.57
2026-08-31,MANDI005,30.988,,451.25
2026-08-31,MANDI006,36.9,32.72222222222222,1488.0500000000002
2026-08-31,MANDI011,16.450000000000003,38.72222222222222,1091.89
2026-08-31,MANDI013,3.1,21.35,194.43
2026-08-31,MANDI014,,33.388888888888886,1560.3
2026-08-31,MANDI017,27.35,25.399999999999995,90.98
2026-08-31,MANDI018,35.95333333333333,28.844444444444445,794.26
2026-08-31,MANDI019,35.3,17.11111111111111,467.16
2026-08-31,MANDI022,23.7,32.2,1304.58
2026-08-31,MANDI023,25.0,23.9,66.74000000000001
2026-08-31,MANDI026,13.244,25.8,596.96
2026-08-31,MANDI029,27.287,25.7,239.48
2026-08-31,MANDI031,13.663,33.72222222222222,405.67
2026-08-31,MANDI035,15.278,26.15,844.73
2026-08-31,MANDI038,,29.5,426.4100000000001
2026-08-31,MANDI039,29.734666666666666,30.537037037037038,57.19
2026-08-31,MANDI040,12.8,28.1,226.71
2026-08-31,MANDI041,6.4,39.61111111111112,132.18
2026-08-31,MANDI043,,31.22222222222222,122.54
2026-08-31,MANDI045,,26.5,543.38
2026-08-31,MANDI049,12.3,18.38888888888889,138.14
2026-08-31,MANDI050,22.001,28.75,606.9200000000001
2026-09-01,MANDI001,28.8,34.5,121.83
2026-09-01,MANDI002,4.094,30.15555555555556,296.31
2026-09-01,MANDI003,47.752,34.3,476.65
2026-09-01,MANDI004,11.684,35.3,497.53000000000003
2026-09-01,MANDI006,14.65,26.75,327.08
2026-09-01,MANDI007,34.7,,759.53
2026-09-01,MANDI009,4.3,24.4,194.83
2026-09-01,MANDI011,28.7,17.72222222222222,13.53
2026-09-01,MANDI014,31.5,26.21111111111111,667.05
2026-09-01,MANDI016,10.7,20.27777777777778,1293.42
2026-09-01,MANDI018,21.549999999999997,28.6,357.68
2026-09-01,MANDI019,32.31133333333333,33.85,403.96
2026-09-01,MANDI020,,33.7,532.6899999999999
2026-09-01,MANDI021,7.2,,428.35
2026-09-01,MANDI023,40.9,38.394444444444446,437.51
2026-09-01,MANDI024,34.29,34.0,343.62
2026-09-01,MANDI027,,21.9,426.75
2026-09-01,MANDI029,39.35,31.049999999999997,238.38
2026-09-01,MANDI033,22.9,24.27777777777778,1470.9
2026-09-01,MANDI034,5.8,30.5,1207.51
2026-09-01,MANDI036,23.368,26.7,325.66
2026-09-01,MANDI037,19.304,25.0,328.0
2026-09-01,MANDI041,43.5,29.700000000000003,1180.8400000000001
2026-09-01,MANDI042,9.7,37.11111111111112,405.35
2026-09-01,MANDI044,24.814,23.761111111111106,132.72
2026-09-01,MANDI045,42.6,35.0,347.04
2026-09-01,MANDI047,,27.9,309.88
2026-09-01,MANDI048,20.4,27.5,206.01
2026-09-02,MANDI001,31.474000000000004,26.05,1363.1799999999998
2026-09-02,MANDI004,17.6,19.6,759.06
2026-09-02,MANDI006,21.95,27.777777777777775,707.0
2026-09-02,MANDI007,40.9,39.5,548.27
2026-09-02,MANDI010,41.91,17.9,599.46
2026-09-02,MANDI013,25.3,27.1,580.87
2026-09-02,MANDI014,23.0,18.6,48.74
2026-09-02,MANDI015,34.036,25.222222222222225,941.44
2026-09-02,MANDI017,11.0,39.3,60.45
2026-09-02,MANDI020,7.7,19.2,237.02
2026-09-02,MANDI021,11.9,21.1,302.5
2026-09-02,MANDI024,24.4,31.455555555555556,707.28
2026-09-02,MANDI026,47.244,,754.52
2026-09-02,MANDI027,1.016,21.8,450.2
2026-09-02,MANDI030,29.465,30.622222222222224,337.48
2026-09-02,MANDI031,28.1,26.611111111111114,411.21000000000004
2026-09-02,MANDI032,31.316000000000003,27.0,102.94
2026-09-02,MANDI033,28.816,29.644444444444446,223.59000000000003
2026-09-02,MANDI037,22.0,24.5,170.57
2026-09-02,MANDI041,45.72,29.5,832.0500000000001
2026-09-02,MANDI042,39.302,25.107407407407408,587.95
2026-09-02,MANDI043,0.1,39.0,565.47
2026-09-02,MANDI044,25.25,24.685185185185187,168.02
2026-09-02,MANDI045,2.54,21.11111111111111,528.0600000000001
2026-09-02,MANDI048,20.922,25.602777777777778,509.40999999999997
2026-09-03,MANDI001,29.718,16.38888888888889,485.58000000000004
2026-09-03,MANDI003,28.903000000000002,21.2,644.57
2026-09-03,MANDI006,11.938,35.8,729.35
2026-09-03,MANDI007,47.9,35.5,1554.47
2026-09-03,MANDI010,,22.722222222222225,243.88
2026-09-03,MANDI012,15.206,33.105555555555554,283.39
2026-09-03,MANDI013,30.2,33.0,232.22000000000003
2026-09-03,MANDI015,49.6,30.6,423.02
2026-09-03,MANDI016,30.842,28.2,127.8
2026-09-03,MANDI019,35.9,35.72222222222222,319.42
2026-09-03,MANDI021,0.4,34.388888888888886,565.9
2026-09-03,MANDI027,33.6,20.72222222222222,1518.62
2026-09-03,MANDI030,26.55,37.361111111111114,120.89
2026-09-03,MANDI033,7.2,20.6,337.91
2026-09-03,MANDI034,30.2,27.8,375.39
2026-09-03,MANDI035,39.5,28.72222222222222,463.77
2026-09-03,MANDI041,14.799999999999999,23.83888888888889,211.52
2026-09-03,MANDI042,32.22533333333333,31.707407407407405,1150.96
2026-09-03,MANDI046,16.066666666666666,31.814814814814813,150.42
2026-09-03,MANDI049,,34.7,438.76
2026-09-04,MANDI001,49.8,35.3,172.71
2026-09-04,MANDI002,20.6,29.7,365.29
2026-09-04,MANDI003,31.666666666666668,27.52962962962963,144.48000000000002
2026-09-04,MANDI007,12.850000000000001,31.77777777777778,1070.6200000000001
2026-09-04,MANDI009,28.700000000000003,26.2,310.34
2026-09-04,MANDI011,,22.6,404.65
2026-09-04,MANDI012,49.2,15.6,148.78
2026-09-04,MANDI019,32.859,28.3,377.45
2026-09-04,MANDI022,19.923,30.538888888888888,228.44
2026-09-04,MANDI025,11.3,,354.8
2026-09-04,MANDI026,38.699999999999996,31.64074074074074,683.48
2026-09-04,MANDI028,41.4,30.8,136.99
2026-09-04,MANDI030,45.6,17.205555555555556,394.93
2026-09-04,MANDI034,28.55,24.25,414.51
2026-09-04,MANDI035,28.066999999999993,23.6,620.01
2026-09-04,MANDI038,4.3,,409.40000000000003
2026-09-04,MANDI045,,33.3,407.05
2026-09-04,MANDI046,10.0,27.61111111111111,944.85
2026-09-05,MANDI004,29.9,39.27777777777778,420.54
2026-09-05,MANDI005,7.5,16.38888888888889,480.34
2026-09-05,MANDI009,49.9,36.388888888888886,735.14
2026-09-05,MANDI010,23.467,24.72222222222222,444.82
2026-09-05,MANDI011,,,899.37
2026-09-05,MANDI016,10.62,23.36111111111111,68.04
2026-09-05,MANDI021,,36.61111111111112,352.79
2026-09-05,MANDI028,14.1,,536.24
2026-09-05,MANDI031,36.7875,19.791666666666668,136.67
2026-09-05,MANDI033,4.3,33.111111111111114,667.9300000000001
2026-09-05,MANDI039,27.178,30.5,441.48
2026-09-05,MANDI044,25.5,26.3,647.67
2026-09-05,MANDI049,15.35,24.27777777777778,485.75
2026-09-06,MANDI002,31.913,32.24444444444445,146.25
2026-09-06,MANDI003,41.1,21.5,296.14
2026-09-06,MANDI006,16.374,22.7,159.27
2026-09-06,MANDI007,19.737,29.302777777777777,790.66
2026-09-06,MANDI008,38.5,35.8,439.47
2026-09-06,MANDI011,37.6,,477.01
2026-09-06,MANDI013,33.9,27.22222222222222,1091.04
2026-09-06,MANDI016,30.6,28.1,1178.41
2026-09-06,MANDI017,14.728666666666667,25.170370370370375,908.66
2026-09-06,MANDI018,26.5,26.8,473.36
2026-09-06,MANDI019,2.9,21.450000000000003,998.21
2026-09-06,MANDI021,28.8,22.805555555555557,338.44
2026-09-06,MANDI025,32.4,29.0,264.79
2026-09-06,MANDI027,30.7,,336.17
2026-09-06,MANDI031,29.718,24.9,118.73
2026-09-06,MANDI033,17.8,24.9,412.45
2026-09-06,MANDI036,31.75,22.833333333333336,535.9100000000001
2026-09-06,MANDI037,25.146,31.22222222222222,1312.8
2026-09-06,MANDI041,19.35,17.25,866.76
2026-09-06,MANDI042,46.4,30.2,579.39
2026-09-06,MANDI043,40.6,35.1,358.84000000000003
2026-09-06,MANDI046,6.9,19.388888888888893,204.64
2026-09-06,MANDI047,14.097,20.15,26.43
2026-09-07,MANDI002,13.1,,708.88
2026-09-07,MANDI005,30.8,37.5,498.02
2026-09-07,MANDI006,23.415,22.4037037037037,84.24
2026-09-07,MANDI009,,37.388888888888886,643.47
2026-09-07,MANDI012,5.456999999999999,34.03703703703704,335.89
2026-09-07,MANDI013,9.0,18.3,438.37
2026-09-07,MANDI016,37.2,25.244444444444447,1030.55
2026-09-07,MANDI017,,33.5,835.26
2026-09-07,MANDI019,30.85,28.1,328.38
2026-09-07,MANDI020,35.93266666666667,25.15185185185185,450.34000000000003
2026-09-07,MANDI022,29.718,26.27777777777778,473.28
2026-09-07,MANDI025,32.75,21.35,376.41
2026-09-07,MANDI026,33.2,39.22222222222222,177.36
2026-09-07,MANDI028,49.276,17.4,177.65
2026-09-07,MANDI030,27.5,29.0,144.17
2026-09-07,MANDI033,31.45,37.96111111111111,752.26
2026-09-07,MANDI035,30.325,22.71111111111111,622.8100000000001
2026-09-07,MANDI038,24.6,17.2,1384.6599999999999
2026-09-07,MANDI041,2.1,22.722222222222225,352.01
2026-09-07,MANDI042,31.1,27.6,640.9899999999999
2026-09-07,MANDI044,31.1,35.611111111111114,661.44
2026-09-07,MANDI045,29.0,20.6,418.39
2026-09-07,MANDI048,12.421000000000001,34.111111111111114,348.35
2026-09-08,MANDI001,19.202,23.7,186.5
2026-09-08,MANDI003,12.4,20.500000000000004,213.19
2026-09-08,MANDI004,34.07533333333333,29.34814814814815,513.89
2026-09-08,MANDI005,2.6,28.5,700.43
2026-09-08,MANDI006,19.666666666666668,32.638888888888886,81.05000000000001
2026-09-08,MANDI007,25.5,30.5,462.37
2026-09-08,MANDI009,,33.72222222222222,740.11
2026-09-08,MANDI011,31.3,31.6,764.1
2026-09-08,MANDI012,,38.72222222222222,418.74
2026-09-08,MANDI019,,15.3,482.41
2026-09-08,MANDI020,9.2,31.0,837.63
2026-09-08,MANDI024,16.1,18.77777777777778,464.79
2026-09-08,MANDI028,,38.2,476.02
2026-09-08,MANDI029,14.298000000000002,22.944444444444446,13.11
2026-09-08,MANDI031,19.3,32.4,643.58
2026-09-08,MANDI032,18.95,21.777777777777782,143.71
2026-09-08,MANDI038,8.382,35.0,673.9300000000001
2026-09-08,MANDI041,7.4,23.5,508.41
2026-09-08,MANDI046,7.619999999999999,25.38888888888889,494.51
2026-09-08,MANDI048,17.018,15.77777777777778,361.47
2026-09-08,MANDI049,21.893,28.97777777777778,649.27
2026-09-08,MANDI050,33.56666666666666,29.444444444444443,849.26
2026-09-09,MANDI001,7.9,31.299999999999997,911.33
2026-09-09,MANDI005,5.3,18.9,105.3
2026-09-09,MANDI009,45.974,15.5,795.84
2026-09-09,MANDI010,42.6,36.4,260.11
2026-09-09,MANDI015,32.6,27.4,473.52
2026-09-09,MANDI016,33.9,29.0,487.9
2026-09-09,MANDI018,23.6,20.7,425.71999999999997
2026-09-09,MANDI019,12.191999999999998,25.0,257.75
2026-09-09,MANDI022,47.4,27.2,592.26
2026-09-09,MANDI032,22.099999999999998,31.3,488.24
2026-09-09,MANDI033,37.0,23.61111111111111,559.54
2026-09-09,MANDI038,44.3,,450.31
2026-09-09,MANDI039,23.114,27.7,134.16
2026-09-09,MANDI041,49.6,24.8,244.58
2026-09-09,MANDI044,41.3,,789.4200000000001
2026-09-09,MANDI045,0.508,32.5,752.87
2026-09-09,MANDI046,1.5,,761.31
2026-09-09,MANDI048,29.9,35.0,700.76
2026-09-09,MANDI049,28.218,23.455555555555556,469.47
2026-09-09,MANDI050,27.55333333333333,20.16111111111111,120.19
2026-10-01,MANDI007,7.2,25.8,32.94
2026-10-02,MANDI031,41.2,22.0,851.68
2026-10-04,MANDI047,4.3,19.77777777777777,160.22
2026-10-07,MANDI029,9.5,19.222222222222214,797.3900000000001
2026-11-02,MANDI001,33.0,20.3,636.13
2026-11-02,MANDI009,9.8,23.1,403.86
2026-11-03,MANDI007,32.6,23.88888888888889,137.17
2026-11-03,MANDI015,41.402,36.11111111111112,148.29
2026-11-04,MANDI009,,38.6,354.68
2026-11-05,MANDI008,6.8,27.5,143.27
2026-11-06,MANDI047,42.2,39.11111111111112,78.97
2026-11-07,MANDI034,1.27,31.2,251.01
2026-11-08,MANDI022,23.4,23.7,476.96
2026-12-02,MANDI016,7.2,17.2,790.14
2026-12-02,MANDI042,49.276,31.8,407.88
2026-12-03,MANDI013,39.116,29.5,30.09
2026-12-03,MANDI023,34.0,37.61111111111112,724.08
2026-12-03,MANDI026,34.9,30.9,375.12
2026-12-04,MANDI050,45.5,38.1,31.330000000000005
2026-12-08,MANDI001,43.18,31.4,200.81
